object_or_region_id,frame_id,condition,semantic_class,semantic_source,input_presence,map_presence,point_count,confidence,assigned_resolution,importance
5991fad3280c4f84b331536c32001a04_r131,5991fad3280c4f84b331536c32001a04,original,vehicle,annotation,True,True,3,,0.05,0.7705558799199815
5991fad3280c4f84b331536c32001a04_r134,5991fad3280c4f84b331536c32001a04,original,vehicle,annotation,True,True,1,,0.1,0.7151267743655736
5991fad3280c4f84b331536c32001a04_r136,5991fad3280c4f84b331536c32001a04,original,vehicle,annotation,True,True,7,,0.05,0.7655771018386256
5991fad3280c4f84b331536c32001a04_r154,5991fad3280c4f84b331536c32001a04,original,vehicle,annotation,True,True,78,,0.05,0.8252880421484726
5991fad3280c4f84b331536c32001a04_r155,5991fad3280c4f84b331536c32001a04,original,vehicle,annotation,True,True,61,,0.05,0.8246163746228823
5991fad3280c4f84b331536c32001a04_r156,5991fad3280c4f84b331536c32001a04,original,vehicle,annotation,True,True,61,,0.05,0.826397016063241
5991fad3280c4f84b331536c32001a04_r158,5991fad3280c4f84b331536c32001a04,original,vehicle,annotation,True,True,10,,0.05,0.799145304947011
5991fad3280c4f84b331536c32001a04_r160,5991fad3280c4f84b331536c32001a04,original,vehicle,annotation,True,True,17,,0.05,0.7957911572844613
5991fad3280c4f84b331536c32001a04_r161,5991fad3280c4f84b331536c32001a04,original,vehicle,annotation,True,True,13,,0.05,0.7904960725361713
5991fad3280c4f84b331536c32001a04_r163,5991fad3280c4f84b331536c32001a04,original,vehicle,annotation,True,True,1,,0.1,0.7438661479703552
5991fad3280c4f84b331536c32001a04_r165,5991fad3280c4f84b331536c32001a04,original,vehicle,annotation,True,True,2,,0.1,0.7145156038008837
5991fad3280c4f84b331536c32001a04_r166,5991fad3280c4f84b331536c32001a04,original,vehicle,annotation,True,True,2,,0.1,0.7092169506104
5991fad3280c4f84b331536c32001a04_r167,5991fad3280c4f84b331536c32001a04,original,vehicle,annotation,True,True,1,,0.1,0.6779648086006548
5991fad3280c4f84b331536c32001a04_r168,5991fad3280c4f84b331536c32001a04,original,vehicle,annotation,True,True,1,,0.1,0.6684778281633179
5991fad3280c4f84b331536c32001a04_r171,5991fad3280c4f84b331536c32001a04,original,vehicle,annotation,True,True,1,,0.1,0.6755601220199215
5991fad3280c4f84b331536c32001a04_r172,5991fad3280c4f84b331536c32001a04,original,vehicle,annotation,True,True,1,,0.1,0.6776361372237246
5991fad3280c4f84b331536c32001a04_r241,5991fad3280c4f84b331536c32001a04,original,vehicle,annotation,True,True,6,,0.05,0.7546995652120152
5991fad3280c4f84b331536c32001a04_r312,5991fad3280c4f84b331536c32001a04,original,vehicle,annotation,True,True,720,,0.05,0.8461022870159212
5991fad3280c4f84b331536c32001a04_r316,5991fad3280c4f84b331536c32001a04,original,vehicle,annotation,True,True,158,,0.05,0.8323696761293823
5991fad3280c4f84b331536c32001a04_r317,5991fad3280c4f84b331536c32001a04,original,vehicle,annotation,True,True,82,,0.05,0.8302766476785496
5991fad3280c4f84b331536c32001a04_r320,5991fad3280c4f84b331536c32001a04,original,vehicle,annotation,True,True,14,,0.05,0.8099089262285704
5991fad3280c4f84b331536c32001a04_r323,5991fad3280c4f84b331536c32001a04,original,vehicle,annotation,True,True,5,,0.05,0.7901490059715761
5991fad3280c4f84b331536c32001a04_r324,5991fad3280c4f84b331536c32001a04,original,vehicle,annotation,True,True,2,,0.05,0.7849597747854722
5991fad3280c4f84b331536c32001a04_r327,5991fad3280c4f84b331536c32001a04,original,vehicle,annotation,True,True,2,,0.1,0.7481303281406583
5991fad3280c4f84b331536c32001a04_r328,5991fad3280c4f84b331536c32001a04,original,vehicle,annotation,True,True,1,,0.1,0.7476121437152462
5991fad3280c4f84b331536c32001a04_r334,5991fad3280c4f84b331536c32001a04,original,vehicle,annotation,True,True,1,,0.1,0.6439858159550367
5991fad3280c4f84b331536c32001a04_r343,5991fad3280c4f84b331536c32001a04,original,vehicle,annotation,True,True,17,,0.05,0.7839345788519428
5991fad3280c4f84b331536c32001a04_r344,5991fad3280c4f84b331536c32001a04,original,vehicle,annotation,True,True,4,,0.05,0.7733401386800581
5991fad3280c4f84b331536c32001a04_r345,5991fad3280c4f84b331536c32001a04,original,vehicle,annotation,True,True,4,,0.05,0.7874956466454894
5991fad3280c4f84b331536c32001a04_r347,5991fad3280c4f84b331536c32001a04,original,vehicle,annotation,True,True,43,,0.05,0.8238066464854336
5991fad3280c4f84b331536c32001a04_r349,5991fad3280c4f84b331536c32001a04,original,vehicle,annotation,True,True,2,,0.05,0.8029980652030786
5991fad3280c4f84b331536c32001a04_r350,5991fad3280c4f84b331536c32001a04,original,vehicle,annotation,True,True,68,,0.05,0.8190540082998726
5991fad3280c4f84b331536c32001a04_r352,5991fad3280c4f84b331536c32001a04,original,vehicle,annotation,True,True,43,,0.05,0.8466413228000463
5991fad3280c4f84b331536c32001a04_r353,5991fad3280c4f84b331536c32001a04,original,vehicle,annotation,True,True,145,,0.05,0.8409261654846855
5991fad3280c4f84b331536c32001a04_r354,5991fad3280c4f84b331536c32001a04,original,vehicle,annotation,True,True,175,,0.05,0.8426525157810697
5991fad3280c4f84b331536c32001a04_r355,5991fad3280c4f84b331536c32001a04,original,vehicle,annotation,True,True,100,,0.05,0.8442126337325554
5991fad3280c4f84b331536c32001a04_r356,5991fad3280c4f84b331536c32001a04,original,vehicle,annotation,True,True,248,,0.05,0.8430285970196999
5991fad3280c4f84b331536c32001a04_r357,5991fad3280c4f84b331536c32001a04,original,vehicle,annotation,True,True,244,,0.05,0.8406730797780456
5991fad3280c4f84b331536c32001a04_r358,5991fad3280c4f84b331536c32001a04,original,vehicle,annotation,True,True,181,,0.05,0.8418605633512637
5991fad3280c4f84b331536c32001a04_r359,5991fad3280c4f84b331536c32001a04,original,vehicle,annotation,True,True,134,,0.05,0.8371816900816619
5991fad3280c4f84b331536c32001a04_r360,5991fad3280c4f84b331536c32001a04,original,vehicle,annotation,True,True,43,,0.05,0.827169502066952
5991fad3280c4f84b331536c32001a04_r361,5991fad3280c4f84b331536c32001a04,original,vehicle,annotation,True,True,26,,0.05,0.8273861879744646
5991fad3280c4f84b331536c32001a04_r362,5991fad3280c4f84b331536c32001a04,original,vehicle,annotation,True,True,28,,0.05,0.827812227600118
5991fad3280c4f84b331536c32001a04_r363,5991fad3280c4f84b331536c32001a04,original,vehicle,annotation,True,True,24,,0.05,0.8209646051505805
5991fad3280c4f84b331536c32001a04_r365,5991fad3280c4f84b331536c32001a04,original,vehicle,annotation,True,True,3,,0.05,0.8035685878839507
5991fad3280c4f84b331536c32001a04_r366,5991fad3280c4f84b331536c32001a04,original,vehicle,annotation,True,True,3,,0.05,0.7737690784084874
5991fad3280c4f84b331536c32001a04_r368,5991fad3280c4f84b331536c32001a04,original,vehicle,annotation,True,True,3,,0.1,0.7428901486026284
5991fad3280c4f84b331536c32001a04_r370,5991fad3280c4f84b331536c32001a04,original,vehicle,annotation,True,True,1,,0.1,0.6764786255730909
5991fad3280c4f84b331536c32001a04_r371,5991fad3280c4f84b331536c32001a04,original,vehicle,annotation,True,True,1,,0.1,0.6437668522276495
5991fad3280c4f84b331536c32001a04_r378,5991fad3280c4f84b331536c32001a04,original,vehicle,annotation,True,True,2,,0.05,0.7667207934612393
5991fad3280c4f84b331536c32001a04_r379,5991fad3280c4f84b331536c32001a04,original,vehicle,annotation,True,True,4,,0.05,0.8088630154324726
5991fad3280c4f84b331536c32001a04_r381,5991fad3280c4f84b331536c32001a04,original,vehicle,annotation,True,True,20,,0.05,0.8201854262153301
5991fad3280c4f84b331536c32001a04_r383,5991fad3280c4f84b331536c32001a04,original,vehicle,annotation,True,True,11,,0.05,0.8262617133395589
5991fad3280c4f84b331536c32001a04_r384,5991fad3280c4f84b331536c32001a04,original,vehicle,annotation,True,True,29,,0.05,0.8448218776502516
5991fad3280c4f84b331536c32001a04_r385,5991fad3280c4f84b331536c32001a04,original,vehicle,annotation,True,True,60,,0.05,0.8444271156971083
5991fad3280c4f84b331536c32001a04_r386,5991fad3280c4f84b331536c32001a04,original,vehicle,annotation,True,True,27,,0.05,0.8326302267016231
5991fad3280c4f84b331536c32001a04_r389,5991fad3280c4f84b331536c32001a04,original,vehicle,annotation,True,True,2,,0.05,0.8087712631164842
5991fad3280c4f84b331536c32001a04_r400,5991fad3280c4f84b331536c32001a04,original,vehicle,annotation,True,True,2,,0.05,0.8131026496372511
5991fad3280c4f84b331536c32001a04_r436,5991fad3280c4f84b331536c32001a04,original,vehicle,annotation,True,True,1,,0.05,0.7755850771171487
5991fad3280c4f84b331536c32001a04_r130,5991fad3280c4f84b331536c32001a04,dropout_5pct,vehicle,annotation,True,True,2,,0.05,0.7706044319570771
5991fad3280c4f84b331536c32001a04_r133,5991fad3280c4f84b331536c32001a04,dropout_5pct,vehicle,annotation,True,True,1,,0.1,0.7151267743655736
5991fad3280c4f84b331536c32001a04_r135,5991fad3280c4f84b331536c32001a04,dropout_5pct,vehicle,annotation,True,True,7,,0.05,0.7642371756870106
5991fad3280c4f84b331536c32001a04_r153,5991fad3280c4f84b331536c32001a04,dropout_5pct,vehicle,annotation,True,True,76,,0.05,0.8245415807698872
5991fad3280c4f84b331536c32001a04_r154,5991fad3280c4f84b331536c32001a04,dropout_5pct,vehicle,annotation,True,True,59,,0.05,0.8238639798689182
5991fad3280c4f84b331536c32001a04_r155,5991fad3280c4f84b331536c32001a04,dropout_5pct,vehicle,annotation,True,True,59,,0.05,0.824971202090536
5991fad3280c4f84b331536c32001a04_r157,5991fad3280c4f84b331536c32001a04,dropout_5pct,vehicle,annotation,True,True,10,,0.05,0.7982711716179774
5991fad3280c4f84b331536c32001a04_r159,5991fad3280c4f84b331536c32001a04,dropout_5pct,vehicle,annotation,True,True,15,,0.05,0.7938969069244467
5991fad3280c4f84b331536c32001a04_r160,5991fad3280c4f84b331536c32001a04,dropout_5pct,vehicle,annotation,True,True,13,,0.05,0.7893689682831342
5991fad3280c4f84b331536c32001a04_r162,5991fad3280c4f84b331536c32001a04,dropout_5pct,vehicle,annotation,True,True,1,,0.1,0.7438661479703552
5991fad3280c4f84b331536c32001a04_r164,5991fad3280c4f84b331536c32001a04,dropout_5pct,vehicle,annotation,True,True,1,,0.1,0.7137169805540201
5991fad3280c4f84b331536c32001a04_r165,5991fad3280c4f84b331536c32001a04,dropout_5pct,vehicle,annotation,True,True,2,,0.1,0.7091826115992872
5991fad3280c4f84b331536c32001a04_r166,5991fad3280c4f84b331536c32001a04,dropout_5pct,vehicle,annotation,True,True,1,,0.1,0.6779648086006548
5991fad3280c4f84b331536c32001a04_r167,5991fad3280c4f84b331536c32001a04,dropout_5pct,vehicle,annotation,True,True,1,,0.1,0.6684778281633179
5991fad3280c4f84b331536c32001a04_r170,5991fad3280c4f84b331536c32001a04,dropout_5pct,vehicle,annotation,True,True,1,,0.1,0.6755601220199215
5991fad3280c4f84b331536c32001a04_r171,5991fad3280c4f84b331536c32001a04,dropout_5pct,vehicle,annotation,True,True,1,,0.1,0.6776361372237246
5991fad3280c4f84b331536c32001a04_r240,5991fad3280c4f84b331536c32001a04,dropout_5pct,vehicle,annotation,True,True,4,,0.05,0.7544490234473427
5991fad3280c4f84b331536c32001a04_r311,5991fad3280c4f84b331536c32001a04,dropout_5pct,vehicle,annotation,True,True,688,,0.05,0.8453270029271571
5991fad3280c4f84b331536c32001a04_r315,5991fad3280c4f84b331536c32001a04,dropout_5pct,vehicle,annotation,True,True,152,,0.05,0.8318266904448101
5991fad3280c4f84b331536c32001a04_r316,5991fad3280c4f84b331536c32001a04,dropout_5pct,vehicle,annotation,True,True,80,,0.05,0.8294747603282865
5991fad3280c4f84b331536c32001a04_r319,5991fad3280c4f84b331536c32001a04,dropout_5pct,vehicle,annotation,True,True,13,,0.05,0.8090755178720979
5991fad3280c4f84b331536c32001a04_r322,5991fad3280c4f84b331536c32001a04,dropout_5pct,vehicle,annotation,True,True,4,,0.05,0.7889171374389795
5991fad3280c4f84b331536c32001a04_r323,5991fad3280c4f84b331536c32001a04,dropout_5pct,vehicle,annotation,True,True,2,,0.05,0.7844104798817867
5991fad3280c4f84b331536c32001a04_r326,5991fad3280c4f84b331536c32001a04,dropout_5pct,vehicle,annotation,True,True,2,,0.1,0.7481302227386698
5991fad3280c4f84b331536c32001a04_r327,5991fad3280c4f84b331536c32001a04,dropout_5pct,vehicle,annotation,True,True,1,,0.1,0.7476121437152462
5991fad3280c4f84b331536c32001a04_r333,5991fad3280c4f84b331536c32001a04,dropout_5pct,vehicle,annotation,True,True,1,,0.1,0.6439858159550367
5991fad3280c4f84b331536c32001a04_r342,5991fad3280c4f84b331536c32001a04,dropout_5pct,vehicle,annotation,True,True,15,,0.05,0.781443698535063
5991fad3280c4f84b331536c32001a04_r343,5991fad3280c4f84b331536c32001a04,dropout_5pct,vehicle,annotation,True,True,4,,0.05,0.7733183451392617
5991fad3280c4f84b331536c32001a04_r344,5991fad3280c4f84b331536c32001a04,dropout_5pct,vehicle,annotation,True,True,4,,0.05,0.7869469935954485
5991fad3280c4f84b331536c32001a04_r346,5991fad3280c4f84b331536c32001a04,dropout_5pct,vehicle,annotation,True,True,42,,0.05,0.8223771724318644
5991fad3280c4f84b331536c32001a04_r348,5991fad3280c4f84b331536c32001a04,dropout_5pct,vehicle,annotation,True,True,2,,0.05,0.8029647768025657
5991fad3280c4f84b331536c32001a04_r349,5991fad3280c4f84b331536c32001a04,dropout_5pct,vehicle,annotation,True,True,67,,0.05,0.8184967682462376
5991fad3280c4f84b331536c32001a04_r351,5991fad3280c4f84b331536c32001a04,dropout_5pct,vehicle,annotation,True,True,42,,0.05,0.844573513780414
5991fad3280c4f84b331536c32001a04_r352,5991fad3280c4f84b331536c32001a04,dropout_5pct,vehicle,annotation,True,True,135,,0.05,0.8401610837970348
5991fad3280c4f84b331536c32001a04_r353,5991fad3280c4f84b331536c32001a04,dropout_5pct,vehicle,annotation,True,True,165,,0.05,0.8414986363489606
5991fad3280c4f84b331536c32001a04_r354,5991fad3280c4f84b331536c32001a04,dropout_5pct,vehicle,annotation,True,True,96,,0.05,0.8434992146829456
5991fad3280c4f84b331536c32001a04_r355,5991fad3280c4f84b331536c32001a04,dropout_5pct,vehicle,annotation,True,True,232,,0.05,0.8422995696232395
5991fad3280c4f84b331536c32001a04_r356,5991fad3280c4f84b331536c32001a04,dropout_5pct,vehicle,annotation,True,True,235,,0.05,0.8397655487866637
5991fad3280c4f84b331536c32001a04_r357,5991fad3280c4f84b331536c32001a04,dropout_5pct,vehicle,annotation,True,True,174,,0.05,0.8408866555562683
5991fad3280c4f84b331536c32001a04_r358,5991fad3280c4f84b331536c32001a04,dropout_5pct,vehicle,annotation,True,True,129,,0.05,0.8360060521536321
5991fad3280c4f84b331536c32001a04_r359,5991fad3280c4f84b331536c32001a04,dropout_5pct,vehicle,annotation,True,True,43,,0.05,0.826396298508827
5991fad3280c4f84b331536c32001a04_r360,5991fad3280c4f84b331536c32001a04,dropout_5pct,vehicle,annotation,True,True,25,,0.05,0.8256875279062329
5991fad3280c4f84b331536c32001a04_r361,5991fad3280c4f84b331536c32001a04,dropout_5pct,vehicle,annotation,True,True,25,,0.05,0.8270039040351131
5991fad3280c4f84b331536c32001a04_r362,5991fad3280c4f84b331536c32001a04,dropout_5pct,vehicle,annotation,True,True,23,,0.05,0.8201953114023905
5991fad3280c4f84b331536c32001a04_r364,5991fad3280c4f84b331536c32001a04,dropout_5pct,vehicle,annotation,True,True,3,,0.05,0.802685291394587
5991fad3280c4f84b331536c32001a04_r365,5991fad3280c4f84b331536c32001a04,dropout_5pct,vehicle,annotation,True,True,2,,0.05,0.7734172634361667
5991fad3280c4f84b331536c32001a04_r367,5991fad3280c4f84b331536c32001a04,dropout_5pct,vehicle,annotation,True,True,2,,0.1,0.7429141026104599
5991fad3280c4f84b331536c32001a04_r369,5991fad3280c4f84b331536c32001a04,dropout_5pct,vehicle,annotation,True,True,1,,0.1,0.6764786255730909
5991fad3280c4f84b331536c32001a04_r370,5991fad3280c4f84b331536c32001a04,dropout_5pct,vehicle,annotation,True,True,1,,0.1,0.6437668522276495
5991fad3280c4f84b331536c32001a04_r377,5991fad3280c4f84b331536c32001a04,dropout_5pct,vehicle,annotation,True,True,1,,0.05,0.7665792585223662
5991fad3280c4f84b331536c32001a04_r378,5991fad3280c4f84b331536c32001a04,dropout_5pct,vehicle,annotation,True,True,4,,0.05,0.8078595549296762
5991fad3280c4f84b331536c32001a04_r380,5991fad3280c4f84b331536c32001a04,dropout_5pct,vehicle,annotation,True,True,18,,0.05,0.8190717383729593
5991fad3280c4f84b331536c32001a04_r382,5991fad3280c4f84b331536c32001a04,dropout_5pct,vehicle,annotation,True,True,11,,0.05,0.8257125270311608
5991fad3280c4f84b331536c32001a04_r383,5991fad3280c4f84b331536c32001a04,dropout_5pct,vehicle,annotation,True,True,26,,0.05,0.8438290064926215
5991fad3280c4f84b331536c32001a04_r384,5991fad3280c4f84b331536c32001a04,dropout_5pct,vehicle,annotation,True,True,58,,0.05,0.8422618373856104
5991fad3280c4f84b331536c32001a04_r385,5991fad3280c4f84b331536c32001a04,dropout_5pct,vehicle,annotation,True,True,24,,0.05,0.8315460286543502
5991fad3280c4f84b331536c32001a04_r388,5991fad3280c4f84b331536c32001a04,dropout_5pct,vehicle,annotation,True,True,2,,0.05,0.8087608470476592
5991fad3280c4f84b331536c32001a04_r399,5991fad3280c4f84b331536c32001a04,dropout_5pct,vehicle,annotation,True,True,2,,0.05,0.8130973313117215
5991fad3280c4f84b331536c32001a04_r434,5991fad3280c4f84b331536c32001a04,dropout_5pct,vehicle,annotation,True,True,1,,0.05,0.7755850771171487
5991fad3280c4f84b331536c32001a04_r130,5991fad3280c4f84b331536c32001a04,dropout_10pct,vehicle,annotation,True,True,2,,0.05,0.7706044319570771
5991fad3280c4f84b331536c32001a04_r133,5991fad3280c4f84b331536c32001a04,dropout_10pct,vehicle,annotation,True,True,1,,0.1,0.7151267743655736
5991fad3280c4f84b331536c32001a04_r135,5991fad3280c4f84b331536c32001a04,dropout_10pct,vehicle,annotation,True,True,6,,0.05,0.7667058048002998
5991fad3280c4f84b331536c32001a04_r153,5991fad3280c4f84b331536c32001a04,dropout_10pct,vehicle,annotation,True,True,75,,0.05,0.8245934991375925
5991fad3280c4f84b331536c32001a04_r154,5991fad3280c4f84b331536c32001a04,dropout_10pct,vehicle,annotation,True,True,58,,0.05,0.8236954629424523
5991fad3280c4f84b331536c32001a04_r155,5991fad3280c4f84b331536c32001a04,dropout_10pct,vehicle,annotation,True,True,50,,0.05,0.82434295109674
5991fad3280c4f84b331536c32001a04_r157,5991fad3280c4f84b331536c32001a04,dropout_10pct,vehicle,annotation,True,True,9,,0.05,0.797817708870515
5991fad3280c4f84b331536c32001a04_r159,5991fad3280c4f84b331536c32001a04,dropout_10pct,vehicle,annotation,True,True,11,,0.05,0.7912503475361796
5991fad3280c4f84b331536c32001a04_r160,5991fad3280c4f84b331536c32001a04,dropout_10pct,vehicle,annotation,True,True,13,,0.05,0.7893689682831342
5991fad3280c4f84b331536c32001a04_r162,5991fad3280c4f84b331536c32001a04,dropout_10pct,vehicle,annotation,True,True,1,,0.1,0.7438661479703552
5991fad3280c4f84b331536c32001a04_r164,5991fad3280c4f84b331536c32001a04,dropout_10pct,vehicle,annotation,True,True,1,,0.1,0.7137169805540201
5991fad3280c4f84b331536c32001a04_r165,5991fad3280c4f84b331536c32001a04,dropout_10pct,vehicle,annotation,True,True,2,,0.1,0.7091826115992872
5991fad3280c4f84b331536c32001a04_r166,5991fad3280c4f84b331536c32001a04,dropout_10pct,vehicle,annotation,True,True,1,,0.1,0.6779648086006548
5991fad3280c4f84b331536c32001a04_r167,5991fad3280c4f84b331536c32001a04,dropout_10pct,vehicle,annotation,True,True,1,,0.1,0.6684778281633179
5991fad3280c4f84b331536c32001a04_r170,5991fad3280c4f84b331536c32001a04,dropout_10pct,vehicle,annotation,True,True,1,,0.1,0.6755601220199215
5991fad3280c4f84b331536c32001a04_r171,5991fad3280c4f84b331536c32001a04,dropout_10pct,vehicle,annotation,True,True,1,,0.1,0.6776361372237246
5991fad3280c4f84b331536c32001a04_r240,5991fad3280c4f84b331536c32001a04,dropout_10pct,vehicle,annotation,True,True,4,,0.05,0.7544490234473427
5991fad3280c4f84b331536c32001a04_r311,5991fad3280c4f84b331536c32001a04,dropout_10pct,vehicle,annotation,True,True,658,,0.05,0.8453252317561253
5991fad3280c4f84b331536c32001a04_r315,5991fad3280c4f84b331536c32001a04,dropout_10pct,vehicle,annotation,True,True,145,,0.05,0.8317682165950098
5991fad3280c4f84b331536c32001a04_r316,5991fad3280c4f84b331536c32001a04,dropout_10pct,vehicle,annotation,True,True,76,,0.05,0.8294659286346927
5991fad3280c4f84b331536c32001a04_r319,5991fad3280c4f84b331536c32001a04,dropout_10pct,vehicle,annotation,True,True,13,,0.05,0.8090755178720979
5991fad3280c4f84b331536c32001a04_r322,5991fad3280c4f84b331536c32001a04,dropout_10pct,vehicle,annotation,True,True,3,,0.05,0.790151176018318
5991fad3280c4f84b331536c32001a04_r323,5991fad3280c4f84b331536c32001a04,dropout_10pct,vehicle,annotation,True,True,2,,0.05,0.7844104798817867
5991fad3280c4f84b331536c32001a04_r326,5991fad3280c4f84b331536c32001a04,dropout_10pct,vehicle,annotation,True,True,2,,0.1,0.7481302227386698
5991fad3280c4f84b331536c32001a04_r327,5991fad3280c4f84b331536c32001a04,dropout_10pct,vehicle,annotation,True,True,1,,0.1,0.7476121437152462
5991fad3280c4f84b331536c32001a04_r333,5991fad3280c4f84b331536c32001a04,dropout_10pct,vehicle,annotation,True,True,1,,0.1,0.6439858159550367
5991fad3280c4f84b331536c32001a04_r342,5991fad3280c4f84b331536c32001a04,dropout_10pct,vehicle,annotation,True,True,14,,0.05,0.781547818785226
5991fad3280c4f84b331536c32001a04_r343,5991fad3280c4f84b331536c32001a04,dropout_10pct,vehicle,annotation,True,True,4,,0.05,0.7733183451392617
5991fad3280c4f84b331536c32001a04_r344,5991fad3280c4f84b331536c32001a04,dropout_10pct,vehicle,annotation,True,True,4,,0.05,0.7869469935954485
5991fad3280c4f84b331536c32001a04_r346,5991fad3280c4f84b331536c32001a04,dropout_10pct,vehicle,annotation,True,True,40,,0.05,0.8230671540475575
5991fad3280c4f84b331536c32001a04_r348,5991fad3280c4f84b331536c32001a04,dropout_10pct,vehicle,annotation,True,True,2,,0.05,0.8029647768025657
5991fad3280c4f84b331536c32001a04_r349,5991fad3280c4f84b331536c32001a04,dropout_10pct,vehicle,annotation,True,True,65,,0.05,0.8186444100796512
5991fad3280c4f84b331536c32001a04_r351,5991fad3280c4f84b331536c32001a04,dropout_10pct,vehicle,annotation,True,True,40,,0.05,0.8448418999556407
5991fad3280c4f84b331536c32001a04_r352,5991fad3280c4f84b331536c32001a04,dropout_10pct,vehicle,annotation,True,True,129,,0.05,0.8382091618779888
5991fad3280c4f84b331536c32001a04_r353,5991fad3280c4f84b331536c32001a04,dropout_10pct,vehicle,annotation,True,True,162,,0.05,0.8416253262947331
5991fad3280c4f84b331536c32001a04_r354,5991fad3280c4f84b331536c32001a04,dropout_10pct,vehicle,annotation,True,True,91,,0.05,0.8438138359231437
5991fad3280c4f84b331536c32001a04_r355,5991fad3280c4f84b331536c32001a04,dropout_10pct,vehicle,annotation,True,True,218,,0.05,0.8424279014722504
5991fad3280c4f84b331536c32001a04_r356,5991fad3280c4f84b331536c32001a04,dropout_10pct,vehicle,annotation,True,True,227,,0.05,0.8397414832601366
5991fad3280c4f84b331536c32001a04_r357,5991fad3280c4f84b331536c32001a04,dropout_10pct,vehicle,annotation,True,True,166,,0.05,0.8411090427669782
5991fad3280c4f84b331536c32001a04_r358,5991fad3280c4f84b331536c32001a04,dropout_10pct,vehicle,annotation,True,True,121,,0.05,0.8357518157233804
5991fad3280c4f84b331536c32001a04_r359,5991fad3280c4f84b331536c32001a04,dropout_10pct,vehicle,annotation,True,True,40,,0.05,0.8253990926611847
5991fad3280c4f84b331536c32001a04_r360,5991fad3280c4f84b331536c32001a04,dropout_10pct,vehicle,annotation,True,True,23,,0.05,0.8246066191264881
5991fad3280c4f84b331536c32001a04_r361,5991fad3280c4f84b331536c32001a04,dropout_10pct,vehicle,annotation,True,True,25,,0.05,0.8270039040351131
5991fad3280c4f84b331536c32001a04_r362,5991fad3280c4f84b331536c32001a04,dropout_10pct,vehicle,annotation,True,True,21,,0.05,0.8208324352809676
5991fad3280c4f84b331536c32001a04_r364,5991fad3280c4f84b331536c32001a04,dropout_10pct,vehicle,annotation,True,True,2,,0.05,0.7861615772391158
5991fad3280c4f84b331536c32001a04_r365,5991fad3280c4f84b331536c32001a04,dropout_10pct,vehicle,annotation,True,True,2,,0.05,0.7734172634361667
5991fad3280c4f84b331536c32001a04_r367,5991fad3280c4f84b331536c32001a04,dropout_10pct,vehicle,annotation,True,True,2,,0.1,0.7429141026104599
5991fad3280c4f84b331536c32001a04_r369,5991fad3280c4f84b331536c32001a04,dropout_10pct,vehicle,annotation,True,True,1,,0.1,0.6764786255730909
5991fad3280c4f84b331536c32001a04_r370,5991fad3280c4f84b331536c32001a04,dropout_10pct,vehicle,annotation,True,True,1,,0.1,0.6437668522276495
5991fad3280c4f84b331536c32001a04_r377,5991fad3280c4f84b331536c32001a04,dropout_10pct,vehicle,annotation,True,True,1,,0.05,0.7665792585223662
5991fad3280c4f84b331536c32001a04_r378,5991fad3280c4f84b331536c32001a04,dropout_10pct,vehicle,annotation,True,True,4,,0.05,0.8078595549296762
5991fad3280c4f84b331536c32001a04_r380,5991fad3280c4f84b331536c32001a04,dropout_10pct,vehicle,annotation,True,True,17,,0.05,0.8190717275792613
5991fad3280c4f84b331536c32001a04_r382,5991fad3280c4f84b331536c32001a04,dropout_10pct,vehicle,annotation,True,True,9,,0.05,0.8257319228704433
5991fad3280c4f84b331536c32001a04_r383,5991fad3280c4f84b331536c32001a04,dropout_10pct,vehicle,annotation,True,True,24,,0.05,0.844638883393643
5991fad3280c4f84b331536c32001a04_r384,5991fad3280c4f84b331536c32001a04,dropout_10pct,vehicle,annotation,True,True,54,,0.05,0.8425423238112012
5991fad3280c4f84b331536c32001a04_r385,5991fad3280c4f84b331536c32001a04,dropout_10pct,vehicle,annotation,True,True,23,,0.05,0.8317632692461701
5991fad3280c4f84b331536c32001a04_r388,5991fad3280c4f84b331536c32001a04,dropout_10pct,vehicle,annotation,True,True,2,,0.05,0.8087608470476592
5991fad3280c4f84b331536c32001a04_r398,5991fad3280c4f84b331536c32001a04,dropout_10pct,vehicle,annotation,True,True,2,,0.05,0.8130973313117215
5991fad3280c4f84b331536c32001a04_r430,5991fad3280c4f84b331536c32001a04,dropout_10pct,vehicle,annotation,True,True,1,,0.05,0.7755850771171487
5991fad3280c4f84b331536c32001a04_r129,5991fad3280c4f84b331536c32001a04,dropout_20pct,vehicle,annotation,True,True,2,,0.05,0.7706044319570771
5991fad3280c4f84b331536c32001a04_r132,5991fad3280c4f84b331536c32001a04,dropout_20pct,vehicle,annotation,True,True,1,,0.1,0.7151267743655736
5991fad3280c4f84b331536c32001a04_r134,5991fad3280c4f84b331536c32001a04,dropout_20pct,vehicle,annotation,True,True,5,,0.05,0.7634256874854726
5991fad3280c4f84b331536c32001a04_r152,5991fad3280c4f84b331536c32001a04,dropout_20pct,vehicle,annotation,True,True,65,,0.05,0.8244431290499673
5991fad3280c4f84b331536c32001a04_r153,5991fad3280c4f84b331536c32001a04,dropout_20pct,vehicle,annotation,True,True,47,,0.05,0.823598961068602
5991fad3280c4f84b331536c32001a04_r154,5991fad3280c4f84b331536c32001a04,dropout_20pct,vehicle,annotation,True,True,46,,0.05,0.8245588911506926
5991fad3280c4f84b331536c32001a04_r156,5991fad3280c4f84b331536c32001a04,dropout_20pct,vehicle,annotation,True,True,7,,0.05,0.7948208588078789
5991fad3280c4f84b331536c32001a04_r158,5991fad3280c4f84b331536c32001a04,dropout_20pct,vehicle,annotation,True,True,11,,0.05,0.7912503475361796
5991fad3280c4f84b331536c32001a04_r159,5991fad3280c4f84b331536c32001a04,dropout_20pct,vehicle,annotation,True,True,13,,0.05,0.7893689682831342
5991fad3280c4f84b331536c32001a04_r161,5991fad3280c4f84b331536c32001a04,dropout_20pct,vehicle,annotation,True,True,1,,0.1,0.7438661479703552
5991fad3280c4f84b331536c32001a04_r163,5991fad3280c4f84b331536c32001a04,dropout_20pct,vehicle,annotation,True,True,1,,0.1,0.7137169805540201
5991fad3280c4f84b331536c32001a04_r164,5991fad3280c4f84b331536c32001a04,dropout_20pct,vehicle,annotation,True,True,1,,0.1,0.7063206989996652
5991fad3280c4f84b331536c32001a04_r165,5991fad3280c4f84b331536c32001a04,dropout_20pct,vehicle,annotation,True,True,1,,0.1,0.6779648086006548
5991fad3280c4f84b331536c32001a04_r166,5991fad3280c4f84b331536c32001a04,dropout_20pct,vehicle,annotation,True,True,1,,0.1,0.6684778281633179
5991fad3280c4f84b331536c32001a04_r169,5991fad3280c4f84b331536c32001a04,dropout_20pct,vehicle,annotation,True,True,1,,0.1,0.6755601220199215
5991fad3280c4f84b331536c32001a04_r170,5991fad3280c4f84b331536c32001a04,dropout_20pct,vehicle,annotation,True,True,1,,0.1,0.6776361372237246
5991fad3280c4f84b331536c32001a04_r238,5991fad3280c4f84b331536c32001a04,dropout_20pct,vehicle,annotation,True,True,4,,0.05,0.7544490234473427
5991fad3280c4f84b331536c32001a04_r308,5991fad3280c4f84b331536c32001a04,dropout_20pct,vehicle,annotation,True,True,581,,0.05,0.8453444689495523
5991fad3280c4f84b331536c32001a04_r312,5991fad3280c4f84b331536c32001a04,dropout_20pct,vehicle,annotation,True,True,124,,0.05,0.8315968635152212
5991fad3280c4f84b331536c32001a04_r313,5991fad3280c4f84b331536c32001a04,dropout_20pct,vehicle,annotation,True,True,64,,0.05,0.8298176378534994
5991fad3280c4f84b331536c32001a04_r316,5991fad3280c4f84b331536c32001a04,dropout_20pct,vehicle,annotation,True,True,13,,0.05,0.8090755178720979
5991fad3280c4f84b331536c32001a04_r319,5991fad3280c4f84b331536c32001a04,dropout_20pct,vehicle,annotation,True,True,3,,0.05,0.790151176018318
5991fad3280c4f84b331536c32001a04_r320,5991fad3280c4f84b331536c32001a04,dropout_20pct,vehicle,annotation,True,True,2,,0.05,0.7844104798817867
5991fad3280c4f84b331536c32001a04_r323,5991fad3280c4f84b331536c32001a04,dropout_20pct,vehicle,annotation,True,True,1,,0.1,0.7483896896812918
5991fad3280c4f84b331536c32001a04_r324,5991fad3280c4f84b331536c32001a04,dropout_20pct,vehicle,annotation,True,True,1,,0.1,0.7476121437152462
5991fad3280c4f84b331536c32001a04_r330,5991fad3280c4f84b331536c32001a04,dropout_20pct,vehicle,annotation,True,True,1,,0.1,0.6439858159550367
5991fad3280c4f84b331536c32001a04_r338,5991fad3280c4f84b331536c32001a04,dropout_20pct,vehicle,annotation,True,True,14,,0.05,0.781547818785226
5991fad3280c4f84b331536c32001a04_r339,5991fad3280c4f84b331536c32001a04,dropout_20pct,vehicle,annotation,True,True,3,,0.05,0.7732925405213467
5991fad3280c4f84b331536c32001a04_r340,5991fad3280c4f84b331536c32001a04,dropout_20pct,vehicle,annotation,True,True,4,,0.05,0.7869469935954485
5991fad3280c4f84b331536c32001a04_r342,5991fad3280c4f84b331536c32001a04,dropout_20pct,vehicle,annotation,True,True,38,,0.05,0.8231140092499081
5991fad3280c4f84b331536c32001a04_r344,5991fad3280c4f84b331536c32001a04,dropout_20pct,vehicle,annotation,True,True,2,,0.05,0.8029647768025657
5991fad3280c4f84b331536c32001a04_r345,5991fad3280c4f84b331536c32001a04,dropout_20pct,vehicle,annotation,True,True,61,,0.05,0.8183021596019624
5991fad3280c4f84b331536c32001a04_r347,5991fad3280c4f84b331536c32001a04,dropout_20pct,vehicle,annotation,True,True,38,,0.05,0.8451250752338432
5991fad3280c4f84b331536c32001a04_r348,5991fad3280c4f84b331536c32001a04,dropout_20pct,vehicle,annotation,True,True,115,,0.05,0.8382283116830657
5991fad3280c4f84b331536c32001a04_r349,5991fad3280c4f84b331536c32001a04,dropout_20pct,vehicle,annotation,True,True,145,,0.05,0.8416658391724782
5991fad3280c4f84b331536c32001a04_r350,5991fad3280c4f84b331536c32001a04,dropout_20pct,vehicle,annotation,True,True,77,,0.05,0.8446895307607778
5991fad3280c4f84b331536c32001a04_r351,5991fad3280c4f84b331536c32001a04,dropout_20pct,vehicle,annotation,True,True,205,,0.05,0.8421559195310483
5991fad3280c4f84b331536c32001a04_r352,5991fad3280c4f84b331536c32001a04,dropout_20pct,vehicle,annotation,True,True,207,,0.05,0.8397902128226193
5991fad3280c4f84b331536c32001a04_r353,5991fad3280c4f84b331536c32001a04,dropout_20pct,vehicle,annotation,True,True,145,,0.05,0.8411802767203577
5991fad3280c4f84b331536c32001a04_r354,5991fad3280c4f84b331536c32001a04,dropout_20pct,vehicle,annotation,True,True,103,,0.05,0.8354595314721855
5991fad3280c4f84b331536c32001a04_r355,5991fad3280c4f84b331536c32001a04,dropout_20pct,vehicle,annotation,True,True,34,,0.05,0.825047031265779
5991fad3280c4f84b331536c32001a04_r356,5991fad3280c4f84b331536c32001a04,dropout_20pct,vehicle,annotation,True,True,20,,0.05,0.8247599922064741
5991fad3280c4f84b331536c32001a04_r357,5991fad3280c4f84b331536c32001a04,dropout_20pct,vehicle,annotation,True,True,23,,0.05,0.8268331086700234
5991fad3280c4f84b331536c32001a04_r358,5991fad3280c4f84b331536c32001a04,dropout_20pct,vehicle,annotation,True,True,18,,0.05,0.8200846197754886
5991fad3280c4f84b331536c32001a04_r360,5991fad3280c4f84b331536c32001a04,dropout_20pct,vehicle,annotation,True,True,2,,0.05,0.7861615772391158
5991fad3280c4f84b331536c32001a04_r361,5991fad3280c4f84b331536c32001a04,dropout_20pct,vehicle,annotation,True,True,2,,0.05,0.7734172634361667
5991fad3280c4f84b331536c32001a04_r363,5991fad3280c4f84b331536c32001a04,dropout_20pct,vehicle,annotation,True,True,1,,0.1,0.7432207014649406
5991fad3280c4f84b331536c32001a04_r365,5991fad3280c4f84b331536c32001a04,dropout_20pct,vehicle,annotation,True,True,1,,0.1,0.6764786255730909
5991fad3280c4f84b331536c32001a04_r372,5991fad3280c4f84b331536c32001a04,dropout_20pct,vehicle,annotation,True,True,1,,0.05,0.7665792585223662
5991fad3280c4f84b331536c32001a04_r373,5991fad3280c4f84b331536c32001a04,dropout_20pct,vehicle,annotation,True,True,3,,0.05,0.8109693801580662
5991fad3280c4f84b331536c32001a04_r375,5991fad3280c4f84b331536c32001a04,dropout_20pct,vehicle,annotation,True,True,15,,0.05,0.819036330353488
5991fad3280c4f84b331536c32001a04_r376,5991fad3280c4f84b331536c32001a04,dropout_20pct,vehicle,annotation,True,True,8,,0.05,0.8256067976797249
5991fad3280c4f84b331536c32001a04_r377,5991fad3280c4f84b331536c32001a04,dropout_20pct,vehicle,annotation,True,True,24,,0.05,0.844638883393643
5991fad3280c4f84b331536c32001a04_r378,5991fad3280c4f84b331536c32001a04,dropout_20pct,vehicle,annotation,True,True,48,,0.05,0.843032891017469
5991fad3280c4f84b331536c32001a04_r379,5991fad3280c4f84b331536c32001a04,dropout_20pct,vehicle,annotation,True,True,21,,0.05,0.8317055474331058
5991fad3280c4f84b331536c32001a04_r382,5991fad3280c4f84b331536c32001a04,dropout_20pct,vehicle,annotation,True,True,2,,0.05,0.8087608470476592
5991fad3280c4f84b331536c32001a04_r391,5991fad3280c4f84b331536c32001a04,dropout_20pct,vehicle,annotation,True,True,2,,0.05,0.8130973313117215
5991fad3280c4f84b331536c32001a04_r422,5991fad3280c4f84b331536c32001a04,dropout_20pct,vehicle,annotation,True,True,1,,0.05,0.7755850771171487
5991fad3280c4f84b331536c32001a04_r126,5991fad3280c4f84b331536c32001a04,dropout_30pct,vehicle,annotation,True,True,2,,0.05,0.7706005484342638
5991fad3280c4f84b331536c32001a04_r129,5991fad3280c4f84b331536c32001a04,dropout_30pct,vehicle,annotation,True,True,1,,0.1,0.7151267743655736
5991fad3280c4f84b331536c32001a04_r131,5991fad3280c4f84b331536c32001a04,dropout_30pct,vehicle,annotation,True,True,5,,0.05,0.7615351171686767
5991fad3280c4f84b331536c32001a04_r149,5991fad3280c4f84b331536c32001a04,dropout_30pct,vehicle,annotation,True,True,57,,0.05,0.8229676659192992
5991fad3280c4f84b331536c32001a04_r150,5991fad3280c4f84b331536c32001a04,dropout_30pct,vehicle,annotation,True,True,40,,0.05,0.8224393269674471
5991fad3280c4f84b331536c32001a04_r151,5991fad3280c4f84b331536c32001a04,dropout_30pct,vehicle,annotation,True,True,41,,0.05,0.8232503530682179
5991fad3280c4f84b331536c32001a04_r153,5991fad3280c4f84b331536c32001a04,dropout_30pct,vehicle,annotation,True,True,7,,0.05,0.7937669694414977
5991fad3280c4f84b331536c32001a04_r155,5991fad3280c4f84b331536c32001a04,dropout_30pct,vehicle,annotation,True,True,10,,0.05,0.7901980850078921
5991fad3280c4f84b331536c32001a04_r156,5991fad3280c4f84b331536c32001a04,dropout_30pct,vehicle,annotation,True,True,13,,0.05,0.7877041392029187
5991fad3280c4f84b331536c32001a04_r158,5991fad3280c4f84b331536c32001a04,dropout_30pct,vehicle,annotation,True,True,1,,0.1,0.7137169805540201
5991fad3280c4f84b331536c32001a04_r159,5991fad3280c4f84b331536c32001a04,dropout_30pct,vehicle,annotation,True,True,1,,0.1,0.6779648086006548
5991fad3280c4f84b331536c32001a04_r160,5991fad3280c4f84b331536c32001a04,dropout_30pct,vehicle,annotation,True,True,1,,0.1,0.6684778281633179
5991fad3280c4f84b331536c32001a04_r163,5991fad3280c4f84b331536c32001a04,dropout_30pct,vehicle,annotation,True,True,1,,0.1,0.6755601220199215
5991fad3280c4f84b331536c32001a04_r164,5991fad3280c4f84b331536c32001a04,dropout_30pct,vehicle,annotation,True,True,1,,0.1,0.6776361372237246
5991fad3280c4f84b331536c32001a04_r232,5991fad3280c4f84b331536c32001a04,dropout_30pct,vehicle,annotation,True,True,4,,0.05,0.7544462227903184
5991fad3280c4f84b331536c32001a04_r301,5991fad3280c4f84b331536c32001a04,dropout_30pct,vehicle,annotation,True,True,514,,0.05,0.8442344516084578
5991fad3280c4f84b331536c32001a04_r305,5991fad3280c4f84b331536c32001a04,dropout_30pct,vehicle,annotation,True,True,113,,0.05,0.8306675800785588
5991fad3280c4f84b331536c32001a04_r306,5991fad3280c4f84b331536c32001a04,dropout_30pct,vehicle,annotation,True,True,56,,0.05,0.8286794910495706
5991fad3280c4f84b331536c32001a04_r309,5991fad3280c4f84b331536c32001a04,dropout_30pct,vehicle,annotation,True,True,13,,0.05,0.80822122076024
5991fad3280c4f84b331536c32001a04_r312,5991fad3280c4f84b331536c32001a04,dropout_30pct,vehicle,annotation,True,True,3,,0.05,0.7894672128111972
5991fad3280c4f84b331536c32001a04_r313,5991fad3280c4f84b331536c32001a04,dropout_30pct,vehicle,annotation,True,True,2,,0.05,0.783599124475394
5991fad3280c4f84b331536c32001a04_r316,5991fad3280c4f84b331536c32001a04,dropout_30pct,vehicle,annotation,True,True,1,,0.1,0.7483896896812918
5991fad3280c4f84b331536c32001a04_r317,5991fad3280c4f84b331536c32001a04,dropout_30pct,vehicle,annotation,True,True,1,,0.1,0.7476121437152462
5991fad3280c4f84b331536c32001a04_r323,5991fad3280c4f84b331536c32001a04,dropout_30pct,vehicle,annotation,True,True,1,,0.1,0.6439858159550367
5991fad3280c4f84b331536c32001a04_r330,5991fad3280c4f84b331536c32001a04,dropout_30pct,vehicle,annotation,True,True,13,,0.05,0.7806941957092601
5991fad3280c4f84b331536c32001a04_r331,5991fad3280c4f84b331536c32001a04,dropout_30pct,vehicle,annotation,True,True,3,,0.05,0.7732578498647833
5991fad3280c4f84b331536c32001a04_r332,5991fad3280c4f84b331536c32001a04,dropout_30pct,vehicle,annotation,True,True,4,,0.05,0.7861365862616142
5991fad3280c4f84b331536c32001a04_r334,5991fad3280c4f84b331536c32001a04,dropout_30pct,vehicle,annotation,True,True,34,,0.05,0.8109595308516856
5991fad3280c4f84b331536c32001a04_r336,5991fad3280c4f84b331536c32001a04,dropout_30pct,vehicle,annotation,True,True,2,,0.05,0.8029156069967928
5991fad3280c4f84b331536c32001a04_r337,5991fad3280c4f84b331536c32001a04,dropout_30pct,vehicle,annotation,True,True,50,,0.05,0.8170592180945249
5991fad3280c4f84b331536c32001a04_r339,5991fad3280c4f84b331536c32001a04,dropout_30pct,vehicle,annotation,True,True,32,,0.05,0.8428425432694558
5991fad3280c4f84b331536c32001a04_r340,5991fad3280c4f84b331536c32001a04,dropout_30pct,vehicle,annotation,True,True,105,,0.05,0.8363791845366985
5991fad3280c4f84b331536c32001a04_r341,5991fad3280c4f84b331536c32001a04,dropout_30pct,vehicle,annotation,True,True,130,,0.05,0.8398636652981937
5991fad3280c4f84b331536c32001a04_r342,5991fad3280c4f84b331536c32001a04,dropout_30pct,vehicle,annotation,True,True,68,,0.05,0.8430051264123222
5991fad3280c4f84b331536c32001a04_r343,5991fad3280c4f84b331536c32001a04,dropout_30pct,vehicle,annotation,True,True,170,,0.05,0.8409281805549614
5991fad3280c4f84b331536c32001a04_r344,5991fad3280c4f84b331536c32001a04,dropout_30pct,vehicle,annotation,True,True,189,,0.05,0.8384067684511121
5991fad3280c4f84b331536c32001a04_r345,5991fad3280c4f84b331536c32001a04,dropout_30pct,vehicle,annotation,True,True,129,,0.05,0.8395534648853566
5991fad3280c4f84b331536c32001a04_r346,5991fad3280c4f84b331536c32001a04,dropout_30pct,vehicle,annotation,True,True,86,,0.05,0.8342595454697538
5991fad3280c4f84b331536c32001a04_r347,5991fad3280c4f84b331536c32001a04,dropout_30pct,vehicle,annotation,True,True,29,,0.05,0.8235510266553023
5991fad3280c4f84b331536c32001a04_r348,5991fad3280c4f84b331536c32001a04,dropout_30pct,vehicle,annotation,True,True,15,,0.05,0.8255300513887502
5991fad3280c4f84b331536c32001a04_r349,5991fad3280c4f84b331536c32001a04,dropout_30pct,vehicle,annotation,True,True,18,,0.05,0.8248830862376211
5991fad3280c4f84b331536c32001a04_r350,5991fad3280c4f84b331536c32001a04,dropout_30pct,vehicle,annotation,True,True,16,,0.05,0.8183696375325892
5991fad3280c4f84b331536c32001a04_r352,5991fad3280c4f84b331536c32001a04,dropout_30pct,vehicle,annotation,True,True,2,,0.05,0.7861612441428936
5991fad3280c4f84b331536c32001a04_r353,5991fad3280c4f84b331536c32001a04,dropout_30pct,vehicle,annotation,True,True,2,,0.05,0.7734155100591477
5991fad3280c4f84b331536c32001a04_r355,5991fad3280c4f84b331536c32001a04,dropout_30pct,vehicle,annotation,True,True,1,,0.1,0.7432207014649406
5991fad3280c4f84b331536c32001a04_r363,5991fad3280c4f84b331536c32001a04,dropout_30pct,vehicle,annotation,True,True,1,,0.05,0.7665792585223662
5991fad3280c4f84b331536c32001a04_r364,5991fad3280c4f84b331536c32001a04,dropout_30pct,vehicle,annotation,True,True,3,,0.05,0.8092582117174602
5991fad3280c4f84b331536c32001a04_r366,5991fad3280c4f84b331536c32001a04,dropout_30pct,vehicle,annotation,True,True,15,,0.05,0.8178666068991415
5991fad3280c4f84b331536c32001a04_r367,5991fad3280c4f84b331536c32001a04,dropout_30pct,vehicle,annotation,True,True,7,,0.05,0.8238283801690218
5991fad3280c4f84b331536c32001a04_r368,5991fad3280c4f84b331536c32001a04,dropout_30pct,vehicle,annotation,True,True,21,,0.05,0.8419591447725762
5991fad3280c4f84b331536c32001a04_r369,5991fad3280c4f84b331536c32001a04,dropout_30pct,vehicle,annotation,True,True,40,,0.05,0.8400878812527725
5991fad3280c4f84b331536c32001a04_r370,5991fad3280c4f84b331536c32001a04,dropout_30pct,vehicle,annotation,True,True,20,,0.05,0.8309589816474912
5991fad3280c4f84b331536c32001a04_r371,5991fad3280c4f84b331536c32001a04,dropout_30pct,vehicle,annotation,True,True,13,,0.05,0.8412489074702214
5991fad3280c4f84b331536c32001a04_r373,5991fad3280c4f84b331536c32001a04,dropout_30pct,vehicle,annotation,True,True,2,,0.05,0.8087454616259162
5991fad3280c4f84b331536c32001a04_r381,5991fad3280c4f84b331536c32001a04,dropout_30pct,vehicle,annotation,True,True,2,,0.05,0.8130894756914662
5991fad3280c4f84b331536c32001a04_r410,5991fad3280c4f84b331536c32001a04,dropout_30pct,vehicle,annotation,True,True,1,,0.05,0.7755850771171487
5991fad3280c4f84b331536c32001a04_r126,5991fad3280c4f84b331536c32001a04,sparse_75pct,vehicle,annotation,True,True,3,,0.05,0.770562232001272
5991fad3280c4f84b331536c32001a04_r129,5991fad3280c4f84b331536c32001a04,sparse_75pct,vehicle,annotation,True,True,1,,0.1,0.7151267743655736
5991fad3280c4f84b331536c32001a04_r131,5991fad3280c4f84b331536c32001a04,sparse_75pct,vehicle,annotation,True,True,4,,0.05,0.767260973810474
5991fad3280c4f84b331536c32001a04_r149,5991fad3280c4f84b331536c32001a04,sparse_75pct,vehicle,annotation,True,True,62,,0.05,0.8265402374815753
5991fad3280c4f84b331536c32001a04_r150,5991fad3280c4f84b331536c32001a04,sparse_75pct,vehicle,annotation,True,True,46,,0.05,0.8252954545515376
5991fad3280c4f84b331536c32001a04_r151,5991fad3280c4f84b331536c32001a04,sparse_75pct,vehicle,annotation,True,True,41,,0.05,0.8266361409639283
5991fad3280c4f84b331536c32001a04_r155,5991fad3280c4f84b331536c32001a04,sparse_75pct,vehicle,annotation,True,True,14,,0.05,0.7979272286796186
5991fad3280c4f84b331536c32001a04_r156,5991fad3280c4f84b331536c32001a04,sparse_75pct,vehicle,annotation,True,True,11,,0.05,0.7918913603777976
5991fad3280c4f84b331536c32001a04_r158,5991fad3280c4f84b331536c32001a04,sparse_75pct,vehicle,annotation,True,True,1,,0.1,0.7438661479703552
5991fad3280c4f84b331536c32001a04_r160,5991fad3280c4f84b331536c32001a04,sparse_75pct,vehicle,annotation,True,True,1,,0.1,0.7137169805540201
5991fad3280c4f84b331536c32001a04_r161,5991fad3280c4f84b331536c32001a04,sparse_75pct,vehicle,annotation,True,True,2,,0.1,0.7092715563006176
5991fad3280c4f84b331536c32001a04_r162,5991fad3280c4f84b331536c32001a04,sparse_75pct,vehicle,annotation,True,True,1,,0.1,0.6779648086006548
5991fad3280c4f84b331536c32001a04_r164,5991fad3280c4f84b331536c32001a04,sparse_75pct,vehicle,annotation,True,True,1,,0.1,0.6755601220199215
5991fad3280c4f84b331536c32001a04_r165,5991fad3280c4f84b331536c32001a04,sparse_75pct,vehicle,annotation,True,True,1,,0.1,0.6776361372237246
5991fad3280c4f84b331536c32001a04_r233,5991fad3280c4f84b331536c32001a04,sparse_75pct,vehicle,annotation,True,True,6,,0.05,0.7547142265625957
5991fad3280c4f84b331536c32001a04_r303,5991fad3280c4f84b331536c32001a04,sparse_75pct,vehicle,annotation,True,True,525,,0.05,0.8474772807374629
5991fad3280c4f84b331536c32001a04_r307,5991fad3280c4f84b331536c32001a04,sparse_75pct,vehicle,annotation,True,True,119,,0.05,0.8333560298467743
5991fad3280c4f84b331536c32001a04_r308,5991fad3280c4f84b331536c32001a04,sparse_75pct,vehicle,annotation,True,True,60,,0.05,0.8307447049735952
5991fad3280c4f84b331536c32001a04_r311,5991fad3280c4f84b331536c32001a04,sparse_75pct,vehicle,annotation,True,True,10,,0.05,0.8101609208443153
5991fad3280c4f84b331536c32001a04_r314,5991fad3280c4f84b331536c32001a04,sparse_75pct,vehicle,annotation,True,True,4,,0.05,0.7908568795422636
5991fad3280c4f84b331536c32001a04_r315,5991fad3280c4f84b331536c32001a04,sparse_75pct,vehicle,annotation,True,True,2,,0.05,0.7858332602580186
5991fad3280c4f84b331536c32001a04_r318,5991fad3280c4f84b331536c32001a04,sparse_75pct,vehicle,annotation,True,True,1,,0.1,0.7483896896812918
5991fad3280c4f84b331536c32001a04_r319,5991fad3280c4f84b331536c32001a04,sparse_75pct,vehicle,annotation,True,True,1,,0.1,0.7476121437152462
5991fad3280c4f84b331536c32001a04_r324,5991fad3280c4f84b331536c32001a04,sparse_75pct,vehicle,annotation,True,True,1,,0.1,0.6439858159550367
5991fad3280c4f84b331536c32001a04_r326,5991fad3280c4f84b331536c32001a04,sparse_75pct,pedestrian_vru,annotation,True,True,2,,0.1,0.7427086960534028
5991fad3280c4f84b331536c32001a04_r333,5991fad3280c4f84b331536c32001a04,sparse_75pct,vehicle,annotation,True,True,11,,0.05,0.7841569450752316
5991fad3280c4f84b331536c32001a04_r334,5991fad3280c4f84b331536c32001a04,sparse_75pct,vehicle,annotation,True,True,3,,0.05,0.7734681033426678
5991fad3280c4f84b331536c32001a04_r335,5991fad3280c4f84b331536c32001a04,sparse_75pct,vehicle,annotation,True,True,3,,0.05,0.7878350541852033
5991fad3280c4f84b331536c32001a04_r337,5991fad3280c4f84b331536c32001a04,sparse_75pct,vehicle,annotation,True,True,26,,0.05,0.8314108699535931
5991fad3280c4f84b331536c32001a04_r339,5991fad3280c4f84b331536c32001a04,sparse_75pct,vehicle,annotation,True,True,2,,0.05,0.8030510002185999
5991fad3280c4f84b331536c32001a04_r340,5991fad3280c4f84b331536c32001a04,sparse_75pct,vehicle,annotation,True,True,47,,0.05,0.8210519782327323
5991fad3280c4f84b331536c32001a04_r342,5991fad3280c4f84b331536c32001a04,sparse_75pct,vehicle,annotation,True,True,34,,0.05,0.8498119207194444
5991fad3280c4f84b331536c32001a04_r343,5991fad3280c4f84b331536c32001a04,sparse_75pct,vehicle,annotation,True,True,113,,0.05,0.8433491551524689
5991fad3280c4f84b331536c32001a04_r344,5991fad3280c4f84b331536c32001a04,sparse_75pct,vehicle,annotation,True,True,128,,0.05,0.8437643831789333
5991fad3280c4f84b331536c32001a04_r345,5991fad3280c4f84b331536c32001a04,sparse_75pct,vehicle,annotation,True,True,78,,0.05,0.8471127028330321
5991fad3280c4f84b331536c32001a04_r346,5991fad3280c4f84b331536c32001a04,sparse_75pct,vehicle,annotation,True,True,179,,0.05,0.8445648590737728
5991fad3280c4f84b331536c32001a04_r347,5991fad3280c4f84b331536c32001a04,sparse_75pct,vehicle,annotation,True,True,186,,0.05,0.8420408120628071
5991fad3280c4f84b331536c32001a04_r348,5991fad3280c4f84b331536c32001a04,sparse_75pct,vehicle,annotation,True,True,135,,0.05,0.8433575651443954
5991fad3280c4f84b331536c32001a04_r349,5991fad3280c4f84b331536c32001a04,sparse_75pct,vehicle,annotation,True,True,96,,0.05,0.8399619091603878
5991fad3280c4f84b331536c32001a04_r350,5991fad3280c4f84b331536c32001a04,sparse_75pct,vehicle,annotation,True,True,32,,0.05,0.8278300069602323
5991fad3280c4f84b331536c32001a04_r351,5991fad3280c4f84b331536c32001a04,sparse_75pct,vehicle,annotation,True,True,17,,0.05,0.8288659322649926
5991fad3280c4f84b331536c32001a04_r352,5991fad3280c4f84b331536c32001a04,sparse_75pct,vehicle,annotation,True,True,22,,0.05,0.8288955309763076
5991fad3280c4f84b331536c32001a04_r353,5991fad3280c4f84b331536c32001a04,sparse_75pct,vehicle,annotation,True,True,16,,0.05,0.8223221094403609
5991fad3280c4f84b331536c32001a04_r355,5991fad3280c4f84b331536c32001a04,sparse_75pct,vehicle,annotation,True,True,3,,0.05,0.804973200681619
5991fad3280c4f84b331536c32001a04_r356,5991fad3280c4f84b331536c32001a04,sparse_75pct,vehicle,annotation,True,True,3,,0.05,0.7737779936815216
5991fad3280c4f84b331536c32001a04_r358,5991fad3280c4f84b331536c32001a04,sparse_75pct,vehicle,annotation,True,True,3,,0.1,0.7428903291293372
5991fad3280c4f84b331536c32001a04_r366,5991fad3280c4f84b331536c32001a04,sparse_75pct,vehicle,annotation,True,True,2,,0.05,0.7667250565039906
5991fad3280c4f84b331536c32001a04_r367,5991fad3280c4f84b331536c32001a04,sparse_75pct,vehicle,annotation,True,True,3,,0.05,0.8110610130605463
5991fad3280c4f84b331536c32001a04_r369,5991fad3280c4f84b331536c32001a04,sparse_75pct,vehicle,annotation,True,True,18,,0.05,0.8212783308280961
5991fad3280c4f84b331536c32001a04_r371,5991fad3280c4f84b331536c32001a04,sparse_75pct,vehicle,annotation,True,True,7,,0.05,0.8267117523478579
5991fad3280c4f84b331536c32001a04_r372,5991fad3280c4f84b331536c32001a04,sparse_75pct,vehicle,annotation,True,True,25,,0.05,0.8466129649280261
5991fad3280c4f84b331536c32001a04_r373,5991fad3280c4f84b331536c32001a04,sparse_75pct,vehicle,annotation,True,True,40,,0.05,0.847433979350238
5991fad3280c4f84b331536c32001a04_r374,5991fad3280c4f84b331536c32001a04,sparse_75pct,vehicle,annotation,True,True,20,,0.05,0.8322663777684257
5991fad3280c4f84b331536c32001a04_r375,5991fad3280c4f84b331536c32001a04,sparse_75pct,vehicle,annotation,True,True,14,,0.05,0.8494347054726412
5991fad3280c4f84b331536c32001a04_r377,5991fad3280c4f84b331536c32001a04,sparse_75pct,vehicle,annotation,True,True,2,,0.05,0.8087878266868697
5991fad3280c4f84b331536c32001a04_r387,5991fad3280c4f84b331536c32001a04,sparse_75pct,vehicle,annotation,True,True,2,,0.05,0.8131111068067194
5991fad3280c4f84b331536c32001a04_r421,5991fad3280c4f84b331536c32001a04,sparse_75pct,vehicle,annotation,True,True,1,,0.05,0.7755850771171487
5991fad3280c4f84b331536c32001a04_r110,5991fad3280c4f84b331536c32001a04,sparse_50pct,vehicle,annotation,True,True,2,,0.05,0.8041516568142968
5991fad3280c4f84b331536c32001a04_r114,5991fad3280c4f84b331536c32001a04,sparse_50pct,vehicle,annotation,True,True,2,,0.05,0.7705817659600774
5991fad3280c4f84b331536c32001a04_r117,5991fad3280c4f84b331536c32001a04,sparse_50pct,vehicle,annotation,True,True,1,,0.1,0.7151267743655736
5991fad3280c4f84b331536c32001a04_r119,5991fad3280c4f84b331536c32001a04,sparse_50pct,vehicle,annotation,True,True,3,,0.05,0.7545440058190087
5991fad3280c4f84b331536c32001a04_r137,5991fad3280c4f84b331536c32001a04,sparse_50pct,vehicle,annotation,True,True,46,,0.05,0.8259039777570291
5991fad3280c4f84b331536c32001a04_r138,5991fad3280c4f84b331536c32001a04,sparse_50pct,vehicle,annotation,True,True,33,,0.05,0.8243677440782359
5991fad3280c4f84b331536c32001a04_r139,5991fad3280c4f84b331536c32001a04,sparse_50pct,vehicle,annotation,True,True,29,,0.05,0.8236987477247599
5991fad3280c4f84b331536c32001a04_r141,5991fad3280c4f84b331536c32001a04,sparse_50pct,vehicle,annotation,True,True,6,,0.05,0.8019744015759865
5991fad3280c4f84b331536c32001a04_r143,5991fad3280c4f84b331536c32001a04,sparse_50pct,vehicle,annotation,True,True,11,,0.05,0.7975127327689183
5991fad3280c4f84b331536c32001a04_r144,5991fad3280c4f84b331536c32001a04,sparse_50pct,vehicle,annotation,True,True,9,,0.05,0.7882919936751978
5991fad3280c4f84b331536c32001a04_r146,5991fad3280c4f84b331536c32001a04,sparse_50pct,vehicle,annotation,True,True,1,,0.1,0.7438661479703552
5991fad3280c4f84b331536c32001a04_r148,5991fad3280c4f84b331536c32001a04,sparse_50pct,vehicle,annotation,True,True,1,,0.1,0.7137169805540201
5991fad3280c4f84b331536c32001a04_r149,5991fad3280c4f84b331536c32001a04,sparse_50pct,vehicle,annotation,True,True,1,,0.1,0.710723678319507
5991fad3280c4f84b331536c32001a04_r150,5991fad3280c4f84b331536c32001a04,sparse_50pct,vehicle,annotation,True,True,1,,0.1,0.6755601220199215
5991fad3280c4f84b331536c32001a04_r151,5991fad3280c4f84b331536c32001a04,sparse_50pct,vehicle,annotation,True,True,1,,0.1,0.6776361372237246
5991fad3280c4f84b331536c32001a04_r217,5991fad3280c4f84b331536c32001a04,sparse_50pct,vehicle,annotation,True,True,1,,0.05,0.7543809004473779
5991fad3280c4f84b331536c32001a04_r283,5991fad3280c4f84b331536c32001a04,sparse_50pct,vehicle,annotation,True,True,356,,0.05,0.8472781090945927
5991fad3280c4f84b331536c32001a04_r287,5991fad3280c4f84b331536c32001a04,sparse_50pct,vehicle,annotation,True,True,81,,0.05,0.8325623980755489
5991fad3280c4f84b331536c32001a04_r288,5991fad3280c4f84b331536c32001a04,sparse_50pct,vehicle,annotation,True,True,37,,0.05,0.8311418609912025
5991fad3280c4f84b331536c32001a04_r291,5991fad3280c4f84b331536c32001a04,sparse_50pct,vehicle,annotation,True,True,8,,0.05,0.8108929935259132
5991fad3280c4f84b331536c32001a04_r294,5991fad3280c4f84b331536c32001a04,sparse_50pct,vehicle,annotation,True,True,2,,0.05,0.7912820550474466
5991fad3280c4f84b331536c32001a04_r295,5991fad3280c4f84b331536c32001a04,sparse_50pct,vehicle,annotation,True,True,1,,0.05,0.7740319475673452
5991fad3280c4f84b331536c32001a04_r297,5991fad3280c4f84b331536c32001a04,sparse_50pct,vehicle,annotation,True,True,1,,0.1,0.7483896896812918
5991fad3280c4f84b331536c32001a04_r298,5991fad3280c4f84b331536c32001a04,sparse_50pct,vehicle,annotation,True,True,1,,0.1,0.7476121437152462
5991fad3280c4f84b331536c32001a04_r303,5991fad3280c4f84b331536c32001a04,sparse_50pct,pedestrian_vru,annotation,True,True,2,,0.1,0.7416895074832165
5991fad3280c4f84b331536c32001a04_r310,5991fad3280c4f84b331536c32001a04,sparse_50pct,vehicle,annotation,True,True,9,,0.05,0.7842496985210118
5991fad3280c4f84b331536c32001a04_r311,5991fad3280c4f84b331536c32001a04,sparse_50pct,vehicle,annotation,True,True,2,,0.05,0.7732693708570733
5991fad3280c4f84b331536c32001a04_r312,5991fad3280c4f84b331536c32001a04,sparse_50pct,vehicle,annotation,True,True,1,,0.05,0.7766209003328811
5991fad3280c4f84b331536c32001a04_r313,5991fad3280c4f84b331536c32001a04,sparse_50pct,vehicle,annotation,True,True,2,,0.05,0.7886442766102247
5991fad3280c4f84b331536c32001a04_r314,5991fad3280c4f84b331536c32001a04,sparse_50pct,vehicle,annotation,True,True,16,,0.05,0.8348504312030692
5991fad3280c4f84b331536c32001a04_r316,5991fad3280c4f84b331536c32001a04,sparse_50pct,vehicle,annotation,True,True,2,,0.05,0.8030215214398256
5991fad3280c4f84b331536c32001a04_r317,5991fad3280c4f84b331536c32001a04,sparse_50pct,vehicle,annotation,True,True,34,,0.05,0.8196565559755797
5991fad3280c4f84b331536c32001a04_r319,5991fad3280c4f84b331536c32001a04,sparse_50pct,vehicle,annotation,True,True,20,,0.05,0.8480143074468713
5991fad3280c4f84b331536c32001a04_r320,5991fad3280c4f84b331536c32001a04,sparse_50pct,vehicle,annotation,True,True,78,,0.05,0.8434813633611403
5991fad3280c4f84b331536c32001a04_r321,5991fad3280c4f84b331536c32001a04,sparse_50pct,vehicle,annotation,True,True,89,,0.05,0.8432906441719847
5991fad3280c4f84b331536c32001a04_r322,5991fad3280c4f84b331536c32001a04,sparse_50pct,vehicle,annotation,True,True,50,,0.05,0.8462644396815548
5991fad3280c4f84b331536c32001a04_r323,5991fad3280c4f84b331536c32001a04,sparse_50pct,vehicle,annotation,True,True,121,,0.05,0.843916081636305
5991fad3280c4f84b331536c32001a04_r324,5991fad3280c4f84b331536c32001a04,sparse_50pct,vehicle,annotation,True,True,128,,0.05,0.8412295241352967
5991fad3280c4f84b331536c32001a04_r325,5991fad3280c4f84b331536c32001a04,sparse_50pct,vehicle,annotation,True,True,92,,0.05,0.8427306825468678
5991fad3280c4f84b331536c32001a04_r326,5991fad3280c4f84b331536c32001a04,sparse_50pct,vehicle,annotation,True,True,60,,0.05,0.8392703405997054
5991fad3280c4f84b331536c32001a04_r327,5991fad3280c4f84b331536c32001a04,sparse_50pct,vehicle,annotation,True,True,19,,0.05,0.8257363653171037
5991fad3280c4f84b331536c32001a04_r328,5991fad3280c4f84b331536c32001a04,sparse_50pct,vehicle,annotation,True,True,11,,0.05,0.8268423994436008
5991fad3280c4f84b331536c32001a04_r329,5991fad3280c4f84b331536c32001a04,sparse_50pct,vehicle,annotation,True,True,17,,0.05,0.8282261171892635
5991fad3280c4f84b331536c32001a04_r330,5991fad3280c4f84b331536c32001a04,sparse_50pct,vehicle,annotation,True,True,13,,0.05,0.8197757939939656
5991fad3280c4f84b331536c32001a04_r333,5991fad3280c4f84b331536c32001a04,sparse_50pct,vehicle,annotation,True,True,3,,0.05,0.7737730288891456
5991fad3280c4f84b331536c32001a04_r335,5991fad3280c4f84b331536c32001a04,sparse_50pct,vehicle,annotation,True,True,2,,0.1,0.7429143387298642
5991fad3280c4f84b331536c32001a04_r343,5991fad3280c4f84b331536c32001a04,sparse_50pct,vehicle,annotation,True,True,2,,0.05,0.7667226824743821
5991fad3280c4f84b331536c32001a04_r344,5991fad3280c4f84b331536c32001a04,sparse_50pct,vehicle,annotation,True,True,2,,0.05,0.8058321266952283
5991fad3280c4f84b331536c32001a04_r346,5991fad3280c4f84b331536c32001a04,sparse_50pct,vehicle,annotation,True,True,15,,0.05,0.8206842062865282
5991fad3280c4f84b331536c32001a04_r348,5991fad3280c4f84b331536c32001a04,sparse_50pct,vehicle,annotation,True,True,3,,0.05,0.824740484101995
5991fad3280c4f84b331536c32001a04_r349,5991fad3280c4f84b331536c32001a04,sparse_50pct,vehicle,annotation,True,True,19,,0.05,0.8452323729393921
5991fad3280c4f84b331536c32001a04_r350,5991fad3280c4f84b331536c32001a04,sparse_50pct,vehicle,annotation,True,True,24,,0.05,0.8438035657938238
5991fad3280c4f84b331536c32001a04_r351,5991fad3280c4f84b331536c32001a04,sparse_50pct,vehicle,annotation,True,True,17,,0.05,0.8318061708110694
5991fad3280c4f84b331536c32001a04_r352,5991fad3280c4f84b331536c32001a04,sparse_50pct,vehicle,annotation,True,True,10,,0.05,0.8481891000256252
5991fad3280c4f84b331536c32001a04_r354,5991fad3280c4f84b331536c32001a04,sparse_50pct,vehicle,annotation,True,True,1,,0.05,0.8092592519296792
5991fad3280c4f84b331536c32001a04_r364,5991fad3280c4f84b331536c32001a04,sparse_50pct,vehicle,annotation,True,True,1,,0.05,0.8128171360382636
5991fad3280c4f84b331536c32001a04_r89,5991fad3280c4f84b331536c32001a04,sparse_25pct,vehicle,annotation,True,True,1,,0.05,0.8043610864212725
5991fad3280c4f84b331536c32001a04_r92,5991fad3280c4f84b331536c32001a04,sparse_25pct,vehicle,annotation,True,True,3,,0.05,0.8071793187254924
5991fad3280c4f84b331536c32001a04_r94,5991fad3280c4f84b331536c32001a04,sparse_25pct,vehicle,annotation,True,True,1,,0.1,0.7151267743655736
5991fad3280c4f84b331536c32001a04_r110,5991fad3280c4f84b331536c32001a04,sparse_25pct,vehicle,annotation,True,True,28,,0.05,0.8279639577635055
5991fad3280c4f84b331536c32001a04_r111,5991fad3280c4f84b331536c32001a04,sparse_25pct,vehicle,annotation,True,True,13,,0.05,0.8240361260708287
5991fad3280c4f84b331536c32001a04_r112,5991fad3280c4f84b331536c32001a04,sparse_25pct,vehicle,annotation,True,True,15,,0.05,0.8246170940844251
5991fad3280c4f84b331536c32001a04_r116,5991fad3280c4f84b331536c32001a04,sparse_25pct,vehicle,annotation,True,True,4,,0.05,0.7982261433452622
5991fad3280c4f84b331536c32001a04_r117,5991fad3280c4f84b331536c32001a04,sparse_25pct,vehicle,annotation,True,True,6,,0.05,0.7935307794375274
5991fad3280c4f84b331536c32001a04_r120,5991fad3280c4f84b331536c32001a04,sparse_25pct,vehicle,annotation,True,True,1,,0.1,0.6776361372237246
5991fad3280c4f84b331536c32001a04_r245,5991fad3280c4f84b331536c32001a04,sparse_25pct,vehicle,annotation,True,True,169,,0.05,0.8488623580110359
5991fad3280c4f84b331536c32001a04_r249,5991fad3280c4f84b331536c32001a04,sparse_25pct,vehicle,annotation,True,True,37,,0.05,0.83307144735275
5991fad3280c4f84b331536c32001a04_r250,5991fad3280c4f84b331536c32001a04,sparse_25pct,vehicle,annotation,True,True,19,,0.05,0.8310493398419024
5991fad3280c4f84b331536c32001a04_r255,5991fad3280c4f84b331536c32001a04,sparse_25pct,vehicle,annotation,True,True,1,,0.05,0.780449309520227
5991fad3280c4f84b331536c32001a04_r256,5991fad3280c4f84b331536c32001a04,sparse_25pct,vehicle,annotation,True,True,1,,0.05,0.7740319475673452
5991fad3280c4f84b331536c32001a04_r258,5991fad3280c4f84b331536c32001a04,sparse_25pct,vehicle,annotation,True,True,1,,0.1,0.7483896896812918
5991fad3280c4f84b331536c32001a04_r262,5991fad3280c4f84b331536c32001a04,sparse_25pct,pedestrian_vru,annotation,True,True,1,,0.1,0.717559963725935
5991fad3280c4f84b331536c32001a04_r268,5991fad3280c4f84b331536c32001a04,sparse_25pct,vehicle,annotation,True,True,4,,0.05,0.7898445996320953
5991fad3280c4f84b331536c32001a04_r269,5991fad3280c4f84b331536c32001a04,sparse_25pct,vehicle,annotation,True,True,1,,0.05,0.7874982014513472
5991fad3280c4f84b331536c32001a04_r270,5991fad3280c4f84b331536c32001a04,sparse_25pct,vehicle,annotation,True,True,5,,0.05,0.8607118216851659
5991fad3280c4f84b331536c32001a04_r271,5991fad3280c4f84b331536c32001a04,sparse_25pct,vehicle,annotation,True,True,1,,0.05,0.8017841427908003
5991fad3280c4f84b331536c32001a04_r272,5991fad3280c4f84b331536c32001a04,sparse_25pct,vehicle,annotation,True,True,19,,0.05,0.8194543199610791
5991fad3280c4f84b331536c32001a04_r274,5991fad3280c4f84b331536c32001a04,sparse_25pct,vehicle,annotation,True,True,9,,0.05,0.8504424656337262
5991fad3280c4f84b331536c32001a04_r275,5991fad3280c4f84b331536c32001a04,sparse_25pct,vehicle,annotation,True,True,39,,0.05,0.8406606066853312
5991fad3280c4f84b331536c32001a04_r276,5991fad3280c4f84b331536c32001a04,sparse_25pct,vehicle,annotation,True,True,41,,0.05,0.8459854413821573
5991fad3280c4f84b331536c32001a04_r277,5991fad3280c4f84b331536c32001a04,sparse_25pct,vehicle,annotation,True,True,25,,0.05,0.8458536583803028
5991fad3280c4f84b331536c32001a04_r278,5991fad3280c4f84b331536c32001a04,sparse_25pct,vehicle,annotation,True,True,61,,0.05,0.8460319432068648
5991fad3280c4f84b331536c32001a04_r279,5991fad3280c4f84b331536c32001a04,sparse_25pct,vehicle,annotation,True,True,61,,0.05,0.8432178991439349
5991fad3280c4f84b331536c32001a04_r280,5991fad3280c4f84b331536c32001a04,sparse_25pct,vehicle,annotation,True,True,46,,0.05,0.845124920129624
5991fad3280c4f84b331536c32001a04_r281,5991fad3280c4f84b331536c32001a04,sparse_25pct,vehicle,annotation,True,True,37,,0.05,0.8413171408701773
5991fad3280c4f84b331536c32001a04_r282,5991fad3280c4f84b331536c32001a04,sparse_25pct,vehicle,annotation,True,True,9,,0.05,0.8210103437063123
5991fad3280c4f84b331536c32001a04_r283,5991fad3280c4f84b331536c32001a04,sparse_25pct,vehicle,annotation,True,True,6,,0.05,0.8272826882267261
5991fad3280c4f84b331536c32001a04_r284,5991fad3280c4f84b331536c32001a04,sparse_25pct,vehicle,annotation,True,True,4,,0.05,0.8033773635380205
5991fad3280c4f84b331536c32001a04_r285,5991fad3280c4f84b331536c32001a04,sparse_25pct,vehicle,annotation,True,True,6,,0.05,0.8203086363728194
5991fad3280c4f84b331536c32001a04_r288,5991fad3280c4f84b331536c32001a04,sparse_25pct,vehicle,annotation,True,True,2,,0.05,0.7738907911822622
5991fad3280c4f84b331536c32001a04_r294,5991fad3280c4f84b331536c32001a04,sparse_25pct,vehicle,annotation,True,True,1,,0.05,0.7665792585223662
5991fad3280c4f84b331536c32001a04_r295,5991fad3280c4f84b331536c32001a04,sparse_25pct,vehicle,annotation,True,True,7,,0.05,0.8197903154651683
5991fad3280c4f84b331536c32001a04_r296,5991fad3280c4f84b331536c32001a04,sparse_25pct,vehicle,annotation,True,True,2,,0.05,0.8157948809161225
5991fad3280c4f84b331536c32001a04_r297,5991fad3280c4f84b331536c32001a04,sparse_25pct,vehicle,annotation,True,True,12,,0.05,0.8451333286079524
5991fad3280c4f84b331536c32001a04_r298,5991fad3280c4f84b331536c32001a04,sparse_25pct,vehicle,annotation,True,True,14,,0.05,0.8444559341489497
5991fad3280c4f84b331536c32001a04_r299,5991fad3280c4f84b331536c32001a04,sparse_25pct,vehicle,annotation,True,True,6,,0.05,0.826649316379816
5991fad3280c4f84b331536c32001a04_r300,5991fad3280c4f84b331536c32001a04,sparse_25pct,vehicle,annotation,True,True,5,,0.05,0.8497764336216567
5991fad3280c4f84b331536c32001a04_r308,5991fad3280c4f84b331536c32001a04,sparse_25pct,vehicle,annotation,True,True,1,,0.05,0.8128171360382636
5991fad3280c4f84b331536c32001a04_r130,5991fad3280c4f84b331536c32001a04,noise_low,vehicle,annotation,True,True,3,,0.05,0.7708139077223899
5991fad3280c4f84b331536c32001a04_r133,5991fad3280c4f84b331536c32001a04,noise_low,vehicle,annotation,True,True,1,,0.1,0.7151054771525164
5991fad3280c4f84b331536c32001a04_r135,5991fad3280c4f84b331536c32001a04,noise_low,vehicle,annotation,True,True,7,,0.05,0.7654143094020864
5991fad3280c4f84b331536c32001a04_r153,5991fad3280c4f84b331536c32001a04,noise_low,vehicle,annotation,True,True,77,,0.05,0.8251438474687864
5991fad3280c4f84b331536c32001a04_r154,5991fad3280c4f84b331536c32001a04,noise_low,vehicle,annotation,True,True,61,,0.05,0.8246449891453044
5991fad3280c4f84b331536c32001a04_r155,5991fad3280c4f84b331536c32001a04,noise_low,vehicle,annotation,True,True,61,,0.05,0.8262829664032444
5991fad3280c4f84b331536c32001a04_r159,5991fad3280c4f84b331536c32001a04,noise_low,vehicle,annotation,True,True,17,,0.05,0.7958948537287623
5991fad3280c4f84b331536c32001a04_r160,5991fad3280c4f84b331536c32001a04,noise_low,vehicle,annotation,True,True,13,,0.05,0.7905396209228852
5991fad3280c4f84b331536c32001a04_r162,5991fad3280c4f84b331536c32001a04,noise_low,vehicle,annotation,True,True,1,,0.1,0.743887721521658
5991fad3280c4f84b331536c32001a04_r164,5991fad3280c4f84b331536c32001a04,noise_low,vehicle,annotation,True,True,2,,0.1,0.714616494459438
5991fad3280c4f84b331536c32001a04_r165,5991fad3280c4f84b331536c32001a04,noise_low,vehicle,annotation,True,True,2,,0.1,0.7090623537707714
5991fad3280c4f84b331536c32001a04_r166,5991fad3280c4f84b331536c32001a04,noise_low,vehicle,annotation,True,True,1,,0.1,0.6779861738970059
5991fad3280c4f84b331536c32001a04_r167,5991fad3280c4f84b331536c32001a04,noise_low,vehicle,annotation,True,True,1,,0.1,0.6684924535023054
5991fad3280c4f84b331536c32001a04_r170,5991fad3280c4f84b331536c32001a04,noise_low,vehicle,annotation,True,True,1,,0.1,0.6755573837886025
5991fad3280c4f84b331536c32001a04_r171,5991fad3280c4f84b331536c32001a04,noise_low,vehicle,annotation,True,True,1,,0.1,0.6776358377463427
5991fad3280c4f84b331536c32001a04_r240,5991fad3280c4f84b331536c32001a04,noise_low,vehicle,annotation,True,True,6,,0.05,0.7548069733042183
5991fad3280c4f84b331536c32001a04_r311,5991fad3280c4f84b331536c32001a04,noise_low,vehicle,annotation,True,True,721,,0.05,0.8460455937769001
5991fad3280c4f84b331536c32001a04_r315,5991fad3280c4f84b331536c32001a04,noise_low,vehicle,annotation,True,True,158,,0.05,0.8323483306409877
5991fad3280c4f84b331536c32001a04_r316,5991fad3280c4f84b331536c32001a04,noise_low,vehicle,annotation,True,True,83,,0.05,0.8302076211166173
5991fad3280c4f84b331536c32001a04_r319,5991fad3280c4f84b331536c32001a04,noise_low,vehicle,annotation,True,True,14,,0.05,0.8098546425822799
5991fad3280c4f84b331536c32001a04_r322,5991fad3280c4f84b331536c32001a04,noise_low,vehicle,annotation,True,True,5,,0.05,0.7899339638322296
5991fad3280c4f84b331536c32001a04_r323,5991fad3280c4f84b331536c32001a04,noise_low,vehicle,annotation,True,True,2,,0.05,0.7852263263087685
5991fad3280c4f84b331536c32001a04_r326,5991fad3280c4f84b331536c32001a04,noise_low,vehicle,annotation,True,True,2,,0.1,0.7483840794777429
5991fad3280c4f84b331536c32001a04_r327,5991fad3280c4f84b331536c32001a04,noise_low,vehicle,annotation,True,True,1,,0.1,0.7476222592954881
5991fad3280c4f84b331536c32001a04_r333,5991fad3280c4f84b331536c32001a04,noise_low,vehicle,annotation,True,True,1,,0.1,0.644032114667612
5991fad3280c4f84b331536c32001a04_r342,5991fad3280c4f84b331536c32001a04,noise_low,vehicle,annotation,True,True,17,,0.05,0.7840033036216361
5991fad3280c4f84b331536c32001a04_r343,5991fad3280c4f84b331536c32001a04,noise_low,vehicle,annotation,True,True,4,,0.05,0.773486520264756
5991fad3280c4f84b331536c32001a04_r344,5991fad3280c4f84b331536c32001a04,noise_low,vehicle,annotation,True,True,4,,0.05,0.7874470413754442
5991fad3280c4f84b331536c32001a04_r346,5991fad3280c4f84b331536c32001a04,noise_low,vehicle,annotation,True,True,44,,0.05,0.8235005940690749
5991fad3280c4f84b331536c32001a04_r348,5991fad3280c4f84b331536c32001a04,noise_low,vehicle,annotation,True,True,3,,0.05,0.807861075913625
5991fad3280c4f84b331536c32001a04_r349,5991fad3280c4f84b331536c32001a04,noise_low,vehicle,annotation,True,True,69,,0.05,0.8190192889251049
5991fad3280c4f84b331536c32001a04_r351,5991fad3280c4f84b331536c32001a04,noise_low,vehicle,annotation,True,True,43,,0.05,0.846569115098415
5991fad3280c4f84b331536c32001a04_r352,5991fad3280c4f84b331536c32001a04,noise_low,vehicle,annotation,True,True,144,,0.05,0.840799679261292
5991fad3280c4f84b331536c32001a04_r353,5991fad3280c4f84b331536c32001a04,noise_low,vehicle,annotation,True,True,176,,0.05,0.8426371438015455
5991fad3280c4f84b331536c32001a04_r354,5991fad3280c4f84b331536c32001a04,noise_low,vehicle,annotation,True,True,100,,0.05,0.8441108177584279
5991fad3280c4f84b331536c32001a04_r355,5991fad3280c4f84b331536c32001a04,noise_low,vehicle,annotation,True,True,248,,0.05,0.8429973242143134
5991fad3280c4f84b331536c32001a04_r356,5991fad3280c4f84b331536c32001a04,noise_low,vehicle,annotation,True,True,240,,0.05,0.8405355784555097
5991fad3280c4f84b331536c32001a04_r357,5991fad3280c4f84b331536c32001a04,noise_low,vehicle,annotation,True,True,184,,0.05,0.8418216823867187
5991fad3280c4f84b331536c32001a04_r358,5991fad3280c4f84b331536c32001a04,noise_low,vehicle,annotation,True,True,134,,0.05,0.8372048511072167
5991fad3280c4f84b331536c32001a04_r359,5991fad3280c4f84b331536c32001a04,noise_low,vehicle,annotation,True,True,43,,0.05,0.8270736023486918
5991fad3280c4f84b331536c32001a04_r360,5991fad3280c4f84b331536c32001a04,noise_low,vehicle,annotation,True,True,27,,0.05,0.8269218043227832
5991fad3280c4f84b331536c32001a04_r361,5991fad3280c4f84b331536c32001a04,noise_low,vehicle,annotation,True,True,29,,0.05,0.8281345932760762
5991fad3280c4f84b331536c32001a04_r362,5991fad3280c4f84b331536c32001a04,noise_low,vehicle,annotation,True,True,24,,0.05,0.8209503692548171
5991fad3280c4f84b331536c32001a04_r364,5991fad3280c4f84b331536c32001a04,noise_low,vehicle,annotation,True,True,3,,0.05,0.8036891589755188
5991fad3280c4f84b331536c32001a04_r365,5991fad3280c4f84b331536c32001a04,noise_low,vehicle,annotation,True,True,3,,0.05,0.7737051146576462
5991fad3280c4f84b331536c32001a04_r367,5991fad3280c4f84b331536c32001a04,noise_low,vehicle,annotation,True,True,3,,0.1,0.7431614047955317
5991fad3280c4f84b331536c32001a04_r369,5991fad3280c4f84b331536c32001a04,noise_low,vehicle,annotation,True,True,1,,0.1,0.6764837682393371
5991fad3280c4f84b331536c32001a04_r370,5991fad3280c4f84b331536c32001a04,noise_low,vehicle,annotation,True,True,1,,0.1,0.6438193364282172
5991fad3280c4f84b331536c32001a04_r377,5991fad3280c4f84b331536c32001a04,noise_low,vehicle,annotation,True,True,2,,0.05,0.7670616345997591
5991fad3280c4f84b331536c32001a04_r378,5991fad3280c4f84b331536c32001a04,noise_low,vehicle,annotation,True,True,3,,0.05,0.7964658968815369
5991fad3280c4f84b331536c32001a04_r380,5991fad3280c4f84b331536c32001a04,noise_low,vehicle,annotation,True,True,20,,0.05,0.8202798647010391
5991fad3280c4f84b331536c32001a04_r382,5991fad3280c4f84b331536c32001a04,noise_low,vehicle,annotation,True,True,10,,0.05,0.825896288827272
5991fad3280c4f84b331536c32001a04_r383,5991fad3280c4f84b331536c32001a04,noise_low,vehicle,annotation,True,True,30,,0.05,0.8442738266822923
5991fad3280c4f84b331536c32001a04_r384,5991fad3280c4f84b331536c32001a04,noise_low,vehicle,annotation,True,True,59,,0.05,0.84446874109342
5991fad3280c4f84b331536c32001a04_r385,5991fad3280c4f84b331536c32001a04,noise_low,vehicle,annotation,True,True,26,,0.05,0.8323001448988097
5991fad3280c4f84b331536c32001a04_r388,5991fad3280c4f84b331536c32001a04,noise_low,vehicle,annotation,True,True,2,,0.05,0.8090654464687004
5991fad3280c4f84b331536c32001a04_r399,5991fad3280c4f84b331536c32001a04,noise_low,vehicle,annotation,True,True,2,,0.05,0.8133522637389392
5991fad3280c4f84b331536c32001a04_r435,5991fad3280c4f84b331536c32001a04,noise_low,vehicle,annotation,True,True,1,,0.05,0.7755630280782846
5991fad3280c4f84b331536c32001a04_r130,5991fad3280c4f84b331536c32001a04,noise_medium,vehicle,annotation,True,True,3,,0.05,0.7714869404365503
5991fad3280c4f84b331536c32001a04_r133,5991fad3280c4f84b331536c32001a04,noise_medium,vehicle,annotation,True,True,1,,0.1,0.7150628595460395
5991fad3280c4f84b331536c32001a04_r135,5991fad3280c4f84b331536c32001a04,noise_medium,vehicle,annotation,True,True,7,,0.05,0.765102819999681
5991fad3280c4f84b331536c32001a04_r153,5991fad3280c4f84b331536c32001a04,noise_medium,vehicle,annotation,True,True,76,,0.05,0.8249550104625464
5991fad3280c4f84b331536c32001a04_r154,5991fad3280c4f84b331536c32001a04,noise_medium,vehicle,annotation,True,True,61,,0.05,0.8247246355710607
5991fad3280c4f84b331536c32001a04_r155,5991fad3280c4f84b331536c32001a04,noise_medium,vehicle,annotation,True,True,61,,0.05,0.8260839955051443
5991fad3280c4f84b331536c32001a04_r159,5991fad3280c4f84b331536c32001a04,noise_medium,vehicle,annotation,True,True,17,,0.05,0.7961215667424402
5991fad3280c4f84b331536c32001a04_r160,5991fad3280c4f84b331536c32001a04,noise_medium,vehicle,annotation,True,True,13,,0.05,0.7906385460343354
5991fad3280c4f84b331536c32001a04_r162,5991fad3280c4f84b331536c32001a04,noise_medium,vehicle,annotation,True,True,1,,0.1,0.7439308657375874
5991fad3280c4f84b331536c32001a04_r164,5991fad3280c4f84b331536c32001a04,noise_medium,vehicle,annotation,True,True,2,,0.1,0.7148173528923658
5991fad3280c4f84b331536c32001a04_r165,5991fad3280c4f84b331536c32001a04,noise_medium,vehicle,annotation,True,True,2,,0.1,0.7087548356794229
5991fad3280c4f84b331536c32001a04_r167,5991fad3280c4f84b331536c32001a04,noise_medium,vehicle,annotation,True,True,1,,0.1,0.6685216973836623
5991fad3280c4f84b331536c32001a04_r170,5991fad3280c4f84b331536c32001a04,noise_medium,vehicle,annotation,True,True,1,,0.1,0.6755518824156685
5991fad3280c4f84b331536c32001a04_r171,5991fad3280c4f84b331536c32001a04,noise_medium,vehicle,annotation,True,True,1,,0.1,0.67763523479638
5991fad3280c4f84b331536c32001a04_r241,5991fad3280c4f84b331536c32001a04,noise_medium,vehicle,annotation,True,True,6,,0.05,0.7553987655885758
5991fad3280c4f84b331536c32001a04_r312,5991fad3280c4f84b331536c32001a04,noise_medium,vehicle,annotation,True,True,717,,0.05,0.8459468594478704
5991fad3280c4f84b331536c32001a04_r316,5991fad3280c4f84b331536c32001a04,noise_medium,vehicle,annotation,True,True,158,,0.05,0.8323506042648736
5991fad3280c4f84b331536c32001a04_r317,5991fad3280c4f84b331536c32001a04,noise_medium,vehicle,annotation,True,True,82,,0.05,0.8304267632156344
5991fad3280c4f84b331536c32001a04_r320,5991fad3280c4f84b331536c32001a04,noise_medium,vehicle,annotation,True,True,12,,0.05,0.8091709100957005
5991fad3280c4f84b331536c32001a04_r323,5991fad3280c4f84b331536c32001a04,noise_medium,vehicle,annotation,True,True,5,,0.05,0.7895195547592301
5991fad3280c4f84b331536c32001a04_r324,5991fad3280c4f84b331536c32001a04,noise_medium,vehicle,annotation,True,True,2,,0.05,0.7857561853442561
5991fad3280c4f84b331536c32001a04_r327,5991fad3280c4f84b331536c32001a04,noise_medium,vehicle,annotation,True,True,1,,0.1,0.7483977123404063
5991fad3280c4f84b331536c32001a04_r328,5991fad3280c4f84b331536c32001a04,noise_medium,vehicle,annotation,True,True,2,,0.1,0.7483111700457198
5991fad3280c4f84b331536c32001a04_r334,5991fad3280c4f84b331536c32001a04,noise_medium,vehicle,annotation,True,True,1,,0.1,0.6441246689917354
5991fad3280c4f84b331536c32001a04_r343,5991fad3280c4f84b331536c32001a04,noise_medium,vehicle,annotation,True,True,17,,0.05,0.7841541273592502
5991fad3280c4f84b331536c32001a04_r344,5991fad3280c4f84b331536c32001a04,noise_medium,vehicle,annotation,True,True,4,,0.05,0.7744485489534617
5991fad3280c4f84b331536c32001a04_r345,5991fad3280c4f84b331536c32001a04,noise_medium,vehicle,annotation,True,True,4,,0.05,0.7873542640502319
5991fad3280c4f84b331536c32001a04_r347,5991fad3280c4f84b331536c32001a04,noise_medium,vehicle,annotation,True,True,44,,0.05,0.8235066731442314
5991fad3280c4f84b331536c32001a04_r349,5991fad3280c4f84b331536c32001a04,noise_medium,vehicle,annotation,True,True,3,,0.05,0.8071214343376533
5991fad3280c4f84b331536c32001a04_r350,5991fad3280c4f84b331536c32001a04,noise_medium,vehicle,annotation,True,True,69,,0.05,0.8190357034207217
5991fad3280c4f84b331536c32001a04_r352,5991fad3280c4f84b331536c32001a04,noise_medium,vehicle,annotation,True,True,43,,0.05,0.8464432961421121
5991fad3280c4f84b331536c32001a04_r353,5991fad3280c4f84b331536c32001a04,noise_medium,vehicle,annotation,True,True,141,,0.05,0.8408742512619974
5991fad3280c4f84b331536c32001a04_r354,5991fad3280c4f84b331536c32001a04,noise_medium,vehicle,annotation,True,True,177,,0.05,0.8424896929324169
5991fad3280c4f84b331536c32001a04_r355,5991fad3280c4f84b331536c32001a04,noise_medium,vehicle,annotation,True,True,99,,0.05,0.844024220048252
5991fad3280c4f84b331536c32001a04_r356,5991fad3280c4f84b331536c32001a04,noise_medium,vehicle,annotation,True,True,246,,0.05,0.8432524414672888
5991fad3280c4f84b331536c32001a04_r357,5991fad3280c4f84b331536c32001a04,noise_medium,vehicle,annotation,True,True,238,,0.05,0.8407118434293626
5991fad3280c4f84b331536c32001a04_r358,5991fad3280c4f84b331536c32001a04,noise_medium,vehicle,annotation,True,True,187,,0.05,0.8416884422330301
5991fad3280c4f84b331536c32001a04_r359,5991fad3280c4f84b331536c32001a04,noise_medium,vehicle,annotation,True,True,135,,0.05,0.8373233059971738
5991fad3280c4f84b331536c32001a04_r360,5991fad3280c4f84b331536c32001a04,noise_medium,vehicle,annotation,True,True,43,,0.05,0.8269114599559467
5991fad3280c4f84b331536c32001a04_r361,5991fad3280c4f84b331536c32001a04,noise_medium,vehicle,annotation,True,True,28,,0.05,0.8272114962985262
5991fad3280c4f84b331536c32001a04_r362,5991fad3280c4f84b331536c32001a04,noise_medium,vehicle,annotation,True,True,28,,0.05,0.8274422264531367
5991fad3280c4f84b331536c32001a04_r363,5991fad3280c4f84b331536c32001a04,noise_medium,vehicle,annotation,True,True,24,,0.05,0.8209382810175377
5991fad3280c4f84b331536c32001a04_r365,5991fad3280c4f84b331536c32001a04,noise_medium,vehicle,annotation,True,True,3,,0.05,0.8039390232056678
5991fad3280c4f84b331536c32001a04_r366,5991fad3280c4f84b331536c32001a04,noise_medium,vehicle,annotation,True,True,3,,0.05,0.773864025185535
5991fad3280c4f84b331536c32001a04_r368,5991fad3280c4f84b331536c32001a04,noise_medium,vehicle,annotation,True,True,3,,0.1,0.743709101041671
5991fad3280c4f84b331536c32001a04_r371,5991fad3280c4f84b331536c32001a04,noise_medium,vehicle,annotation,True,True,1,,0.1,0.6764939944991233
5991fad3280c4f84b331536c32001a04_r372,5991fad3280c4f84b331536c32001a04,noise_medium,vehicle,annotation,True,True,1,,0.1,0.6439242853736402
5991fad3280c4f84b331536c32001a04_r379,5991fad3280c4f84b331536c32001a04,noise_medium,vehicle,annotation,True,True,2,,0.05,0.7679556248153558
5991fad3280c4f84b331536c32001a04_r380,5991fad3280c4f84b331536c32001a04,noise_medium,vehicle,annotation,True,True,3,,0.05,0.7968412325458203
5991fad3280c4f84b331536c32001a04_r382,5991fad3280c4f84b331536c32001a04,noise_medium,vehicle,annotation,True,True,21,,0.05,0.8204418038977397
5991fad3280c4f84b331536c32001a04_r384,5991fad3280c4f84b331536c32001a04,noise_medium,vehicle,annotation,True,True,10,,0.05,0.8256419888514264
5991fad3280c4f84b331536c32001a04_r385,5991fad3280c4f84b331536c32001a04,noise_medium,vehicle,annotation,True,True,30,,0.05,0.8442679341504673
5991fad3280c4f84b331536c32001a04_r386,5991fad3280c4f84b331536c32001a04,noise_medium,vehicle,annotation,True,True,58,,0.05,0.8438261472038167
5991fad3280c4f84b331536c32001a04_r387,5991fad3280c4f84b331536c32001a04,noise_medium,vehicle,annotation,True,True,25,,0.05,0.8322138935403686
5991fad3280c4f84b331536c32001a04_r390,5991fad3280c4f84b331536c32001a04,noise_medium,vehicle,annotation,True,True,2,,0.05,0.8096505435887528
5991fad3280c4f84b331536c32001a04_r402,5991fad3280c4f84b331536c32001a04,noise_medium,vehicle,annotation,True,True,2,,0.05,0.8142767771916732
5991fad3280c4f84b331536c32001a04_r438,5991fad3280c4f84b331536c32001a04,noise_medium,vehicle,annotation,True,True,1,,0.05,0.7755189155245771
5991fad3280c4f84b331536c32001a04_r127,5991fad3280c4f84b331536c32001a04,noise_high,vehicle,annotation,True,True,1,,0.05,0.8009666284964639
5991fad3280c4f84b331536c32001a04_r131,5991fad3280c4f84b331536c32001a04,noise_high,vehicle,annotation,True,True,3,,0.05,0.772159716151009
5991fad3280c4f84b331536c32001a04_r135,5991fad3280c4f84b331536c32001a04,noise_high,vehicle,annotation,True,True,1,,0.1,0.7150202110577492
5991fad3280c4f84b331536c32001a04_r136,5991fad3280c4f84b331536c32001a04,noise_high,vehicle,annotation,True,True,6,,0.05,0.7639917094889939
5991fad3280c4f84b331536c32001a04_r154,5991fad3280c4f84b331536c32001a04,noise_high,vehicle,annotation,True,True,75,,0.05,0.8249852463504507
5991fad3280c4f84b331536c32001a04_r155,5991fad3280c4f84b331536c32001a04,noise_high,vehicle,annotation,True,True,60,,0.05,0.8247499827445095
5991fad3280c4f84b331536c32001a04_r156,5991fad3280c4f84b331536c32001a04,noise_high,vehicle,annotation,True,True,60,,0.05,0.8254749281204761
5991fad3280c4f84b331536c32001a04_r160,5991fad3280c4f84b331536c32001a04,noise_high,vehicle,annotation,True,True,17,,0.05,0.7963728608309745
5991fad3280c4f84b331536c32001a04_r161,5991fad3280c4f84b331536c32001a04,noise_high,vehicle,annotation,True,True,13,,0.05,0.7907527887484518
5991fad3280c4f84b331536c32001a04_r163,5991fad3280c4f84b331536c32001a04,noise_high,vehicle,annotation,True,True,1,,0.1,0.7439740061005057
5991fad3280c4f84b331536c32001a04_r165,5991fad3280c4f84b331536c32001a04,noise_high,vehicle,annotation,True,True,2,,0.1,0.7150169818741259
5991fad3280c4f84b331536c32001a04_r166,5991fad3280c4f84b331536c32001a04,noise_high,vehicle,annotation,True,True,2,,0.1,0.7086450593046414
5991fad3280c4f84b331536c32001a04_r168,5991fad3280c4f84b331536c32001a04,noise_high,vehicle,annotation,True,True,1,,0.1,0.6685509321991074
5991fad3280c4f84b331536c32001a04_r172,5991fad3280c4f84b331536c32001a04,noise_high,vehicle,annotation,True,True,1,,0.1,0.6776346265195338
5991fad3280c4f84b331536c32001a04_r244,5991fad3280c4f84b331536c32001a04,noise_high,vehicle,annotation,True,True,6,,0.05,0.7560171816763801
5991fad3280c4f84b331536c32001a04_r317,5991fad3280c4f84b331536c32001a04,noise_high,vehicle,annotation,True,True,712,,0.05,0.8458974996754709
5991fad3280c4f84b331536c32001a04_r321,5991fad3280c4f84b331536c32001a04,noise_high,vehicle,annotation,True,True,159,,0.05,0.8324192828347177
5991fad3280c4f84b331536c32001a04_r325,5991fad3280c4f84b331536c32001a04,noise_high,vehicle,annotation,True,True,12,,0.05,0.8091582834266547
5991fad3280c4f84b331536c32001a04_r328,5991fad3280c4f84b331536c32001a04,noise_high,vehicle,annotation,True,True,5,,0.05,0.789127784216552
5991fad3280c4f84b331536c32001a04_r329,5991fad3280c4f84b331536c32001a04,noise_high,vehicle,annotation,True,True,2,,0.05,0.7862817269544867
5991fad3280c4f84b331536c32001a04_r332,5991fad3280c4f84b331536c32001a04,noise_high,vehicle,annotation,True,True,1,,0.1,0.7484029060276857
5991fad3280c4f84b331536c32001a04_r333,5991fad3280c4f84b331536c32001a04,noise_high,vehicle,annotation,True,True,2,,0.1,0.7486876384830053
5991fad3280c4f84b331536c32001a04_r338,5991fad3280c4f84b331536c32001a04,noise_high,vehicle,annotation,True,True,1,,0.1,0.6442171657815998
5991fad3280c4f84b331536c32001a04_r347,5991fad3280c4f84b331536c32001a04,noise_high,vehicle,annotation,True,True,17,,0.05,0.7843219663216564
5991fad3280c4f84b331536c32001a04_r348,5991fad3280c4f84b331536c32001a04,noise_high,vehicle,annotation,True,True,4,,0.05,0.7754957847050823
5991fad3280c4f84b331536c32001a04_r349,5991fad3280c4f84b331536c32001a04,noise_high,vehicle,annotation,True,True,4,,0.05,0.7872674136770021
5991fad3280c4f84b331536c32001a04_r351,5991fad3280c4f84b331536c32001a04,noise_high,vehicle,annotation,True,True,44,,0.05,0.8235307399090482
5991fad3280c4f84b331536c32001a04_r353,5991fad3280c4f84b331536c32001a04,noise_high,vehicle,annotation,True,True,3,,0.05,0.8064083049696805
5991fad3280c4f84b331536c32001a04_r354,5991fad3280c4f84b331536c32001a04,noise_high,vehicle,annotation,True,True,68,,0.05,0.8189014692775912
5991fad3280c4f84b331536c32001a04_r356,5991fad3280c4f84b331536c32001a04,noise_high,vehicle,annotation,True,True,42,,0.05,0.8471961021361916
5991fad3280c4f84b331536c32001a04_r357,5991fad3280c4f84b331536c32001a04,noise_high,vehicle,annotation,True,True,142,,0.05,0.840615886375779
5991fad3280c4f84b331536c32001a04_r358,5991fad3280c4f84b331536c32001a04,noise_high,vehicle,annotation,True,True,175,,0.05,0.8424555501705463
5991fad3280c4f84b331536c32001a04_r359,5991fad3280c4f84b331536c32001a04,noise_high,vehicle,annotation,True,True,99,,0.05,0.8438876751486732
5991fad3280c4f84b331536c32001a04_r360,5991fad3280c4f84b331536c32001a04,noise_high,vehicle,annotation,True,True,243,,0.05,0.8433570213886257
5991fad3280c4f84b331536c32001a04_r361,5991fad3280c4f84b331536c32001a04,noise_high,vehicle,annotation,True,True,241,,0.05,0.840705521089138
5991fad3280c4f84b331536c32001a04_r362,5991fad3280c4f84b331536c32001a04,noise_high,vehicle,annotation,True,True,185,,0.05,0.8416427220922331
5991fad3280c4f84b331536c32001a04_r363,5991fad3280c4f84b331536c32001a04,noise_high,vehicle,annotation,True,True,135,,0.05,0.8375801502635296
5991fad3280c4f84b331536c32001a04_r364,5991fad3280c4f84b331536c32001a04,noise_high,vehicle,annotation,True,True,43,,0.05,0.8268496056993828
5991fad3280c4f84b331536c32001a04_r365,5991fad3280c4f84b331536c32001a04,noise_high,vehicle,annotation,True,True,27,,0.05,0.8273266071614647
5991fad3280c4f84b331536c32001a04_r366,5991fad3280c4f84b331536c32001a04,noise_high,vehicle,annotation,True,True,31,,0.05,0.8263185170064011
5991fad3280c4f84b331536c32001a04_r367,5991fad3280c4f84b331536c32001a04,noise_high,vehicle,annotation,True,True,24,,0.05,0.8209476646114544
5991fad3280c4f84b331536c32001a04_r369,5991fad3280c4f84b331536c32001a04,noise_high,vehicle,annotation,True,True,3,,0.05,0.8041998808376771
5991fad3280c4f84b331536c32001a04_r370,5991fad3280c4f84b331536c32001a04,noise_high,vehicle,annotation,True,True,3,,0.05,0.7740593809126284
5991fad3280c4f84b331536c32001a04_r372,5991fad3280c4f84b331536c32001a04,noise_high,vehicle,annotation,True,True,3,,0.1,0.7442524202287307
5991fad3280c4f84b331536c32001a04_r375,5991fad3280c4f84b331536c32001a04,noise_high,vehicle,annotation,True,True,1,,0.1,0.676504141983362
5991fad3280c4f84b331536c32001a04_r383,5991fad3280c4f84b331536c32001a04,noise_high,vehicle,annotation,True,True,2,,0.05,0.7688436597896429
5991fad3280c4f84b331536c32001a04_r384,5991fad3280c4f84b331536c32001a04,noise_high,vehicle,annotation,True,True,3,,0.05,0.7972214137475913
5991fad3280c4f84b331536c32001a04_r386,5991fad3280c4f84b331536c32001a04,noise_high,vehicle,annotation,True,True,21,,0.05,0.8202335391151141
5991fad3280c4f84b331536c32001a04_r388,5991fad3280c4f84b331536c32001a04,noise_high,vehicle,annotation,True,True,10,,0.05,0.8254318748370488
5991fad3280c4f84b331536c32001a04_r389,5991fad3280c4f84b331536c32001a04,noise_high,vehicle,annotation,True,True,32,,0.05,0.8441126792277774
5991fad3280c4f84b331536c32001a04_r390,5991fad3280c4f84b331536c32001a04,noise_high,vehicle,annotation,True,True,60,,0.05,0.8434538617481636
5991fad3280c4f84b331536c32001a04_r391,5991fad3280c4f84b331536c32001a04,noise_high,vehicle,annotation,True,True,26,,0.05,0.8326546889916429
5991fad3280c4f84b331536c32001a04_r393,5991fad3280c4f84b331536c32001a04,noise_high,vehicle,annotation,True,True,13,,0.05,0.8429303968967445
5991fad3280c4f84b331536c32001a04_r394,5991fad3280c4f84b331536c32001a04,noise_high,vehicle,annotation,True,True,2,,0.05,0.8102312848241117
5991fad3280c4f84b331536c32001a04_r406,5991fad3280c4f84b331536c32001a04,noise_high,vehicle,annotation,True,True,2,,0.05,0.8151949408036011
5991fad3280c4f84b331536c32001a04_r443,5991fad3280c4f84b331536c32001a04,noise_high,vehicle,annotation,True,True,1,,0.05,0.7754747837001813
6d1d793b68b24165be5755a54054c82a_r221,6d1d793b68b24165be5755a54054c82a,original,static_manmade,annotation,True,True,4,,0.1,0.5310627456659415
6d1d793b68b24165be5755a54054c82a_r257,6d1d793b68b24165be5755a54054c82a,original,vehicle,annotation,True,True,9,,0.05,0.7844874596186072
6d1d793b68b24165be5755a54054c82a_r287,6d1d793b68b24165be5755a54054c82a,original,vehicle,annotation,True,True,20,,0.05,0.788183509887651
6d1d793b68b24165be5755a54054c82a_r401,6d1d793b68b24165be5755a54054c82a,original,vehicle,annotation,True,True,1,,0.1,0.7145585899470386
6d1d793b68b24165be5755a54054c82a_r402,6d1d793b68b24165be5755a54054c82a,original,vehicle,annotation,True,True,3,,0.1,0.7144252862862759
6d1d793b68b24165be5755a54054c82a_r403,6d1d793b68b24165be5755a54054c82a,original,vehicle,annotation,True,True,3,,0.1,0.7427356690782627
6d1d793b68b24165be5755a54054c82a_r404,6d1d793b68b24165be5755a54054c82a,original,vehicle,annotation,True,True,5,,0.05,0.7597954141102695
6d1d793b68b24165be5755a54054c82a_r405,6d1d793b68b24165be5755a54054c82a,original,vehicle,annotation,True,True,3,,0.05,0.750132463881176
6d1d793b68b24165be5755a54054c82a_r439,6d1d793b68b24165be5755a54054c82a,original,vehicle,annotation,True,True,1,,0.1,0.6819890268236628
6d1d793b68b24165be5755a54054c82a_r440,6d1d793b68b24165be5755a54054c82a,original,vehicle,annotation,True,True,2,,0.1,0.7488153135560196
6d1d793b68b24165be5755a54054c82a_r447,6d1d793b68b24165be5755a54054c82a,original,vehicle,annotation,True,True,47,,0.05,0.8117476289292175
6d1d793b68b24165be5755a54054c82a_r448,6d1d793b68b24165be5755a54054c82a,original,vehicle,annotation,True,True,86,,0.05,0.8158915372058392
6d1d793b68b24165be5755a54054c82a_r449,6d1d793b68b24165be5755a54054c82a,original,vehicle,annotation,True,True,31,,0.05,0.8270779867227588
6d1d793b68b24165be5755a54054c82a_r452,6d1d793b68b24165be5755a54054c82a,original,vehicle,annotation,True,True,4,,0.05,0.7963981059063902
6d1d793b68b24165be5755a54054c82a_r453,6d1d793b68b24165be5755a54054c82a,original,vehicle,annotation,True,True,32,,0.05,0.8563992148144374
6d1d793b68b24165be5755a54054c82a_r454,6d1d793b68b24165be5755a54054c82a,original,vehicle,annotation,True,True,18,,0.05,0.8546873582445002
6d1d793b68b24165be5755a54054c82a_r458,6d1d793b68b24165be5755a54054c82a,original,vehicle,annotation,True,True,4,,0.1,0.73334314850584
6d1d793b68b24165be5755a54054c82a_r461,6d1d793b68b24165be5755a54054c82a,original,vehicle,annotation,True,True,2,,0.1,0.6924270597829825
6d1d793b68b24165be5755a54054c82a_r470,6d1d793b68b24165be5755a54054c82a,original,vehicle,annotation,True,True,4,,0.05,0.7956660756961546
6d1d793b68b24165be5755a54054c82a_r471,6d1d793b68b24165be5755a54054c82a,original,vehicle,annotation,True,True,3,,0.05,0.8006178982458642
6d1d793b68b24165be5755a54054c82a_r472,6d1d793b68b24165be5755a54054c82a,original,vehicle,annotation,True,True,6,,0.05,0.7827680667079004
6d1d793b68b24165be5755a54054c82a_r476,6d1d793b68b24165be5755a54054c82a,original,vehicle,annotation,True,True,4,,0.1,0.7346482455735948
6d1d793b68b24165be5755a54054c82a_r477,6d1d793b68b24165be5755a54054c82a,original,vehicle,annotation,True,True,6,,0.05,0.7515238509552268
6d1d793b68b24165be5755a54054c82a_r217,6d1d793b68b24165be5755a54054c82a,dropout_5pct,static_manmade,annotation,True,True,3,,0.1,0.5310653428508325
6d1d793b68b24165be5755a54054c82a_r253,6d1d793b68b24165be5755a54054c82a,dropout_5pct,vehicle,annotation,True,True,8,,0.05,0.7787036138907543
6d1d793b68b24165be5755a54054c82a_r283,6d1d793b68b24165be5755a54054c82a,dropout_5pct,vehicle,annotation,True,True,19,,0.05,0.7881374457260437
6d1d793b68b24165be5755a54054c82a_r396,6d1d793b68b24165be5755a54054c82a,dropout_5pct,vehicle,annotation,True,True,1,,0.1,0.7145585899470386
6d1d793b68b24165be5755a54054c82a_r397,6d1d793b68b24165be5755a54054c82a,dropout_5pct,vehicle,annotation,True,True,3,,0.1,0.7144252862862759
6d1d793b68b24165be5755a54054c82a_r398,6d1d793b68b24165be5755a54054c82a,dropout_5pct,vehicle,annotation,True,True,3,,0.1,0.7427356690782627
6d1d793b68b24165be5755a54054c82a_r399,6d1d793b68b24165be5755a54054c82a,dropout_5pct,vehicle,annotation,True,True,5,,0.05,0.7597954141102695
6d1d793b68b24165be5755a54054c82a_r400,6d1d793b68b24165be5755a54054c82a,dropout_5pct,vehicle,annotation,True,True,3,,0.05,0.750132463881176
6d1d793b68b24165be5755a54054c82a_r433,6d1d793b68b24165be5755a54054c82a,dropout_5pct,vehicle,annotation,True,True,1,,0.1,0.6819890268236628
6d1d793b68b24165be5755a54054c82a_r434,6d1d793b68b24165be5755a54054c82a,dropout_5pct,vehicle,annotation,True,True,1,,0.1,0.7489357463843516
6d1d793b68b24165be5755a54054c82a_r441,6d1d793b68b24165be5755a54054c82a,dropout_5pct,vehicle,annotation,True,True,43,,0.05,0.8117986821077989
6d1d793b68b24165be5755a54054c82a_r442,6d1d793b68b24165be5755a54054c82a,dropout_5pct,vehicle,annotation,True,True,81,,0.05,0.8157358050220203
6d1d793b68b24165be5755a54054c82a_r443,6d1d793b68b24165be5755a54054c82a,dropout_5pct,vehicle,annotation,True,True,28,,0.05,0.8279507443119787
6d1d793b68b24165be5755a54054c82a_r446,6d1d793b68b24165be5755a54054c82a,dropout_5pct,vehicle,annotation,True,True,4,,0.05,0.7963981059063902
6d1d793b68b24165be5755a54054c82a_r447,6d1d793b68b24165be5755a54054c82a,dropout_5pct,vehicle,annotation,True,True,32,,0.05,0.8563992148144374
6d1d793b68b24165be5755a54054c82a_r448,6d1d793b68b24165be5755a54054c82a,dropout_5pct,vehicle,annotation,True,True,18,,0.05,0.8546873582445002
6d1d793b68b24165be5755a54054c82a_r452,6d1d793b68b24165be5755a54054c82a,dropout_5pct,vehicle,annotation,True,True,4,,0.1,0.73334314850584
6d1d793b68b24165be5755a54054c82a_r455,6d1d793b68b24165be5755a54054c82a,dropout_5pct,vehicle,annotation,True,True,2,,0.1,0.6924270597829825
6d1d793b68b24165be5755a54054c82a_r464,6d1d793b68b24165be5755a54054c82a,dropout_5pct,vehicle,annotation,True,True,4,,0.05,0.7956660756961546
6d1d793b68b24165be5755a54054c82a_r465,6d1d793b68b24165be5755a54054c82a,dropout_5pct,vehicle,annotation,True,True,3,,0.05,0.8006178982458642
6d1d793b68b24165be5755a54054c82a_r466,6d1d793b68b24165be5755a54054c82a,dropout_5pct,vehicle,annotation,True,True,6,,0.05,0.7827680667079004
6d1d793b68b24165be5755a54054c82a_r470,6d1d793b68b24165be5755a54054c82a,dropout_5pct,vehicle,annotation,True,True,4,,0.1,0.7346482455735948
6d1d793b68b24165be5755a54054c82a_r471,6d1d793b68b24165be5755a54054c82a,dropout_5pct,vehicle,annotation,True,True,5,,0.1,0.7495995174144482
6d1d793b68b24165be5755a54054c82a_r215,6d1d793b68b24165be5755a54054c82a,dropout_10pct,static_manmade,annotation,True,True,1,,0.1,0.5284828301956
6d1d793b68b24165be5755a54054c82a_r250,6d1d793b68b24165be5755a54054c82a,dropout_10pct,vehicle,annotation,True,True,8,,0.05,0.7786961712945539
6d1d793b68b24165be5755a54054c82a_r280,6d1d793b68b24165be5755a54054c82a,dropout_10pct,vehicle,annotation,True,True,18,,0.05,0.7873386021391763
6d1d793b68b24165be5755a54054c82a_r392,6d1d793b68b24165be5755a54054c82a,dropout_10pct,vehicle,annotation,True,True,1,,0.1,0.7145585899470386
6d1d793b68b24165be5755a54054c82a_r393,6d1d793b68b24165be5755a54054c82a,dropout_10pct,vehicle,annotation,True,True,3,,0.1,0.7144152707131195
6d1d793b68b24165be5755a54054c82a_r394,6d1d793b68b24165be5755a54054c82a,dropout_10pct,vehicle,annotation,True,True,3,,0.1,0.742658905889459
6d1d793b68b24165be5755a54054c82a_r395,6d1d793b68b24165be5755a54054c82a,dropout_10pct,vehicle,annotation,True,True,5,,0.05,0.7587369665639705
6d1d793b68b24165be5755a54054c82a_r396,6d1d793b68b24165be5755a54054c82a,dropout_10pct,vehicle,annotation,True,True,2,,0.05,0.750179837810788
6d1d793b68b24165be5755a54054c82a_r429,6d1d793b68b24165be5755a54054c82a,dropout_10pct,vehicle,annotation,True,True,1,,0.1,0.6819890268236628
6d1d793b68b24165be5755a54054c82a_r430,6d1d793b68b24165be5755a54054c82a,dropout_10pct,vehicle,annotation,True,True,1,,0.1,0.7489357463843516
6d1d793b68b24165be5755a54054c82a_r437,6d1d793b68b24165be5755a54054c82a,dropout_10pct,vehicle,annotation,True,True,40,,0.05,0.8114615206531846
6d1d793b68b24165be5755a54054c82a_r438,6d1d793b68b24165be5755a54054c82a,dropout_10pct,vehicle,annotation,True,True,76,,0.05,0.8148877374246438
6d1d793b68b24165be5755a54054c82a_r439,6d1d793b68b24165be5755a54054c82a,dropout_10pct,vehicle,annotation,True,True,27,,0.05,0.8263979807813799
6d1d793b68b24165be5755a54054c82a_r442,6d1d793b68b24165be5755a54054c82a,dropout_10pct,vehicle,annotation,True,True,4,,0.05,0.7958822913324967
6d1d793b68b24165be5755a54054c82a_r443,6d1d793b68b24165be5755a54054c82a,dropout_10pct,vehicle,annotation,True,True,32,,0.05,0.8509486030221813
6d1d793b68b24165be5755a54054c82a_r444,6d1d793b68b24165be5755a54054c82a,dropout_10pct,vehicle,annotation,True,True,16,,0.05,0.8473693498886106
6d1d793b68b24165be5755a54054c82a_r448,6d1d793b68b24165be5755a54054c82a,dropout_10pct,vehicle,annotation,True,True,4,,0.1,0.7333429283384274
6d1d793b68b24165be5755a54054c82a_r451,6d1d793b68b24165be5755a54054c82a,dropout_10pct,vehicle,annotation,True,True,2,,0.1,0.6924268803697567
6d1d793b68b24165be5755a54054c82a_r460,6d1d793b68b24165be5755a54054c82a,dropout_10pct,vehicle,annotation,True,True,3,,0.05,0.7955022921533539
6d1d793b68b24165be5755a54054c82a_r461,6d1d793b68b24165be5755a54054c82a,dropout_10pct,vehicle,annotation,True,True,3,,0.05,0.799518315830531
6d1d793b68b24165be5755a54054c82a_r462,6d1d793b68b24165be5755a54054c82a,dropout_10pct,vehicle,annotation,True,True,6,,0.05,0.7827576522483278
6d1d793b68b24165be5755a54054c82a_r466,6d1d793b68b24165be5755a54054c82a,dropout_10pct,vehicle,annotation,True,True,4,,0.1,0.734562237871063
6d1d793b68b24165be5755a54054c82a_r467,6d1d793b68b24165be5755a54054c82a,dropout_10pct,vehicle,annotation,True,True,5,,0.1,0.7487255116780048
6d1d793b68b24165be5755a54054c82a_r211,6d1d793b68b24165be5755a54054c82a,dropout_20pct,static_manmade,annotation,True,True,1,,0.1,0.5284828301956
6d1d793b68b24165be5755a54054c82a_r246,6d1d793b68b24165be5755a54054c82a,dropout_20pct,vehicle,annotation,True,True,7,,0.05,0.778716372686524
6d1d793b68b24165be5755a54054c82a_r274,6d1d793b68b24165be5755a54054c82a,dropout_20pct,vehicle,annotation,True,True,15,,0.05,0.7882518249446024
6d1d793b68b24165be5755a54054c82a_r386,6d1d793b68b24165be5755a54054c82a,dropout_20pct,vehicle,annotation,True,True,1,,0.1,0.7145585899470386
6d1d793b68b24165be5755a54054c82a_r387,6d1d793b68b24165be5755a54054c82a,dropout_20pct,vehicle,annotation,True,True,3,,0.1,0.7144152707131195
6d1d793b68b24165be5755a54054c82a_r388,6d1d793b68b24165be5755a54054c82a,dropout_20pct,vehicle,annotation,True,True,3,,0.1,0.742658905889459
6d1d793b68b24165be5755a54054c82a_r389,6d1d793b68b24165be5755a54054c82a,dropout_20pct,vehicle,annotation,True,True,4,,0.05,0.7592294252243295
6d1d793b68b24165be5755a54054c82a_r390,6d1d793b68b24165be5755a54054c82a,dropout_20pct,vehicle,annotation,True,True,2,,0.05,0.750179837810788
6d1d793b68b24165be5755a54054c82a_r423,6d1d793b68b24165be5755a54054c82a,dropout_20pct,vehicle,annotation,True,True,1,,0.1,0.6819890268236628
6d1d793b68b24165be5755a54054c82a_r424,6d1d793b68b24165be5755a54054c82a,dropout_20pct,vehicle,annotation,True,True,1,,0.1,0.7489357463843516
6d1d793b68b24165be5755a54054c82a_r429,6d1d793b68b24165be5755a54054c82a,dropout_20pct,vehicle,annotation,True,True,36,,0.05,0.8111570412536285
6d1d793b68b24165be5755a54054c82a_r430,6d1d793b68b24165be5755a54054c82a,dropout_20pct,vehicle,annotation,True,True,66,,0.05,0.8150404857703458
6d1d793b68b24165be5755a54054c82a_r431,6d1d793b68b24165be5755a54054c82a,dropout_20pct,vehicle,annotation,True,True,24,,0.05,0.8277169421078812
6d1d793b68b24165be5755a54054c82a_r434,6d1d793b68b24165be5755a54054c82a,dropout_20pct,vehicle,annotation,True,True,3,,0.05,0.7964596357698475
6d1d793b68b24165be5755a54054c82a_r435,6d1d793b68b24165be5755a54054c82a,dropout_20pct,vehicle,annotation,True,True,28,,0.05,0.8511720146076119
6d1d793b68b24165be5755a54054c82a_r436,6d1d793b68b24165be5755a54054c82a,dropout_20pct,vehicle,annotation,True,True,14,,0.05,0.8495988206427787
6d1d793b68b24165be5755a54054c82a_r440,6d1d793b68b24165be5755a54054c82a,dropout_20pct,vehicle,annotation,True,True,4,,0.1,0.7333429283384274
6d1d793b68b24165be5755a54054c82a_r443,6d1d793b68b24165be5755a54054c82a,dropout_20pct,vehicle,annotation,True,True,2,,0.1,0.6924268803697567
6d1d793b68b24165be5755a54054c82a_r451,6d1d793b68b24165be5755a54054c82a,dropout_20pct,vehicle,annotation,True,True,1,,0.05,0.7885429113814914
6d1d793b68b24165be5755a54054c82a_r452,6d1d793b68b24165be5755a54054c82a,dropout_20pct,vehicle,annotation,True,True,3,,0.05,0.799518315830531
6d1d793b68b24165be5755a54054c82a_r453,6d1d793b68b24165be5755a54054c82a,dropout_20pct,vehicle,annotation,True,True,6,,0.05,0.7827576522483278
6d1d793b68b24165be5755a54054c82a_r457,6d1d793b68b24165be5755a54054c82a,dropout_20pct,vehicle,annotation,True,True,4,,0.1,0.734562237871063
6d1d793b68b24165be5755a54054c82a_r458,6d1d793b68b24165be5755a54054c82a,dropout_20pct,vehicle,annotation,True,True,4,,0.1,0.7402872200998765
6d1d793b68b24165be5755a54054c82a_r203,6d1d793b68b24165be5755a54054c82a,dropout_30pct,static_manmade,annotation,True,True,1,,0.1,0.5284828301956
6d1d793b68b24165be5755a54054c82a_r237,6d1d793b68b24165be5755a54054c82a,dropout_30pct,vehicle,annotation,True,True,7,,0.05,0.778716372686524
6d1d793b68b24165be5755a54054c82a_r263,6d1d793b68b24165be5755a54054c82a,dropout_30pct,vehicle,annotation,True,True,13,,0.05,0.7888890362189597
6d1d793b68b24165be5755a54054c82a_r373,6d1d793b68b24165be5755a54054c82a,dropout_30pct,vehicle,annotation,True,True,1,,0.1,0.7145585899470386
6d1d793b68b24165be5755a54054c82a_r374,6d1d793b68b24165be5755a54054c82a,dropout_30pct,vehicle,annotation,True,True,3,,0.1,0.7144152707131195
6d1d793b68b24165be5755a54054c82a_r375,6d1d793b68b24165be5755a54054c82a,dropout_30pct,vehicle,annotation,True,True,3,,0.1,0.742658905889459
6d1d793b68b24165be5755a54054c82a_r376,6d1d793b68b24165be5755a54054c82a,dropout_30pct,vehicle,annotation,True,True,3,,0.05,0.7580466780057343
6d1d793b68b24165be5755a54054c82a_r377,6d1d793b68b24165be5755a54054c82a,dropout_30pct,vehicle,annotation,True,True,2,,0.05,0.750179837810788
6d1d793b68b24165be5755a54054c82a_r409,6d1d793b68b24165be5755a54054c82a,dropout_30pct,vehicle,annotation,True,True,1,,0.1,0.6819890268236628
6d1d793b68b24165be5755a54054c82a_r410,6d1d793b68b24165be5755a54054c82a,dropout_30pct,vehicle,annotation,True,True,1,,0.1,0.7489357463843516
6d1d793b68b24165be5755a54054c82a_r415,6d1d793b68b24165be5755a54054c82a,dropout_30pct,vehicle,annotation,True,True,33,,0.05,0.8112004777705365
6d1d793b68b24165be5755a54054c82a_r416,6d1d793b68b24165be5755a54054c82a,dropout_30pct,vehicle,annotation,True,True,57,,0.05,0.8146550678193532
6d1d793b68b24165be5755a54054c82a_r417,6d1d793b68b24165be5755a54054c82a,dropout_30pct,vehicle,annotation,True,True,20,,0.05,0.8290921119964866
6d1d793b68b24165be5755a54054c82a_r420,6d1d793b68b24165be5755a54054c82a,dropout_30pct,vehicle,annotation,True,True,3,,0.05,0.7964596357698475
6d1d793b68b24165be5755a54054c82a_r421,6d1d793b68b24165be5755a54054c82a,dropout_30pct,vehicle,annotation,True,True,21,,0.05,0.8502541797768631
6d1d793b68b24165be5755a54054c82a_r422,6d1d793b68b24165be5755a54054c82a,dropout_30pct,vehicle,annotation,True,True,13,,0.05,0.8501759391932903
6d1d793b68b24165be5755a54054c82a_r426,6d1d793b68b24165be5755a54054c82a,dropout_30pct,vehicle,annotation,True,True,4,,0.1,0.7333429283384274
6d1d793b68b24165be5755a54054c82a_r429,6d1d793b68b24165be5755a54054c82a,dropout_30pct,vehicle,annotation,True,True,2,,0.1,0.6924268803697567
6d1d793b68b24165be5755a54054c82a_r437,6d1d793b68b24165be5755a54054c82a,dropout_30pct,vehicle,annotation,True,True,3,,0.05,0.799518315830531
6d1d793b68b24165be5755a54054c82a_r438,6d1d793b68b24165be5755a54054c82a,dropout_30pct,vehicle,annotation,True,True,6,,0.05,0.7827576522483278
6d1d793b68b24165be5755a54054c82a_r442,6d1d793b68b24165be5755a54054c82a,dropout_30pct,vehicle,annotation,True,True,2,,0.1,0.7352641294781785
6d1d793b68b24165be5755a54054c82a_r443,6d1d793b68b24165be5755a54054c82a,dropout_30pct,vehicle,annotation,True,True,4,,0.1,0.7402872200998765
6d1d793b68b24165be5755a54054c82a_r206,6d1d793b68b24165be5755a54054c82a,sparse_75pct,static_manmade,annotation,True,True,4,,0.1,0.5310626432775154
6d1d793b68b24165be5755a54054c82a_r239,6d1d793b68b24165be5755a54054c82a,sparse_75pct,vehicle,annotation,True,True,7,,0.05,0.7847889264550006
6d1d793b68b24165be5755a54054c82a_r269,6d1d793b68b24165be5755a54054c82a,sparse_75pct,vehicle,annotation,True,True,16,,0.05,0.7876869640507812
6d1d793b68b24165be5755a54054c82a_r382,6d1d793b68b24165be5755a54054c82a,sparse_75pct,vehicle,annotation,True,True,2,,0.1,0.7145185062771513
6d1d793b68b24165be5755a54054c82a_r383,6d1d793b68b24165be5755a54054c82a,sparse_75pct,vehicle,annotation,True,True,2,,0.1,0.7430874897056042
6d1d793b68b24165be5755a54054c82a_r384,6d1d793b68b24165be5755a54054c82a,sparse_75pct,vehicle,annotation,True,True,3,,0.05,0.7582486595238751
6d1d793b68b24165be5755a54054c82a_r385,6d1d793b68b24165be5755a54054c82a,sparse_75pct,vehicle,annotation,True,True,2,,0.05,0.750049186882809
6d1d793b68b24165be5755a54054c82a_r419,6d1d793b68b24165be5755a54054c82a,sparse_75pct,vehicle,annotation,True,True,1,,0.1,0.6819890268236628
6d1d793b68b24165be5755a54054c82a_r420,6d1d793b68b24165be5755a54054c82a,sparse_75pct,vehicle,annotation,True,True,1,,0.1,0.7489357463843516
6d1d793b68b24165be5755a54054c82a_r427,6d1d793b68b24165be5755a54054c82a,sparse_75pct,vehicle,annotation,True,True,37,,0.05,0.8113235508448595
6d1d793b68b24165be5755a54054c82a_r428,6d1d793b68b24165be5755a54054c82a,sparse_75pct,vehicle,annotation,True,True,60,,0.05,0.8158361142322996
6d1d793b68b24165be5755a54054c82a_r429,6d1d793b68b24165be5755a54054c82a,sparse_75pct,vehicle,annotation,True,True,26,,0.05,0.8279194583755197
6d1d793b68b24165be5755a54054c82a_r432,6d1d793b68b24165be5755a54054c82a,sparse_75pct,vehicle,annotation,True,True,1,,0.05,0.7899931063714181
6d1d793b68b24165be5755a54054c82a_r433,6d1d793b68b24165be5755a54054c82a,sparse_75pct,vehicle,annotation,True,True,20,,0.05,0.8509587493031882
6d1d793b68b24165be5755a54054c82a_r434,6d1d793b68b24165be5755a54054c82a,sparse_75pct,vehicle,annotation,True,True,10,,0.05,0.8539373873544353
6d1d793b68b24165be5755a54054c82a_r438,6d1d793b68b24165be5755a54054c82a,sparse_75pct,vehicle,annotation,True,True,3,,0.1,0.7331562317115861
6d1d793b68b24165be5755a54054c82a_r441,6d1d793b68b24165be5755a54054c82a,sparse_75pct,vehicle,annotation,True,True,1,,0.1,0.6925280077140052
6d1d793b68b24165be5755a54054c82a_r449,6d1d793b68b24165be5755a54054c82a,sparse_75pct,vehicle,annotation,True,True,3,,0.05,0.7957387474160034
6d1d793b68b24165be5755a54054c82a_r450,6d1d793b68b24165be5755a54054c82a,sparse_75pct,vehicle,annotation,True,True,1,,0.05,0.7889089980941049
6d1d793b68b24165be5755a54054c82a_r451,6d1d793b68b24165be5755a54054c82a,sparse_75pct,vehicle,annotation,True,True,5,,0.05,0.782749878190385
6d1d793b68b24165be5755a54054c82a_r454,6d1d793b68b24165be5755a54054c82a,sparse_75pct,vehicle,annotation,True,True,3,,0.1,0.734955546762107
6d1d793b68b24165be5755a54054c82a_r455,6d1d793b68b24165be5755a54054c82a,sparse_75pct,vehicle,annotation,True,True,4,,0.05,0.7507545043538022
6d1d793b68b24165be5755a54054c82a_r186,6d1d793b68b24165be5755a54054c82a,sparse_50pct,static_manmade,annotation,True,True,3,,0.1,0.5319188290410989
6d1d793b68b24165be5755a54054c82a_r217,6d1d793b68b24165be5755a54054c82a,sparse_50pct,vehicle,annotation,True,True,5,,0.05,0.7853767008722948
6d1d793b68b24165be5755a54054c82a_r246,6d1d793b68b24165be5755a54054c82a,sparse_50pct,vehicle,annotation,True,True,12,,0.05,0.7864650787569201
6d1d793b68b24165be5755a54054c82a_r354,6d1d793b68b24165be5755a54054c82a,sparse_50pct,vehicle,annotation,True,True,2,,0.1,0.7145185062771513
6d1d793b68b24165be5755a54054c82a_r355,6d1d793b68b24165be5755a54054c82a,sparse_50pct,vehicle,annotation,True,True,2,,0.1,0.7430874897056042
6d1d793b68b24165be5755a54054c82a_r356,6d1d793b68b24165be5755a54054c82a,sparse_50pct,vehicle,annotation,True,True,2,,0.1,0.7460896026738532
6d1d793b68b24165be5755a54054c82a_r357,6d1d793b68b24165be5755a54054c82a,sparse_50pct,vehicle,annotation,True,True,1,,0.05,0.7501782349695055
6d1d793b68b24165be5755a54054c82a_r389,6d1d793b68b24165be5755a54054c82a,sparse_50pct,vehicle,annotation,True,True,1,,0.1,0.6819890268236628
6d1d793b68b24165be5755a54054c82a_r395,6d1d793b68b24165be5755a54054c82a,sparse_50pct,vehicle,annotation,True,True,26,,0.05,0.8117080436036909
6d1d793b68b24165be5755a54054c82a_r396,6d1d793b68b24165be5755a54054c82a,sparse_50pct,vehicle,annotation,True,True,46,,0.05,0.8149923754374153
6d1d793b68b24165be5755a54054c82a_r397,6d1d793b68b24165be5755a54054c82a,sparse_50pct,vehicle,annotation,True,True,21,,0.05,0.8297363152771166
6d1d793b68b24165be5755a54054c82a_r400,6d1d793b68b24165be5755a54054c82a,sparse_50pct,vehicle,annotation,True,True,1,,0.05,0.7899931063714181
6d1d793b68b24165be5755a54054c82a_r401,6d1d793b68b24165be5755a54054c82a,sparse_50pct,vehicle,annotation,True,True,13,,0.05,0.8287515341357701
6d1d793b68b24165be5755a54054c82a_r402,6d1d793b68b24165be5755a54054c82a,sparse_50pct,vehicle,annotation,True,True,7,,0.05,0.8491864560337141
6d1d793b68b24165be5755a54054c82a_r406,6d1d793b68b24165be5755a54054c82a,sparse_50pct,vehicle,annotation,True,True,3,,0.1,0.7331562317115861
6d1d793b68b24165be5755a54054c82a_r416,6d1d793b68b24165be5755a54054c82a,sparse_50pct,vehicle,annotation,True,True,3,,0.05,0.7957387474160034
6d1d793b68b24165be5755a54054c82a_r417,6d1d793b68b24165be5755a54054c82a,sparse_50pct,vehicle,annotation,True,True,1,,0.05,0.7889089980941049
6d1d793b68b24165be5755a54054c82a_r418,6d1d793b68b24165be5755a54054c82a,sparse_50pct,vehicle,annotation,True,True,3,,0.05,0.7827424161938378
6d1d793b68b24165be5755a54054c82a_r421,6d1d793b68b24165be5755a54054c82a,sparse_50pct,vehicle,annotation,True,True,1,,0.1,0.7354411563630847
6d1d793b68b24165be5755a54054c82a_r422,6d1d793b68b24165be5755a54054c82a,sparse_50pct,vehicle,annotation,True,True,3,,0.05,0.751578704459539
6d1d793b68b24165be5755a54054c82a_r157,6d1d793b68b24165be5755a54054c82a,sparse_25pct,static_manmade,annotation,True,True,1,,0.1,0.5336389427134687
6d1d793b68b24165be5755a54054c82a_r186,6d1d793b68b24165be5755a54054c82a,sparse_25pct,vehicle,annotation,True,True,2,,0.05,0.7872656042769532
6d1d793b68b24165be5755a54054c82a_r211,6d1d793b68b24165be5755a54054c82a,sparse_25pct,vehicle,annotation,True,True,5,,0.05,0.7735598238916114
6d1d793b68b24165be5755a54054c82a_r312,6d1d793b68b24165be5755a54054c82a,sparse_25pct,vehicle,annotation,True,True,1,,0.1,0.7146236816964734
6d1d793b68b24165be5755a54054c82a_r313,6d1d793b68b24165be5755a54054c82a,sparse_25pct,vehicle,annotation,True,True,2,,0.1,0.7461615969980706
6d1d793b68b24165be5755a54054c82a_r347,6d1d793b68b24165be5755a54054c82a,sparse_25pct,vehicle,annotation,True,True,12,,0.05,0.8121310905209614
6d1d793b68b24165be5755a54054c82a_r348,6d1d793b68b24165be5755a54054c82a,sparse_25pct,vehicle,annotation,True,True,27,,0.05,0.8160607018029592
6d1d793b68b24165be5755a54054c82a_r349,6d1d793b68b24165be5755a54054c82a,sparse_25pct,vehicle,annotation,True,True,9,,0.05,0.810181780050264
6d1d793b68b24165be5755a54054c82a_r357,6d1d793b68b24165be5755a54054c82a,sparse_25pct,vehicle,annotation,True,True,2,,0.1,0.7336697557147546
6d1d793b68b24165be5755a54054c82a_r365,6d1d793b68b24165be5755a54054c82a,sparse_25pct,vehicle,annotation,True,True,2,,0.05,0.7892014538049497
6d1d793b68b24165be5755a54054c82a_r366,6d1d793b68b24165be5755a54054c82a,sparse_25pct,vehicle,annotation,True,True,3,,0.05,0.7827587185481331
6d1d793b68b24165be5755a54054c82a_r369,6d1d793b68b24165be5755a54054c82a,sparse_25pct,vehicle,annotation,True,True,1,,0.1,0.7397214657602136
6d1d793b68b24165be5755a54054c82a_r219,6d1d793b68b24165be5755a54054c82a,noise_low,static_manmade,annotation,True,True,4,,0.1,0.5312130754424382
6d1d793b68b24165be5755a54054c82a_r255,6d1d793b68b24165be5755a54054c82a,noise_low,vehicle,annotation,True,True,8,,0.05,0.7846712464014924
6d1d793b68b24165be5755a54054c82a_r285,6d1d793b68b24165be5755a54054c82a,noise_low,vehicle,annotation,True,True,21,,0.05,0.7883252102186941
6d1d793b68b24165be5755a54054c82a_r398,6d1d793b68b24165be5755a54054c82a,noise_low,vehicle,annotation,True,True,4,,0.1,0.7144611181832561
6d1d793b68b24165be5755a54054c82a_r399,6d1d793b68b24165be5755a54054c82a,noise_low,vehicle,annotation,True,True,3,,0.1,0.7428354937632825
6d1d793b68b24165be5755a54054c82a_r400,6d1d793b68b24165be5755a54054c82a,noise_low,vehicle,annotation,True,True,5,,0.05,0.7599215225619476
6d1d793b68b24165be5755a54054c82a_r401,6d1d793b68b24165be5755a54054c82a,noise_low,vehicle,annotation,True,True,3,,0.05,0.7505347819956384
6d1d793b68b24165be5755a54054c82a_r435,6d1d793b68b24165be5755a54054c82a,noise_low,vehicle,annotation,True,True,1,,0.1,0.6819702562686961
6d1d793b68b24165be5755a54054c82a_r436,6d1d793b68b24165be5755a54054c82a,noise_low,vehicle,annotation,True,True,2,,0.1,0.7488661134016149
6d1d793b68b24165be5755a54054c82a_r443,6d1d793b68b24165be5755a54054c82a,noise_low,vehicle,annotation,True,True,47,,0.05,0.8117591573608222
6d1d793b68b24165be5755a54054c82a_r444,6d1d793b68b24165be5755a54054c82a,noise_low,vehicle,annotation,True,True,86,,0.05,0.8158968913148361
6d1d793b68b24165be5755a54054c82a_r445,6d1d793b68b24165be5755a54054c82a,noise_low,vehicle,annotation,True,True,31,,0.05,0.8271044801320736
6d1d793b68b24165be5755a54054c82a_r448,6d1d793b68b24165be5755a54054c82a,noise_low,vehicle,annotation,True,True,4,,0.05,0.7965713562655861
6d1d793b68b24165be5755a54054c82a_r449,6d1d793b68b24165be5755a54054c82a,noise_low,vehicle,annotation,True,True,32,,0.05,0.8565182624051758
6d1d793b68b24165be5755a54054c82a_r450,6d1d793b68b24165be5755a54054c82a,noise_low,vehicle,annotation,True,True,18,,0.05,0.8546596666424252
6d1d793b68b24165be5755a54054c82a_r454,6d1d793b68b24165be5755a54054c82a,noise_low,vehicle,annotation,True,True,4,,0.1,0.73363740041736
6d1d793b68b24165be5755a54054c82a_r457,6d1d793b68b24165be5755a54054c82a,noise_low,vehicle,annotation,True,True,2,,0.1,0.6924607192564411
6d1d793b68b24165be5755a54054c82a_r466,6d1d793b68b24165be5755a54054c82a,noise_low,vehicle,annotation,True,True,4,,0.05,0.7958266117869222
6d1d793b68b24165be5755a54054c82a_r467,6d1d793b68b24165be5755a54054c82a,noise_low,vehicle,annotation,True,True,3,,0.05,0.8006975234776061
6d1d793b68b24165be5755a54054c82a_r468,6d1d793b68b24165be5755a54054c82a,noise_low,vehicle,annotation,True,True,6,,0.05,0.783031077353539
6d1d793b68b24165be5755a54054c82a_r472,6d1d793b68b24165be5755a54054c82a,noise_low,vehicle,annotation,True,True,4,,0.1,0.7348705421407946
6d1d793b68b24165be5755a54054c82a_r473,6d1d793b68b24165be5755a54054c82a,noise_low,vehicle,annotation,True,True,6,,0.05,0.751411249132752
6d1d793b68b24165be5755a54054c82a_r219,6d1d793b68b24165be5755a54054c82a,noise_medium,static_manmade,annotation,True,True,4,,0.1,0.531521070521619
6d1d793b68b24165be5755a54054c82a_r256,6d1d793b68b24165be5755a54054c82a,noise_medium,vehicle,annotation,True,True,8,,0.05,0.7846071761777498
6d1d793b68b24165be5755a54054c82a_r286,6d1d793b68b24165be5755a54054c82a,noise_medium,vehicle,annotation,True,True,21,,0.05,0.7884321778015231
6d1d793b68b24165be5755a54054c82a_r399,6d1d793b68b24165be5755a54054c82a,noise_medium,vehicle,annotation,True,True,1,,0.1,0.7139453032928383
6d1d793b68b24165be5755a54054c82a_r400,6d1d793b68b24165be5755a54054c82a,noise_medium,vehicle,annotation,True,True,3,,0.1,0.7146802637425507
6d1d793b68b24165be5755a54054c82a_r401,6d1d793b68b24165be5755a54054c82a,noise_medium,vehicle,annotation,True,True,3,,0.1,0.7431078398584552
6d1d793b68b24165be5755a54054c82a_r402,6d1d793b68b24165be5755a54054c82a,noise_medium,vehicle,annotation,True,True,5,,0.05,0.7601768384756346
6d1d793b68b24165be5755a54054c82a_r403,6d1d793b68b24165be5755a54054c82a,noise_medium,vehicle,annotation,True,True,3,,0.05,0.7515101543028617
6d1d793b68b24165be5755a54054c82a_r437,6d1d793b68b24165be5755a54054c82a,noise_medium,vehicle,annotation,True,True,1,,0.1,0.6819326738584875
6d1d793b68b24165be5755a54054c82a_r438,6d1d793b68b24165be5755a54054c82a,noise_medium,vehicle,annotation,True,True,2,,0.1,0.7489681893772527
6d1d793b68b24165be5755a54054c82a_r445,6d1d793b68b24165be5755a54054c82a,noise_medium,vehicle,annotation,True,True,48,,0.05,0.8127210975791186
6d1d793b68b24165be5755a54054c82a_r446,6d1d793b68b24165be5755a54054c82a,noise_medium,vehicle,annotation,True,True,85,,0.05,0.8155957539554788
6d1d793b68b24165be5755a54054c82a_r447,6d1d793b68b24165be5755a54054c82a,noise_medium,vehicle,annotation,True,True,31,,0.05,0.8272525692315233
6d1d793b68b24165be5755a54054c82a_r450,6d1d793b68b24165be5755a54054c82a,noise_medium,vehicle,annotation,True,True,3,,0.05,0.7975346440661956
6d1d793b68b24165be5755a54054c82a_r451,6d1d793b68b24165be5755a54054c82a,noise_medium,vehicle,annotation,True,True,32,,0.05,0.8547280807694121
6d1d793b68b24165be5755a54054c82a_r452,6d1d793b68b24165be5755a54054c82a,noise_medium,vehicle,annotation,True,True,19,,0.05,0.8532098107970544
6d1d793b68b24165be5755a54054c82a_r456,6d1d793b68b24165be5755a54054c82a,noise_medium,vehicle,annotation,True,True,4,,0.1,0.7342300701391201
6d1d793b68b24165be5755a54054c82a_r459,6d1d793b68b24165be5755a54054c82a,noise_medium,vehicle,annotation,True,True,2,,0.1,0.6925283774971037
6d1d793b68b24165be5755a54054c82a_r468,6d1d793b68b24165be5755a54054c82a,noise_medium,vehicle,annotation,True,True,6,,0.05,0.7970381790734163
6d1d793b68b24165be5755a54054c82a_r469,6d1d793b68b24165be5755a54054c82a,noise_medium,vehicle,annotation,True,True,1,,0.05,0.7841197733655482
6d1d793b68b24165be5755a54054c82a_r470,6d1d793b68b24165be5755a54054c82a,noise_medium,vehicle,annotation,True,True,6,,0.05,0.7838732262115836
6d1d793b68b24165be5755a54054c82a_r474,6d1d793b68b24165be5755a54054c82a,noise_medium,vehicle,annotation,True,True,4,,0.1,0.7354165830116182
6d1d793b68b24165be5755a54054c82a_r475,6d1d793b68b24165be5755a54054c82a,noise_medium,vehicle,annotation,True,True,6,,0.05,0.7512145009179566
6d1d793b68b24165be5755a54054c82a_r216,6d1d793b68b24165be5755a54054c82a,noise_high,static_manmade,annotation,True,True,4,,0.1,0.5318312920326059
6d1d793b68b24165be5755a54054c82a_r253,6d1d793b68b24165be5755a54054c82a,noise_high,vehicle,annotation,True,True,8,,0.05,0.7845891669708608
6d1d793b68b24165be5755a54054c82a_r283,6d1d793b68b24165be5755a54054c82a,noise_high,vehicle,annotation,True,True,21,,0.05,0.7885703604057566
6d1d793b68b24165be5755a54054c82a_r396,6d1d793b68b24165be5755a54054c82a,noise_high,vehicle,annotation,True,True,3,,0.1,0.7148069450487972
6d1d793b68b24165be5755a54054c82a_r397,6d1d793b68b24165be5755a54054c82a,noise_high,vehicle,annotation,True,True,3,,0.1,0.7434421300200452
6d1d793b68b24165be5755a54054c82a_r398,6d1d793b68b24165be5755a54054c82a,noise_high,vehicle,annotation,True,True,5,,0.05,0.7604362218707185
6d1d793b68b24165be5755a54054c82a_r399,6d1d793b68b24165be5755a54054c82a,noise_high,vehicle,annotation,True,True,3,,0.05,0.7525000966537049
6d1d793b68b24165be5755a54054c82a_r433,6d1d793b68b24165be5755a54054c82a,noise_high,vehicle,annotation,True,True,1,,0.1,0.6818950364129721
6d1d793b68b24165be5755a54054c82a_r434,6d1d793b68b24165be5755a54054c82a,noise_high,vehicle,annotation,True,True,1,,0.1,0.7138497239774847
6d1d793b68b24165be5755a54054c82a_r435,6d1d793b68b24165be5755a54054c82a,noise_high,vehicle,annotation,True,True,2,,0.1,0.7490709054498673
6d1d793b68b24165be5755a54054c82a_r442,6d1d793b68b24165be5755a54054c82a,noise_high,vehicle,annotation,True,True,49,,0.05,0.8130392659515971
6d1d793b68b24165be5755a54054c82a_r443,6d1d793b68b24165be5755a54054c82a,noise_high,vehicle,annotation,True,True,85,,0.05,0.8157682745342603
6d1d793b68b24165be5755a54054c82a_r444,6d1d793b68b24165be5755a54054c82a,noise_high,vehicle,annotation,True,True,31,,0.05,0.8270958461869434
6d1d793b68b24165be5755a54054c82a_r447,6d1d793b68b24165be5755a54054c82a,noise_high,vehicle,annotation,True,True,3,,0.05,0.7979993705098588
6d1d793b68b24165be5755a54054c82a_r448,6d1d793b68b24165be5755a54054c82a,noise_high,vehicle,annotation,True,True,32,,0.05,0.8549417034567218
6d1d793b68b24165be5755a54054c82a_r449,6d1d793b68b24165be5755a54054c82a,noise_high,vehicle,annotation,True,True,20,,0.05,0.8551624011842155
6d1d793b68b24165be5755a54054c82a_r453,6d1d793b68b24165be5755a54054c82a,noise_high,vehicle,annotation,True,True,4,,0.1,0.7348270215041488
6d1d793b68b24165be5755a54054c82a_r456,6d1d793b68b24165be5755a54054c82a,noise_high,vehicle,annotation,True,True,2,,0.1,0.6925964915718226
6d1d793b68b24165be5755a54054c82a_r465,6d1d793b68b24165be5755a54054c82a,noise_high,vehicle,annotation,True,True,6,,0.05,0.7974387348580384
6d1d793b68b24165be5755a54054c82a_r466,6d1d793b68b24165be5755a54054c82a,noise_high,vehicle,annotation,True,True,1,,0.05,0.7841635461903981
6d1d793b68b24165be5755a54054c82a_r467,6d1d793b68b24165be5755a54054c82a,noise_high,vehicle,annotation,True,True,6,,0.05,0.7847314461604146
6d1d793b68b24165be5755a54054c82a_r471,6d1d793b68b24165be5755a54054c82a,noise_high,vehicle,annotation,True,True,4,,0.1,0.73602388177887
6d1d793b68b24165be5755a54054c82a_r472,6d1d793b68b24165be5755a54054c82a,noise_high,vehicle,annotation,True,True,6,,0.05,0.7510578941577446
b26e791522294bec90f86fd72226e35c_r9,b26e791522294bec90f86fd72226e35c,original,pedestrian_vru,annotation,True,True,1,,0.1,0.6918397190600727
b26e791522294bec90f86fd72226e35c_r12,b26e791522294bec90f86fd72226e35c,original,pedestrian_vru,annotation,True,True,2,,0.1,0.6925270695298756
b26e791522294bec90f86fd72226e35c_r35,b26e791522294bec90f86fd72226e35c,original,pedestrian_vru,annotation,True,True,3,,0.05,0.7566725436457106
b26e791522294bec90f86fd72226e35c_r92,b26e791522294bec90f86fd72226e35c,original,vehicle,annotation,True,True,3,,0.1,0.7298435695570957
b26e791522294bec90f86fd72226e35c_r113,b26e791522294bec90f86fd72226e35c,original,static_manmade,annotation,True,True,1,,0.1,0.5104850625911564
b26e791522294bec90f86fd72226e35c_r114,b26e791522294bec90f86fd72226e35c,original,vehicle,annotation,True,True,8,,0.1,0.7443766419996398
b26e791522294bec90f86fd72226e35c_r115,b26e791522294bec90f86fd72226e35c,original,vehicle,annotation,True,True,2,,0.1,0.7236727136246313
b26e791522294bec90f86fd72226e35c_r129,b26e791522294bec90f86fd72226e35c,original,vehicle,annotation,True,True,3,,0.1,0.7463159939749797
b26e791522294bec90f86fd72226e35c_r144,b26e791522294bec90f86fd72226e35c,original,static_manmade,annotation,True,True,1,,0.2,0.491600835138795
b26e791522294bec90f86fd72226e35c_r160,b26e791522294bec90f86fd72226e35c,original,static_manmade,annotation,True,True,1,,0.2,0.4983054762042923
b26e791522294bec90f86fd72226e35c_r163,b26e791522294bec90f86fd72226e35c,original,static_manmade,annotation,True,True,3,,0.2,0.49706416941599235
b26e791522294bec90f86fd72226e35c_r164,b26e791522294bec90f86fd72226e35c,original,static_manmade,annotation,True,True,1,,0.1,0.5006790473795718
b26e791522294bec90f86fd72226e35c_r184,b26e791522294bec90f86fd72226e35c,original,static_manmade,annotation,True,True,3,,0.1,0.5048274430023288
b26e791522294bec90f86fd72226e35c_r185,b26e791522294bec90f86fd72226e35c,original,static_manmade,annotation,True,True,1,,0.1,0.5077778489812986
b26e791522294bec90f86fd72226e35c_r211,b26e791522294bec90f86fd72226e35c,original,static_manmade,annotation,True,True,4,,0.1,0.5124011184981401
b26e791522294bec90f86fd72226e35c_r212,b26e791522294bec90f86fd72226e35c,original,static_manmade,annotation,True,True,1,,0.1,0.5155356038225731
b26e791522294bec90f86fd72226e35c_r240,b26e791522294bec90f86fd72226e35c,original,static_manmade,annotation,True,True,7,,0.1,0.5284466707389448
b26e791522294bec90f86fd72226e35c_r264,b26e791522294bec90f86fd72226e35c,original,static_manmade,annotation,True,True,2,,0.1,0.5596112105789007
b26e791522294bec90f86fd72226e35c_r274,b26e791522294bec90f86fd72226e35c,original,static_manmade,annotation,True,True,2,,0.1,0.5316238710889056
b26e791522294bec90f86fd72226e35c_r303,b26e791522294bec90f86fd72226e35c,original,static_manmade,annotation,True,True,5,,0.1,0.5357451424378386
b26e791522294bec90f86fd72226e35c_r304,b26e791522294bec90f86fd72226e35c,original,static_manmade,annotation,True,True,2,,0.1,0.5389767207157377
b26e791522294bec90f86fd72226e35c_r319,b26e791522294bec90f86fd72226e35c,original,pedestrian_vru,annotation,True,True,14,,0.05,0.8510215387228467
b26e791522294bec90f86fd72226e35c_r330,b26e791522294bec90f86fd72226e35c,original,static_manmade,annotation,True,True,6,,0.1,0.5431362484358407
b26e791522294bec90f86fd72226e35c_r331,b26e791522294bec90f86fd72226e35c,original,static_manmade,annotation,True,True,2,,0.1,0.5461030076742912
b26e791522294bec90f86fd72226e35c_r365,b26e791522294bec90f86fd72226e35c,original,static_manmade,annotation,True,True,1,,0.1,0.5448973048561756
b26e791522294bec90f86fd72226e35c_r366,b26e791522294bec90f86fd72226e35c,original,static_manmade,annotation,True,True,6,,0.1,0.5486959331952836
b26e791522294bec90f86fd72226e35c_r384,b26e791522294bec90f86fd72226e35c,original,vehicle,annotation,True,True,49,,0.05,0.8296596430183725
b26e791522294bec90f86fd72226e35c_r385,b26e791522294bec90f86fd72226e35c,original,vehicle,annotation,True,True,4,,0.05,0.8192177208761244
b26e791522294bec90f86fd72226e35c_r388,b26e791522294bec90f86fd72226e35c,original,vehicle,annotation,True,True,3,,0.05,0.7647632735949458
b26e791522294bec90f86fd72226e35c_r389,b26e791522294bec90f86fd72226e35c,original,vehicle,annotation,True,True,8,,0.05,0.7698270898788764
b26e791522294bec90f86fd72226e35c_r398,b26e791522294bec90f86fd72226e35c,original,pedestrian_vru,annotation,True,True,1,,0.1,0.7082713373187355
b26e791522294bec90f86fd72226e35c_r402,b26e791522294bec90f86fd72226e35c,original,static_manmade,annotation,True,True,2,,0.1,0.5506765009191276
b26e791522294bec90f86fd72226e35c_r419,b26e791522294bec90f86fd72226e35c,original,vehicle,annotation,True,True,106,,0.05,0.8242694418420341
b26e791522294bec90f86fd72226e35c_r425,b26e791522294bec90f86fd72226e35c,original,vehicle,annotation,True,True,39,,0.05,0.8023866689996301
b26e791522294bec90f86fd72226e35c_r458,b26e791522294bec90f86fd72226e35c,original,static_manmade,annotation,True,True,69,,0.1,0.617386371843245
b26e791522294bec90f86fd72226e35c_r463,b26e791522294bec90f86fd72226e35c,original,vehicle,annotation,True,True,40,,0.05,0.7835776248073871
b26e791522294bec90f86fd72226e35c_r480,b26e791522294bec90f86fd72226e35c,original,static_manmade,annotation,True,True,5,,0.1,0.5716166203739863
b26e791522294bec90f86fd72226e35c_r481,b26e791522294bec90f86fd72226e35c,original,static_manmade,annotation,True,True,16,,0.1,0.5741489835015775
b26e791522294bec90f86fd72226e35c_r495,b26e791522294bec90f86fd72226e35c,original,static_manmade,annotation,True,True,157,,0.1,0.6236164711996429
b26e791522294bec90f86fd72226e35c_r496,b26e791522294bec90f86fd72226e35c,original,static_manmade,annotation,True,True,64,,0.1,0.619288272160355
b26e791522294bec90f86fd72226e35c_r497,b26e791522294bec90f86fd72226e35c,original,vehicle,annotation,True,True,1,,0.05,0.7682751086755035
b26e791522294bec90f86fd72226e35c_r513,b26e791522294bec90f86fd72226e35c,original,static_manmade,annotation,True,True,10,,0.1,0.576463465918195
b26e791522294bec90f86fd72226e35c_r528,b26e791522294bec90f86fd72226e35c,original,static_manmade,annotation,True,True,293,,0.1,0.6283980507924285
b26e791522294bec90f86fd72226e35c_r529,b26e791522294bec90f86fd72226e35c,original,vehicle,annotation,True,True,314,,0.05,0.8388709502373547
b26e791522294bec90f86fd72226e35c_r530,b26e791522294bec90f86fd72226e35c,original,vehicle,annotation,True,True,13,,0.05,0.8225148627778572
b26e791522294bec90f86fd72226e35c_r531,b26e791522294bec90f86fd72226e35c,original,vehicle,annotation,True,True,10,,0.05,0.7903968383651915
b26e791522294bec90f86fd72226e35c_r532,b26e791522294bec90f86fd72226e35c,original,vehicle,annotation,True,True,13,,0.05,0.793305991539687
b26e791522294bec90f86fd72226e35c_r533,b26e791522294bec90f86fd72226e35c,original,vehicle,annotation,True,True,18,,0.05,0.788731858088463
b26e791522294bec90f86fd72226e35c_r534,b26e791522294bec90f86fd72226e35c,original,vehicle,annotation,True,True,52,,0.05,0.790848352442987
b26e791522294bec90f86fd72226e35c_r535,b26e791522294bec90f86fd72226e35c,original,vehicle,annotation,True,True,2,,0.05,0.7663605702036586
b26e791522294bec90f86fd72226e35c_r555,b26e791522294bec90f86fd72226e35c,original,static_manmade,annotation,True,True,5,,0.1,0.5747063737376802
b26e791522294bec90f86fd72226e35c_r557,b26e791522294bec90f86fd72226e35c,original,static_manmade,annotation,True,True,13,,0.1,0.5878323341101995
b26e791522294bec90f86fd72226e35c_r568,b26e791522294bec90f86fd72226e35c,original,static_manmade,annotation,True,True,323,,0.1,0.6293827390469486
b26e791522294bec90f86fd72226e35c_r569,b26e791522294bec90f86fd72226e35c,original,static_manmade,annotation,True,True,132,,0.1,0.6271900300224525
b26e791522294bec90f86fd72226e35c_r570,b26e791522294bec90f86fd72226e35c,original,vehicle,annotation,True,True,53,,0.05,0.8305887836595431
b26e791522294bec90f86fd72226e35c_r571,b26e791522294bec90f86fd72226e35c,original,vehicle,annotation,True,True,3,,0.05,0.79232707437335
b26e791522294bec90f86fd72226e35c_r573,b26e791522294bec90f86fd72226e35c,original,vehicle,annotation,True,True,42,,0.05,0.7908107190791386
b26e791522294bec90f86fd72226e35c_r587,b26e791522294bec90f86fd72226e35c,original,static_manmade,annotation,True,True,24,,0.1,0.5894445673118854
b26e791522294bec90f86fd72226e35c_r588,b26e791522294bec90f86fd72226e35c,original,static_manmade,annotation,True,True,29,,0.1,0.5945597199794707
b26e791522294bec90f86fd72226e35c_r598,b26e791522294bec90f86fd72226e35c,original,static_manmade,annotation,True,True,186,,0.1,0.6292633603138913
b26e791522294bec90f86fd72226e35c_r602,b26e791522294bec90f86fd72226e35c,original,pedestrian_vru,annotation,True,True,9,,0.05,0.8307496882922815
b26e791522294bec90f86fd72226e35c_r613,b26e791522294bec90f86fd72226e35c,original,static_manmade,annotation,True,True,11,,0.1,0.5915185594387948
b26e791522294bec90f86fd72226e35c_r624,b26e791522294bec90f86fd72226e35c,original,pedestrian_vru,annotation,True,True,20,,0.05,0.843365008340307
b26e791522294bec90f86fd72226e35c_r628,b26e791522294bec90f86fd72226e35c,original,static_manmade,annotation,True,True,9,,0.1,0.601227472915952
b26e791522294bec90f86fd72226e35c_r649,b26e791522294bec90f86fd72226e35c,original,pedestrian_vru,annotation,True,True,44,,0.05,0.850587959457563
b26e791522294bec90f86fd72226e35c_r652,b26e791522294bec90f86fd72226e35c,original,static_manmade,annotation,True,True,2,,0.1,0.6026044889090698
b26e791522294bec90f86fd72226e35c_r653,b26e791522294bec90f86fd72226e35c,original,static_manmade,annotation,True,True,3,,0.1,0.5993580660454578
b26e791522294bec90f86fd72226e35c_r654,b26e791522294bec90f86fd72226e35c,original,static_manmade,annotation,True,True,48,,0.1,0.6088584658709651
b26e791522294bec90f86fd72226e35c_r655,b26e791522294bec90f86fd72226e35c,original,vehicle,annotation,True,True,20,,0.05,0.8017292122702826
b26e791522294bec90f86fd72226e35c_r656,b26e791522294bec90f86fd72226e35c,original,vehicle,annotation,True,True,1,,0.05,0.7903658096470279
b26e791522294bec90f86fd72226e35c_r657,b26e791522294bec90f86fd72226e35c,original,vehicle,annotation,True,True,5,,0.05,0.7942443367752889
b26e791522294bec90f86fd72226e35c_r666,b26e791522294bec90f86fd72226e35c,original,pedestrian_vru,annotation,True,True,1,,0.05,0.766533978421353
b26e791522294bec90f86fd72226e35c_r679,b26e791522294bec90f86fd72226e35c,original,static_manmade,annotation,True,True,3,,0.1,0.607468618581557
b26e791522294bec90f86fd72226e35c_r680,b26e791522294bec90f86fd72226e35c,original,static_manmade,annotation,True,True,2,,0.1,0.5996037386692019
b26e791522294bec90f86fd72226e35c_r681,b26e791522294bec90f86fd72226e35c,original,static_manmade,annotation,True,True,5,,0.1,0.5984306071997362
b26e791522294bec90f86fd72226e35c_r682,b26e791522294bec90f86fd72226e35c,original,vehicle,annotation,True,True,14,,0.05,0.8042333415656415
b26e791522294bec90f86fd72226e35c_r683,b26e791522294bec90f86fd72226e35c,original,vehicle,annotation,True,True,12,,0.05,0.7907854601672273
b26e791522294bec90f86fd72226e35c_r696,b26e791522294bec90f86fd72226e35c,original,pedestrian_vru,annotation,True,True,1,,0.05,0.7659218448858202
b26e791522294bec90f86fd72226e35c_r703,b26e791522294bec90f86fd72226e35c,original,pedestrian_vru,annotation,True,True,23,,0.05,0.8382452277434103
b26e791522294bec90f86fd72226e35c_r704,b26e791522294bec90f86fd72226e35c,original,vehicle,annotation,True,True,1,,0.05,0.7905664954610993
b26e791522294bec90f86fd72226e35c_r732,b26e791522294bec90f86fd72226e35c,original,pedestrian_vru,annotation,True,True,9,,0.05,0.8206640214194809
b26e791522294bec90f86fd72226e35c_r733,b26e791522294bec90f86fd72226e35c,original,pedestrian_vru,annotation,True,True,5,,0.05,0.8168124239953226
b26e791522294bec90f86fd72226e35c_r755,b26e791522294bec90f86fd72226e35c,original,pedestrian_vru,annotation,True,True,3,,0.05,0.7952391736103043
b26e791522294bec90f86fd72226e35c_r757,b26e791522294bec90f86fd72226e35c,original,pedestrian_vru,annotation,True,True,5,,0.05,0.81698165190751
b26e791522294bec90f86fd72226e35c_r781,b26e791522294bec90f86fd72226e35c,original,pedestrian_vru,annotation,True,True,4,,0.05,0.7865313377532103
b26e791522294bec90f86fd72226e35c_r782,b26e791522294bec90f86fd72226e35c,original,pedestrian_vru,annotation,True,True,1,,0.05,0.7776781665160164
b26e791522294bec90f86fd72226e35c_r783,b26e791522294bec90f86fd72226e35c,original,pedestrian_vru,annotation,True,True,4,,0.05,0.7914484076056185
b26e791522294bec90f86fd72226e35c_r843,b26e791522294bec90f86fd72226e35c,original,vehicle,annotation,True,True,6,,0.1,0.7370168224293612
b26e791522294bec90f86fd72226e35c_r851,b26e791522294bec90f86fd72226e35c,original,vehicle,annotation,True,True,1,,0.1,0.7361856870413289
b26e791522294bec90f86fd72226e35c_r859,b26e791522294bec90f86fd72226e35c,original,static_manmade,annotation,True,True,1,,0.1,0.5220103593090595
b26e791522294bec90f86fd72226e35c_r861,b26e791522294bec90f86fd72226e35c,original,vehicle,annotation,True,True,2,,0.1,0.735447046622359
b26e791522294bec90f86fd72226e35c_r864,b26e791522294bec90f86fd72226e35c,original,vehicle,annotation,True,True,1,,0.1,0.7398875161273667
b26e791522294bec90f86fd72226e35c_r872,b26e791522294bec90f86fd72226e35c,original,vehicle,annotation,True,True,3,,0.1,0.7142521482615807
b26e791522294bec90f86fd72226e35c_r873,b26e791522294bec90f86fd72226e35c,original,static_manmade,annotation,True,True,1,,0.1,0.5193755383626271
b26e791522294bec90f86fd72226e35c_r882,b26e791522294bec90f86fd72226e35c,original,vehicle,annotation,True,True,2,,0.1,0.7074532777722893
b26e791522294bec90f86fd72226e35c_r883,b26e791522294bec90f86fd72226e35c,original,pedestrian_vru,annotation,True,True,2,,0.1,0.7408175719756556
b26e791522294bec90f86fd72226e35c_r884,b26e791522294bec90f86fd72226e35c,original,static_manmade,annotation,True,True,3,,0.1,0.6056659900827697
b26e791522294bec90f86fd72226e35c_r885,b26e791522294bec90f86fd72226e35c,original,static_manmade,annotation,True,True,2,,0.1,0.5297849831560851
b26e791522294bec90f86fd72226e35c_r886,b26e791522294bec90f86fd72226e35c,original,static_manmade,annotation,True,True,6,,0.1,0.531350626568228
b26e791522294bec90f86fd72226e35c_r887,b26e791522294bec90f86fd72226e35c,original,static_manmade,annotation,True,True,3,,0.1,0.5329115431084891
b26e791522294bec90f86fd72226e35c_r888,b26e791522294bec90f86fd72226e35c,original,static_manmade,annotation,True,True,1,,0.1,0.5319335868977719
b26e791522294bec90f86fd72226e35c_r895,b26e791522294bec90f86fd72226e35c,original,vehicle,annotation,True,True,1,,0.1,0.709409508477589
b26e791522294bec90f86fd72226e35c_r896,b26e791522294bec90f86fd72226e35c,original,vehicle,annotation,True,True,1,,0.1,0.7094883542062458
b26e791522294bec90f86fd72226e35c_r897,b26e791522294bec90f86fd72226e35c,original,static_manmade,annotation,True,True,4,,0.1,0.5256318171530825
b26e791522294bec90f86fd72226e35c_r898,b26e791522294bec90f86fd72226e35c,original,static_manmade,annotation,True,True,1,,0.1,0.5270548058449713
b26e791522294bec90f86fd72226e35c_r899,b26e791522294bec90f86fd72226e35c,original,static_manmade,annotation,True,True,1,,0.1,0.5275294088423419
b26e791522294bec90f86fd72226e35c_r901,b26e791522294bec90f86fd72226e35c,original,vehicle,annotation,True,True,3,,0.1,0.7339025393932502
b26e791522294bec90f86fd72226e35c_r909,b26e791522294bec90f86fd72226e35c,original,vehicle,annotation,True,True,1,,0.1,0.7191198907164773
b26e791522294bec90f86fd72226e35c_r915,b26e791522294bec90f86fd72226e35c,original,vehicle,annotation,True,True,5,,0.1,0.7299871504588409
b26e791522294bec90f86fd72226e35c_r926,b26e791522294bec90f86fd72226e35c,original,vehicle,annotation,True,True,2,,0.1,0.7137119357049461
b26e791522294bec90f86fd72226e35c_r941,b26e791522294bec90f86fd72226e35c,original,vehicle,annotation,True,True,4,,0.1,0.7241071715674966
b26e791522294bec90f86fd72226e35c_r942,b26e791522294bec90f86fd72226e35c,original,vehicle,annotation,True,True,5,,0.1,0.7208181246022992
b26e791522294bec90f86fd72226e35c_r943,b26e791522294bec90f86fd72226e35c,original,vehicle,annotation,True,True,1,,0.1,0.6916774096608967
b26e791522294bec90f86fd72226e35c_r950,b26e791522294bec90f86fd72226e35c,original,vehicle,annotation,True,True,1,,0.1,0.6843149595758967
b26e791522294bec90f86fd72226e35c_r963,b26e791522294bec90f86fd72226e35c,original,vehicle,annotation,True,True,1,,0.1,0.6895435581622514
b26e791522294bec90f86fd72226e35c_r980,b26e791522294bec90f86fd72226e35c,original,vehicle,annotation,True,True,1,,0.1,0.679559519736944
b26e791522294bec90f86fd72226e35c_r981,b26e791522294bec90f86fd72226e35c,original,vehicle,annotation,True,True,2,,0.1,0.676236871508459
b26e791522294bec90f86fd72226e35c_r999,b26e791522294bec90f86fd72226e35c,original,vehicle,annotation,True,True,1,,0.1,0.6720444295182133
b26e791522294bec90f86fd72226e35c_r9,b26e791522294bec90f86fd72226e35c,dropout_5pct,pedestrian_vru,annotation,True,True,1,,0.1,0.6918397190600727
b26e791522294bec90f86fd72226e35c_r12,b26e791522294bec90f86fd72226e35c,dropout_5pct,pedestrian_vru,annotation,True,True,2,,0.1,0.6925270695298756
b26e791522294bec90f86fd72226e35c_r34,b26e791522294bec90f86fd72226e35c,dropout_5pct,pedestrian_vru,annotation,True,True,3,,0.05,0.7566725436457106
b26e791522294bec90f86fd72226e35c_r90,b26e791522294bec90f86fd72226e35c,dropout_5pct,vehicle,annotation,True,True,2,,0.1,0.7303599480960906
b26e791522294bec90f86fd72226e35c_r111,b26e791522294bec90f86fd72226e35c,dropout_5pct,static_manmade,annotation,True,True,1,,0.1,0.5104850625911564
b26e791522294bec90f86fd72226e35c_r112,b26e791522294bec90f86fd72226e35c,dropout_5pct,vehicle,annotation,True,True,7,,0.1,0.7450379198954903
b26e791522294bec90f86fd72226e35c_r113,b26e791522294bec90f86fd72226e35c,dropout_5pct,vehicle,annotation,True,True,2,,0.1,0.7236727136246313
b26e791522294bec90f86fd72226e35c_r127,b26e791522294bec90f86fd72226e35c,dropout_5pct,vehicle,annotation,True,True,3,,0.1,0.7463159939749797
b26e791522294bec90f86fd72226e35c_r142,b26e791522294bec90f86fd72226e35c,dropout_5pct,static_manmade,annotation,True,True,1,,0.2,0.491600835138795
b26e791522294bec90f86fd72226e35c_r158,b26e791522294bec90f86fd72226e35c,dropout_5pct,static_manmade,annotation,True,True,1,,0.2,0.4983054762042923
b26e791522294bec90f86fd72226e35c_r161,b26e791522294bec90f86fd72226e35c,dropout_5pct,static_manmade,annotation,True,True,2,,0.2,0.4959453695405809
b26e791522294bec90f86fd72226e35c_r162,b26e791522294bec90f86fd72226e35c,dropout_5pct,static_manmade,annotation,True,True,1,,0.1,0.5006790473795718
b26e791522294bec90f86fd72226e35c_r182,b26e791522294bec90f86fd72226e35c,dropout_5pct,static_manmade,annotation,True,True,3,,0.1,0.5048274430023288
b26e791522294bec90f86fd72226e35c_r183,b26e791522294bec90f86fd72226e35c,dropout_5pct,static_manmade,annotation,True,True,1,,0.1,0.5077778489812986
b26e791522294bec90f86fd72226e35c_r209,b26e791522294bec90f86fd72226e35c,dropout_5pct,static_manmade,annotation,True,True,4,,0.1,0.5124011184981401
b26e791522294bec90f86fd72226e35c_r210,b26e791522294bec90f86fd72226e35c,dropout_5pct,static_manmade,annotation,True,True,1,,0.1,0.5155356038225731
b26e791522294bec90f86fd72226e35c_r238,b26e791522294bec90f86fd72226e35c,dropout_5pct,static_manmade,annotation,True,True,7,,0.1,0.5284466707389448
b26e791522294bec90f86fd72226e35c_r262,b26e791522294bec90f86fd72226e35c,dropout_5pct,static_manmade,annotation,True,True,2,,0.1,0.5596112105789007
b26e791522294bec90f86fd72226e35c_r272,b26e791522294bec90f86fd72226e35c,dropout_5pct,static_manmade,annotation,True,True,2,,0.1,0.5316238710889056
b26e791522294bec90f86fd72226e35c_r301,b26e791522294bec90f86fd72226e35c,dropout_5pct,static_manmade,annotation,True,True,4,,0.1,0.5351008775728224
b26e791522294bec90f86fd72226e35c_r302,b26e791522294bec90f86fd72226e35c,dropout_5pct,static_manmade,annotation,True,True,2,,0.1,0.5389767207157377
b26e791522294bec90f86fd72226e35c_r317,b26e791522294bec90f86fd72226e35c,dropout_5pct,pedestrian_vru,annotation,True,True,13,,0.05,0.8512360902526178
b26e791522294bec90f86fd72226e35c_r328,b26e791522294bec90f86fd72226e35c,dropout_5pct,static_manmade,annotation,True,True,6,,0.1,0.5431362484358407
b26e791522294bec90f86fd72226e35c_r329,b26e791522294bec90f86fd72226e35c,dropout_5pct,static_manmade,annotation,True,True,2,,0.1,0.5461030076742912
b26e791522294bec90f86fd72226e35c_r362,b26e791522294bec90f86fd72226e35c,dropout_5pct,static_manmade,annotation,True,True,1,,0.1,0.5448973048561756
b26e791522294bec90f86fd72226e35c_r363,b26e791522294bec90f86fd72226e35c,dropout_5pct,static_manmade,annotation,True,True,5,,0.1,0.5488851150038832
b26e791522294bec90f86fd72226e35c_r381,b26e791522294bec90f86fd72226e35c,dropout_5pct,vehicle,annotation,True,True,47,,0.05,0.8297902540315646
b26e791522294bec90f86fd72226e35c_r382,b26e791522294bec90f86fd72226e35c,dropout_5pct,vehicle,annotation,True,True,4,,0.05,0.8192177208761244
b26e791522294bec90f86fd72226e35c_r385,b26e791522294bec90f86fd72226e35c,dropout_5pct,vehicle,annotation,True,True,3,,0.05,0.7647632735949458
b26e791522294bec90f86fd72226e35c_r386,b26e791522294bec90f86fd72226e35c,dropout_5pct,vehicle,annotation,True,True,7,,0.05,0.7680248346645726
b26e791522294bec90f86fd72226e35c_r395,b26e791522294bec90f86fd72226e35c,dropout_5pct,pedestrian_vru,annotation,True,True,1,,0.1,0.7082713373187355
b26e791522294bec90f86fd72226e35c_r399,b26e791522294bec90f86fd72226e35c,dropout_5pct,static_manmade,annotation,True,True,2,,0.1,0.5506765009191276
b26e791522294bec90f86fd72226e35c_r416,b26e791522294bec90f86fd72226e35c,dropout_5pct,vehicle,annotation,True,True,101,,0.05,0.8240757707612301
b26e791522294bec90f86fd72226e35c_r422,b26e791522294bec90f86fd72226e35c,dropout_5pct,vehicle,annotation,True,True,38,,0.05,0.8027949677250008
b26e791522294bec90f86fd72226e35c_r460,b26e791522294bec90f86fd72226e35c,dropout_5pct,vehicle,annotation,True,True,38,,0.05,0.784038172128862
b26e791522294bec90f86fd72226e35c_r476,b26e791522294bec90f86fd72226e35c,dropout_5pct,static_manmade,annotation,True,True,5,,0.1,0.5716166203739863
b26e791522294bec90f86fd72226e35c_r477,b26e791522294bec90f86fd72226e35c,dropout_5pct,static_manmade,annotation,True,True,16,,0.1,0.5741489835015775
b26e791522294bec90f86fd72226e35c_r491,b26e791522294bec90f86fd72226e35c,dropout_5pct,static_manmade,annotation,True,True,144,,0.1,0.6235229425263493
b26e791522294bec90f86fd72226e35c_r492,b26e791522294bec90f86fd72226e35c,dropout_5pct,static_manmade,annotation,True,True,60,,0.1,0.6192380908511738
b26e791522294bec90f86fd72226e35c_r493,b26e791522294bec90f86fd72226e35c,dropout_5pct,vehicle,annotation,True,True,1,,0.05,0.7682751086755035
b26e791522294bec90f86fd72226e35c_r509,b26e791522294bec90f86fd72226e35c,dropout_5pct,static_manmade,annotation,True,True,9,,0.1,0.5765461261242173
b26e791522294bec90f86fd72226e35c_r524,b26e791522294bec90f86fd72226e35c,dropout_5pct,static_manmade,annotation,True,True,281,,0.1,0.6282776890785349
b26e791522294bec90f86fd72226e35c_r525,b26e791522294bec90f86fd72226e35c,dropout_5pct,vehicle,annotation,True,True,289,,0.05,0.8391080721228495
b26e791522294bec90f86fd72226e35c_r526,b26e791522294bec90f86fd72226e35c,dropout_5pct,vehicle,annotation,True,True,12,,0.05,0.822929470210723
b26e791522294bec90f86fd72226e35c_r527,b26e791522294bec90f86fd72226e35c,dropout_5pct,vehicle,annotation,True,True,10,,0.05,0.7903968383651915
b26e791522294bec90f86fd72226e35c_r528,b26e791522294bec90f86fd72226e35c,dropout_5pct,vehicle,annotation,True,True,12,,0.05,0.7937104757902853
b26e791522294bec90f86fd72226e35c_r529,b26e791522294bec90f86fd72226e35c,dropout_5pct,vehicle,annotation,True,True,18,,0.05,0.788731858088463
b26e791522294bec90f86fd72226e35c_r530,b26e791522294bec90f86fd72226e35c,dropout_5pct,vehicle,annotation,True,True,50,,0.05,0.7910213696714328
b26e791522294bec90f86fd72226e35c_r531,b26e791522294bec90f86fd72226e35c,dropout_5pct,vehicle,annotation,True,True,2,,0.05,0.7663605702036586
b26e791522294bec90f86fd72226e35c_r551,b26e791522294bec90f86fd72226e35c,dropout_5pct,static_manmade,annotation,True,True,5,,0.1,0.5747063737376802
b26e791522294bec90f86fd72226e35c_r553,b26e791522294bec90f86fd72226e35c,dropout_5pct,static_manmade,annotation,True,True,12,,0.1,0.5878026477433738
b26e791522294bec90f86fd72226e35c_r564,b26e791522294bec90f86fd72226e35c,dropout_5pct,static_manmade,annotation,True,True,313,,0.1,0.6293964543761477
b26e791522294bec90f86fd72226e35c_r565,b26e791522294bec90f86fd72226e35c,dropout_5pct,static_manmade,annotation,True,True,123,,0.1,0.6271756067298927
b26e791522294bec90f86fd72226e35c_r566,b26e791522294bec90f86fd72226e35c,dropout_5pct,vehicle,annotation,True,True,51,,0.05,0.8301613764768658
b26e791522294bec90f86fd72226e35c_r567,b26e791522294bec90f86fd72226e35c,dropout_5pct,vehicle,annotation,True,True,3,,0.05,0.79232707437335
b26e791522294bec90f86fd72226e35c_r569,b26e791522294bec90f86fd72226e35c,dropout_5pct,vehicle,annotation,True,True,40,,0.05,0.790887486257158
b26e791522294bec90f86fd72226e35c_r583,b26e791522294bec90f86fd72226e35c,dropout_5pct,static_manmade,annotation,True,True,24,,0.1,0.5894445673118854
b26e791522294bec90f86fd72226e35c_r584,b26e791522294bec90f86fd72226e35c,dropout_5pct,static_manmade,annotation,True,True,25,,0.1,0.5947989901075538
b26e791522294bec90f86fd72226e35c_r594,b26e791522294bec90f86fd72226e35c,dropout_5pct,static_manmade,annotation,True,True,180,,0.1,0.6292942593242308
b26e791522294bec90f86fd72226e35c_r598,b26e791522294bec90f86fd72226e35c,dropout_5pct,pedestrian_vru,annotation,True,True,9,,0.05,0.8307496882922815
b26e791522294bec90f86fd72226e35c_r609,b26e791522294bec90f86fd72226e35c,dropout_5pct,static_manmade,annotation,True,True,11,,0.1,0.5915185594387948
b26e791522294bec90f86fd72226e35c_r620,b26e791522294bec90f86fd72226e35c,dropout_5pct,pedestrian_vru,annotation,True,True,19,,0.05,0.8433048861137694
b26e791522294bec90f86fd72226e35c_r624,b26e791522294bec90f86fd72226e35c,dropout_5pct,static_manmade,annotation,True,True,9,,0.1,0.601227472915952
b26e791522294bec90f86fd72226e35c_r644,b26e791522294bec90f86fd72226e35c,dropout_5pct,pedestrian_vru,annotation,True,True,42,,0.05,0.8506184496200956
b26e791522294bec90f86fd72226e35c_r647,b26e791522294bec90f86fd72226e35c,dropout_5pct,static_manmade,annotation,True,True,2,,0.1,0.6026044889090698
b26e791522294bec90f86fd72226e35c_r648,b26e791522294bec90f86fd72226e35c,dropout_5pct,static_manmade,annotation,True,True,3,,0.1,0.5993580660454578
b26e791522294bec90f86fd72226e35c_r649,b26e791522294bec90f86fd72226e35c,dropout_5pct,static_manmade,annotation,True,True,45,,0.1,0.6088874098937562
b26e791522294bec90f86fd72226e35c_r650,b26e791522294bec90f86fd72226e35c,dropout_5pct,vehicle,annotation,True,True,20,,0.05,0.8017292122702826
b26e791522294bec90f86fd72226e35c_r651,b26e791522294bec90f86fd72226e35c,dropout_5pct,vehicle,annotation,True,True,1,,0.05,0.7903658096470279
b26e791522294bec90f86fd72226e35c_r652,b26e791522294bec90f86fd72226e35c,dropout_5pct,vehicle,annotation,True,True,5,,0.05,0.7942443367752889
b26e791522294bec90f86fd72226e35c_r661,b26e791522294bec90f86fd72226e35c,dropout_5pct,pedestrian_vru,annotation,True,True,1,,0.05,0.766533978421353
b26e791522294bec90f86fd72226e35c_r674,b26e791522294bec90f86fd72226e35c,dropout_5pct,static_manmade,annotation,True,True,3,,0.1,0.607468618581557
b26e791522294bec90f86fd72226e35c_r675,b26e791522294bec90f86fd72226e35c,dropout_5pct,static_manmade,annotation,True,True,2,,0.1,0.5996037386692019
b26e791522294bec90f86fd72226e35c_r676,b26e791522294bec90f86fd72226e35c,dropout_5pct,static_manmade,annotation,True,True,5,,0.1,0.5984306071997362
b26e791522294bec90f86fd72226e35c_r677,b26e791522294bec90f86fd72226e35c,dropout_5pct,vehicle,annotation,True,True,11,,0.05,0.804536663819587
b26e791522294bec90f86fd72226e35c_r678,b26e791522294bec90f86fd72226e35c,dropout_5pct,vehicle,annotation,True,True,12,,0.05,0.7907854601672273
b26e791522294bec90f86fd72226e35c_r691,b26e791522294bec90f86fd72226e35c,dropout_5pct,pedestrian_vru,annotation,True,True,1,,0.05,0.7659218448858202
b26e791522294bec90f86fd72226e35c_r698,b26e791522294bec90f86fd72226e35c,dropout_5pct,pedestrian_vru,annotation,True,True,21,,0.05,0.8380225187335762
b26e791522294bec90f86fd72226e35c_r699,b26e791522294bec90f86fd72226e35c,dropout_5pct,vehicle,annotation,True,True,1,,0.05,0.7905664954610993
b26e791522294bec90f86fd72226e35c_r727,b26e791522294bec90f86fd72226e35c,dropout_5pct,pedestrian_vru,annotation,True,True,8,,0.05,0.8211319304285666
b26e791522294bec90f86fd72226e35c_r728,b26e791522294bec90f86fd72226e35c,dropout_5pct,pedestrian_vru,annotation,True,True,5,,0.05,0.8168124239953226
b26e791522294bec90f86fd72226e35c_r750,b26e791522294bec90f86fd72226e35c,dropout_5pct,pedestrian_vru,annotation,True,True,2,,0.05,0.7887030615396987
b26e791522294bec90f86fd72226e35c_r752,b26e791522294bec90f86fd72226e35c,dropout_5pct,pedestrian_vru,annotation,True,True,5,,0.05,0.81698165190751
b26e791522294bec90f86fd72226e35c_r776,b26e791522294bec90f86fd72226e35c,dropout_5pct,pedestrian_vru,annotation,True,True,4,,0.05,0.7865313377532103
b26e791522294bec90f86fd72226e35c_r777,b26e791522294bec90f86fd72226e35c,dropout_5pct,pedestrian_vru,annotation,True,True,1,,0.05,0.7776781665160164
b26e791522294bec90f86fd72226e35c_r778,b26e791522294bec90f86fd72226e35c,dropout_5pct,pedestrian_vru,annotation,True,True,4,,0.05,0.7914484076056185
b26e791522294bec90f86fd72226e35c_r837,b26e791522294bec90f86fd72226e35c,dropout_5pct,vehicle,annotation,True,True,6,,0.1,0.7370168224293612
b26e791522294bec90f86fd72226e35c_r845,b26e791522294bec90f86fd72226e35c,dropout_5pct,vehicle,annotation,True,True,1,,0.1,0.7361856870413289
b26e791522294bec90f86fd72226e35c_r853,b26e791522294bec90f86fd72226e35c,dropout_5pct,static_manmade,annotation,True,True,1,,0.1,0.5220103593090595
b26e791522294bec90f86fd72226e35c_r855,b26e791522294bec90f86fd72226e35c,dropout_5pct,vehicle,annotation,True,True,2,,0.1,0.735447046622359
b26e791522294bec90f86fd72226e35c_r858,b26e791522294bec90f86fd72226e35c,dropout_5pct,vehicle,annotation,True,True,1,,0.1,0.7398875161273667
b26e791522294bec90f86fd72226e35c_r866,b26e791522294bec90f86fd72226e35c,dropout_5pct,vehicle,annotation,True,True,3,,0.1,0.7142521482615807
b26e791522294bec90f86fd72226e35c_r867,b26e791522294bec90f86fd72226e35c,dropout_5pct,static_manmade,annotation,True,True,1,,0.1,0.5193755383626271
b26e791522294bec90f86fd72226e35c_r876,b26e791522294bec90f86fd72226e35c,dropout_5pct,vehicle,annotation,True,True,2,,0.1,0.7074532777722893
b26e791522294bec90f86fd72226e35c_r877,b26e791522294bec90f86fd72226e35c,dropout_5pct,pedestrian_vru,annotation,True,True,1,,0.1,0.7409043791371956
b26e791522294bec90f86fd72226e35c_r878,b26e791522294bec90f86fd72226e35c,dropout_5pct,static_manmade,annotation,True,True,3,,0.1,0.6056659900827697
b26e791522294bec90f86fd72226e35c_r879,b26e791522294bec90f86fd72226e35c,dropout_5pct,static_manmade,annotation,True,True,2,,0.1,0.5297849831560851
b26e791522294bec90f86fd72226e35c_r880,b26e791522294bec90f86fd72226e35c,dropout_5pct,static_manmade,annotation,True,True,4,,0.1,0.5311257372690474
b26e791522294bec90f86fd72226e35c_r881,b26e791522294bec90f86fd72226e35c,dropout_5pct,static_manmade,annotation,True,True,3,,0.1,0.5329115431084891
b26e791522294bec90f86fd72226e35c_r882,b26e791522294bec90f86fd72226e35c,dropout_5pct,static_manmade,annotation,True,True,1,,0.1,0.5319335868977719
b26e791522294bec90f86fd72226e35c_r889,b26e791522294bec90f86fd72226e35c,dropout_5pct,vehicle,annotation,True,True,1,,0.1,0.709409508477589
b26e791522294bec90f86fd72226e35c_r890,b26e791522294bec90f86fd72226e35c,dropout_5pct,vehicle,annotation,True,True,1,,0.1,0.7094883542062458
b26e791522294bec90f86fd72226e35c_r891,b26e791522294bec90f86fd72226e35c,dropout_5pct,static_manmade,annotation,True,True,4,,0.1,0.5256318171530825
b26e791522294bec90f86fd72226e35c_r892,b26e791522294bec90f86fd72226e35c,dropout_5pct,static_manmade,annotation,True,True,1,,0.1,0.5270548058449713
b26e791522294bec90f86fd72226e35c_r893,b26e791522294bec90f86fd72226e35c,dropout_5pct,static_manmade,annotation,True,True,1,,0.1,0.5275294088423419
b26e791522294bec90f86fd72226e35c_r895,b26e791522294bec90f86fd72226e35c,dropout_5pct,vehicle,annotation,True,True,3,,0.1,0.7339025393932502
b26e791522294bec90f86fd72226e35c_r903,b26e791522294bec90f86fd72226e35c,dropout_5pct,vehicle,annotation,True,True,1,,0.1,0.7191198907164773
b26e791522294bec90f86fd72226e35c_r909,b26e791522294bec90f86fd72226e35c,dropout_5pct,vehicle,annotation,True,True,5,,0.1,0.7299871504588409
b26e791522294bec90f86fd72226e35c_r920,b26e791522294bec90f86fd72226e35c,dropout_5pct,vehicle,annotation,True,True,2,,0.1,0.7137119357049461
b26e791522294bec90f86fd72226e35c_r935,b26e791522294bec90f86fd72226e35c,dropout_5pct,vehicle,annotation,True,True,4,,0.1,0.7241071715674966
b26e791522294bec90f86fd72226e35c_r936,b26e791522294bec90f86fd72226e35c,dropout_5pct,vehicle,annotation,True,True,4,,0.1,0.7225057981803777
b26e791522294bec90f86fd72226e35c_r937,b26e791522294bec90f86fd72226e35c,dropout_5pct,vehicle,annotation,True,True,1,,0.1,0.6916774096608967
b26e791522294bec90f86fd72226e35c_r944,b26e791522294bec90f86fd72226e35c,dropout_5pct,vehicle,annotation,True,True,1,,0.1,0.6843149595758967
b26e791522294bec90f86fd72226e35c_r957,b26e791522294bec90f86fd72226e35c,dropout_5pct,vehicle,annotation,True,True,1,,0.1,0.6895435581622514
b26e791522294bec90f86fd72226e35c_r974,b26e791522294bec90f86fd72226e35c,dropout_5pct,vehicle,annotation,True,True,1,,0.1,0.679559519736944
b26e791522294bec90f86fd72226e35c_r975,b26e791522294bec90f86fd72226e35c,dropout_5pct,vehicle,annotation,True,True,2,,0.1,0.676236871508459
b26e791522294bec90f86fd72226e35c_r993,b26e791522294bec90f86fd72226e35c,dropout_5pct,vehicle,annotation,True,True,1,,0.1,0.6720444295182133
b26e791522294bec90f86fd72226e35c_r9,b26e791522294bec90f86fd72226e35c,dropout_10pct,pedestrian_vru,annotation,True,True,1,,0.1,0.6918397190600727
b26e791522294bec90f86fd72226e35c_r12,b26e791522294bec90f86fd72226e35c,dropout_10pct,pedestrian_vru,annotation,True,True,2,,0.1,0.6925073943868989
b26e791522294bec90f86fd72226e35c_r32,b26e791522294bec90f86fd72226e35c,dropout_10pct,pedestrian_vru,annotation,True,True,3,,0.05,0.7556011191712042
b26e791522294bec90f86fd72226e35c_r87,b26e791522294bec90f86fd72226e35c,dropout_10pct,vehicle,annotation,True,True,2,,0.1,0.7292091823955074
b26e791522294bec90f86fd72226e35c_r107,b26e791522294bec90f86fd72226e35c,dropout_10pct,static_manmade,annotation,True,True,1,,0.1,0.5104850625911564
b26e791522294bec90f86fd72226e35c_r108,b26e791522294bec90f86fd72226e35c,dropout_10pct,vehicle,annotation,True,True,7,,0.1,0.7431031453218007
b26e791522294bec90f86fd72226e35c_r109,b26e791522294bec90f86fd72226e35c,dropout_10pct,vehicle,annotation,True,True,2,,0.1,0.7236713500022351
b26e791522294bec90f86fd72226e35c_r123,b26e791522294bec90f86fd72226e35c,dropout_10pct,vehicle,annotation,True,True,1,,0.1,0.7220774563296162
b26e791522294bec90f86fd72226e35c_r138,b26e791522294bec90f86fd72226e35c,dropout_10pct,static_manmade,annotation,True,True,1,,0.2,0.491600835138795
b26e791522294bec90f86fd72226e35c_r156,b26e791522294bec90f86fd72226e35c,dropout_10pct,static_manmade,annotation,True,True,2,,0.2,0.49593753221699105
b26e791522294bec90f86fd72226e35c_r157,b26e791522294bec90f86fd72226e35c,dropout_10pct,static_manmade,annotation,True,True,1,,0.1,0.5006790473795718
b26e791522294bec90f86fd72226e35c_r176,b26e791522294bec90f86fd72226e35c,dropout_10pct,static_manmade,annotation,True,True,3,,0.1,0.5047995842182024
b26e791522294bec90f86fd72226e35c_r177,b26e791522294bec90f86fd72226e35c,dropout_10pct,static_manmade,annotation,True,True,1,,0.1,0.5077778489812986
b26e791522294bec90f86fd72226e35c_r203,b26e791522294bec90f86fd72226e35c,dropout_10pct,static_manmade,annotation,True,True,4,,0.1,0.5123703884616416
b26e791522294bec90f86fd72226e35c_r204,b26e791522294bec90f86fd72226e35c,dropout_10pct,static_manmade,annotation,True,True,1,,0.1,0.5155356038225731
b26e791522294bec90f86fd72226e35c_r232,b26e791522294bec90f86fd72226e35c,dropout_10pct,static_manmade,annotation,True,True,7,,0.1,0.5276991867396593
b26e791522294bec90f86fd72226e35c_r256,b26e791522294bec90f86fd72226e35c,dropout_10pct,static_manmade,annotation,True,True,2,,0.1,0.5596090471488657
b26e791522294bec90f86fd72226e35c_r265,b26e791522294bec90f86fd72226e35c,dropout_10pct,static_manmade,annotation,True,True,2,,0.1,0.531603301671728
b26e791522294bec90f86fd72226e35c_r294,b26e791522294bec90f86fd72226e35c,dropout_10pct,static_manmade,annotation,True,True,4,,0.1,0.5350582326757269
b26e791522294bec90f86fd72226e35c_r295,b26e791522294bec90f86fd72226e35c,dropout_10pct,static_manmade,annotation,True,True,2,,0.1,0.5389615491498534
b26e791522294bec90f86fd72226e35c_r310,b26e791522294bec90f86fd72226e35c,dropout_10pct,pedestrian_vru,annotation,True,True,13,,0.05,0.8497295305676867
b26e791522294bec90f86fd72226e35c_r321,b26e791522294bec90f86fd72226e35c,dropout_10pct,static_manmade,annotation,True,True,6,,0.1,0.5430817544051639
b26e791522294bec90f86fd72226e35c_r322,b26e791522294bec90f86fd72226e35c,dropout_10pct,static_manmade,annotation,True,True,2,,0.1,0.5460867617855193
b26e791522294bec90f86fd72226e35c_r355,b26e791522294bec90f86fd72226e35c,dropout_10pct,static_manmade,annotation,True,True,1,,0.1,0.5448973048561756
b26e791522294bec90f86fd72226e35c_r356,b26e791522294bec90f86fd72226e35c,dropout_10pct,static_manmade,annotation,True,True,5,,0.1,0.5488559038916601
b26e791522294bec90f86fd72226e35c_r374,b26e791522294bec90f86fd72226e35c,dropout_10pct,vehicle,annotation,True,True,46,,0.05,0.8280722002334546
b26e791522294bec90f86fd72226e35c_r375,b26e791522294bec90f86fd72226e35c,dropout_10pct,vehicle,annotation,True,True,4,,0.05,0.8178893945119567
b26e791522294bec90f86fd72226e35c_r378,b26e791522294bec90f86fd72226e35c,dropout_10pct,vehicle,annotation,True,True,2,,0.05,0.7666506452581942
b26e791522294bec90f86fd72226e35c_r379,b26e791522294bec90f86fd72226e35c,dropout_10pct,vehicle,annotation,True,True,6,,0.05,0.7676435910373229
b26e791522294bec90f86fd72226e35c_r388,b26e791522294bec90f86fd72226e35c,dropout_10pct,pedestrian_vru,annotation,True,True,1,,0.1,0.7082713373187355
b26e791522294bec90f86fd72226e35c_r392,b26e791522294bec90f86fd72226e35c,dropout_10pct,static_manmade,annotation,True,True,2,,0.1,0.5506619787501249
b26e791522294bec90f86fd72226e35c_r409,b26e791522294bec90f86fd72226e35c,dropout_10pct,vehicle,annotation,True,True,98,,0.05,0.8230704240889225
b26e791522294bec90f86fd72226e35c_r415,b26e791522294bec90f86fd72226e35c,dropout_10pct,vehicle,annotation,True,True,36,,0.05,0.7992970390830939
b26e791522294bec90f86fd72226e35c_r453,b26e791522294bec90f86fd72226e35c,dropout_10pct,vehicle,annotation,True,True,37,,0.05,0.7818775912381254
b26e791522294bec90f86fd72226e35c_r469,b26e791522294bec90f86fd72226e35c,dropout_10pct,static_manmade,annotation,True,True,5,,0.1,0.5709271199028862
b26e791522294bec90f86fd72226e35c_r470,b26e791522294bec90f86fd72226e35c,dropout_10pct,static_manmade,annotation,True,True,14,,0.1,0.5733522304104954
b26e791522294bec90f86fd72226e35c_r484,b26e791522294bec90f86fd72226e35c,dropout_10pct,static_manmade,annotation,True,True,135,,0.1,0.6228341483869184
b26e791522294bec90f86fd72226e35c_r485,b26e791522294bec90f86fd72226e35c,dropout_10pct,static_manmade,annotation,True,True,58,,0.1,0.6184437759674839
b26e791522294bec90f86fd72226e35c_r486,b26e791522294bec90f86fd72226e35c,dropout_10pct,vehicle,annotation,True,True,1,,0.05,0.7682751086755035
b26e791522294bec90f86fd72226e35c_r502,b26e791522294bec90f86fd72226e35c,dropout_10pct,static_manmade,annotation,True,True,9,,0.1,0.5758898291218356
b26e791522294bec90f86fd72226e35c_r503,b26e791522294bec90f86fd72226e35c,dropout_10pct,static_manmade,annotation,True,True,17,,0.1,0.5790118134844805
b26e791522294bec90f86fd72226e35c_r517,b26e791522294bec90f86fd72226e35c,dropout_10pct,static_manmade,annotation,True,True,265,,0.1,0.6274061688653954
b26e791522294bec90f86fd72226e35c_r518,b26e791522294bec90f86fd72226e35c,dropout_10pct,vehicle,annotation,True,True,278,,0.05,0.837371435589322
b26e791522294bec90f86fd72226e35c_r519,b26e791522294bec90f86fd72226e35c,dropout_10pct,vehicle,annotation,True,True,11,,0.05,0.822062444878897
b26e791522294bec90f86fd72226e35c_r520,b26e791522294bec90f86fd72226e35c,dropout_10pct,vehicle,annotation,True,True,10,,0.05,0.789966102839498
b26e791522294bec90f86fd72226e35c_r521,b26e791522294bec90f86fd72226e35c,dropout_10pct,vehicle,annotation,True,True,11,,0.05,0.7925887589633328
b26e791522294bec90f86fd72226e35c_r522,b26e791522294bec90f86fd72226e35c,dropout_10pct,vehicle,annotation,True,True,18,,0.05,0.7873465295995852
b26e791522294bec90f86fd72226e35c_r523,b26e791522294bec90f86fd72226e35c,dropout_10pct,vehicle,annotation,True,True,48,,0.05,0.7893433479026065
b26e791522294bec90f86fd72226e35c_r524,b26e791522294bec90f86fd72226e35c,dropout_10pct,vehicle,annotation,True,True,2,,0.05,0.766360447934185
b26e791522294bec90f86fd72226e35c_r543,b26e791522294bec90f86fd72226e35c,dropout_10pct,static_manmade,annotation,True,True,5,,0.1,0.5746828955759072
b26e791522294bec90f86fd72226e35c_r545,b26e791522294bec90f86fd72226e35c,dropout_10pct,static_manmade,annotation,True,True,12,,0.1,0.5872622168928334
b26e791522294bec90f86fd72226e35c_r556,b26e791522294bec90f86fd72226e35c,dropout_10pct,static_manmade,annotation,True,True,303,,0.1,0.6286576981869163
b26e791522294bec90f86fd72226e35c_r557,b26e791522294bec90f86fd72226e35c,dropout_10pct,static_manmade,annotation,True,True,116,,0.1,0.626550126560973
b26e791522294bec90f86fd72226e35c_r558,b26e791522294bec90f86fd72226e35c,dropout_10pct,vehicle,annotation,True,True,50,,0.05,0.8289969737406263
b26e791522294bec90f86fd72226e35c_r559,b26e791522294bec90f86fd72226e35c,dropout_10pct,vehicle,annotation,True,True,2,,0.05,0.7919978732684583
b26e791522294bec90f86fd72226e35c_r561,b26e791522294bec90f86fd72226e35c,dropout_10pct,vehicle,annotation,True,True,37,,0.05,0.7895375667607264
b26e791522294bec90f86fd72226e35c_r575,b26e791522294bec90f86fd72226e35c,dropout_10pct,static_manmade,annotation,True,True,23,,0.1,0.5889400978529089
b26e791522294bec90f86fd72226e35c_r576,b26e791522294bec90f86fd72226e35c,dropout_10pct,static_manmade,annotation,True,True,24,,0.1,0.5940664766859903
b26e791522294bec90f86fd72226e35c_r586,b26e791522294bec90f86fd72226e35c,dropout_10pct,static_manmade,annotation,True,True,168,,0.1,0.6285351456263413
b26e791522294bec90f86fd72226e35c_r590,b26e791522294bec90f86fd72226e35c,dropout_10pct,pedestrian_vru,annotation,True,True,9,,0.05,0.8301802031828163
b26e791522294bec90f86fd72226e35c_r600,b26e791522294bec90f86fd72226e35c,dropout_10pct,static_manmade,annotation,True,True,9,,0.1,0.5910005253320589
b26e791522294bec90f86fd72226e35c_r611,b26e791522294bec90f86fd72226e35c,dropout_10pct,pedestrian_vru,annotation,True,True,19,,0.05,0.8426591676901584
b26e791522294bec90f86fd72226e35c_r615,b26e791522294bec90f86fd72226e35c,dropout_10pct,static_manmade,annotation,True,True,9,,0.1,0.6006515414962156
b26e791522294bec90f86fd72226e35c_r631,b26e791522294bec90f86fd72226e35c,dropout_10pct,pedestrian_vru,annotation,True,True,41,,0.05,0.8493540819427788
b26e791522294bec90f86fd72226e35c_r634,b26e791522294bec90f86fd72226e35c,dropout_10pct,static_manmade,annotation,True,True,2,,0.1,0.602598032768523
b26e791522294bec90f86fd72226e35c_r635,b26e791522294bec90f86fd72226e35c,dropout_10pct,static_manmade,annotation,True,True,3,,0.1,0.599300985021545
b26e791522294bec90f86fd72226e35c_r636,b26e791522294bec90f86fd72226e35c,dropout_10pct,static_manmade,annotation,True,True,43,,0.1,0.60733510193516
b26e791522294bec90f86fd72226e35c_r637,b26e791522294bec90f86fd72226e35c,dropout_10pct,vehicle,annotation,True,True,20,,0.05,0.8011013712056072
b26e791522294bec90f86fd72226e35c_r638,b26e791522294bec90f86fd72226e35c,dropout_10pct,vehicle,annotation,True,True,1,,0.05,0.7903658096470279
b26e791522294bec90f86fd72226e35c_r639,b26e791522294bec90f86fd72226e35c,dropout_10pct,vehicle,annotation,True,True,5,,0.05,0.7933633704200584
b26e791522294bec90f86fd72226e35c_r648,b26e791522294bec90f86fd72226e35c,dropout_10pct,pedestrian_vru,annotation,True,True,1,,0.05,0.766533978421353
b26e791522294bec90f86fd72226e35c_r661,b26e791522294bec90f86fd72226e35c,dropout_10pct,static_manmade,annotation,True,True,3,,0.1,0.6071391427998433
b26e791522294bec90f86fd72226e35c_r662,b26e791522294bec90f86fd72226e35c,dropout_10pct,static_manmade,annotation,True,True,2,,0.1,0.5995982881359684
b26e791522294bec90f86fd72226e35c_r663,b26e791522294bec90f86fd72226e35c,dropout_10pct,static_manmade,annotation,True,True,5,,0.1,0.5984207938028879
b26e791522294bec90f86fd72226e35c_r664,b26e791522294bec90f86fd72226e35c,dropout_10pct,vehicle,annotation,True,True,10,,0.05,0.80305803584398
b26e791522294bec90f86fd72226e35c_r665,b26e791522294bec90f86fd72226e35c,dropout_10pct,vehicle,annotation,True,True,11,,0.05,0.7907845019701818
b26e791522294bec90f86fd72226e35c_r678,b26e791522294bec90f86fd72226e35c,dropout_10pct,pedestrian_vru,annotation,True,True,1,,0.05,0.7659218448858202
b26e791522294bec90f86fd72226e35c_r685,b26e791522294bec90f86fd72226e35c,dropout_10pct,pedestrian_vru,annotation,True,True,20,,0.05,0.8364758555825178
b26e791522294bec90f86fd72226e35c_r686,b26e791522294bec90f86fd72226e35c,dropout_10pct,vehicle,annotation,True,True,1,,0.05,0.7905664954610993
b26e791522294bec90f86fd72226e35c_r714,b26e791522294bec90f86fd72226e35c,dropout_10pct,pedestrian_vru,annotation,True,True,7,,0.05,0.8208646344816536
b26e791522294bec90f86fd72226e35c_r715,b26e791522294bec90f86fd72226e35c,dropout_10pct,pedestrian_vru,annotation,True,True,5,,0.05,0.8163110094062027
b26e791522294bec90f86fd72226e35c_r737,b26e791522294bec90f86fd72226e35c,dropout_10pct,pedestrian_vru,annotation,True,True,2,,0.05,0.7886630633838764
b26e791522294bec90f86fd72226e35c_r739,b26e791522294bec90f86fd72226e35c,dropout_10pct,pedestrian_vru,annotation,True,True,5,,0.05,0.8160980983984654
b26e791522294bec90f86fd72226e35c_r763,b26e791522294bec90f86fd72226e35c,dropout_10pct,pedestrian_vru,annotation,True,True,4,,0.05,0.7856156641820122
b26e791522294bec90f86fd72226e35c_r764,b26e791522294bec90f86fd72226e35c,dropout_10pct,pedestrian_vru,annotation,True,True,1,,0.05,0.7776781665160164
b26e791522294bec90f86fd72226e35c_r765,b26e791522294bec90f86fd72226e35c,dropout_10pct,pedestrian_vru,annotation,True,True,3,,0.05,0.7913758255957623
b26e791522294bec90f86fd72226e35c_r824,b26e791522294bec90f86fd72226e35c,dropout_10pct,vehicle,annotation,True,True,5,,0.1,0.7370265396756825
b26e791522294bec90f86fd72226e35c_r831,b26e791522294bec90f86fd72226e35c,dropout_10pct,vehicle,annotation,True,True,1,,0.1,0.7361856870413289
b26e791522294bec90f86fd72226e35c_r839,b26e791522294bec90f86fd72226e35c,dropout_10pct,static_manmade,annotation,True,True,1,,0.1,0.5220103593090595
b26e791522294bec90f86fd72226e35c_r841,b26e791522294bec90f86fd72226e35c,dropout_10pct,vehicle,annotation,True,True,2,,0.1,0.7354371751789512
b26e791522294bec90f86fd72226e35c_r844,b26e791522294bec90f86fd72226e35c,dropout_10pct,vehicle,annotation,True,True,1,,0.1,0.7398875161273667
b26e791522294bec90f86fd72226e35c_r852,b26e791522294bec90f86fd72226e35c,dropout_10pct,vehicle,annotation,True,True,3,,0.1,0.7142441093079851
b26e791522294bec90f86fd72226e35c_r853,b26e791522294bec90f86fd72226e35c,dropout_10pct,static_manmade,annotation,True,True,1,,0.1,0.5193755383626271
b26e791522294bec90f86fd72226e35c_r862,b26e791522294bec90f86fd72226e35c,dropout_10pct,vehicle,annotation,True,True,2,,0.1,0.7074524642909454
b26e791522294bec90f86fd72226e35c_r863,b26e791522294bec90f86fd72226e35c,dropout_10pct,pedestrian_vru,annotation,True,True,1,,0.1,0.7409043791371956
b26e791522294bec90f86fd72226e35c_r864,b26e791522294bec90f86fd72226e35c,dropout_10pct,static_manmade,annotation,True,True,3,,0.1,0.59895929378532
b26e791522294bec90f86fd72226e35c_r865,b26e791522294bec90f86fd72226e35c,dropout_10pct,static_manmade,annotation,True,True,2,,0.1,0.5297624877593569
b26e791522294bec90f86fd72226e35c_r866,b26e791522294bec90f86fd72226e35c,dropout_10pct,static_manmade,annotation,True,True,4,,0.1,0.5310700283316953
b26e791522294bec90f86fd72226e35c_r867,b26e791522294bec90f86fd72226e35c,dropout_10pct,static_manmade,annotation,True,True,3,,0.1,0.5328951662074258
b26e791522294bec90f86fd72226e35c_r868,b26e791522294bec90f86fd72226e35c,dropout_10pct,static_manmade,annotation,True,True,1,,0.1,0.5319335868977719
b26e791522294bec90f86fd72226e35c_r875,b26e791522294bec90f86fd72226e35c,dropout_10pct,vehicle,annotation,True,True,1,,0.1,0.709409508477589
b26e791522294bec90f86fd72226e35c_r876,b26e791522294bec90f86fd72226e35c,dropout_10pct,vehicle,annotation,True,True,1,,0.1,0.7094883542062458
b26e791522294bec90f86fd72226e35c_r877,b26e791522294bec90f86fd72226e35c,dropout_10pct,static_manmade,annotation,True,True,4,,0.1,0.525572370659239
b26e791522294bec90f86fd72226e35c_r878,b26e791522294bec90f86fd72226e35c,dropout_10pct,static_manmade,annotation,True,True,1,,0.1,0.5270548058449713
b26e791522294bec90f86fd72226e35c_r879,b26e791522294bec90f86fd72226e35c,dropout_10pct,static_manmade,annotation,True,True,1,,0.1,0.5275294088423419
b26e791522294bec90f86fd72226e35c_r881,b26e791522294bec90f86fd72226e35c,dropout_10pct,vehicle,annotation,True,True,3,,0.1,0.7328472479540946
b26e791522294bec90f86fd72226e35c_r894,b26e791522294bec90f86fd72226e35c,dropout_10pct,vehicle,annotation,True,True,4,,0.1,0.7292360934890411
b26e791522294bec90f86fd72226e35c_r905,b26e791522294bec90f86fd72226e35c,dropout_10pct,vehicle,annotation,True,True,2,,0.1,0.7123934557666585
b26e791522294bec90f86fd72226e35c_r920,b26e791522294bec90f86fd72226e35c,dropout_10pct,vehicle,annotation,True,True,3,,0.1,0.7240718614845665
b26e791522294bec90f86fd72226e35c_r921,b26e791522294bec90f86fd72226e35c,dropout_10pct,vehicle,annotation,True,True,4,,0.1,0.7201532971024932
b26e791522294bec90f86fd72226e35c_r922,b26e791522294bec90f86fd72226e35c,dropout_10pct,vehicle,annotation,True,True,1,,0.1,0.6916774096608967
b26e791522294bec90f86fd72226e35c_r929,b26e791522294bec90f86fd72226e35c,dropout_10pct,vehicle,annotation,True,True,1,,0.1,0.6843149595758967
b26e791522294bec90f86fd72226e35c_r942,b26e791522294bec90f86fd72226e35c,dropout_10pct,vehicle,annotation,True,True,1,,0.1,0.6895435581622514
b26e791522294bec90f86fd72226e35c_r959,b26e791522294bec90f86fd72226e35c,dropout_10pct,vehicle,annotation,True,True,2,,0.1,0.6762116748261553
b26e791522294bec90f86fd72226e35c_r977,b26e791522294bec90f86fd72226e35c,dropout_10pct,vehicle,annotation,True,True,1,,0.1,0.6720444295182133
b26e791522294bec90f86fd72226e35c_r9,b26e791522294bec90f86fd72226e35c,dropout_20pct,pedestrian_vru,annotation,True,True,1,,0.1,0.6918397190600727
b26e791522294bec90f86fd72226e35c_r12,b26e791522294bec90f86fd72226e35c,dropout_20pct,pedestrian_vru,annotation,True,True,1,,0.1,0.6917969571736136
b26e791522294bec90f86fd72226e35c_r14,b26e791522294bec90f86fd72226e35c,dropout_20pct,pedestrian_vru,annotation,True,True,1,,0.1,0.7100774705215132
b26e791522294bec90f86fd72226e35c_r31,b26e791522294bec90f86fd72226e35c,dropout_20pct,pedestrian_vru,annotation,True,True,2,,0.05,0.756443527438264
b26e791522294bec90f86fd72226e35c_r82,b26e791522294bec90f86fd72226e35c,dropout_20pct,vehicle,annotation,True,True,2,,0.1,0.7292091823955074
b26e791522294bec90f86fd72226e35c_r100,b26e791522294bec90f86fd72226e35c,dropout_20pct,static_manmade,annotation,True,True,1,,0.1,0.5104850625911564
b26e791522294bec90f86fd72226e35c_r101,b26e791522294bec90f86fd72226e35c,dropout_20pct,vehicle,annotation,True,True,6,,0.1,0.744414556829279
b26e791522294bec90f86fd72226e35c_r102,b26e791522294bec90f86fd72226e35c,dropout_20pct,vehicle,annotation,True,True,2,,0.1,0.7236713500022351
b26e791522294bec90f86fd72226e35c_r113,b26e791522294bec90f86fd72226e35c,dropout_20pct,vehicle,annotation,True,True,1,,0.1,0.7220774563296162
b26e791522294bec90f86fd72226e35c_r126,b26e791522294bec90f86fd72226e35c,dropout_20pct,static_manmade,annotation,True,True,1,,0.2,0.491600835138795
b26e791522294bec90f86fd72226e35c_r143,b26e791522294bec90f86fd72226e35c,dropout_20pct,static_manmade,annotation,True,True,2,,0.2,0.49593753221699105
b26e791522294bec90f86fd72226e35c_r144,b26e791522294bec90f86fd72226e35c,dropout_20pct,static_manmade,annotation,True,True,1,,0.1,0.5006790473795718
b26e791522294bec90f86fd72226e35c_r163,b26e791522294bec90f86fd72226e35c,dropout_20pct,static_manmade,annotation,True,True,3,,0.1,0.5047995842182024
b26e791522294bec90f86fd72226e35c_r164,b26e791522294bec90f86fd72226e35c,dropout_20pct,static_manmade,annotation,True,True,1,,0.1,0.5077778489812986
b26e791522294bec90f86fd72226e35c_r189,b26e791522294bec90f86fd72226e35c,dropout_20pct,static_manmade,annotation,True,True,4,,0.1,0.5123703884616416
b26e791522294bec90f86fd72226e35c_r190,b26e791522294bec90f86fd72226e35c,dropout_20pct,static_manmade,annotation,True,True,1,,0.1,0.5155356038225731
b26e791522294bec90f86fd72226e35c_r218,b26e791522294bec90f86fd72226e35c,dropout_20pct,static_manmade,annotation,True,True,7,,0.1,0.5276991867396593
b26e791522294bec90f86fd72226e35c_r242,b26e791522294bec90f86fd72226e35c,dropout_20pct,static_manmade,annotation,True,True,2,,0.1,0.5596090471488657
b26e791522294bec90f86fd72226e35c_r250,b26e791522294bec90f86fd72226e35c,dropout_20pct,static_manmade,annotation,True,True,2,,0.1,0.531603301671728
b26e791522294bec90f86fd72226e35c_r278,b26e791522294bec90f86fd72226e35c,dropout_20pct,static_manmade,annotation,True,True,3,,0.1,0.5352774588492107
b26e791522294bec90f86fd72226e35c_r279,b26e791522294bec90f86fd72226e35c,dropout_20pct,static_manmade,annotation,True,True,1,,0.1,0.5383812396937393
b26e791522294bec90f86fd72226e35c_r294,b26e791522294bec90f86fd72226e35c,dropout_20pct,pedestrian_vru,annotation,True,True,13,,0.05,0.8497295305676867
b26e791522294bec90f86fd72226e35c_r304,b26e791522294bec90f86fd72226e35c,dropout_20pct,static_manmade,annotation,True,True,6,,0.1,0.5430817544051639
b26e791522294bec90f86fd72226e35c_r305,b26e791522294bec90f86fd72226e35c,dropout_20pct,static_manmade,annotation,True,True,2,,0.1,0.5460867617855193
b26e791522294bec90f86fd72226e35c_r338,b26e791522294bec90f86fd72226e35c,dropout_20pct,static_manmade,annotation,True,True,5,,0.1,0.5488559038916601
b26e791522294bec90f86fd72226e35c_r356,b26e791522294bec90f86fd72226e35c,dropout_20pct,vehicle,annotation,True,True,38,,0.05,0.8264295312976823
b26e791522294bec90f86fd72226e35c_r357,b26e791522294bec90f86fd72226e35c,dropout_20pct,vehicle,annotation,True,True,4,,0.05,0.8178893945119567
b26e791522294bec90f86fd72226e35c_r360,b26e791522294bec90f86fd72226e35c,dropout_20pct,vehicle,annotation,True,True,2,,0.05,0.7666506452581942
b26e791522294bec90f86fd72226e35c_r361,b26e791522294bec90f86fd72226e35c,dropout_20pct,vehicle,annotation,True,True,6,,0.05,0.7676435910373229
b26e791522294bec90f86fd72226e35c_r370,b26e791522294bec90f86fd72226e35c,dropout_20pct,pedestrian_vru,annotation,True,True,1,,0.1,0.7082713373187355
b26e791522294bec90f86fd72226e35c_r374,b26e791522294bec90f86fd72226e35c,dropout_20pct,static_manmade,annotation,True,True,2,,0.1,0.5506619787501249
b26e791522294bec90f86fd72226e35c_r391,b26e791522294bec90f86fd72226e35c,dropout_20pct,vehicle,annotation,True,True,84,,0.05,0.8229163160350907
b26e791522294bec90f86fd72226e35c_r397,b26e791522294bec90f86fd72226e35c,dropout_20pct,vehicle,annotation,True,True,33,,0.05,0.8001349580479935
b26e791522294bec90f86fd72226e35c_r430,b26e791522294bec90f86fd72226e35c,dropout_20pct,static_manmade,annotation,True,True,58,,0.1,0.6168608543312543
b26e791522294bec90f86fd72226e35c_r435,b26e791522294bec90f86fd72226e35c,dropout_20pct,vehicle,annotation,True,True,33,,0.05,0.7812877246174005
b26e791522294bec90f86fd72226e35c_r451,b26e791522294bec90f86fd72226e35c,dropout_20pct,static_manmade,annotation,True,True,5,,0.1,0.5709271199028862
b26e791522294bec90f86fd72226e35c_r452,b26e791522294bec90f86fd72226e35c,dropout_20pct,static_manmade,annotation,True,True,13,,0.1,0.5732539662372472
b26e791522294bec90f86fd72226e35c_r466,b26e791522294bec90f86fd72226e35c,dropout_20pct,static_manmade,annotation,True,True,115,,0.1,0.6230113430880003
b26e791522294bec90f86fd72226e35c_r467,b26e791522294bec90f86fd72226e35c,dropout_20pct,static_manmade,annotation,True,True,51,,0.1,0.6183879116854216
b26e791522294bec90f86fd72226e35c_r468,b26e791522294bec90f86fd72226e35c,dropout_20pct,vehicle,annotation,True,True,1,,0.05,0.7682751086755035
b26e791522294bec90f86fd72226e35c_r484,b26e791522294bec90f86fd72226e35c,dropout_20pct,static_manmade,annotation,True,True,9,,0.1,0.5758898291218356
b26e791522294bec90f86fd72226e35c_r485,b26e791522294bec90f86fd72226e35c,dropout_20pct,static_manmade,annotation,True,True,14,,0.1,0.5789344098088062
b26e791522294bec90f86fd72226e35c_r499,b26e791522294bec90f86fd72226e35c,dropout_20pct,static_manmade,annotation,True,True,236,,0.1,0.6274050272710405
b26e791522294bec90f86fd72226e35c_r500,b26e791522294bec90f86fd72226e35c,dropout_20pct,vehicle,annotation,True,True,247,,0.05,0.837407397613907
b26e791522294bec90f86fd72226e35c_r501,b26e791522294bec90f86fd72226e35c,dropout_20pct,vehicle,annotation,True,True,9,,0.05,0.8219838332044394
b26e791522294bec90f86fd72226e35c_r502,b26e791522294bec90f86fd72226e35c,dropout_20pct,vehicle,annotation,True,True,10,,0.05,0.789966102839498
b26e791522294bec90f86fd72226e35c_r503,b26e791522294bec90f86fd72226e35c,dropout_20pct,vehicle,annotation,True,True,11,,0.05,0.7925887589633328
b26e791522294bec90f86fd72226e35c_r504,b26e791522294bec90f86fd72226e35c,dropout_20pct,vehicle,annotation,True,True,15,,0.05,0.7860047096901239
b26e791522294bec90f86fd72226e35c_r505,b26e791522294bec90f86fd72226e35c,dropout_20pct,vehicle,annotation,True,True,47,,0.05,0.7894773037043384
b26e791522294bec90f86fd72226e35c_r506,b26e791522294bec90f86fd72226e35c,dropout_20pct,vehicle,annotation,True,True,2,,0.05,0.766360447934185
b26e791522294bec90f86fd72226e35c_r524,b26e791522294bec90f86fd72226e35c,dropout_20pct,static_manmade,annotation,True,True,5,,0.1,0.5746828955759072
b26e791522294bec90f86fd72226e35c_r526,b26e791522294bec90f86fd72226e35c,dropout_20pct,static_manmade,annotation,True,True,10,,0.1,0.5873298534903127
b26e791522294bec90f86fd72226e35c_r537,b26e791522294bec90f86fd72226e35c,dropout_20pct,static_manmade,annotation,True,True,257,,0.1,0.6286745238306961
b26e791522294bec90f86fd72226e35c_r538,b26e791522294bec90f86fd72226e35c,dropout_20pct,static_manmade,annotation,True,True,103,,0.1,0.6266343960365715
b26e791522294bec90f86fd72226e35c_r539,b26e791522294bec90f86fd72226e35c,dropout_20pct,vehicle,annotation,True,True,44,,0.05,0.8289627775833092
b26e791522294bec90f86fd72226e35c_r540,b26e791522294bec90f86fd72226e35c,dropout_20pct,vehicle,annotation,True,True,2,,0.05,0.7919978732684583
b26e791522294bec90f86fd72226e35c_r542,b26e791522294bec90f86fd72226e35c,dropout_20pct,vehicle,annotation,True,True,31,,0.05,0.7889392971358136
b26e791522294bec90f86fd72226e35c_r556,b26e791522294bec90f86fd72226e35c,dropout_20pct,static_manmade,annotation,True,True,21,,0.1,0.5889348289493384
b26e791522294bec90f86fd72226e35c_r557,b26e791522294bec90f86fd72226e35c,dropout_20pct,static_manmade,annotation,True,True,22,,0.1,0.5942343309165049
b26e791522294bec90f86fd72226e35c_r567,b26e791522294bec90f86fd72226e35c,dropout_20pct,static_manmade,annotation,True,True,155,,0.1,0.6284268328534678
b26e791522294bec90f86fd72226e35c_r571,b26e791522294bec90f86fd72226e35c,dropout_20pct,pedestrian_vru,annotation,True,True,4,,0.05,0.8334224419133119
b26e791522294bec90f86fd72226e35c_r581,b26e791522294bec90f86fd72226e35c,dropout_20pct,static_manmade,annotation,True,True,8,,0.1,0.5908926258857924
b26e791522294bec90f86fd72226e35c_r592,b26e791522294bec90f86fd72226e35c,dropout_20pct,static_manmade,annotation,True,True,13,,0.1,0.6175036783889124
b26e791522294bec90f86fd72226e35c_r596,b26e791522294bec90f86fd72226e35c,dropout_20pct,static_manmade,annotation,True,True,7,,0.1,0.5993482382116169
b26e791522294bec90f86fd72226e35c_r611,b26e791522294bec90f86fd72226e35c,dropout_20pct,pedestrian_vru,annotation,True,True,36,,0.05,0.849408680770894
b26e791522294bec90f86fd72226e35c_r614,b26e791522294bec90f86fd72226e35c,dropout_20pct,static_manmade,annotation,True,True,1,,0.1,0.6026463405021232
b26e791522294bec90f86fd72226e35c_r615,b26e791522294bec90f86fd72226e35c,dropout_20pct,static_manmade,annotation,True,True,3,,0.1,0.599300985021545
b26e791522294bec90f86fd72226e35c_r616,b26e791522294bec90f86fd72226e35c,dropout_20pct,static_manmade,annotation,True,True,38,,0.1,0.6068739677387723
b26e791522294bec90f86fd72226e35c_r617,b26e791522294bec90f86fd72226e35c,dropout_20pct,vehicle,annotation,True,True,16,,0.05,0.8002786838562905
b26e791522294bec90f86fd72226e35c_r618,b26e791522294bec90f86fd72226e35c,dropout_20pct,vehicle,annotation,True,True,1,,0.05,0.7903658096470279
b26e791522294bec90f86fd72226e35c_r619,b26e791522294bec90f86fd72226e35c,dropout_20pct,vehicle,annotation,True,True,4,,0.05,0.7937751670322569
b26e791522294bec90f86fd72226e35c_r628,b26e791522294bec90f86fd72226e35c,dropout_20pct,pedestrian_vru,annotation,True,True,1,,0.05,0.766533978421353
b26e791522294bec90f86fd72226e35c_r641,b26e791522294bec90f86fd72226e35c,dropout_20pct,static_manmade,annotation,True,True,3,,0.1,0.6071391427998433
b26e791522294bec90f86fd72226e35c_r642,b26e791522294bec90f86fd72226e35c,dropout_20pct,static_manmade,annotation,True,True,2,,0.1,0.5995982881359684
b26e791522294bec90f86fd72226e35c_r643,b26e791522294bec90f86fd72226e35c,dropout_20pct,static_manmade,annotation,True,True,5,,0.1,0.5984207938028879
b26e791522294bec90f86fd72226e35c_r644,b26e791522294bec90f86fd72226e35c,dropout_20pct,vehicle,annotation,True,True,10,,0.05,0.80305803584398
b26e791522294bec90f86fd72226e35c_r645,b26e791522294bec90f86fd72226e35c,dropout_20pct,vehicle,annotation,True,True,10,,0.05,0.790782868114881
b26e791522294bec90f86fd72226e35c_r658,b26e791522294bec90f86fd72226e35c,dropout_20pct,pedestrian_vru,annotation,True,True,1,,0.05,0.7659218448858202
b26e791522294bec90f86fd72226e35c_r665,b26e791522294bec90f86fd72226e35c,dropout_20pct,pedestrian_vru,annotation,True,True,19,,0.05,0.8363819283061145
b26e791522294bec90f86fd72226e35c_r692,b26e791522294bec90f86fd72226e35c,dropout_20pct,pedestrian_vru,annotation,True,True,7,,0.05,0.8208646344816536
b26e791522294bec90f86fd72226e35c_r693,b26e791522294bec90f86fd72226e35c,dropout_20pct,pedestrian_vru,annotation,True,True,5,,0.05,0.8163110094062027
b26e791522294bec90f86fd72226e35c_r715,b26e791522294bec90f86fd72226e35c,dropout_20pct,pedestrian_vru,annotation,True,True,2,,0.05,0.7886630633838764
b26e791522294bec90f86fd72226e35c_r717,b26e791522294bec90f86fd72226e35c,dropout_20pct,pedestrian_vru,annotation,True,True,5,,0.05,0.8160980983984654
b26e791522294bec90f86fd72226e35c_r740,b26e791522294bec90f86fd72226e35c,dropout_20pct,pedestrian_vru,annotation,True,True,3,,0.05,0.7860202039689139
b26e791522294bec90f86fd72226e35c_r741,b26e791522294bec90f86fd72226e35c,dropout_20pct,pedestrian_vru,annotation,True,True,1,,0.05,0.7776781665160164
b26e791522294bec90f86fd72226e35c_r742,b26e791522294bec90f86fd72226e35c,dropout_20pct,pedestrian_vru,annotation,True,True,2,,0.05,0.7839492569390853
b26e791522294bec90f86fd72226e35c_r801,b26e791522294bec90f86fd72226e35c,dropout_20pct,vehicle,annotation,True,True,5,,0.1,0.7370265396756825
b26e791522294bec90f86fd72226e35c_r808,b26e791522294bec90f86fd72226e35c,dropout_20pct,vehicle,annotation,True,True,1,,0.1,0.7361856870413289
b26e791522294bec90f86fd72226e35c_r816,b26e791522294bec90f86fd72226e35c,dropout_20pct,static_manmade,annotation,True,True,1,,0.1,0.5220103593090595
b26e791522294bec90f86fd72226e35c_r818,b26e791522294bec90f86fd72226e35c,dropout_20pct,vehicle,annotation,True,True,2,,0.1,0.7354371751789512
b26e791522294bec90f86fd72226e35c_r821,b26e791522294bec90f86fd72226e35c,dropout_20pct,vehicle,annotation,True,True,1,,0.1,0.7398875161273667
b26e791522294bec90f86fd72226e35c_r829,b26e791522294bec90f86fd72226e35c,dropout_20pct,vehicle,annotation,True,True,3,,0.1,0.7142441093079851
b26e791522294bec90f86fd72226e35c_r830,b26e791522294bec90f86fd72226e35c,dropout_20pct,static_manmade,annotation,True,True,1,,0.1,0.5193755383626271
b26e791522294bec90f86fd72226e35c_r839,b26e791522294bec90f86fd72226e35c,dropout_20pct,vehicle,annotation,True,True,2,,0.1,0.7074524642909454
b26e791522294bec90f86fd72226e35c_r840,b26e791522294bec90f86fd72226e35c,dropout_20pct,pedestrian_vru,annotation,True,True,1,,0.1,0.7409043791371956
b26e791522294bec90f86fd72226e35c_r841,b26e791522294bec90f86fd72226e35c,dropout_20pct,static_manmade,annotation,True,True,2,,0.1,0.5280961825958767
b26e791522294bec90f86fd72226e35c_r842,b26e791522294bec90f86fd72226e35c,dropout_20pct,static_manmade,annotation,True,True,2,,0.1,0.5297624877593569
b26e791522294bec90f86fd72226e35c_r843,b26e791522294bec90f86fd72226e35c,dropout_20pct,static_manmade,annotation,True,True,4,,0.1,0.5310700283316953
b26e791522294bec90f86fd72226e35c_r844,b26e791522294bec90f86fd72226e35c,dropout_20pct,static_manmade,annotation,True,True,3,,0.1,0.5328951662074258
b26e791522294bec90f86fd72226e35c_r845,b26e791522294bec90f86fd72226e35c,dropout_20pct,static_manmade,annotation,True,True,1,,0.1,0.5319335868977719
b26e791522294bec90f86fd72226e35c_r851,b26e791522294bec90f86fd72226e35c,dropout_20pct,vehicle,annotation,True,True,1,,0.1,0.709409508477589
b26e791522294bec90f86fd72226e35c_r852,b26e791522294bec90f86fd72226e35c,dropout_20pct,static_manmade,annotation,True,True,3,,0.1,0.5248418680328553
b26e791522294bec90f86fd72226e35c_r853,b26e791522294bec90f86fd72226e35c,dropout_20pct,static_manmade,annotation,True,True,1,,0.1,0.5270548058449713
b26e791522294bec90f86fd72226e35c_r854,b26e791522294bec90f86fd72226e35c,dropout_20pct,static_manmade,annotation,True,True,1,,0.1,0.5275294088423419
b26e791522294bec90f86fd72226e35c_r856,b26e791522294bec90f86fd72226e35c,dropout_20pct,vehicle,annotation,True,True,3,,0.1,0.7328472479540946
b26e791522294bec90f86fd72226e35c_r869,b26e791522294bec90f86fd72226e35c,dropout_20pct,vehicle,annotation,True,True,4,,0.1,0.7292360934890411
b26e791522294bec90f86fd72226e35c_r880,b26e791522294bec90f86fd72226e35c,dropout_20pct,vehicle,annotation,True,True,2,,0.1,0.7123934557666585
b26e791522294bec90f86fd72226e35c_r895,b26e791522294bec90f86fd72226e35c,dropout_20pct,vehicle,annotation,True,True,3,,0.1,0.7240718614845665
b26e791522294bec90f86fd72226e35c_r896,b26e791522294bec90f86fd72226e35c,dropout_20pct,vehicle,annotation,True,True,3,,0.1,0.6959177156955605
b26e791522294bec90f86fd72226e35c_r897,b26e791522294bec90f86fd72226e35c,dropout_20pct,vehicle,annotation,True,True,1,,0.1,0.6916774096608967
b26e791522294bec90f86fd72226e35c_r904,b26e791522294bec90f86fd72226e35c,dropout_20pct,vehicle,annotation,True,True,1,,0.1,0.6843149595758967
b26e791522294bec90f86fd72226e35c_r917,b26e791522294bec90f86fd72226e35c,dropout_20pct,vehicle,annotation,True,True,1,,0.1,0.6895435581622514
b26e791522294bec90f86fd72226e35c_r933,b26e791522294bec90f86fd72226e35c,dropout_20pct,vehicle,annotation,True,True,2,,0.1,0.6762116748261553
b26e791522294bec90f86fd72226e35c_r951,b26e791522294bec90f86fd72226e35c,dropout_20pct,vehicle,annotation,True,True,1,,0.1,0.6720444295182133
b26e791522294bec90f86fd72226e35c_r7,b26e791522294bec90f86fd72226e35c,dropout_30pct,pedestrian_vru,annotation,True,True,1,,0.1,0.6918397190600727
b26e791522294bec90f86fd72226e35c_r10,b26e791522294bec90f86fd72226e35c,dropout_30pct,pedestrian_vru,annotation,True,True,1,,0.1,0.6917969571736136
b26e791522294bec90f86fd72226e35c_r12,b26e791522294bec90f86fd72226e35c,dropout_30pct,pedestrian_vru,annotation,True,True,1,,0.1,0.7100774705215132
b26e791522294bec90f86fd72226e35c_r28,b26e791522294bec90f86fd72226e35c,dropout_30pct,pedestrian_vru,annotation,True,True,2,,0.05,0.756443527438264
b26e791522294bec90f86fd72226e35c_r72,b26e791522294bec90f86fd72226e35c,dropout_30pct,vehicle,annotation,True,True,2,,0.1,0.7292091823955074
b26e791522294bec90f86fd72226e35c_r89,b26e791522294bec90f86fd72226e35c,dropout_30pct,static_manmade,annotation,True,True,1,,0.1,0.5104850625911564
b26e791522294bec90f86fd72226e35c_r90,b26e791522294bec90f86fd72226e35c,dropout_30pct,vehicle,annotation,True,True,6,,0.1,0.744414556829279
b26e791522294bec90f86fd72226e35c_r91,b26e791522294bec90f86fd72226e35c,dropout_30pct,vehicle,annotation,True,True,2,,0.1,0.7236713500022351
b26e791522294bec90f86fd72226e35c_r102,b26e791522294bec90f86fd72226e35c,dropout_30pct,vehicle,annotation,True,True,1,,0.1,0.7220774563296162
b26e791522294bec90f86fd72226e35c_r114,b26e791522294bec90f86fd72226e35c,dropout_30pct,static_manmade,annotation,True,True,1,,0.2,0.491600835138795
b26e791522294bec90f86fd72226e35c_r128,b26e791522294bec90f86fd72226e35c,dropout_30pct,static_manmade,annotation,True,True,2,,0.2,0.49593753221699105
b26e791522294bec90f86fd72226e35c_r129,b26e791522294bec90f86fd72226e35c,dropout_30pct,static_manmade,annotation,True,True,1,,0.1,0.5006790473795718
b26e791522294bec90f86fd72226e35c_r148,b26e791522294bec90f86fd72226e35c,dropout_30pct,static_manmade,annotation,True,True,2,,0.1,0.5056362788560058
b26e791522294bec90f86fd72226e35c_r149,b26e791522294bec90f86fd72226e35c,dropout_30pct,static_manmade,annotation,True,True,1,,0.1,0.5077778489812986
b26e791522294bec90f86fd72226e35c_r174,b26e791522294bec90f86fd72226e35c,dropout_30pct,static_manmade,annotation,True,True,2,,0.1,0.5108330679045127
b26e791522294bec90f86fd72226e35c_r175,b26e791522294bec90f86fd72226e35c,dropout_30pct,static_manmade,annotation,True,True,1,,0.1,0.5155356038225731
b26e791522294bec90f86fd72226e35c_r202,b26e791522294bec90f86fd72226e35c,dropout_30pct,static_manmade,annotation,True,True,6,,0.1,0.5284456168215451
b26e791522294bec90f86fd72226e35c_r225,b26e791522294bec90f86fd72226e35c,dropout_30pct,static_manmade,annotation,True,True,2,,0.1,0.5596090471488657
b26e791522294bec90f86fd72226e35c_r233,b26e791522294bec90f86fd72226e35c,dropout_30pct,static_manmade,annotation,True,True,2,,0.1,0.531603301671728
b26e791522294bec90f86fd72226e35c_r259,b26e791522294bec90f86fd72226e35c,dropout_30pct,static_manmade,annotation,True,True,3,,0.1,0.5352774588492107
b26e791522294bec90f86fd72226e35c_r260,b26e791522294bec90f86fd72226e35c,dropout_30pct,static_manmade,annotation,True,True,1,,0.1,0.5383812396937393
b26e791522294bec90f86fd72226e35c_r275,b26e791522294bec90f86fd72226e35c,dropout_30pct,pedestrian_vru,annotation,True,True,11,,0.05,0.8498662727284924
b26e791522294bec90f86fd72226e35c_r284,b26e791522294bec90f86fd72226e35c,dropout_30pct,static_manmade,annotation,True,True,5,,0.1,0.543358222879918
b26e791522294bec90f86fd72226e35c_r285,b26e791522294bec90f86fd72226e35c,dropout_30pct,static_manmade,annotation,True,True,2,,0.1,0.5460867617855193
b26e791522294bec90f86fd72226e35c_r318,b26e791522294bec90f86fd72226e35c,dropout_30pct,static_manmade,annotation,True,True,4,,0.1,0.5487897705398049
b26e791522294bec90f86fd72226e35c_r336,b26e791522294bec90f86fd72226e35c,dropout_30pct,vehicle,annotation,True,True,34,,0.05,0.8266260166376862
b26e791522294bec90f86fd72226e35c_r337,b26e791522294bec90f86fd72226e35c,dropout_30pct,vehicle,annotation,True,True,3,,0.05,0.818492278135087
b26e791522294bec90f86fd72226e35c_r340,b26e791522294bec90f86fd72226e35c,dropout_30pct,vehicle,annotation,True,True,2,,0.05,0.7666506452581942
b26e791522294bec90f86fd72226e35c_r341,b26e791522294bec90f86fd72226e35c,dropout_30pct,vehicle,annotation,True,True,6,,0.05,0.7676435910373229
b26e791522294bec90f86fd72226e35c_r350,b26e791522294bec90f86fd72226e35c,dropout_30pct,pedestrian_vru,annotation,True,True,1,,0.1,0.7082713373187355
b26e791522294bec90f86fd72226e35c_r354,b26e791522294bec90f86fd72226e35c,dropout_30pct,static_manmade,annotation,True,True,1,,0.1,0.5501064532133457
b26e791522294bec90f86fd72226e35c_r371,b26e791522294bec90f86fd72226e35c,dropout_30pct,vehicle,annotation,True,True,77,,0.05,0.8230438530793901
b26e791522294bec90f86fd72226e35c_r377,b26e791522294bec90f86fd72226e35c,dropout_30pct,vehicle,annotation,True,True,29,,0.05,0.8001398729169923
b26e791522294bec90f86fd72226e35c_r409,b26e791522294bec90f86fd72226e35c,dropout_30pct,static_manmade,annotation,True,True,49,,0.1,0.6169824704828909
b26e791522294bec90f86fd72226e35c_r414,b26e791522294bec90f86fd72226e35c,dropout_30pct,vehicle,annotation,True,True,30,,0.05,0.7811810190159555
b26e791522294bec90f86fd72226e35c_r428,b26e791522294bec90f86fd72226e35c,dropout_30pct,static_manmade,annotation,True,True,2,,0.1,0.5711369268752875
b26e791522294bec90f86fd72226e35c_r429,b26e791522294bec90f86fd72226e35c,dropout_30pct,static_manmade,annotation,True,True,13,,0.1,0.5732539662372472
b26e791522294bec90f86fd72226e35c_r443,b26e791522294bec90f86fd72226e35c,dropout_30pct,static_manmade,annotation,True,True,104,,0.1,0.6231360777468293
b26e791522294bec90f86fd72226e35c_r444,b26e791522294bec90f86fd72226e35c,dropout_30pct,static_manmade,annotation,True,True,44,,0.1,0.618399615970365
b26e791522294bec90f86fd72226e35c_r445,b26e791522294bec90f86fd72226e35c,dropout_30pct,vehicle,annotation,True,True,1,,0.05,0.7682751086755035
b26e791522294bec90f86fd72226e35c_r461,b26e791522294bec90f86fd72226e35c,dropout_30pct,static_manmade,annotation,True,True,8,,0.1,0.5759443987358576
b26e791522294bec90f86fd72226e35c_r462,b26e791522294bec90f86fd72226e35c,dropout_30pct,static_manmade,annotation,True,True,13,,0.1,0.5787084694894099
b26e791522294bec90f86fd72226e35c_r476,b26e791522294bec90f86fd72226e35c,dropout_30pct,static_manmade,annotation,True,True,211,,0.1,0.6274607215386911
b26e791522294bec90f86fd72226e35c_r477,b26e791522294bec90f86fd72226e35c,dropout_30pct,vehicle,annotation,True,True,211,,0.05,0.8372354001783808
b26e791522294bec90f86fd72226e35c_r478,b26e791522294bec90f86fd72226e35c,dropout_30pct,vehicle,annotation,True,True,9,,0.05,0.8219838332044394
b26e791522294bec90f86fd72226e35c_r479,b26e791522294bec90f86fd72226e35c,dropout_30pct,vehicle,annotation,True,True,7,,0.05,0.790443357975524
b26e791522294bec90f86fd72226e35c_r480,b26e791522294bec90f86fd72226e35c,dropout_30pct,vehicle,annotation,True,True,10,,0.05,0.7929906836887354
b26e791522294bec90f86fd72226e35c_r481,b26e791522294bec90f86fd72226e35c,dropout_30pct,vehicle,annotation,True,True,13,,0.05,0.7865416941146343
b26e791522294bec90f86fd72226e35c_r482,b26e791522294bec90f86fd72226e35c,dropout_30pct,vehicle,annotation,True,True,41,,0.05,0.7898186344524913
b26e791522294bec90f86fd72226e35c_r483,b26e791522294bec90f86fd72226e35c,dropout_30pct,vehicle,annotation,True,True,2,,0.05,0.766360447934185
b26e791522294bec90f86fd72226e35c_r501,b26e791522294bec90f86fd72226e35c,dropout_30pct,static_manmade,annotation,True,True,4,,0.1,0.5746095327272669
b26e791522294bec90f86fd72226e35c_r503,b26e791522294bec90f86fd72226e35c,dropout_30pct,static_manmade,annotation,True,True,10,,0.1,0.5873298534903127
b26e791522294bec90f86fd72226e35c_r514,b26e791522294bec90f86fd72226e35c,dropout_30pct,static_manmade,annotation,True,True,224,,0.1,0.6285256530702745
b26e791522294bec90f86fd72226e35c_r515,b26e791522294bec90f86fd72226e35c,dropout_30pct,static_manmade,annotation,True,True,90,,0.1,0.6265255203382748
b26e791522294bec90f86fd72226e35c_r516,b26e791522294bec90f86fd72226e35c,dropout_30pct,vehicle,annotation,True,True,38,,0.05,0.8285115656543202
b26e791522294bec90f86fd72226e35c_r517,b26e791522294bec90f86fd72226e35c,dropout_30pct,vehicle,annotation,True,True,2,,0.05,0.7919978732684583
b26e791522294bec90f86fd72226e35c_r518,b26e791522294bec90f86fd72226e35c,dropout_30pct,vehicle,annotation,True,True,30,,0.05,0.7884324646099798
b26e791522294bec90f86fd72226e35c_r532,b26e791522294bec90f86fd72226e35c,dropout_30pct,static_manmade,annotation,True,True,16,,0.1,0.5889933470602899
b26e791522294bec90f86fd72226e35c_r533,b26e791522294bec90f86fd72226e35c,dropout_30pct,static_manmade,annotation,True,True,18,,0.1,0.5937139348750547
b26e791522294bec90f86fd72226e35c_r543,b26e791522294bec90f86fd72226e35c,dropout_30pct,static_manmade,annotation,True,True,137,,0.1,0.6285357535523742
b26e791522294bec90f86fd72226e35c_r547,b26e791522294bec90f86fd72226e35c,dropout_30pct,pedestrian_vru,annotation,True,True,3,,0.05,0.8329320572982948
b26e791522294bec90f86fd72226e35c_r555,b26e791522294bec90f86fd72226e35c,dropout_30pct,static_manmade,annotation,True,True,7,,0.1,0.5910195831645529
b26e791522294bec90f86fd72226e35c_r565,b26e791522294bec90f86fd72226e35c,dropout_30pct,static_manmade,annotation,True,True,54,,0.1,0.6247088720523521
b26e791522294bec90f86fd72226e35c_r566,b26e791522294bec90f86fd72226e35c,dropout_30pct,static_manmade,annotation,True,True,11,,0.1,0.6178515640553948
b26e791522294bec90f86fd72226e35c_r570,b26e791522294bec90f86fd72226e35c,dropout_30pct,static_manmade,annotation,True,True,5,,0.1,0.5992584242816934
b26e791522294bec90f86fd72226e35c_r584,b26e791522294bec90f86fd72226e35c,dropout_30pct,pedestrian_vru,annotation,True,True,34,,0.05,0.8492646107941583
b26e791522294bec90f86fd72226e35c_r587,b26e791522294bec90f86fd72226e35c,dropout_30pct,static_manmade,annotation,True,True,1,,0.1,0.6026463405021232
b26e791522294bec90f86fd72226e35c_r588,b26e791522294bec90f86fd72226e35c,dropout_30pct,static_manmade,annotation,True,True,3,,0.1,0.599300985021545
b26e791522294bec90f86fd72226e35c_r589,b26e791522294bec90f86fd72226e35c,dropout_30pct,vehicle,annotation,True,True,32,,0.05,0.8097113711306378
b26e791522294bec90f86fd72226e35c_r590,b26e791522294bec90f86fd72226e35c,dropout_30pct,vehicle,annotation,True,True,13,,0.05,0.8001141514819741
b26e791522294bec90f86fd72226e35c_r591,b26e791522294bec90f86fd72226e35c,dropout_30pct,vehicle,annotation,True,True,1,,0.05,0.7903658096470279
b26e791522294bec90f86fd72226e35c_r592,b26e791522294bec90f86fd72226e35c,dropout_30pct,vehicle,annotation,True,True,4,,0.05,0.7937751670322569
b26e791522294bec90f86fd72226e35c_r600,b26e791522294bec90f86fd72226e35c,dropout_30pct,pedestrian_vru,annotation,True,True,1,,0.05,0.766533978421353
b26e791522294bec90f86fd72226e35c_r613,b26e791522294bec90f86fd72226e35c,dropout_30pct,static_manmade,annotation,True,True,3,,0.1,0.6071391427998433
b26e791522294bec90f86fd72226e35c_r614,b26e791522294bec90f86fd72226e35c,dropout_30pct,static_manmade,annotation,True,True,2,,0.1,0.5995982881359684
b26e791522294bec90f86fd72226e35c_r615,b26e791522294bec90f86fd72226e35c,dropout_30pct,static_manmade,annotation,True,True,4,,0.1,0.5983846545818002
b26e791522294bec90f86fd72226e35c_r616,b26e791522294bec90f86fd72226e35c,dropout_30pct,vehicle,annotation,True,True,9,,0.05,0.8032684123572335
b26e791522294bec90f86fd72226e35c_r617,b26e791522294bec90f86fd72226e35c,dropout_30pct,vehicle,annotation,True,True,8,,0.05,0.7907791496636057
b26e791522294bec90f86fd72226e35c_r629,b26e791522294bec90f86fd72226e35c,dropout_30pct,pedestrian_vru,annotation,True,True,1,,0.05,0.7659218448858202
b26e791522294bec90f86fd72226e35c_r636,b26e791522294bec90f86fd72226e35c,dropout_30pct,pedestrian_vru,annotation,True,True,15,,0.05,0.836752829144436
b26e791522294bec90f86fd72226e35c_r663,b26e791522294bec90f86fd72226e35c,dropout_30pct,pedestrian_vru,annotation,True,True,7,,0.05,0.8208646344816536
b26e791522294bec90f86fd72226e35c_r664,b26e791522294bec90f86fd72226e35c,dropout_30pct,pedestrian_vru,annotation,True,True,3,,0.05,0.816082704059592
b26e791522294bec90f86fd72226e35c_r686,b26e791522294bec90f86fd72226e35c,dropout_30pct,pedestrian_vru,annotation,True,True,2,,0.05,0.7886630633838764
b26e791522294bec90f86fd72226e35c_r688,b26e791522294bec90f86fd72226e35c,dropout_30pct,pedestrian_vru,annotation,True,True,3,,0.05,0.8164310223680995
b26e791522294bec90f86fd72226e35c_r711,b26e791522294bec90f86fd72226e35c,dropout_30pct,pedestrian_vru,annotation,True,True,3,,0.05,0.7860202039689139
b26e791522294bec90f86fd72226e35c_r712,b26e791522294bec90f86fd72226e35c,dropout_30pct,pedestrian_vru,annotation,True,True,2,,0.05,0.7839492569390853
b26e791522294bec90f86fd72226e35c_r769,b26e791522294bec90f86fd72226e35c,dropout_30pct,vehicle,annotation,True,True,5,,0.1,0.7370265396756825
b26e791522294bec90f86fd72226e35c_r783,b26e791522294bec90f86fd72226e35c,dropout_30pct,static_manmade,annotation,True,True,1,,0.1,0.5220103593090595
b26e791522294bec90f86fd72226e35c_r785,b26e791522294bec90f86fd72226e35c,dropout_30pct,vehicle,annotation,True,True,2,,0.1,0.7354371751789512
b26e791522294bec90f86fd72226e35c_r788,b26e791522294bec90f86fd72226e35c,dropout_30pct,vehicle,annotation,True,True,1,,0.1,0.7398875161273667
b26e791522294bec90f86fd72226e35c_r796,b26e791522294bec90f86fd72226e35c,dropout_30pct,vehicle,annotation,True,True,3,,0.1,0.7142441093079851
b26e791522294bec90f86fd72226e35c_r797,b26e791522294bec90f86fd72226e35c,dropout_30pct,static_manmade,annotation,True,True,1,,0.1,0.5193755383626271
b26e791522294bec90f86fd72226e35c_r806,b26e791522294bec90f86fd72226e35c,dropout_30pct,vehicle,annotation,True,True,2,,0.1,0.7074524642909454
b26e791522294bec90f86fd72226e35c_r807,b26e791522294bec90f86fd72226e35c,dropout_30pct,pedestrian_vru,annotation,True,True,1,,0.1,0.7409043791371956
b26e791522294bec90f86fd72226e35c_r808,b26e791522294bec90f86fd72226e35c,dropout_30pct,static_manmade,annotation,True,True,2,,0.1,0.5280961825958767
b26e791522294bec90f86fd72226e35c_r809,b26e791522294bec90f86fd72226e35c,dropout_30pct,static_manmade,annotation,True,True,2,,0.1,0.5297624877593569
b26e791522294bec90f86fd72226e35c_r810,b26e791522294bec90f86fd72226e35c,dropout_30pct,static_manmade,annotation,True,True,4,,0.1,0.5310700283316953
b26e791522294bec90f86fd72226e35c_r811,b26e791522294bec90f86fd72226e35c,dropout_30pct,static_manmade,annotation,True,True,3,,0.1,0.5328951662074258
b26e791522294bec90f86fd72226e35c_r812,b26e791522294bec90f86fd72226e35c,dropout_30pct,static_manmade,annotation,True,True,1,,0.1,0.5319335868977719
b26e791522294bec90f86fd72226e35c_r817,b26e791522294bec90f86fd72226e35c,dropout_30pct,vehicle,annotation,True,True,1,,0.1,0.709409508477589
b26e791522294bec90f86fd72226e35c_r818,b26e791522294bec90f86fd72226e35c,dropout_30pct,static_manmade,annotation,True,True,3,,0.1,0.5248418680328553
b26e791522294bec90f86fd72226e35c_r819,b26e791522294bec90f86fd72226e35c,dropout_30pct,static_manmade,annotation,True,True,1,,0.1,0.5270548058449713
b26e791522294bec90f86fd72226e35c_r820,b26e791522294bec90f86fd72226e35c,dropout_30pct,static_manmade,annotation,True,True,1,,0.1,0.5275294088423419
b26e791522294bec90f86fd72226e35c_r822,b26e791522294bec90f86fd72226e35c,dropout_30pct,vehicle,annotation,True,True,3,,0.1,0.7328472479540946
b26e791522294bec90f86fd72226e35c_r835,b26e791522294bec90f86fd72226e35c,dropout_30pct,vehicle,annotation,True,True,4,,0.1,0.7292360934890411
b26e791522294bec90f86fd72226e35c_r846,b26e791522294bec90f86fd72226e35c,dropout_30pct,vehicle,annotation,True,True,1,,0.1,0.6985627062364795
b26e791522294bec90f86fd72226e35c_r861,b26e791522294bec90f86fd72226e35c,dropout_30pct,vehicle,annotation,True,True,3,,0.1,0.7240718614845665
b26e791522294bec90f86fd72226e35c_r862,b26e791522294bec90f86fd72226e35c,dropout_30pct,vehicle,annotation,True,True,1,,0.1,0.6937332952324701
b26e791522294bec90f86fd72226e35c_r869,b26e791522294bec90f86fd72226e35c,dropout_30pct,vehicle,annotation,True,True,1,,0.1,0.6843149595758967
b26e791522294bec90f86fd72226e35c_r882,b26e791522294bec90f86fd72226e35c,dropout_30pct,vehicle,annotation,True,True,1,,0.1,0.6895435581622514
b26e791522294bec90f86fd72226e35c_r898,b26e791522294bec90f86fd72226e35c,dropout_30pct,vehicle,annotation,True,True,2,,0.1,0.6762116748261553
b26e791522294bec90f86fd72226e35c_r916,b26e791522294bec90f86fd72226e35c,dropout_30pct,vehicle,annotation,True,True,1,,0.1,0.6720444295182133
b26e791522294bec90f86fd72226e35c_r11,b26e791522294bec90f86fd72226e35c,sparse_75pct,pedestrian_vru,annotation,True,True,1,,0.1,0.6917969571736136
b26e791522294bec90f86fd72226e35c_r13,b26e791522294bec90f86fd72226e35c,sparse_75pct,pedestrian_vru,annotation,True,True,1,,0.1,0.7100774705215132
b26e791522294bec90f86fd72226e35c_r28,b26e791522294bec90f86fd72226e35c,sparse_75pct,pedestrian_vru,annotation,True,True,1,,0.1,0.7442387142436554
b26e791522294bec90f86fd72226e35c_r79,b26e791522294bec90f86fd72226e35c,sparse_75pct,vehicle,annotation,True,True,2,,0.1,0.7177422302954533
b26e791522294bec90f86fd72226e35c_r98,b26e791522294bec90f86fd72226e35c,sparse_75pct,static_manmade,annotation,True,True,1,,0.1,0.5104850625911564
b26e791522294bec90f86fd72226e35c_r99,b26e791522294bec90f86fd72226e35c,sparse_75pct,vehicle,annotation,True,True,7,,0.1,0.7454049944513813
b26e791522294bec90f86fd72226e35c_r100,b26e791522294bec90f86fd72226e35c,sparse_75pct,vehicle,annotation,True,True,2,,0.1,0.7236729800493917
b26e791522294bec90f86fd72226e35c_r111,b26e791522294bec90f86fd72226e35c,sparse_75pct,vehicle,annotation,True,True,2,,0.1,0.7484709551198521
b26e791522294bec90f86fd72226e35c_r126,b26e791522294bec90f86fd72226e35c,sparse_75pct,static_manmade,annotation,True,True,1,,0.2,0.491600835138795
b26e791522294bec90f86fd72226e35c_r142,b26e791522294bec90f86fd72226e35c,sparse_75pct,static_manmade,annotation,True,True,1,,0.2,0.4983054762042923
b26e791522294bec90f86fd72226e35c_r144,b26e791522294bec90f86fd72226e35c,sparse_75pct,static_manmade,annotation,True,True,3,,0.2,0.49706891455964675
b26e791522294bec90f86fd72226e35c_r145,b26e791522294bec90f86fd72226e35c,sparse_75pct,static_manmade,annotation,True,True,1,,0.1,0.5006790473795718
b26e791522294bec90f86fd72226e35c_r162,b26e791522294bec90f86fd72226e35c,sparse_75pct,static_manmade,annotation,True,True,3,,0.1,0.5048328860559987
b26e791522294bec90f86fd72226e35c_r186,b26e791522294bec90f86fd72226e35c,sparse_75pct,static_manmade,annotation,True,True,3,,0.1,0.5131208825299046
b26e791522294bec90f86fd72226e35c_r187,b26e791522294bec90f86fd72226e35c,sparse_75pct,static_manmade,annotation,True,True,1,,0.1,0.5155356038225731
b26e791522294bec90f86fd72226e35c_r214,b26e791522294bec90f86fd72226e35c,sparse_75pct,static_manmade,annotation,True,True,6,,0.1,0.529680186532098
b26e791522294bec90f86fd72226e35c_r238,b26e791522294bec90f86fd72226e35c,sparse_75pct,static_manmade,annotation,True,True,1,,0.1,0.559690790455576
b26e791522294bec90f86fd72226e35c_r247,b26e791522294bec90f86fd72226e35c,sparse_75pct,static_manmade,annotation,True,True,2,,0.1,0.5316278899449027
b26e791522294bec90f86fd72226e35c_r276,b26e791522294bec90f86fd72226e35c,sparse_75pct,static_manmade,annotation,True,True,3,,0.1,0.5344542368881979
b26e791522294bec90f86fd72226e35c_r277,b26e791522294bec90f86fd72226e35c,sparse_75pct,static_manmade,annotation,True,True,2,,0.1,0.5389796849386912
b26e791522294bec90f86fd72226e35c_r292,b26e791522294bec90f86fd72226e35c,sparse_75pct,pedestrian_vru,annotation,True,True,11,,0.05,0.8535486981716656
b26e791522294bec90f86fd72226e35c_r302,b26e791522294bec90f86fd72226e35c,sparse_75pct,static_manmade,annotation,True,True,4,,0.1,0.5422656607579297
b26e791522294bec90f86fd72226e35c_r303,b26e791522294bec90f86fd72226e35c,sparse_75pct,static_manmade,annotation,True,True,1,,0.1,0.5463695492814362
b26e791522294bec90f86fd72226e35c_r336,b26e791522294bec90f86fd72226e35c,sparse_75pct,static_manmade,annotation,True,True,1,,0.1,0.5448973048561756
b26e791522294bec90f86fd72226e35c_r337,b26e791522294bec90f86fd72226e35c,sparse_75pct,static_manmade,annotation,True,True,4,,0.1,0.5488279183860951
b26e791522294bec90f86fd72226e35c_r355,b26e791522294bec90f86fd72226e35c,sparse_75pct,vehicle,annotation,True,True,32,,0.05,0.8285898353443094
b26e791522294bec90f86fd72226e35c_r356,b26e791522294bec90f86fd72226e35c,sparse_75pct,vehicle,annotation,True,True,4,,0.05,0.8194772494922523
b26e791522294bec90f86fd72226e35c_r359,b26e791522294bec90f86fd72226e35c,sparse_75pct,vehicle,annotation,True,True,3,,0.05,0.7650435751222622
b26e791522294bec90f86fd72226e35c_r360,b26e791522294bec90f86fd72226e35c,sparse_75pct,vehicle,annotation,True,True,6,,0.05,0.7691542765088456
b26e791522294bec90f86fd72226e35c_r372,b26e791522294bec90f86fd72226e35c,sparse_75pct,static_manmade,annotation,True,True,1,,0.1,0.5501064532133457
b26e791522294bec90f86fd72226e35c_r389,b26e791522294bec90f86fd72226e35c,sparse_75pct,vehicle,annotation,True,True,81,,0.05,0.8250463500351001
b26e791522294bec90f86fd72226e35c_r393,b26e791522294bec90f86fd72226e35c,sparse_75pct,static_manmade,annotation,True,True,1,,0.1,0.564749217858608
b26e791522294bec90f86fd72226e35c_r395,b26e791522294bec90f86fd72226e35c,sparse_75pct,vehicle,annotation,True,True,30,,0.05,0.8003366810824704
b26e791522294bec90f86fd72226e35c_r432,b26e791522294bec90f86fd72226e35c,sparse_75pct,vehicle,annotation,True,True,28,,0.05,0.7849354912897036
b26e791522294bec90f86fd72226e35c_r447,b26e791522294bec90f86fd72226e35c,sparse_75pct,static_manmade,annotation,True,True,4,,0.1,0.570784170234157
b26e791522294bec90f86fd72226e35c_r448,b26e791522294bec90f86fd72226e35c,sparse_75pct,static_manmade,annotation,True,True,14,,0.1,0.574068291922644
b26e791522294bec90f86fd72226e35c_r462,b26e791522294bec90f86fd72226e35c,sparse_75pct,static_manmade,annotation,True,True,115,,0.1,0.6239808134983788
b26e791522294bec90f86fd72226e35c_r463,b26e791522294bec90f86fd72226e35c,sparse_75pct,static_manmade,annotation,True,True,48,,0.1,0.619736582469454
b26e791522294bec90f86fd72226e35c_r464,b26e791522294bec90f86fd72226e35c,sparse_75pct,vehicle,annotation,True,True,1,,0.05,0.7682751086755035
b26e791522294bec90f86fd72226e35c_r480,b26e791522294bec90f86fd72226e35c,sparse_75pct,static_manmade,annotation,True,True,8,,0.1,0.5762497608140466
b26e791522294bec90f86fd72226e35c_r495,b26e791522294bec90f86fd72226e35c,sparse_75pct,static_manmade,annotation,True,True,214,,0.1,0.6284743928769301
b26e791522294bec90f86fd72226e35c_r496,b26e791522294bec90f86fd72226e35c,sparse_75pct,vehicle,annotation,True,True,228,,0.05,0.8395775464065315
b26e791522294bec90f86fd72226e35c_r497,b26e791522294bec90f86fd72226e35c,sparse_75pct,vehicle,annotation,True,True,11,,0.05,0.8231206274097771
b26e791522294bec90f86fd72226e35c_r498,b26e791522294bec90f86fd72226e35c,sparse_75pct,vehicle,annotation,True,True,7,,0.05,0.7911177727711273
b26e791522294bec90f86fd72226e35c_r499,b26e791522294bec90f86fd72226e35c,sparse_75pct,vehicle,annotation,True,True,12,,0.05,0.7938573303578735
b26e791522294bec90f86fd72226e35c_r500,b26e791522294bec90f86fd72226e35c,sparse_75pct,vehicle,annotation,True,True,14,,0.05,0.7889561472259873
b26e791522294bec90f86fd72226e35c_r501,b26e791522294bec90f86fd72226e35c,sparse_75pct,vehicle,annotation,True,True,33,,0.05,0.7912622888925788
b26e791522294bec90f86fd72226e35c_r502,b26e791522294bec90f86fd72226e35c,sparse_75pct,vehicle,annotation,True,True,2,,0.05,0.7663605940926876
b26e791522294bec90f86fd72226e35c_r520,b26e791522294bec90f86fd72226e35c,sparse_75pct,static_manmade,annotation,True,True,3,,0.1,0.5744723148178567
b26e791522294bec90f86fd72226e35c_r522,b26e791522294bec90f86fd72226e35c,sparse_75pct,static_manmade,annotation,True,True,11,,0.1,0.5878678977712124
b26e791522294bec90f86fd72226e35c_r533,b26e791522294bec90f86fd72226e35c,sparse_75pct,static_manmade,annotation,True,True,228,,0.1,0.6295554472763539
b26e791522294bec90f86fd72226e35c_r534,b26e791522294bec90f86fd72226e35c,sparse_75pct,static_manmade,annotation,True,True,100,,0.1,0.6271917593118296
b26e791522294bec90f86fd72226e35c_r535,b26e791522294bec90f86fd72226e35c,sparse_75pct,vehicle,annotation,True,True,41,,0.05,0.830489139782949
b26e791522294bec90f86fd72226e35c_r536,b26e791522294bec90f86fd72226e35c,sparse_75pct,vehicle,annotation,True,True,3,,0.05,0.7924242741792021
b26e791522294bec90f86fd72226e35c_r538,b26e791522294bec90f86fd72226e35c,sparse_75pct,vehicle,annotation,True,True,32,,0.05,0.7906221022713223
b26e791522294bec90f86fd72226e35c_r551,b26e791522294bec90f86fd72226e35c,sparse_75pct,static_manmade,annotation,True,True,19,,0.1,0.5896226089624668
b26e791522294bec90f86fd72226e35c_r552,b26e791522294bec90f86fd72226e35c,sparse_75pct,static_manmade,annotation,True,True,22,,0.1,0.5946440190600846
b26e791522294bec90f86fd72226e35c_r562,b26e791522294bec90f86fd72226e35c,sparse_75pct,static_manmade,annotation,True,True,139,,0.1,0.6296297265800765
b26e791522294bec90f86fd72226e35c_r566,b26e791522294bec90f86fd72226e35c,sparse_75pct,pedestrian_vru,annotation,True,True,7,,0.05,0.8308093975110556
b26e791522294bec90f86fd72226e35c_r577,b26e791522294bec90f86fd72226e35c,sparse_75pct,static_manmade,annotation,True,True,8,,0.1,0.5913819720509115
b26e791522294bec90f86fd72226e35c_r588,b26e791522294bec90f86fd72226e35c,sparse_75pct,pedestrian_vru,annotation,True,True,15,,0.05,0.8429720411215744
b26e791522294bec90f86fd72226e35c_r592,b26e791522294bec90f86fd72226e35c,sparse_75pct,static_manmade,annotation,True,True,5,,0.1,0.6019945241308983
b26e791522294bec90f86fd72226e35c_r611,b26e791522294bec90f86fd72226e35c,sparse_75pct,pedestrian_vru,annotation,True,True,30,,0.05,0.8518565652973976
b26e791522294bec90f86fd72226e35c_r614,b26e791522294bec90f86fd72226e35c,sparse_75pct,static_manmade,annotation,True,True,2,,0.1,0.6026057503108359
b26e791522294bec90f86fd72226e35c_r615,b26e791522294bec90f86fd72226e35c,sparse_75pct,static_manmade,annotation,True,True,3,,0.1,0.5993692185449812
b26e791522294bec90f86fd72226e35c_r616,b26e791522294bec90f86fd72226e35c,sparse_75pct,static_manmade,annotation,True,True,38,,0.1,0.6088838582532036
b26e791522294bec90f86fd72226e35c_r617,b26e791522294bec90f86fd72226e35c,sparse_75pct,vehicle,annotation,True,True,17,,0.05,0.8022311434813132
b26e791522294bec90f86fd72226e35c_r618,b26e791522294bec90f86fd72226e35c,sparse_75pct,vehicle,annotation,True,True,1,,0.05,0.7903658096470279
b26e791522294bec90f86fd72226e35c_r619,b26e791522294bec90f86fd72226e35c,sparse_75pct,vehicle,annotation,True,True,4,,0.05,0.7948314722417134
b26e791522294bec90f86fd72226e35c_r627,b26e791522294bec90f86fd72226e35c,sparse_75pct,pedestrian_vru,annotation,True,True,1,,0.05,0.766533978421353
b26e791522294bec90f86fd72226e35c_r640,b26e791522294bec90f86fd72226e35c,sparse_75pct,static_manmade,annotation,True,True,1,,0.1,0.6037777775118603
b26e791522294bec90f86fd72226e35c_r641,b26e791522294bec90f86fd72226e35c,sparse_75pct,static_manmade,annotation,True,True,2,,0.1,0.5996048035952514
b26e791522294bec90f86fd72226e35c_r642,b26e791522294bec90f86fd72226e35c,sparse_75pct,static_manmade,annotation,True,True,3,,0.1,0.5982740116718211
b26e791522294bec90f86fd72226e35c_r643,b26e791522294bec90f86fd72226e35c,sparse_75pct,vehicle,annotation,True,True,12,,0.05,0.8048189308738872
b26e791522294bec90f86fd72226e35c_r644,b26e791522294bec90f86fd72226e35c,sparse_75pct,vehicle,annotation,True,True,8,,0.05,0.790780275139971
b26e791522294bec90f86fd72226e35c_r657,b26e791522294bec90f86fd72226e35c,sparse_75pct,pedestrian_vru,annotation,True,True,1,,0.05,0.7659218448858202
b26e791522294bec90f86fd72226e35c_r664,b26e791522294bec90f86fd72226e35c,sparse_75pct,pedestrian_vru,annotation,True,True,17,,0.05,0.8377484219769828
b26e791522294bec90f86fd72226e35c_r665,b26e791522294bec90f86fd72226e35c,sparse_75pct,vehicle,annotation,True,True,1,,0.05,0.7905664954610993
b26e791522294bec90f86fd72226e35c_r692,b26e791522294bec90f86fd72226e35c,sparse_75pct,pedestrian_vru,annotation,True,True,8,,0.05,0.8204693853377539
b26e791522294bec90f86fd72226e35c_r693,b26e791522294bec90f86fd72226e35c,sparse_75pct,pedestrian_vru,annotation,True,True,4,,0.05,0.8162149019672844
b26e791522294bec90f86fd72226e35c_r714,b26e791522294bec90f86fd72226e35c,sparse_75pct,pedestrian_vru,annotation,True,True,2,,0.05,0.7954613543979849
b26e791522294bec90f86fd72226e35c_r716,b26e791522294bec90f86fd72226e35c,sparse_75pct,pedestrian_vru,annotation,True,True,5,,0.05,0.8171542807325209
b26e791522294bec90f86fd72226e35c_r737,b26e791522294bec90f86fd72226e35c,sparse_75pct,pedestrian_vru,annotation,True,True,3,,0.05,0.7870402280488078
b26e791522294bec90f86fd72226e35c_r738,b26e791522294bec90f86fd72226e35c,sparse_75pct,pedestrian_vru,annotation,True,True,1,,0.05,0.7776781665160164
b26e791522294bec90f86fd72226e35c_r739,b26e791522294bec90f86fd72226e35c,sparse_75pct,pedestrian_vru,annotation,True,True,4,,0.05,0.7915759598148054
b26e791522294bec90f86fd72226e35c_r795,b26e791522294bec90f86fd72226e35c,sparse_75pct,vehicle,annotation,True,True,4,,0.1,0.7369840973624702
b26e791522294bec90f86fd72226e35c_r803,b26e791522294bec90f86fd72226e35c,sparse_75pct,vehicle,annotation,True,True,1,,0.1,0.7361856870413289
b26e791522294bec90f86fd72226e35c_r812,b26e791522294bec90f86fd72226e35c,sparse_75pct,vehicle,annotation,True,True,1,,0.1,0.7351108664934629
b26e791522294bec90f86fd72226e35c_r815,b26e791522294bec90f86fd72226e35c,sparse_75pct,vehicle,annotation,True,True,1,,0.1,0.7398875161273667
b26e791522294bec90f86fd72226e35c_r821,b26e791522294bec90f86fd72226e35c,sparse_75pct,vehicle,annotation,True,True,3,,0.1,0.7142537189136118
b26e791522294bec90f86fd72226e35c_r822,b26e791522294bec90f86fd72226e35c,sparse_75pct,static_manmade,annotation,True,True,1,,0.1,0.5193755383626271
b26e791522294bec90f86fd72226e35c_r829,b26e791522294bec90f86fd72226e35c,sparse_75pct,vehicle,annotation,True,True,2,,0.1,0.7074534367104036
b26e791522294bec90f86fd72226e35c_r830,b26e791522294bec90f86fd72226e35c,sparse_75pct,pedestrian_vru,annotation,True,True,2,,0.1,0.740818736617742
b26e791522294bec90f86fd72226e35c_r832,b26e791522294bec90f86fd72226e35c,sparse_75pct,static_manmade,annotation,True,True,2,,0.1,0.5297893783102728
b26e791522294bec90f86fd72226e35c_r833,b26e791522294bec90f86fd72226e35c,sparse_75pct,static_manmade,annotation,True,True,4,,0.1,0.5316993527700059
b26e791522294bec90f86fd72226e35c_r834,b26e791522294bec90f86fd72226e35c,sparse_75pct,static_manmade,annotation,True,True,2,,0.1,0.5330198520468051
b26e791522294bec90f86fd72226e35c_r835,b26e791522294bec90f86fd72226e35c,sparse_75pct,static_manmade,annotation,True,True,1,,0.1,0.5319335868977719
b26e791522294bec90f86fd72226e35c_r842,b26e791522294bec90f86fd72226e35c,sparse_75pct,vehicle,annotation,True,True,1,,0.1,0.709409508477589
b26e791522294bec90f86fd72226e35c_r843,b26e791522294bec90f86fd72226e35c,sparse_75pct,vehicle,annotation,True,True,1,,0.1,0.7094883542062458
b26e791522294bec90f86fd72226e35c_r844,b26e791522294bec90f86fd72226e35c,sparse_75pct,static_manmade,annotation,True,True,3,,0.1,0.5248886323114821
b26e791522294bec90f86fd72226e35c_r845,b26e791522294bec90f86fd72226e35c,sparse_75pct,static_manmade,annotation,True,True,1,,0.1,0.5270548058449713
b26e791522294bec90f86fd72226e35c_r846,b26e791522294bec90f86fd72226e35c,sparse_75pct,static_manmade,annotation,True,True,1,,0.1,0.5275294088423419
b26e791522294bec90f86fd72226e35c_r854,b26e791522294bec90f86fd72226e35c,sparse_75pct,vehicle,annotation,True,True,1,,0.1,0.7191198907164773
b26e791522294bec90f86fd72226e35c_r858,b26e791522294bec90f86fd72226e35c,sparse_75pct,vehicle,annotation,True,True,4,,0.1,0.7282727690192423
b26e791522294bec90f86fd72226e35c_r867,b26e791522294bec90f86fd72226e35c,sparse_75pct,vehicle,annotation,True,True,1,,0.1,0.6985627062364795
b26e791522294bec90f86fd72226e35c_r881,b26e791522294bec90f86fd72226e35c,sparse_75pct,vehicle,annotation,True,True,3,,0.1,0.7271968747446121
b26e791522294bec90f86fd72226e35c_r882,b26e791522294bec90f86fd72226e35c,sparse_75pct,vehicle,annotation,True,True,4,,0.1,0.6963107976516578
b26e791522294bec90f86fd72226e35c_r883,b26e791522294bec90f86fd72226e35c,sparse_75pct,vehicle,annotation,True,True,1,,0.1,0.6916774096608967
b26e791522294bec90f86fd72226e35c_r889,b26e791522294bec90f86fd72226e35c,sparse_75pct,vehicle,annotation,True,True,1,,0.1,0.6843149595758967
b26e791522294bec90f86fd72226e35c_r902,b26e791522294bec90f86fd72226e35c,sparse_75pct,vehicle,annotation,True,True,1,,0.1,0.6895435581622514
b26e791522294bec90f86fd72226e35c_r917,b26e791522294bec90f86fd72226e35c,sparse_75pct,vehicle,annotation,True,True,1,,0.1,0.679559519736944
b26e791522294bec90f86fd72226e35c_r918,b26e791522294bec90f86fd72226e35c,sparse_75pct,vehicle,annotation,True,True,1,,0.1,0.6746214999087556
b26e791522294bec90f86fd72226e35c_r934,b26e791522294bec90f86fd72226e35c,sparse_75pct,vehicle,annotation,True,True,1,,0.1,0.6720444295182133
b26e791522294bec90f86fd72226e35c_r5,b26e791522294bec90f86fd72226e35c,sparse_50pct,pedestrian_vru,annotation,True,True,1,,0.1,0.6917969571736136
b26e791522294bec90f86fd72226e35c_r7,b26e791522294bec90f86fd72226e35c,sparse_50pct,pedestrian_vru,annotation,True,True,1,,0.1,0.7100774705215132
b26e791522294bec90f86fd72226e35c_r56,b26e791522294bec90f86fd72226e35c,sparse_50pct,vehicle,annotation,True,True,1,,0.1,0.7180658432984386
b26e791522294bec90f86fd72226e35c_r74,b26e791522294bec90f86fd72226e35c,sparse_50pct,static_manmade,annotation,True,True,1,,0.1,0.5104850625911564
b26e791522294bec90f86fd72226e35c_r75,b26e791522294bec90f86fd72226e35c,sparse_50pct,vehicle,annotation,True,True,5,,0.1,0.7452166440119472
b26e791522294bec90f86fd72226e35c_r76,b26e791522294bec90f86fd72226e35c,sparse_50pct,vehicle,annotation,True,True,2,,0.1,0.7236712889924488
b26e791522294bec90f86fd72226e35c_r85,b26e791522294bec90f86fd72226e35c,sparse_50pct,vehicle,annotation,True,True,1,,0.1,0.7223121810536103
b26e791522294bec90f86fd72226e35c_r108,b26e791522294bec90f86fd72226e35c,sparse_50pct,static_manmade,annotation,True,True,1,,0.2,0.4983054762042923
b26e791522294bec90f86fd72226e35c_r110,b26e791522294bec90f86fd72226e35c,sparse_50pct,static_manmade,annotation,True,True,3,,0.2,0.4970387960822654
b26e791522294bec90f86fd72226e35c_r111,b26e791522294bec90f86fd72226e35c,sparse_50pct,static_manmade,annotation,True,True,1,,0.1,0.5006790473795718
b26e791522294bec90f86fd72226e35c_r127,b26e791522294bec90f86fd72226e35c,sparse_50pct,static_manmade,annotation,True,True,2,,0.1,0.5037004850080143
b26e791522294bec90f86fd72226e35c_r148,b26e791522294bec90f86fd72226e35c,sparse_50pct,static_manmade,annotation,True,True,1,,0.1,0.5128079906911339
b26e791522294bec90f86fd72226e35c_r149,b26e791522294bec90f86fd72226e35c,sparse_50pct,static_manmade,annotation,True,True,1,,0.1,0.5155356038225731
b26e791522294bec90f86fd72226e35c_r174,b26e791522294bec90f86fd72226e35c,sparse_50pct,static_manmade,annotation,True,True,3,,0.1,0.5190328305073167
b26e791522294bec90f86fd72226e35c_r197,b26e791522294bec90f86fd72226e35c,sparse_50pct,static_manmade,annotation,True,True,1,,0.1,0.559690790455576
b26e791522294bec90f86fd72226e35c_r206,b26e791522294bec90f86fd72226e35c,sparse_50pct,static_manmade,annotation,True,True,2,,0.1,0.5316023813760875
b26e791522294bec90f86fd72226e35c_r233,b26e791522294bec90f86fd72226e35c,sparse_50pct,static_manmade,annotation,True,True,2,,0.1,0.5348242122712921
b26e791522294bec90f86fd72226e35c_r234,b26e791522294bec90f86fd72226e35c,sparse_50pct,static_manmade,annotation,True,True,1,,0.1,0.5392255225989561
b26e791522294bec90f86fd72226e35c_r249,b26e791522294bec90f86fd72226e35c,sparse_50pct,pedestrian_vru,annotation,True,True,6,,0.05,0.8575559074145253
b26e791522294bec90f86fd72226e35c_r259,b26e791522294bec90f86fd72226e35c,sparse_50pct,static_manmade,annotation,True,True,3,,0.1,0.5413690716470516
b26e791522294bec90f86fd72226e35c_r260,b26e791522294bec90f86fd72226e35c,sparse_50pct,static_manmade,annotation,True,True,1,,0.1,0.5463695492814362
b26e791522294bec90f86fd72226e35c_r278,b26e791522294bec90f86fd72226e35c,sparse_50pct,vehicle,annotation,True,True,11,,0.05,0.812882593590637
b26e791522294bec90f86fd72226e35c_r292,b26e791522294bec90f86fd72226e35c,sparse_50pct,static_manmade,annotation,True,True,1,,0.1,0.5448973048561756
b26e791522294bec90f86fd72226e35c_r293,b26e791522294bec90f86fd72226e35c,sparse_50pct,static_manmade,annotation,True,True,3,,0.1,0.5483335957707682
b26e791522294bec90f86fd72226e35c_r311,b26e791522294bec90f86fd72226e35c,sparse_50pct,vehicle,annotation,True,True,21,,0.05,0.8284265859801537
b26e791522294bec90f86fd72226e35c_r312,b26e791522294bec90f86fd72226e35c,sparse_50pct,vehicle,annotation,True,True,2,,0.05,0.8194731181049824
b26e791522294bec90f86fd72226e35c_r315,b26e791522294bec90f86fd72226e35c,sparse_50pct,vehicle,annotation,True,True,3,,0.05,0.7632644392677348
b26e791522294bec90f86fd72226e35c_r316,b26e791522294bec90f86fd72226e35c,sparse_50pct,vehicle,annotation,True,True,5,,0.05,0.7686954832497479
b26e791522294bec90f86fd72226e35c_r342,b26e791522294bec90f86fd72226e35c,sparse_50pct,vehicle,annotation,True,True,54,,0.05,0.8244163037999105
b26e791522294bec90f86fd72226e35c_r346,b26e791522294bec90f86fd72226e35c,sparse_50pct,static_manmade,annotation,True,True,1,,0.1,0.564749217858608
b26e791522294bec90f86fd72226e35c_r348,b26e791522294bec90f86fd72226e35c,sparse_50pct,vehicle,annotation,True,True,19,,0.05,0.7964275165615149
b26e791522294bec90f86fd72226e35c_r382,b26e791522294bec90f86fd72226e35c,sparse_50pct,vehicle,annotation,True,True,19,,0.05,0.7825731962249511
b26e791522294bec90f86fd72226e35c_r395,b26e791522294bec90f86fd72226e35c,sparse_50pct,static_manmade,annotation,True,True,4,,0.1,0.5700221474681726
b26e791522294bec90f86fd72226e35c_r396,b26e791522294bec90f86fd72226e35c,sparse_50pct,static_manmade,annotation,True,True,10,,0.1,0.5731571011284301
b26e791522294bec90f86fd72226e35c_r409,b26e791522294bec90f86fd72226e35c,sparse_50pct,static_manmade,annotation,True,True,74,,0.1,0.6229341581714763
b26e791522294bec90f86fd72226e35c_r410,b26e791522294bec90f86fd72226e35c,sparse_50pct,static_manmade,annotation,True,True,34,,0.1,0.6188370759843991
b26e791522294bec90f86fd72226e35c_r426,b26e791522294bec90f86fd72226e35c,sparse_50pct,static_manmade,annotation,True,True,6,,0.1,0.5753415867284464
b26e791522294bec90f86fd72226e35c_r441,b26e791522294bec90f86fd72226e35c,sparse_50pct,static_manmade,annotation,True,True,138,,0.1,0.627754454542008
b26e791522294bec90f86fd72226e35c_r442,b26e791522294bec90f86fd72226e35c,sparse_50pct,vehicle,annotation,True,True,150,,0.05,0.8372118567550547
b26e791522294bec90f86fd72226e35c_r443,b26e791522294bec90f86fd72226e35c,sparse_50pct,vehicle,annotation,True,True,6,,0.05,0.8192723054114689
b26e791522294bec90f86fd72226e35c_r444,b26e791522294bec90f86fd72226e35c,sparse_50pct,vehicle,annotation,True,True,3,,0.05,0.7908079225319132
b26e791522294bec90f86fd72226e35c_r445,b26e791522294bec90f86fd72226e35c,sparse_50pct,vehicle,annotation,True,True,8,,0.05,0.7915504749624985
b26e791522294bec90f86fd72226e35c_r446,b26e791522294bec90f86fd72226e35c,sparse_50pct,vehicle,annotation,True,True,8,,0.05,0.7865403200466651
b26e791522294bec90f86fd72226e35c_r447,b26e791522294bec90f86fd72226e35c,sparse_50pct,vehicle,annotation,True,True,27,,0.05,0.7872362594111297
b26e791522294bec90f86fd72226e35c_r464,b26e791522294bec90f86fd72226e35c,sparse_50pct,static_manmade,annotation,True,True,1,,0.1,0.5735968840723886
b26e791522294bec90f86fd72226e35c_r466,b26e791522294bec90f86fd72226e35c,sparse_50pct,static_manmade,annotation,True,True,8,,0.1,0.5871839684396818
b26e791522294bec90f86fd72226e35c_r477,b26e791522294bec90f86fd72226e35c,sparse_50pct,static_manmade,annotation,True,True,146,,0.1,0.6286013153989756
b26e791522294bec90f86fd72226e35c_r478,b26e791522294bec90f86fd72226e35c,sparse_50pct,static_manmade,annotation,True,True,62,,0.1,0.6266209764881551
b26e791522294bec90f86fd72226e35c_r479,b26e791522294bec90f86fd72226e35c,sparse_50pct,vehicle,annotation,True,True,23,,0.05,0.8263857850105992
b26e791522294bec90f86fd72226e35c_r480,b26e791522294bec90f86fd72226e35c,sparse_50pct,vehicle,annotation,True,True,3,,0.05,0.7918073254907659
b26e791522294bec90f86fd72226e35c_r482,b26e791522294bec90f86fd72226e35c,sparse_50pct,vehicle,annotation,True,True,22,,0.05,0.7897283480861914
b26e791522294bec90f86fd72226e35c_r494,b26e791522294bec90f86fd72226e35c,sparse_50pct,static_manmade,annotation,True,True,9,,0.1,0.5890012646922537
b26e791522294bec90f86fd72226e35c_r504,b26e791522294bec90f86fd72226e35c,sparse_50pct,static_manmade,annotation,True,True,106,,0.1,0.6265759000954008
b26e791522294bec90f86fd72226e35c_r505,b26e791522294bec90f86fd72226e35c,sparse_50pct,static_manmade,annotation,True,True,99,,0.1,0.6286706881650158
b26e791522294bec90f86fd72226e35c_r509,b26e791522294bec90f86fd72226e35c,sparse_50pct,pedestrian_vru,annotation,True,True,5,,0.05,0.8306646174943408
b26e791522294bec90f86fd72226e35c_r519,b26e791522294bec90f86fd72226e35c,sparse_50pct,static_manmade,annotation,True,True,8,,0.1,0.5907453174003814
b26e791522294bec90f86fd72226e35c_r530,b26e791522294bec90f86fd72226e35c,sparse_50pct,static_manmade,annotation,True,True,12,,0.1,0.6175657965106008
b26e791522294bec90f86fd72226e35c_r534,b26e791522294bec90f86fd72226e35c,sparse_50pct,static_manmade,annotation,True,True,4,,0.1,0.6018195932939162
b26e791522294bec90f86fd72226e35c_r551,b26e791522294bec90f86fd72226e35c,sparse_50pct,pedestrian_vru,annotation,True,True,17,,0.05,0.8483658966631212
b26e791522294bec90f86fd72226e35c_r554,b26e791522294bec90f86fd72226e35c,sparse_50pct,static_manmade,annotation,True,True,1,,0.1,0.6026463405021232
b26e791522294bec90f86fd72226e35c_r555,b26e791522294bec90f86fd72226e35c,sparse_50pct,static_manmade,annotation,True,True,3,,0.1,0.5992984311612677
b26e791522294bec90f86fd72226e35c_r556,b26e791522294bec90f86fd72226e35c,sparse_50pct,static_manmade,annotation,True,True,23,,0.1,0.6075931211891425
b26e791522294bec90f86fd72226e35c_r557,b26e791522294bec90f86fd72226e35c,sparse_50pct,vehicle,annotation,True,True,13,,0.05,0.8001584414377252
b26e791522294bec90f86fd72226e35c_r558,b26e791522294bec90f86fd72226e35c,sparse_50pct,vehicle,annotation,True,True,1,,0.05,0.7903658096470279
b26e791522294bec90f86fd72226e35c_r559,b26e791522294bec90f86fd72226e35c,sparse_50pct,vehicle,annotation,True,True,3,,0.05,0.7949155095251291
b26e791522294bec90f86fd72226e35c_r566,b26e791522294bec90f86fd72226e35c,sparse_50pct,pedestrian_vru,annotation,True,True,1,,0.05,0.766533978421353
b26e791522294bec90f86fd72226e35c_r579,b26e791522294bec90f86fd72226e35c,sparse_50pct,static_manmade,annotation,True,True,1,,0.1,0.6037777775118603
b26e791522294bec90f86fd72226e35c_r580,b26e791522294bec90f86fd72226e35c,sparse_50pct,static_manmade,annotation,True,True,2,,0.1,0.5995980442738341
b26e791522294bec90f86fd72226e35c_r581,b26e791522294bec90f86fd72226e35c,sparse_50pct,static_manmade,annotation,True,True,1,,0.1,0.5980650596045332
b26e791522294bec90f86fd72226e35c_r582,b26e791522294bec90f86fd72226e35c,sparse_50pct,vehicle,annotation,True,True,7,,0.05,0.8036090628868733
b26e791522294bec90f86fd72226e35c_r583,b26e791522294bec90f86fd72226e35c,sparse_50pct,vehicle,annotation,True,True,7,,0.05,0.7907786498235784
b26e791522294bec90f86fd72226e35c_r600,b26e791522294bec90f86fd72226e35c,sparse_50pct,pedestrian_vru,annotation,True,True,11,,0.05,0.8354150112730696
b26e791522294bec90f86fd72226e35c_r601,b26e791522294bec90f86fd72226e35c,sparse_50pct,vehicle,annotation,True,True,1,,0.05,0.7905664954610993
b26e791522294bec90f86fd72226e35c_r624,b26e791522294bec90f86fd72226e35c,sparse_50pct,pedestrian_vru,annotation,True,True,4,,0.05,0.8168678076175464
b26e791522294bec90f86fd72226e35c_r625,b26e791522294bec90f86fd72226e35c,sparse_50pct,pedestrian_vru,annotation,True,True,3,,0.05,0.8160159650123128
b26e791522294bec90f86fd72226e35c_r644,b26e791522294bec90f86fd72226e35c,sparse_50pct,pedestrian_vru,annotation,True,True,2,,0.05,0.7945797146389447
b26e791522294bec90f86fd72226e35c_r646,b26e791522294bec90f86fd72226e35c,sparse_50pct,pedestrian_vru,annotation,True,True,3,,0.05,0.8068638441250529
b26e791522294bec90f86fd72226e35c_r668,b26e791522294bec90f86fd72226e35c,sparse_50pct,pedestrian_vru,annotation,True,True,1,,0.05,0.7776781665160164
b26e791522294bec90f86fd72226e35c_r669,b26e791522294bec90f86fd72226e35c,sparse_50pct,pedestrian_vru,annotation,True,True,3,,0.05,0.7913747802395518
b26e791522294bec90f86fd72226e35c_r720,b26e791522294bec90f86fd72226e35c,sparse_50pct,vehicle,annotation,True,True,2,,0.1,0.7368606906350406
b26e791522294bec90f86fd72226e35c_r727,b26e791522294bec90f86fd72226e35c,sparse_50pct,vehicle,annotation,True,True,1,,0.1,0.7361856870413289
b26e791522294bec90f86fd72226e35c_r737,b26e791522294bec90f86fd72226e35c,sparse_50pct,vehicle,annotation,True,True,1,,0.1,0.7398875161273667
b26e791522294bec90f86fd72226e35c_r742,b26e791522294bec90f86fd72226e35c,sparse_50pct,vehicle,annotation,True,True,1,,0.1,0.7142169199374611
b26e791522294bec90f86fd72226e35c_r743,b26e791522294bec90f86fd72226e35c,sparse_50pct,static_manmade,annotation,True,True,1,,0.1,0.5193755383626271
b26e791522294bec90f86fd72226e35c_r749,b26e791522294bec90f86fd72226e35c,sparse_50pct,vehicle,annotation,True,True,2,,0.1,0.7074524278950025
b26e791522294bec90f86fd72226e35c_r750,b26e791522294bec90f86fd72226e35c,sparse_50pct,pedestrian_vru,annotation,True,True,1,,0.1,0.7405937814489038
b26e791522294bec90f86fd72226e35c_r752,b26e791522294bec90f86fd72226e35c,sparse_50pct,static_manmade,annotation,True,True,1,,0.1,0.52994192507092
b26e791522294bec90f86fd72226e35c_r753,b26e791522294bec90f86fd72226e35c,sparse_50pct,static_manmade,annotation,True,True,1,,0.1,0.5309823719499056
b26e791522294bec90f86fd72226e35c_r759,b26e791522294bec90f86fd72226e35c,sparse_50pct,vehicle,annotation,True,True,1,,0.1,0.709409508477589
b26e791522294bec90f86fd72226e35c_r760,b26e791522294bec90f86fd72226e35c,sparse_50pct,vehicle,annotation,True,True,1,,0.1,0.7094883542062458
b26e791522294bec90f86fd72226e35c_r761,b26e791522294bec90f86fd72226e35c,sparse_50pct,static_manmade,annotation,True,True,2,,0.1,0.5242362593334203
b26e791522294bec90f86fd72226e35c_r762,b26e791522294bec90f86fd72226e35c,sparse_50pct,static_manmade,annotation,True,True,1,,0.1,0.5270548058449713
b26e791522294bec90f86fd72226e35c_r763,b26e791522294bec90f86fd72226e35c,sparse_50pct,static_manmade,annotation,True,True,1,,0.1,0.5275294088423419
b26e791522294bec90f86fd72226e35c_r773,b26e791522294bec90f86fd72226e35c,sparse_50pct,vehicle,annotation,True,True,2,,0.1,0.7289605767594585
b26e791522294bec90f86fd72226e35c_r780,b26e791522294bec90f86fd72226e35c,sparse_50pct,static_manmade,annotation,True,True,1,,0.1,0.5094744927852383
b26e791522294bec90f86fd72226e35c_r781,b26e791522294bec90f86fd72226e35c,sparse_50pct,vehicle,annotation,True,True,1,,0.1,0.6985627062364795
b26e791522294bec90f86fd72226e35c_r793,b26e791522294bec90f86fd72226e35c,sparse_50pct,vehicle,annotation,True,True,2,,0.1,0.7260411687280658
b26e791522294bec90f86fd72226e35c_r794,b26e791522294bec90f86fd72226e35c,sparse_50pct,vehicle,annotation,True,True,3,,0.1,0.6965509605244079
b26e791522294bec90f86fd72226e35c_r800,b26e791522294bec90f86fd72226e35c,sparse_50pct,vehicle,annotation,True,True,1,,0.1,0.6843149595758967
b26e791522294bec90f86fd72226e35c_r824,b26e791522294bec90f86fd72226e35c,sparse_50pct,vehicle,annotation,True,True,1,,0.1,0.679559519736944
b26e791522294bec90f86fd72226e35c_r825,b26e791522294bec90f86fd72226e35c,sparse_50pct,vehicle,annotation,True,True,1,,0.1,0.6746214999087556
b26e791522294bec90f86fd72226e35c_r841,b26e791522294bec90f86fd72226e35c,sparse_50pct,vehicle,annotation,True,True,1,,0.1,0.6720444295182133
b26e791522294bec90f86fd72226e35c_r40,b26e791522294bec90f86fd72226e35c,sparse_25pct,static_manmade,annotation,True,True,1,,0.1,0.5104850625911564
b26e791522294bec90f86fd72226e35c_r41,b26e791522294bec90f86fd72226e35c,sparse_25pct,vehicle,annotation,True,True,1,,0.1,0.7224894131237786
b26e791522294bec90f86fd72226e35c_r42,b26e791522294bec90f86fd72226e35c,sparse_25pct,vehicle,annotation,True,True,2,,0.1,0.7236717476941319
b26e791522294bec90f86fd72226e35c_r48,b26e791522294bec90f86fd72226e35c,sparse_25pct,vehicle,annotation,True,True,1,,0.1,0.7223121810536103
b26e791522294bec90f86fd72226e35c_r63,b26e791522294bec90f86fd72226e35c,sparse_25pct,static_manmade,annotation,True,True,1,,0.2,0.4983054762042923
b26e791522294bec90f86fd72226e35c_r65,b26e791522294bec90f86fd72226e35c,sparse_25pct,static_manmade,annotation,True,True,1,,0.2,0.4962959040163804
b26e791522294bec90f86fd72226e35c_r66,b26e791522294bec90f86fd72226e35c,sparse_25pct,static_manmade,annotation,True,True,1,,0.1,0.5006790473795718
b26e791522294bec90f86fd72226e35c_r95,b26e791522294bec90f86fd72226e35c,sparse_25pct,static_manmade,annotation,True,True,1,,0.1,0.5128079906911339
b26e791522294bec90f86fd72226e35c_r96,b26e791522294bec90f86fd72226e35c,sparse_25pct,static_manmade,annotation,True,True,1,,0.1,0.5155356038225731
b26e791522294bec90f86fd72226e35c_r118,b26e791522294bec90f86fd72226e35c,sparse_25pct,static_manmade,annotation,True,True,1,,0.1,0.518204284661742
b26e791522294bec90f86fd72226e35c_r143,b26e791522294bec90f86fd72226e35c,sparse_25pct,static_manmade,annotation,True,True,2,,0.1,0.5316093006128993
b26e791522294bec90f86fd72226e35c_r168,b26e791522294bec90f86fd72226e35c,sparse_25pct,static_manmade,annotation,True,True,1,,0.1,0.5392255225989561
b26e791522294bec90f86fd72226e35c_r182,b26e791522294bec90f86fd72226e35c,sparse_25pct,pedestrian_vru,annotation,True,True,2,,0.05,0.844433673563212
b26e791522294bec90f86fd72226e35c_r187,b26e791522294bec90f86fd72226e35c,sparse_25pct,static_manmade,annotation,True,True,3,,0.1,0.5413775842621841
b26e791522294bec90f86fd72226e35c_r188,b26e791522294bec90f86fd72226e35c,sparse_25pct,static_manmade,annotation,True,True,1,,0.1,0.5463695492814362
b26e791522294bec90f86fd72226e35c_r217,b26e791522294bec90f86fd72226e35c,sparse_25pct,static_manmade,annotation,True,True,1,,0.1,0.5448973048561756
b26e791522294bec90f86fd72226e35c_r218,b26e791522294bec90f86fd72226e35c,sparse_25pct,static_manmade,annotation,True,True,1,,0.1,0.5479989468727945
b26e791522294bec90f86fd72226e35c_r235,b26e791522294bec90f86fd72226e35c,sparse_25pct,vehicle,annotation,True,True,14,,0.05,0.8226795318271186
b26e791522294bec90f86fd72226e35c_r238,b26e791522294bec90f86fd72226e35c,sparse_25pct,vehicle,annotation,True,True,1,,0.1,0.7484730781963713
b26e791522294bec90f86fd72226e35c_r239,b26e791522294bec90f86fd72226e35c,sparse_25pct,vehicle,annotation,True,True,1,,0.1,0.7477482654535919
b26e791522294bec90f86fd72226e35c_r263,b26e791522294bec90f86fd72226e35c,sparse_25pct,vehicle,annotation,True,True,28,,0.05,0.8249244508733992
b26e791522294bec90f86fd72226e35c_r268,b26e791522294bec90f86fd72226e35c,sparse_25pct,vehicle,annotation,True,True,9,,0.05,0.8017799250956199
b26e791522294bec90f86fd72226e35c_r295,b26e791522294bec90f86fd72226e35c,sparse_25pct,static_manmade,annotation,True,True,20,,0.1,0.6156017589605353
b26e791522294bec90f86fd72226e35c_r299,b26e791522294bec90f86fd72226e35c,sparse_25pct,vehicle,annotation,True,True,12,,0.05,0.7829228790045366
b26e791522294bec90f86fd72226e35c_r312,b26e791522294bec90f86fd72226e35c,sparse_25pct,static_manmade,annotation,True,True,6,,0.1,0.5735275112863137
b26e791522294bec90f86fd72226e35c_r325,b26e791522294bec90f86fd72226e35c,sparse_25pct,static_manmade,annotation,True,True,33,,0.1,0.6235973027786911
b26e791522294bec90f86fd72226e35c_r326,b26e791522294bec90f86fd72226e35c,sparse_25pct,static_manmade,annotation,True,True,15,,0.1,0.6187834221902586
b26e791522294bec90f86fd72226e35c_r340,b26e791522294bec90f86fd72226e35c,sparse_25pct,static_manmade,annotation,True,True,4,,0.1,0.5758666428115942
b26e791522294bec90f86fd72226e35c_r354,b26e791522294bec90f86fd72226e35c,sparse_25pct,static_manmade,annotation,True,True,57,,0.1,0.627465105039198
b26e791522294bec90f86fd72226e35c_r355,b26e791522294bec90f86fd72226e35c,sparse_25pct,vehicle,annotation,True,True,74,,0.05,0.8375172082040774
b26e791522294bec90f86fd72226e35c_r356,b26e791522294bec90f86fd72226e35c,sparse_25pct,vehicle,annotation,True,True,5,,0.05,0.8196022035791469
b26e791522294bec90f86fd72226e35c_r357,b26e791522294bec90f86fd72226e35c,sparse_25pct,vehicle,annotation,True,True,3,,0.05,0.7909773111987115
b26e791522294bec90f86fd72226e35c_r358,b26e791522294bec90f86fd72226e35c,sparse_25pct,vehicle,annotation,True,True,2,,0.05,0.7889962296278846
b26e791522294bec90f86fd72226e35c_r359,b26e791522294bec90f86fd72226e35c,sparse_25pct,vehicle,annotation,True,True,6,,0.05,0.7856660741681339
b26e791522294bec90f86fd72226e35c_r360,b26e791522294bec90f86fd72226e35c,sparse_25pct,vehicle,annotation,True,True,16,,0.05,0.7855182413453224
b26e791522294bec90f86fd72226e35c_r374,b26e791522294bec90f86fd72226e35c,sparse_25pct,static_manmade,annotation,True,True,5,,0.1,0.5833898288288666
b26e791522294bec90f86fd72226e35c_r375,b26e791522294bec90f86fd72226e35c,sparse_25pct,static_manmade,annotation,True,True,6,,0.1,0.5870566115725294
b26e791522294bec90f86fd72226e35c_r386,b26e791522294bec90f86fd72226e35c,sparse_25pct,static_manmade,annotation,True,True,71,,0.1,0.6289960668460937
b26e791522294bec90f86fd72226e35c_r387,b26e791522294bec90f86fd72226e35c,sparse_25pct,static_manmade,annotation,True,True,36,,0.1,0.6267609778601022
b26e791522294bec90f86fd72226e35c_r388,b26e791522294bec90f86fd72226e35c,sparse_25pct,vehicle,annotation,True,True,9,,0.05,0.8303590428532904
b26e791522294bec90f86fd72226e35c_r389,b26e791522294bec90f86fd72226e35c,sparse_25pct,vehicle,annotation,True,True,2,,0.05,0.7922179009608175
b26e791522294bec90f86fd72226e35c_r391,b26e791522294bec90f86fd72226e35c,sparse_25pct,vehicle,annotation,True,True,9,,0.05,0.7845080862703456
b26e791522294bec90f86fd72226e35c_r402,b26e791522294bec90f86fd72226e35c,sparse_25pct,static_manmade,annotation,True,True,5,,0.1,0.5891595496197873
b26e791522294bec90f86fd72226e35c_r412,b26e791522294bec90f86fd72226e35c,sparse_25pct,static_manmade,annotation,True,True,43,,0.1,0.627008330350917
b26e791522294bec90f86fd72226e35c_r413,b26e791522294bec90f86fd72226e35c,sparse_25pct,static_manmade,annotation,True,True,55,,0.1,0.6284077492344132
b26e791522294bec90f86fd72226e35c_r421,b26e791522294bec90f86fd72226e35c,sparse_25pct,static_manmade,annotation,True,True,3,,0.1,0.5855275909965403
b26e791522294bec90f86fd72226e35c_r432,b26e791522294bec90f86fd72226e35c,sparse_25pct,pedestrian_vru,annotation,True,True,5,,0.05,0.8419525716462393
b26e791522294bec90f86fd72226e35c_r436,b26e791522294bec90f86fd72226e35c,sparse_25pct,static_manmade,annotation,True,True,1,,0.1,0.5947115917944668
b26e791522294bec90f86fd72226e35c_r446,b26e791522294bec90f86fd72226e35c,sparse_25pct,pedestrian_vru,annotation,True,True,10,,0.05,0.8483808158329733
b26e791522294bec90f86fd72226e35c_r449,b26e791522294bec90f86fd72226e35c,sparse_25pct,static_manmade,annotation,True,True,2,,0.1,0.5976454356244851
b26e791522294bec90f86fd72226e35c_r450,b26e791522294bec90f86fd72226e35c,sparse_25pct,static_manmade,annotation,True,True,13,,0.1,0.6081893507164542
b26e791522294bec90f86fd72226e35c_r451,b26e791522294bec90f86fd72226e35c,sparse_25pct,vehicle,annotation,True,True,6,,0.05,0.7982811274143559
b26e791522294bec90f86fd72226e35c_r452,b26e791522294bec90f86fd72226e35c,sparse_25pct,vehicle,annotation,True,True,2,,0.05,0.795956768426771
b26e791522294bec90f86fd72226e35c_r470,b26e791522294bec90f86fd72226e35c,sparse_25pct,static_manmade,annotation,True,True,1,,0.1,0.6037777775118603
b26e791522294bec90f86fd72226e35c_r471,b26e791522294bec90f86fd72226e35c,sparse_25pct,static_manmade,annotation,True,True,1,,0.1,0.5993957333498787
b26e791522294bec90f86fd72226e35c_r472,b26e791522294bec90f86fd72226e35c,sparse_25pct,static_manmade,annotation,True,True,1,,0.1,0.5980650596045332
b26e791522294bec90f86fd72226e35c_r473,b26e791522294bec90f86fd72226e35c,sparse_25pct,vehicle,annotation,True,True,6,,0.05,0.8040496483098002
b26e791522294bec90f86fd72226e35c_r474,b26e791522294bec90f86fd72226e35c,sparse_25pct,vehicle,annotation,True,True,3,,0.05,0.7907911926671531
b26e791522294bec90f86fd72226e35c_r489,b26e791522294bec90f86fd72226e35c,sparse_25pct,pedestrian_vru,annotation,True,True,5,,0.05,0.8302137937238869
b26e791522294bec90f86fd72226e35c_r521,b26e791522294bec90f86fd72226e35c,sparse_25pct,pedestrian_vru,annotation,True,True,2,,0.05,0.7948188607203929
b26e791522294bec90f86fd72226e35c_r522,b26e791522294bec90f86fd72226e35c,sparse_25pct,pedestrian_vru,annotation,True,True,1,,0.05,0.8067206394544896
b26e791522294bec90f86fd72226e35c_r540,b26e791522294bec90f86fd72226e35c,sparse_25pct,pedestrian_vru,annotation,True,True,1,,0.05,0.7776781665160164
b26e791522294bec90f86fd72226e35c_r541,b26e791522294bec90f86fd72226e35c,sparse_25pct,pedestrian_vru,annotation,True,True,1,,0.05,0.7841193810540228
b26e791522294bec90f86fd72226e35c_r582,b26e791522294bec90f86fd72226e35c,sparse_25pct,vehicle,annotation,True,True,1,,0.1,0.7368311400252063
b26e791522294bec90f86fd72226e35c_r597,b26e791522294bec90f86fd72226e35c,sparse_25pct,vehicle,annotation,True,True,1,,0.1,0.7398875161273667
b26e791522294bec90f86fd72226e35c_r598,b26e791522294bec90f86fd72226e35c,sparse_25pct,vehicle,annotation,True,True,1,,0.1,0.7142169199374611
b26e791522294bec90f86fd72226e35c_r599,b26e791522294bec90f86fd72226e35c,sparse_25pct,static_manmade,annotation,True,True,1,,0.1,0.5193755383626271
b26e791522294bec90f86fd72226e35c_r602,b26e791522294bec90f86fd72226e35c,sparse_25pct,vehicle,annotation,True,True,1,,0.1,0.7074580471757879
b26e791522294bec90f86fd72226e35c_r603,b26e791522294bec90f86fd72226e35c,sparse_25pct,pedestrian_vru,annotation,True,True,1,,0.1,0.7405937814489038
b26e791522294bec90f86fd72226e35c_r608,b26e791522294bec90f86fd72226e35c,sparse_25pct,vehicle,annotation,True,True,1,,0.1,0.709409508477589
b26e791522294bec90f86fd72226e35c_r609,b26e791522294bec90f86fd72226e35c,sparse_25pct,vehicle,annotation,True,True,1,,0.1,0.7094883542062458
b26e791522294bec90f86fd72226e35c_r610,b26e791522294bec90f86fd72226e35c,sparse_25pct,static_manmade,annotation,True,True,2,,0.1,0.524244207298531
b26e791522294bec90f86fd72226e35c_r616,b26e791522294bec90f86fd72226e35c,sparse_25pct,vehicle,annotation,True,True,2,,0.1,0.729363071959789
b26e791522294bec90f86fd72226e35c_r626,b26e791522294bec90f86fd72226e35c,sparse_25pct,vehicle,annotation,True,True,1,,0.1,0.6995419133952062
b26e791522294bec90f86fd72226e35c_r627,b26e791522294bec90f86fd72226e35c,sparse_25pct,vehicle,annotation,True,True,2,,0.1,0.6979266505810874
b26e791522294bec90f86fd72226e35c_r632,b26e791522294bec90f86fd72226e35c,sparse_25pct,vehicle,annotation,True,True,1,,0.1,0.6843149595758967
b26e791522294bec90f86fd72226e35c_r652,b26e791522294bec90f86fd72226e35c,sparse_25pct,vehicle,annotation,True,True,1,,0.1,0.679559519736944
b26e791522294bec90f86fd72226e35c_r9,b26e791522294bec90f86fd72226e35c,noise_low,pedestrian_vru,annotation,True,True,1,,0.1,0.6918249422129835
b26e791522294bec90f86fd72226e35c_r12,b26e791522294bec90f86fd72226e35c,noise_low,pedestrian_vru,annotation,True,True,2,,0.1,0.6925757292645375
b26e791522294bec90f86fd72226e35c_r35,b26e791522294bec90f86fd72226e35c,noise_low,pedestrian_vru,annotation,True,True,3,,0.05,0.7567781627576048
b26e791522294bec90f86fd72226e35c_r91,b26e791522294bec90f86fd72226e35c,noise_low,vehicle,annotation,True,True,3,,0.1,0.7298613933713409
b26e791522294bec90f86fd72226e35c_r113,b26e791522294bec90f86fd72226e35c,noise_low,static_manmade,annotation,True,True,1,,0.1,0.5104886392931304
b26e791522294bec90f86fd72226e35c_r114,b26e791522294bec90f86fd72226e35c,noise_low,vehicle,annotation,True,True,8,,0.1,0.7442923677873272
b26e791522294bec90f86fd72226e35c_r115,b26e791522294bec90f86fd72226e35c,noise_low,vehicle,annotation,True,True,2,,0.1,0.7237708027306489
b26e791522294bec90f86fd72226e35c_r129,b26e791522294bec90f86fd72226e35c,noise_low,vehicle,annotation,True,True,3,,0.1,0.746499435935143
b26e791522294bec90f86fd72226e35c_r143,b26e791522294bec90f86fd72226e35c,noise_low,static_manmade,annotation,True,True,1,,0.2,0.4868003072513214
b26e791522294bec90f86fd72226e35c_r144,b26e791522294bec90f86fd72226e35c,noise_low,static_manmade,annotation,True,True,1,,0.2,0.49162072314870126
b26e791522294bec90f86fd72226e35c_r161,b26e791522294bec90f86fd72226e35c,noise_low,static_manmade,annotation,True,True,1,,0.2,0.4983114213113986
b26e791522294bec90f86fd72226e35c_r164,b26e791522294bec90f86fd72226e35c,noise_low,static_manmade,annotation,True,True,3,,0.2,0.4968391002420881
b26e791522294bec90f86fd72226e35c_r165,b26e791522294bec90f86fd72226e35c,noise_low,static_manmade,annotation,True,True,1,,0.1,0.500713682766718
b26e791522294bec90f86fd72226e35c_r186,b26e791522294bec90f86fd72226e35c,noise_low,static_manmade,annotation,True,True,3,,0.1,0.5047430246139266
b26e791522294bec90f86fd72226e35c_r187,b26e791522294bec90f86fd72226e35c,noise_low,static_manmade,annotation,True,True,1,,0.1,0.5077877575335723
b26e791522294bec90f86fd72226e35c_r213,b26e791522294bec90f86fd72226e35c,noise_low,static_manmade,annotation,True,True,4,,0.1,0.512610315471598
b26e791522294bec90f86fd72226e35c_r214,b26e791522294bec90f86fd72226e35c,noise_low,static_manmade,annotation,True,True,1,,0.1,0.5155345455386328
b26e791522294bec90f86fd72226e35c_r242,b26e791522294bec90f86fd72226e35c,noise_low,static_manmade,annotation,True,True,7,,0.1,0.5287508375211185
b26e791522294bec90f86fd72226e35c_r266,b26e791522294bec90f86fd72226e35c,noise_low,static_manmade,annotation,True,True,2,,0.1,0.5596164493507314
b26e791522294bec90f86fd72226e35c_r276,b26e791522294bec90f86fd72226e35c,noise_low,static_manmade,annotation,True,True,2,,0.1,0.5316661281795472
b26e791522294bec90f86fd72226e35c_r305,b26e791522294bec90f86fd72226e35c,noise_low,static_manmade,annotation,True,True,5,,0.1,0.535599100485395
b26e791522294bec90f86fd72226e35c_r306,b26e791522294bec90f86fd72226e35c,noise_low,static_manmade,annotation,True,True,2,,0.1,0.539150048033145
b26e791522294bec90f86fd72226e35c_r321,b26e791522294bec90f86fd72226e35c,noise_low,pedestrian_vru,annotation,True,True,14,,0.05,0.8511303109984145
b26e791522294bec90f86fd72226e35c_r332,b26e791522294bec90f86fd72226e35c,noise_low,static_manmade,annotation,True,True,6,,0.1,0.543063479033605
b26e791522294bec90f86fd72226e35c_r333,b26e791522294bec90f86fd72226e35c,noise_low,static_manmade,annotation,True,True,2,,0.1,0.5461782456284541
b26e791522294bec90f86fd72226e35c_r367,b26e791522294bec90f86fd72226e35c,noise_low,static_manmade,annotation,True,True,1,,0.1,0.5448677755734535
b26e791522294bec90f86fd72226e35c_r368,b26e791522294bec90f86fd72226e35c,noise_low,static_manmade,annotation,True,True,6,,0.1,0.5487165885403426
b26e791522294bec90f86fd72226e35c_r386,b26e791522294bec90f86fd72226e35c,noise_low,vehicle,annotation,True,True,49,,0.05,0.8296367227743539
b26e791522294bec90f86fd72226e35c_r387,b26e791522294bec90f86fd72226e35c,noise_low,vehicle,annotation,True,True,4,,0.05,0.8194473062198421
b26e791522294bec90f86fd72226e35c_r390,b26e791522294bec90f86fd72226e35c,noise_low,vehicle,annotation,True,True,4,,0.05,0.7650249200912473
b26e791522294bec90f86fd72226e35c_r391,b26e791522294bec90f86fd72226e35c,noise_low,vehicle,annotation,True,True,8,,0.05,0.7697292665567057
b26e791522294bec90f86fd72226e35c_r400,b26e791522294bec90f86fd72226e35c,noise_low,pedestrian_vru,annotation,True,True,1,,0.1,0.7082586957659295
b26e791522294bec90f86fd72226e35c_r404,b26e791522294bec90f86fd72226e35c,noise_low,static_manmade,annotation,True,True,2,,0.1,0.5508836936300527
b26e791522294bec90f86fd72226e35c_r421,b26e791522294bec90f86fd72226e35c,noise_low,vehicle,annotation,True,True,106,,0.05,0.8242898326546635
b26e791522294bec90f86fd72226e35c_r428,b26e791522294bec90f86fd72226e35c,noise_low,vehicle,annotation,True,True,38,,0.05,0.8027567445084981
b26e791522294bec90f86fd72226e35c_r466,b26e791522294bec90f86fd72226e35c,noise_low,vehicle,annotation,True,True,40,,0.05,0.7836190436735866
b26e791522294bec90f86fd72226e35c_r483,b26e791522294bec90f86fd72226e35c,noise_low,static_manmade,annotation,True,True,5,,0.1,0.571661924231461
b26e791522294bec90f86fd72226e35c_r484,b26e791522294bec90f86fd72226e35c,noise_low,static_manmade,annotation,True,True,16,,0.1,0.5741559804077162
b26e791522294bec90f86fd72226e35c_r498,b26e791522294bec90f86fd72226e35c,noise_low,static_manmade,annotation,True,True,157,,0.1,0.6236364753453184
b26e791522294bec90f86fd72226e35c_r499,b26e791522294bec90f86fd72226e35c,noise_low,static_manmade,annotation,True,True,64,,0.1,0.6193125857970047
b26e791522294bec90f86fd72226e35c_r500,b26e791522294bec90f86fd72226e35c,noise_low,vehicle,annotation,True,True,2,,0.05,0.7761929680116065
b26e791522294bec90f86fd72226e35c_r516,b26e791522294bec90f86fd72226e35c,noise_low,static_manmade,annotation,True,True,10,,0.1,0.5765394915682674
b26e791522294bec90f86fd72226e35c_r531,b26e791522294bec90f86fd72226e35c,noise_low,static_manmade,annotation,True,True,290,,0.1,0.6283218643494458
b26e791522294bec90f86fd72226e35c_r532,b26e791522294bec90f86fd72226e35c,noise_low,vehicle,annotation,True,True,314,,0.05,0.8388396064369384
b26e791522294bec90f86fd72226e35c_r533,b26e791522294bec90f86fd72226e35c,noise_low,vehicle,annotation,True,True,13,,0.05,0.8224853865889031
b26e791522294bec90f86fd72226e35c_r534,b26e791522294bec90f86fd72226e35c,noise_low,vehicle,annotation,True,True,10,,0.05,0.7903275119145372
b26e791522294bec90f86fd72226e35c_r535,b26e791522294bec90f86fd72226e35c,noise_low,vehicle,annotation,True,True,12,,0.05,0.7936874814095319
b26e791522294bec90f86fd72226e35c_r536,b26e791522294bec90f86fd72226e35c,noise_low,vehicle,annotation,True,True,18,,0.05,0.7887193624289963
b26e791522294bec90f86fd72226e35c_r537,b26e791522294bec90f86fd72226e35c,noise_low,vehicle,annotation,True,True,51,,0.05,0.7909895840821624
b26e791522294bec90f86fd72226e35c_r538,b26e791522294bec90f86fd72226e35c,noise_low,vehicle,annotation,True,True,2,,0.05,0.7664842717385674
b26e791522294bec90f86fd72226e35c_r558,b26e791522294bec90f86fd72226e35c,noise_low,static_manmade,annotation,True,True,5,,0.1,0.574679504008411
b26e791522294bec90f86fd72226e35c_r560,b26e791522294bec90f86fd72226e35c,noise_low,static_manmade,annotation,True,True,13,,0.1,0.5877720593414323
b26e791522294bec90f86fd72226e35c_r571,b26e791522294bec90f86fd72226e35c,noise_low,static_manmade,annotation,True,True,322,,0.1,0.6294113478325798
b26e791522294bec90f86fd72226e35c_r572,b26e791522294bec90f86fd72226e35c,noise_low,static_manmade,annotation,True,True,136,,0.1,0.6272814298971432
b26e791522294bec90f86fd72226e35c_r573,b26e791522294bec90f86fd72226e35c,noise_low,vehicle,annotation,True,True,53,,0.05,0.8305613375558384
b26e791522294bec90f86fd72226e35c_r574,b26e791522294bec90f86fd72226e35c,noise_low,vehicle,annotation,True,True,4,,0.05,0.792112946030983
b26e791522294bec90f86fd72226e35c_r576,b26e791522294bec90f86fd72226e35c,noise_low,vehicle,annotation,True,True,42,,0.05,0.7907802004042014
b26e791522294bec90f86fd72226e35c_r590,b26e791522294bec90f86fd72226e35c,noise_low,static_manmade,annotation,True,True,24,,0.1,0.5895016202995431
b26e791522294bec90f86fd72226e35c_r591,b26e791522294bec90f86fd72226e35c,noise_low,static_manmade,annotation,True,True,31,,0.1,0.594704121978347
b26e791522294bec90f86fd72226e35c_r601,b26e791522294bec90f86fd72226e35c,noise_low,static_manmade,annotation,True,True,187,,0.1,0.6293285916722818
b26e791522294bec90f86fd72226e35c_r605,b26e791522294bec90f86fd72226e35c,noise_low,pedestrian_vru,annotation,True,True,9,,0.05,0.830733072239001
b26e791522294bec90f86fd72226e35c_r616,b26e791522294bec90f86fd72226e35c,noise_low,static_manmade,annotation,True,True,10,,0.1,0.5915250991304947
b26e791522294bec90f86fd72226e35c_r627,b26e791522294bec90f86fd72226e35c,noise_low,pedestrian_vru,annotation,True,True,21,,0.05,0.8433728643886801
b26e791522294bec90f86fd72226e35c_r631,b26e791522294bec90f86fd72226e35c,noise_low,static_manmade,annotation,True,True,9,,0.1,0.6012869253045923
b26e791522294bec90f86fd72226e35c_r652,b26e791522294bec90f86fd72226e35c,noise_low,pedestrian_vru,annotation,True,True,44,,0.05,0.8506441484043119
b26e791522294bec90f86fd72226e35c_r655,b26e791522294bec90f86fd72226e35c,noise_low,static_manmade,annotation,True,True,2,,0.1,0.6028183873313162
b26e791522294bec90f86fd72226e35c_r656,b26e791522294bec90f86fd72226e35c,noise_low,static_manmade,annotation,True,True,3,,0.1,0.5993882230679264
b26e791522294bec90f86fd72226e35c_r657,b26e791522294bec90f86fd72226e35c,noise_low,static_manmade,annotation,True,True,48,,0.1,0.608863234028442
b26e791522294bec90f86fd72226e35c_r658,b26e791522294bec90f86fd72226e35c,noise_low,vehicle,annotation,True,True,20,,0.05,0.8017291318035639
b26e791522294bec90f86fd72226e35c_r659,b26e791522294bec90f86fd72226e35c,noise_low,vehicle,annotation,True,True,1,,0.05,0.7903172608100708
b26e791522294bec90f86fd72226e35c_r660,b26e791522294bec90f86fd72226e35c,noise_low,vehicle,annotation,True,True,5,,0.05,0.7940243106329137
b26e791522294bec90f86fd72226e35c_r669,b26e791522294bec90f86fd72226e35c,noise_low,pedestrian_vru,annotation,True,True,2,,0.05,0.7683093560743288
b26e791522294bec90f86fd72226e35c_r682,b26e791522294bec90f86fd72226e35c,noise_low,static_manmade,annotation,True,True,3,,0.1,0.6074849390797623
b26e791522294bec90f86fd72226e35c_r683,b26e791522294bec90f86fd72226e35c,noise_low,static_manmade,annotation,True,True,2,,0.1,0.5996202368050764
b26e791522294bec90f86fd72226e35c_r684,b26e791522294bec90f86fd72226e35c,noise_low,static_manmade,annotation,True,True,5,,0.1,0.5986736860308559
b26e791522294bec90f86fd72226e35c_r685,b26e791522294bec90f86fd72226e35c,noise_low,vehicle,annotation,True,True,14,,0.05,0.8041530424420827
b26e791522294bec90f86fd72226e35c_r686,b26e791522294bec90f86fd72226e35c,noise_low,vehicle,annotation,True,True,12,,0.05,0.7910482662422469
b26e791522294bec90f86fd72226e35c_r705,b26e791522294bec90f86fd72226e35c,noise_low,pedestrian_vru,annotation,True,True,23,,0.05,0.8382613789701986
b26e791522294bec90f86fd72226e35c_r706,b26e791522294bec90f86fd72226e35c,noise_low,vehicle,annotation,True,True,1,,0.05,0.7905848291312477
b26e791522294bec90f86fd72226e35c_r734,b26e791522294bec90f86fd72226e35c,noise_low,pedestrian_vru,annotation,True,True,9,,0.05,0.8207397701596889
b26e791522294bec90f86fd72226e35c_r735,b26e791522294bec90f86fd72226e35c,noise_low,pedestrian_vru,annotation,True,True,5,,0.05,0.8166459847603472
b26e791522294bec90f86fd72226e35c_r757,b26e791522294bec90f86fd72226e35c,noise_low,pedestrian_vru,annotation,True,True,3,,0.05,0.7949474280366849
b26e791522294bec90f86fd72226e35c_r759,b26e791522294bec90f86fd72226e35c,noise_low,pedestrian_vru,annotation,True,True,5,,0.05,0.8169927662451831
b26e791522294bec90f86fd72226e35c_r783,b26e791522294bec90f86fd72226e35c,noise_low,pedestrian_vru,annotation,True,True,4,,0.05,0.786555981508699
b26e791522294bec90f86fd72226e35c_r784,b26e791522294bec90f86fd72226e35c,noise_low,pedestrian_vru,annotation,True,True,1,,0.05,0.7776888711226163
b26e791522294bec90f86fd72226e35c_r785,b26e791522294bec90f86fd72226e35c,noise_low,pedestrian_vru,annotation,True,True,3,,0.05,0.792054192186182
b26e791522294bec90f86fd72226e35c_r786,b26e791522294bec90f86fd72226e35c,noise_low,pedestrian_vru,annotation,True,True,1,,0.05,0.7839805349531751
b26e791522294bec90f86fd72226e35c_r846,b26e791522294bec90f86fd72226e35c,noise_low,vehicle,annotation,True,True,6,,0.1,0.7371036780300286
b26e791522294bec90f86fd72226e35c_r854,b26e791522294bec90f86fd72226e35c,noise_low,vehicle,annotation,True,True,1,,0.1,0.7362076863041322
b26e791522294bec90f86fd72226e35c_r862,b26e791522294bec90f86fd72226e35c,noise_low,static_manmade,annotation,True,True,1,,0.1,0.521995133685733
b26e791522294bec90f86fd72226e35c_r864,b26e791522294bec90f86fd72226e35c,noise_low,vehicle,annotation,True,True,2,,0.1,0.7357350401537788
b26e791522294bec90f86fd72226e35c_r867,b26e791522294bec90f86fd72226e35c,noise_low,vehicle,annotation,True,True,1,,0.1,0.7399428989656913
b26e791522294bec90f86fd72226e35c_r875,b26e791522294bec90f86fd72226e35c,noise_low,vehicle,annotation,True,True,3,,0.1,0.7144019140377202
b26e791522294bec90f86fd72226e35c_r876,b26e791522294bec90f86fd72226e35c,noise_low,static_manmade,annotation,True,True,1,,0.1,0.5193649498133394
b26e791522294bec90f86fd72226e35c_r885,b26e791522294bec90f86fd72226e35c,noise_low,vehicle,annotation,True,True,2,,0.1,0.7076037868615078
b26e791522294bec90f86fd72226e35c_r886,b26e791522294bec90f86fd72226e35c,noise_low,pedestrian_vru,annotation,True,True,2,,0.1,0.7407953787156775
b26e791522294bec90f86fd72226e35c_r887,b26e791522294bec90f86fd72226e35c,noise_low,static_manmade,annotation,True,True,3,,0.1,0.6057380778983137
b26e791522294bec90f86fd72226e35c_r888,b26e791522294bec90f86fd72226e35c,noise_low,static_manmade,annotation,True,True,2,,0.1,0.5297262917137148
b26e791522294bec90f86fd72226e35c_r889,b26e791522294bec90f86fd72226e35c,noise_low,static_manmade,annotation,True,True,6,,0.1,0.5314445098494931
b26e791522294bec90f86fd72226e35c_r890,b26e791522294bec90f86fd72226e35c,noise_low,static_manmade,annotation,True,True,3,,0.1,0.5328082571220191
b26e791522294bec90f86fd72226e35c_r891,b26e791522294bec90f86fd72226e35c,noise_low,static_manmade,annotation,True,True,1,,0.1,0.5319680057530156
b26e791522294bec90f86fd72226e35c_r898,b26e791522294bec90f86fd72226e35c,noise_low,vehicle,annotation,True,True,1,,0.1,0.7094517161704971
b26e791522294bec90f86fd72226e35c_r899,b26e791522294bec90f86fd72226e35c,noise_low,vehicle,annotation,True,True,1,,0.1,0.7094754440717187
b26e791522294bec90f86fd72226e35c_r900,b26e791522294bec90f86fd72226e35c,noise_low,static_manmade,annotation,True,True,4,,0.1,0.5258110983186816
b26e791522294bec90f86fd72226e35c_r901,b26e791522294bec90f86fd72226e35c,noise_low,static_manmade,annotation,True,True,1,,0.1,0.5270983225619004
b26e791522294bec90f86fd72226e35c_r902,b26e791522294bec90f86fd72226e35c,noise_low,static_manmade,annotation,True,True,1,,0.1,0.5275487967166256
b26e791522294bec90f86fd72226e35c_r904,b26e791522294bec90f86fd72226e35c,noise_low,vehicle,annotation,True,True,3,,0.1,0.7340197293485966
b26e791522294bec90f86fd72226e35c_r912,b26e791522294bec90f86fd72226e35c,noise_low,vehicle,annotation,True,True,1,,0.1,0.719163104711328
b26e791522294bec90f86fd72226e35c_r918,b26e791522294bec90f86fd72226e35c,noise_low,vehicle,annotation,True,True,5,,0.1,0.7298632547968056
b26e791522294bec90f86fd72226e35c_r929,b26e791522294bec90f86fd72226e35c,noise_low,vehicle,annotation,True,True,1,,0.1,0.6995640723626867
b26e791522294bec90f86fd72226e35c_r930,b26e791522294bec90f86fd72226e35c,noise_low,vehicle,annotation,True,True,2,,0.1,0.7136590647655141
b26e791522294bec90f86fd72226e35c_r946,b26e791522294bec90f86fd72226e35c,noise_low,vehicle,annotation,True,True,3,,0.1,0.6980016419754587
b26e791522294bec90f86fd72226e35c_r947,b26e791522294bec90f86fd72226e35c,noise_low,vehicle,annotation,True,True,5,,0.1,0.720879859195265
b26e791522294bec90f86fd72226e35c_r948,b26e791522294bec90f86fd72226e35c,noise_low,vehicle,annotation,True,True,1,,0.1,0.6916766489611823
b26e791522294bec90f86fd72226e35c_r955,b26e791522294bec90f86fd72226e35c,noise_low,vehicle,annotation,True,True,1,,0.1,0.6843491111722879
b26e791522294bec90f86fd72226e35c_r968,b26e791522294bec90f86fd72226e35c,noise_low,vehicle,annotation,True,True,1,,0.1,0.6895306487629118
b26e791522294bec90f86fd72226e35c_r985,b26e791522294bec90f86fd72226e35c,noise_low,vehicle,annotation,True,True,1,,0.1,0.6796094079582118
b26e791522294bec90f86fd72226e35c_r986,b26e791522294bec90f86fd72226e35c,noise_low,vehicle,annotation,True,True,1,,0.1,0.6772762568725758
b26e791522294bec90f86fd72226e35c_r1004,b26e791522294bec90f86fd72226e35c,noise_low,vehicle,annotation,True,True,2,,0.1,0.6737183213521091
b26e791522294bec90f86fd72226e35c_r9,b26e791522294bec90f86fd72226e35c,noise_medium,pedestrian_vru,annotation,True,True,1,,0.1,0.6917953867753721
b26e791522294bec90f86fd72226e35c_r12,b26e791522294bec90f86fd72226e35c,noise_medium,pedestrian_vru,annotation,True,True,2,,0.1,0.6926731663806656
b26e791522294bec90f86fd72226e35c_r35,b26e791522294bec90f86fd72226e35c,noise_medium,pedestrian_vru,annotation,True,True,3,,0.05,0.7569924945620676
b26e791522294bec90f86fd72226e35c_r91,b26e791522294bec90f86fd72226e35c,noise_medium,vehicle,annotation,True,True,3,,0.1,0.7298969835228628
b26e791522294bec90f86fd72226e35c_r113,b26e791522294bec90f86fd72226e35c,noise_medium,static_manmade,annotation,True,True,1,,0.1,0.5104957926543748
b26e791522294bec90f86fd72226e35c_r114,b26e791522294bec90f86fd72226e35c,noise_medium,vehicle,annotation,True,True,8,,0.1,0.7441291064108329
b26e791522294bec90f86fd72226e35c_r115,b26e791522294bec90f86fd72226e35c,noise_medium,vehicle,annotation,True,True,2,,0.1,0.7239672957116283
b26e791522294bec90f86fd72226e35c_r129,b26e791522294bec90f86fd72226e35c,noise_medium,vehicle,annotation,True,True,3,,0.1,0.746868239401927
b26e791522294bec90f86fd72226e35c_r143,b26e791522294bec90f86fd72226e35c,noise_medium,static_manmade,annotation,True,True,1,,0.2,0.4868772342807443
b26e791522294bec90f86fd72226e35c_r144,b26e791522294bec90f86fd72226e35c,noise_medium,static_manmade,annotation,True,True,1,,0.2,0.49166046811158876
b26e791522294bec90f86fd72226e35c_r161,b26e791522294bec90f86fd72226e35c,noise_medium,static_manmade,annotation,True,True,1,,0.2,0.49832329257804636
b26e791522294bec90f86fd72226e35c_r164,b26e791522294bec90f86fd72226e35c,noise_medium,static_manmade,annotation,True,True,3,,0.2,0.497383618149869
b26e791522294bec90f86fd72226e35c_r165,b26e791522294bec90f86fd72226e35c,noise_medium,static_manmade,annotation,True,True,1,,0.1,0.5007829480348641
b26e791522294bec90f86fd72226e35c_r186,b26e791522294bec90f86fd72226e35c,noise_medium,static_manmade,annotation,True,True,3,,0.1,0.5053105171160907
b26e791522294bec90f86fd72226e35c_r187,b26e791522294bec90f86fd72226e35c,noise_medium,static_manmade,annotation,True,True,1,,0.1,0.5078075608542878
b26e791522294bec90f86fd72226e35c_r213,b26e791522294bec90f86fd72226e35c,noise_medium,static_manmade,annotation,True,True,4,,0.1,0.5130452233699523
b26e791522294bec90f86fd72226e35c_r214,b26e791522294bec90f86fd72226e35c,noise_medium,static_manmade,annotation,True,True,1,,0.1,0.5155323773187883
b26e791522294bec90f86fd72226e35c_r242,b26e791522294bec90f86fd72226e35c,noise_medium,static_manmade,annotation,True,True,7,,0.1,0.5293749822364636
b26e791522294bec90f86fd72226e35c_r266,b26e791522294bec90f86fd72226e35c,noise_medium,static_manmade,annotation,True,True,2,,0.1,0.5596270153178974
b26e791522294bec90f86fd72226e35c_r276,b26e791522294bec90f86fd72226e35c,noise_medium,static_manmade,annotation,True,True,2,,0.1,0.5317507817902054
b26e791522294bec90f86fd72226e35c_r305,b26e791522294bec90f86fd72226e35c,noise_medium,static_manmade,annotation,True,True,5,,0.1,0.535852758324613
b26e791522294bec90f86fd72226e35c_r306,b26e791522294bec90f86fd72226e35c,noise_medium,static_manmade,annotation,True,True,2,,0.1,0.5394974490207214
b26e791522294bec90f86fd72226e35c_r321,b26e791522294bec90f86fd72226e35c,noise_medium,pedestrian_vru,annotation,True,True,14,,0.05,0.8513590446027329
b26e791522294bec90f86fd72226e35c_r332,b26e791522294bec90f86fd72226e35c,noise_medium,static_manmade,annotation,True,True,6,,0.1,0.5431367959145044
b26e791522294bec90f86fd72226e35c_r333,b26e791522294bec90f86fd72226e35c,noise_medium,static_manmade,annotation,True,True,2,,0.1,0.5463291309069798
b26e791522294bec90f86fd72226e35c_r366,b26e791522294bec90f86fd72226e35c,noise_medium,static_manmade,annotation,True,True,1,,0.1,0.544808706772721
b26e791522294bec90f86fd72226e35c_r367,b26e791522294bec90f86fd72226e35c,noise_medium,static_manmade,annotation,True,True,6,,0.1,0.5491062003692092
b26e791522294bec90f86fd72226e35c_r386,b26e791522294bec90f86fd72226e35c,noise_medium,vehicle,annotation,True,True,48,,0.05,0.8274450582170337
b26e791522294bec90f86fd72226e35c_r387,b26e791522294bec90f86fd72226e35c,noise_medium,vehicle,annotation,True,True,5,,0.05,0.8184276394725731
b26e791522294bec90f86fd72226e35c_r390,b26e791522294bec90f86fd72226e35c,noise_medium,vehicle,annotation,True,True,3,,0.05,0.764417049716104
b26e791522294bec90f86fd72226e35c_r391,b26e791522294bec90f86fd72226e35c,noise_medium,vehicle,annotation,True,True,9,,0.05,0.7686194927379995
b26e791522294bec90f86fd72226e35c_r400,b26e791522294bec90f86fd72226e35c,noise_medium,pedestrian_vru,annotation,True,True,1,,0.1,0.7082334126594092
b26e791522294bec90f86fd72226e35c_r404,b26e791522294bec90f86fd72226e35c,noise_medium,static_manmade,annotation,True,True,2,,0.1,0.5512989681497081
b26e791522294bec90f86fd72226e35c_r422,b26e791522294bec90f86fd72226e35c,noise_medium,vehicle,annotation,True,True,105,,0.05,0.8242677649567595
b26e791522294bec90f86fd72226e35c_r429,b26e791522294bec90f86fd72226e35c,noise_medium,vehicle,annotation,True,True,36,,0.05,0.8010459816045179
b26e791522294bec90f86fd72226e35c_r467,b26e791522294bec90f86fd72226e35c,noise_medium,vehicle,annotation,True,True,40,,0.05,0.7837089055908664
b26e791522294bec90f86fd72226e35c_r484,b26e791522294bec90f86fd72226e35c,noise_medium,static_manmade,annotation,True,True,5,,0.1,0.5717746398504896
b26e791522294bec90f86fd72226e35c_r485,b26e791522294bec90f86fd72226e35c,noise_medium,static_manmade,annotation,True,True,17,,0.1,0.5742716626035282
b26e791522294bec90f86fd72226e35c_r499,b26e791522294bec90f86fd72226e35c,noise_medium,static_manmade,annotation,True,True,158,,0.1,0.623850172641735
b26e791522294bec90f86fd72226e35c_r500,b26e791522294bec90f86fd72226e35c,noise_medium,static_manmade,annotation,True,True,66,,0.1,0.6195736299882371
b26e791522294bec90f86fd72226e35c_r501,b26e791522294bec90f86fd72226e35c,noise_medium,vehicle,annotation,True,True,3,,0.05,0.7754620937901117
b26e791522294bec90f86fd72226e35c_r517,b26e791522294bec90f86fd72226e35c,noise_medium,static_manmade,annotation,True,True,9,,0.1,0.5764941839518769
b26e791522294bec90f86fd72226e35c_r532,b26e791522294bec90f86fd72226e35c,noise_medium,static_manmade,annotation,True,True,286,,0.1,0.6284459590245542
b26e791522294bec90f86fd72226e35c_r533,b26e791522294bec90f86fd72226e35c,noise_medium,vehicle,annotation,True,True,313,,0.05,0.8389130390955994
b26e791522294bec90f86fd72226e35c_r534,b26e791522294bec90f86fd72226e35c,noise_medium,vehicle,annotation,True,True,13,,0.05,0.8224437543954459
b26e791522294bec90f86fd72226e35c_r535,b26e791522294bec90f86fd72226e35c,noise_medium,vehicle,annotation,True,True,10,,0.05,0.7906637119937642
b26e791522294bec90f86fd72226e35c_r536,b26e791522294bec90f86fd72226e35c,noise_medium,vehicle,annotation,True,True,12,,0.05,0.7938516186682898
b26e791522294bec90f86fd72226e35c_r537,b26e791522294bec90f86fd72226e35c,noise_medium,vehicle,annotation,True,True,16,,0.05,0.7894724018377481
b26e791522294bec90f86fd72226e35c_r538,b26e791522294bec90f86fd72226e35c,noise_medium,vehicle,annotation,True,True,52,,0.05,0.7910886545281219
b26e791522294bec90f86fd72226e35c_r539,b26e791522294bec90f86fd72226e35c,noise_medium,vehicle,annotation,True,True,2,,0.05,0.7667377523144291
b26e791522294bec90f86fd72226e35c_r559,b26e791522294bec90f86fd72226e35c,noise_medium,static_manmade,annotation,True,True,5,,0.1,0.5749369082851028
b26e791522294bec90f86fd72226e35c_r561,b26e791522294bec90f86fd72226e35c,noise_medium,static_manmade,annotation,True,True,12,,0.1,0.5877337055942631
b26e791522294bec90f86fd72226e35c_r572,b26e791522294bec90f86fd72226e35c,noise_medium,static_manmade,annotation,True,True,327,,0.1,0.6294697809207824
b26e791522294bec90f86fd72226e35c_r573,b26e791522294bec90f86fd72226e35c,noise_medium,static_manmade,annotation,True,True,134,,0.1,0.6270231499027192
b26e791522294bec90f86fd72226e35c_r574,b26e791522294bec90f86fd72226e35c,noise_medium,vehicle,annotation,True,True,54,,0.05,0.8306124581083703
b26e791522294bec90f86fd72226e35c_r575,b26e791522294bec90f86fd72226e35c,noise_medium,vehicle,annotation,True,True,4,,0.05,0.7926690925591817
b26e791522294bec90f86fd72226e35c_r577,b26e791522294bec90f86fd72226e35c,noise_medium,vehicle,annotation,True,True,42,,0.05,0.7907316266111658
b26e791522294bec90f86fd72226e35c_r591,b26e791522294bec90f86fd72226e35c,noise_medium,static_manmade,annotation,True,True,25,,0.1,0.5895776563534743
b26e791522294bec90f86fd72226e35c_r592,b26e791522294bec90f86fd72226e35c,noise_medium,static_manmade,annotation,True,True,30,,0.1,0.5944911642026759
b26e791522294bec90f86fd72226e35c_r602,b26e791522294bec90f86fd72226e35c,noise_medium,static_manmade,annotation,True,True,187,,0.1,0.6294090272713829
b26e791522294bec90f86fd72226e35c_r606,b26e791522294bec90f86fd72226e35c,noise_medium,pedestrian_vru,annotation,True,True,9,,0.05,0.8307108737135546
b26e791522294bec90f86fd72226e35c_r617,b26e791522294bec90f86fd72226e35c,noise_medium,static_manmade,annotation,True,True,10,,0.1,0.5917109628940475
b26e791522294bec90f86fd72226e35c_r628,b26e791522294bec90f86fd72226e35c,noise_medium,pedestrian_vru,annotation,True,True,21,,0.05,0.8434881039500697
b26e791522294bec90f86fd72226e35c_r632,b26e791522294bec90f86fd72226e35c,noise_medium,static_manmade,annotation,True,True,9,,0.1,0.6014350930955261
b26e791522294bec90f86fd72226e35c_r653,b26e791522294bec90f86fd72226e35c,noise_medium,pedestrian_vru,annotation,True,True,44,,0.05,0.8507658377425661
b26e791522294bec90f86fd72226e35c_r656,b26e791522294bec90f86fd72226e35c,noise_medium,static_manmade,annotation,True,True,3,,0.1,0.604357035241627
b26e791522294bec90f86fd72226e35c_r657,b26e791522294bec90f86fd72226e35c,noise_medium,static_manmade,annotation,True,True,4,,0.1,0.5995856974346764
b26e791522294bec90f86fd72226e35c_r658,b26e791522294bec90f86fd72226e35c,noise_medium,static_manmade,annotation,True,True,47,,0.1,0.6086335256415344
b26e791522294bec90f86fd72226e35c_r659,b26e791522294bec90f86fd72226e35c,noise_medium,vehicle,annotation,True,True,21,,0.05,0.8013981634409959
b26e791522294bec90f86fd72226e35c_r660,b26e791522294bec90f86fd72226e35c,noise_medium,vehicle,annotation,True,True,1,,0.05,0.7902201619237907
b26e791522294bec90f86fd72226e35c_r661,b26e791522294bec90f86fd72226e35c,noise_medium,vehicle,annotation,True,True,5,,0.05,0.793583873301839
b26e791522294bec90f86fd72226e35c_r670,b26e791522294bec90f86fd72226e35c,noise_medium,pedestrian_vru,annotation,True,True,2,,0.05,0.7686457559487437
b26e791522294bec90f86fd72226e35c_r683,b26e791522294bec90f86fd72226e35c,noise_medium,static_manmade,annotation,True,True,3,,0.1,0.6075380046061822
b26e791522294bec90f86fd72226e35c_r684,b26e791522294bec90f86fd72226e35c,noise_medium,static_manmade,annotation,True,True,1,,0.1,0.5994738096486075
b26e791522294bec90f86fd72226e35c_r685,b26e791522294bec90f86fd72226e35c,noise_medium,static_manmade,annotation,True,True,4,,0.1,0.5992379308844082
b26e791522294bec90f86fd72226e35c_r686,b26e791522294bec90f86fd72226e35c,noise_medium,vehicle,annotation,True,True,16,,0.05,0.8037461838732798
b26e791522294bec90f86fd72226e35c_r687,b26e791522294bec90f86fd72226e35c,noise_medium,vehicle,annotation,True,True,11,,0.05,0.7915584754937287
b26e791522294bec90f86fd72226e35c_r706,b26e791522294bec90f86fd72226e35c,noise_medium,pedestrian_vru,annotation,True,True,23,,0.05,0.8383082007930401
b26e791522294bec90f86fd72226e35c_r734,b26e791522294bec90f86fd72226e35c,noise_medium,pedestrian_vru,annotation,True,True,9,,0.05,0.8209070919387429
b26e791522294bec90f86fd72226e35c_r735,b26e791522294bec90f86fd72226e35c,noise_medium,pedestrian_vru,annotation,True,True,5,,0.05,0.816321203138763
b26e791522294bec90f86fd72226e35c_r758,b26e791522294bec90f86fd72226e35c,noise_medium,pedestrian_vru,annotation,True,True,2,,0.05,0.7888742610657641
b26e791522294bec90f86fd72226e35c_r760,b26e791522294bec90f86fd72226e35c,noise_medium,pedestrian_vru,annotation,True,True,5,,0.05,0.817034457856019
b26e791522294bec90f86fd72226e35c_r784,b26e791522294bec90f86fd72226e35c,noise_medium,pedestrian_vru,annotation,True,True,3,,0.05,0.7867352936393104
b26e791522294bec90f86fd72226e35c_r785,b26e791522294bec90f86fd72226e35c,noise_medium,pedestrian_vru,annotation,True,True,1,,0.05,0.7777102787547668
b26e791522294bec90f86fd72226e35c_r786,b26e791522294bec90f86fd72226e35c,noise_medium,pedestrian_vru,annotation,True,True,3,,0.05,0.7919360514219466
b26e791522294bec90f86fd72226e35c_r787,b26e791522294bec90f86fd72226e35c,noise_medium,pedestrian_vru,annotation,True,True,1,,0.05,0.784024754998356
b26e791522294bec90f86fd72226e35c_r847,b26e791522294bec90f86fd72226e35c,noise_medium,vehicle,annotation,True,True,6,,0.1,0.7375381526859579
b26e791522294bec90f86fd72226e35c_r855,b26e791522294bec90f86fd72226e35c,noise_medium,vehicle,annotation,True,True,1,,0.1,0.7362516762997848
b26e791522294bec90f86fd72226e35c_r863,b26e791522294bec90f86fd72226e35c,noise_medium,static_manmade,annotation,True,True,1,,0.1,0.5219645470914861
b26e791522294bec90f86fd72226e35c_r865,b26e791522294bec90f86fd72226e35c,noise_medium,vehicle,annotation,True,True,2,,0.1,0.7363121273425856
b26e791522294bec90f86fd72226e35c_r868,b26e791522294bec90f86fd72226e35c,noise_medium,vehicle,annotation,True,True,1,,0.1,0.7400536536210423
b26e791522294bec90f86fd72226e35c_r877,b26e791522294bec90f86fd72226e35c,noise_medium,vehicle,annotation,True,True,3,,0.1,0.7147054115466556
b26e791522294bec90f86fd72226e35c_r878,b26e791522294bec90f86fd72226e35c,noise_medium,static_manmade,annotation,True,True,1,,0.1,0.5193437465013568
b26e791522294bec90f86fd72226e35c_r887,b26e791522294bec90f86fd72226e35c,noise_medium,vehicle,annotation,True,True,2,,0.1,0.7079424212431175
b26e791522294bec90f86fd72226e35c_r888,b26e791522294bec90f86fd72226e35c,noise_medium,pedestrian_vru,annotation,True,True,2,,0.1,0.7407509795377804
b26e791522294bec90f86fd72226e35c_r890,b26e791522294bec90f86fd72226e35c,noise_medium,static_manmade,annotation,True,True,2,,0.1,0.5296086680840073
b26e791522294bec90f86fd72226e35c_r891,b26e791522294bec90f86fd72226e35c,noise_medium,static_manmade,annotation,True,True,6,,0.1,0.531691896450899
b26e791522294bec90f86fd72226e35c_r892,b26e791522294bec90f86fd72226e35c,noise_medium,static_manmade,annotation,True,True,3,,0.1,0.5329854602881531
b26e791522294bec90f86fd72226e35c_r893,b26e791522294bec90f86fd72226e35c,noise_medium,static_manmade,annotation,True,True,1,,0.1,0.5320368344309317
b26e791522294bec90f86fd72226e35c_r900,b26e791522294bec90f86fd72226e35c,noise_medium,vehicle,annotation,True,True,1,,0.1,0.7095361000204886
b26e791522294bec90f86fd72226e35c_r901,b26e791522294bec90f86fd72226e35c,noise_medium,vehicle,annotation,True,True,1,,0.1,0.7094496236736535
b26e791522294bec90f86fd72226e35c_r902,b26e791522294bec90f86fd72226e35c,noise_medium,static_manmade,annotation,True,True,4,,0.1,0.5262182891052534
b26e791522294bec90f86fd72226e35c_r903,b26e791522294bec90f86fd72226e35c,noise_medium,static_manmade,annotation,True,True,1,,0.1,0.5271853541951387
b26e791522294bec90f86fd72226e35c_r904,b26e791522294bec90f86fd72226e35c,noise_medium,static_manmade,annotation,True,True,1,,0.1,0.5275875629275694
b26e791522294bec90f86fd72226e35c_r906,b26e791522294bec90f86fd72226e35c,noise_medium,vehicle,annotation,True,True,3,,0.1,0.7342545078873958
b26e791522294bec90f86fd72226e35c_r913,b26e791522294bec90f86fd72226e35c,noise_medium,vehicle,annotation,True,True,1,,0.1,0.7192495326726064
b26e791522294bec90f86fd72226e35c_r920,b26e791522294bec90f86fd72226e35c,noise_medium,vehicle,annotation,True,True,5,,0.1,0.7296204548914451
b26e791522294bec90f86fd72226e35c_r931,b26e791522294bec90f86fd72226e35c,noise_medium,vehicle,annotation,True,True,1,,0.1,0.6996083902431207
b26e791522294bec90f86fd72226e35c_r932,b26e791522294bec90f86fd72226e35c,noise_medium,vehicle,annotation,True,True,2,,0.1,0.7135529683305324
b26e791522294bec90f86fd72226e35c_r948,b26e791522294bec90f86fd72226e35c,noise_medium,vehicle,annotation,True,True,2,,0.1,0.6975478787981069
b26e791522294bec90f86fd72226e35c_r949,b26e791522294bec90f86fd72226e35c,noise_medium,vehicle,annotation,True,True,6,,0.1,0.7194854810299707
b26e791522294bec90f86fd72226e35c_r950,b26e791522294bec90f86fd72226e35c,noise_medium,vehicle,annotation,True,True,1,,0.1,0.6916751140872736
b26e791522294bec90f86fd72226e35c_r957,b26e791522294bec90f86fd72226e35c,noise_medium,vehicle,annotation,True,True,1,,0.1,0.6844174129779617
b26e791522294bec90f86fd72226e35c_r970,b26e791522294bec90f86fd72226e35c,noise_medium,vehicle,annotation,True,True,1,,0.1,0.6895048298302422
b26e791522294bec90f86fd72226e35c_r987,b26e791522294bec90f86fd72226e35c,noise_medium,vehicle,annotation,True,True,1,,0.1,0.6797091803292377
b26e791522294bec90f86fd72226e35c_r988,b26e791522294bec90f86fd72226e35c,noise_medium,vehicle,annotation,True,True,1,,0.1,0.6772759570815685
b26e791522294bec90f86fd72226e35c_r1006,b26e791522294bec90f86fd72226e35c,noise_medium,vehicle,annotation,True,True,2,,0.1,0.6739305134297531
b26e791522294bec90f86fd72226e35c_r9,b26e791522294bec90f86fd72226e35c,noise_high,pedestrian_vru,annotation,True,True,1,,0.1,0.6917658290141607
b26e791522294bec90f86fd72226e35c_r12,b26e791522294bec90f86fd72226e35c,noise_high,pedestrian_vru,annotation,True,True,2,,0.1,0.6927532540228339
b26e791522294bec90f86fd72226e35c_r35,b26e791522294bec90f86fd72226e35c,noise_high,pedestrian_vru,annotation,True,True,3,,0.05,0.7566118895797986
b26e791522294bec90f86fd72226e35c_r91,b26e791522294bec90f86fd72226e35c,noise_high,vehicle,annotation,True,True,3,,0.1,0.7293480653292168
b26e791522294bec90f86fd72226e35c_r113,b26e791522294bec90f86fd72226e35c,noise_high,static_manmade,annotation,True,True,1,,0.1,0.510502945958674
b26e791522294bec90f86fd72226e35c_r114,b26e791522294bec90f86fd72226e35c,noise_high,vehicle,annotation,True,True,8,,0.1,0.7429828964533762
b26e791522294bec90f86fd72226e35c_r115,b26e791522294bec90f86fd72226e35c,noise_high,vehicle,annotation,True,True,2,,0.1,0.7241454920024579
b26e791522294bec90f86fd72226e35c_r128,b26e791522294bec90f86fd72226e35c,noise_high,vehicle,annotation,True,True,3,,0.1,0.746076402835582
b26e791522294bec90f86fd72226e35c_r141,b26e791522294bec90f86fd72226e35c,noise_high,static_manmade,annotation,True,True,1,,0.2,0.48695407637451565
b26e791522294bec90f86fd72226e35c_r142,b26e791522294bec90f86fd72226e35c,noise_high,static_manmade,annotation,True,True,1,,0.2,0.4917001716379618
b26e791522294bec90f86fd72226e35c_r159,b26e791522294bec90f86fd72226e35c,noise_high,static_manmade,annotation,True,True,1,,0.2,0.49833513857607464
b26e791522294bec90f86fd72226e35c_r162,b26e791522294bec90f86fd72226e35c,noise_high,static_manmade,annotation,True,True,3,,0.2,0.4979070818706314
b26e791522294bec90f86fd72226e35c_r163,b26e791522294bec90f86fd72226e35c,noise_high,static_manmade,annotation,True,True,1,,0.1,0.5008522059525067
b26e791522294bec90f86fd72226e35c_r184,b26e791522294bec90f86fd72226e35c,noise_high,static_manmade,annotation,True,True,3,,0.1,0.5059040666967597
b26e791522294bec90f86fd72226e35c_r185,b26e791522294bec90f86fd72226e35c,noise_high,static_manmade,annotation,True,True,2,,0.1,0.5088789308727615
b26e791522294bec90f86fd72226e35c_r211,b26e791522294bec90f86fd72226e35c,noise_high,static_manmade,annotation,True,True,3,,0.1,0.5135161442061662
b26e791522294bec90f86fd72226e35c_r212,b26e791522294bec90f86fd72226e35c,noise_high,static_manmade,annotation,True,True,1,,0.1,0.5155301402326109
b26e791522294bec90f86fd72226e35c_r240,b26e791522294bec90f86fd72226e35c,noise_high,static_manmade,annotation,True,True,7,,0.1,0.529543364310812
b26e791522294bec90f86fd72226e35c_r264,b26e791522294bec90f86fd72226e35c,noise_high,static_manmade,annotation,True,True,2,,0.1,0.5596308287302796
b26e791522294bec90f86fd72226e35c_r274,b26e791522294bec90f86fd72226e35c,noise_high,static_manmade,annotation,True,True,2,,0.1,0.5318165229038165
b26e791522294bec90f86fd72226e35c_r303,b26e791522294bec90f86fd72226e35c,noise_high,static_manmade,annotation,True,True,5,,0.1,0.5363262004162872
b26e791522294bec90f86fd72226e35c_r304,b26e791522294bec90f86fd72226e35c,noise_high,static_manmade,annotation,True,True,2,,0.1,0.5397954271339053
b26e791522294bec90f86fd72226e35c_r319,b26e791522294bec90f86fd72226e35c,noise_high,pedestrian_vru,annotation,True,True,14,,0.05,0.8507751040857006
b26e791522294bec90f86fd72226e35c_r329,b26e791522294bec90f86fd72226e35c,noise_high,static_manmade,annotation,True,True,6,,0.1,0.5433545596142989
b26e791522294bec90f86fd72226e35c_r330,b26e791522294bec90f86fd72226e35c,noise_high,static_manmade,annotation,True,True,2,,0.1,0.5464464845388302
b26e791522294bec90f86fd72226e35c_r348,b26e791522294bec90f86fd72226e35c,noise_high,vehicle,annotation,True,True,19,,0.05,0.8125736970508944
b26e791522294bec90f86fd72226e35c_r364,b26e791522294bec90f86fd72226e35c,noise_high,static_manmade,annotation,True,True,1,,0.1,0.5447496243455549
b26e791522294bec90f86fd72226e35c_r365,b26e791522294bec90f86fd72226e35c,noise_high,static_manmade,annotation,True,True,6,,0.1,0.5495602321198432
b26e791522294bec90f86fd72226e35c_r384,b26e791522294bec90f86fd72226e35c,noise_high,vehicle,annotation,True,True,48,,0.05,0.8266061049373669
b26e791522294bec90f86fd72226e35c_r385,b26e791522294bec90f86fd72226e35c,noise_high,vehicle,annotation,True,True,5,,0.05,0.818149610858946
b26e791522294bec90f86fd72226e35c_r388,b26e791522294bec90f86fd72226e35c,noise_high,vehicle,annotation,True,True,3,,0.05,0.7632743963159165
b26e791522294bec90f86fd72226e35c_r389,b26e791522294bec90f86fd72226e35c,noise_high,vehicle,annotation,True,True,9,,0.05,0.7674454135466723
b26e791522294bec90f86fd72226e35c_r398,b26e791522294bec90f86fd72226e35c,noise_high,pedestrian_vru,annotation,True,True,1,,0.1,0.7082081295516787
b26e791522294bec90f86fd72226e35c_r402,b26e791522294bec90f86fd72226e35c,noise_high,static_manmade,annotation,True,True,2,,0.1,0.5516574858373099
b26e791522294bec90f86fd72226e35c_r420,b26e791522294bec90f86fd72226e35c,noise_high,vehicle,annotation,True,True,108,,0.05,0.8240700374681987
b26e791522294bec90f86fd72226e35c_r427,b26e791522294bec90f86fd72226e35c,noise_high,vehicle,annotation,True,True,36,,0.05,0.7986820960774069
b26e791522294bec90f86fd72226e35c_r465,b26e791522294bec90f86fd72226e35c,noise_high,vehicle,annotation,True,True,40,,0.05,0.7825823480113874
b26e791522294bec90f86fd72226e35c_r482,b26e791522294bec90f86fd72226e35c,noise_high,static_manmade,annotation,True,True,5,,0.1,0.5715303872175251
b26e791522294bec90f86fd72226e35c_r483,b26e791522294bec90f86fd72226e35c,noise_high,static_manmade,annotation,True,True,17,,0.1,0.5739824979334857
b26e791522294bec90f86fd72226e35c_r497,b26e791522294bec90f86fd72226e35c,noise_high,static_manmade,annotation,True,True,160,,0.1,0.6237049013303287
b26e791522294bec90f86fd72226e35c_r498,b26e791522294bec90f86fd72226e35c,noise_high,static_manmade,annotation,True,True,66,,0.1,0.6193271180243916
b26e791522294bec90f86fd72226e35c_r499,b26e791522294bec90f86fd72226e35c,noise_high,vehicle,annotation,True,True,3,,0.05,0.7748021265848484
b26e791522294bec90f86fd72226e35c_r515,b26e791522294bec90f86fd72226e35c,noise_high,static_manmade,annotation,True,True,9,,0.1,0.5762242888892263
b26e791522294bec90f86fd72226e35c_r530,b26e791522294bec90f86fd72226e35c,noise_high,static_manmade,annotation,True,True,283,,0.1,0.6281266889277528
b26e791522294bec90f86fd72226e35c_r531,b26e791522294bec90f86fd72226e35c,noise_high,vehicle,annotation,True,True,314,,0.05,0.8379609272869342
b26e791522294bec90f86fd72226e35c_r532,b26e791522294bec90f86fd72226e35c,noise_high,vehicle,annotation,True,True,13,,0.05,0.8219862855930574
b26e791522294bec90f86fd72226e35c_r533,b26e791522294bec90f86fd72226e35c,noise_high,vehicle,annotation,True,True,10,,0.05,0.7907891840577409
b26e791522294bec90f86fd72226e35c_r534,b26e791522294bec90f86fd72226e35c,noise_high,vehicle,annotation,True,True,12,,0.05,0.7935213623600662
b26e791522294bec90f86fd72226e35c_r535,b26e791522294bec90f86fd72226e35c,noise_high,vehicle,annotation,True,True,17,,0.05,0.7884507639728648
b26e791522294bec90f86fd72226e35c_r536,b26e791522294bec90f86fd72226e35c,noise_high,vehicle,annotation,True,True,51,,0.05,0.7899991077733669
b26e791522294bec90f86fd72226e35c_r537,b26e791522294bec90f86fd72226e35c,noise_high,vehicle,annotation,True,True,3,,0.05,0.7670727693057524
b26e791522294bec90f86fd72226e35c_r557,b26e791522294bec90f86fd72226e35c,noise_high,static_manmade,annotation,True,True,5,,0.1,0.5752395212560109
b26e791522294bec90f86fd72226e35c_r559,b26e791522294bec90f86fd72226e35c,noise_high,static_manmade,annotation,True,True,12,,0.1,0.5874460095608137
b26e791522294bec90f86fd72226e35c_r570,b26e791522294bec90f86fd72226e35c,noise_high,static_manmade,annotation,True,True,331,,0.1,0.6291639295434813
b26e791522294bec90f86fd72226e35c_r571,b26e791522294bec90f86fd72226e35c,noise_high,static_manmade,annotation,True,True,135,,0.1,0.6267249631026838
b26e791522294bec90f86fd72226e35c_r572,b26e791522294bec90f86fd72226e35c,noise_high,vehicle,annotation,True,True,54,,0.05,0.8294608194408964
b26e791522294bec90f86fd72226e35c_r573,b26e791522294bec90f86fd72226e35c,noise_high,vehicle,annotation,True,True,4,,0.05,0.792956522853474
b26e791522294bec90f86fd72226e35c_r575,b26e791522294bec90f86fd72226e35c,noise_high,vehicle,annotation,True,True,41,,0.05,0.7900863996446977
b26e791522294bec90f86fd72226e35c_r589,b26e791522294bec90f86fd72226e35c,noise_high,static_manmade,annotation,True,True,25,,0.1,0.5894141631298535
b26e791522294bec90f86fd72226e35c_r590,b26e791522294bec90f86fd72226e35c,noise_high,static_manmade,annotation,True,True,32,,0.1,0.5939964274178515
b26e791522294bec90f86fd72226e35c_r600,b26e791522294bec90f86fd72226e35c,noise_high,static_manmade,annotation,True,True,187,,0.1,0.629037439536666
b26e791522294bec90f86fd72226e35c_r604,b26e791522294bec90f86fd72226e35c,noise_high,pedestrian_vru,annotation,True,True,9,,0.05,0.830403488833806
b26e791522294bec90f86fd72226e35c_r615,b26e791522294bec90f86fd72226e35c,noise_high,static_manmade,annotation,True,True,9,,0.1,0.5916342219111883
b26e791522294bec90f86fd72226e35c_r626,b26e791522294bec90f86fd72226e35c,noise_high,pedestrian_vru,annotation,True,True,21,,0.05,0.8432844270512759
b26e791522294bec90f86fd72226e35c_r630,b26e791522294bec90f86fd72226e35c,noise_high,static_manmade,annotation,True,True,9,,0.1,0.6012932509077433
b26e791522294bec90f86fd72226e35c_r651,b26e791522294bec90f86fd72226e35c,noise_high,pedestrian_vru,annotation,True,True,44,,0.05,0.8501882833465959
b26e791522294bec90f86fd72226e35c_r654,b26e791522294bec90f86fd72226e35c,noise_high,static_manmade,annotation,True,True,3,,0.1,0.6039410021723478
b26e791522294bec90f86fd72226e35c_r655,b26e791522294bec90f86fd72226e35c,noise_high,static_manmade,annotation,True,True,5,,0.1,0.599717397640396
b26e791522294bec90f86fd72226e35c_r656,b26e791522294bec90f86fd72226e35c,noise_high,static_manmade,annotation,True,True,48,,0.1,0.6078438224573652
b26e791522294bec90f86fd72226e35c_r657,b26e791522294bec90f86fd72226e35c,noise_high,vehicle,annotation,True,True,20,,0.05,0.8006268835552306
b26e791522294bec90f86fd72226e35c_r658,b26e791522294bec90f86fd72226e35c,noise_high,vehicle,annotation,True,True,1,,0.05,0.7901230614281735
b26e791522294bec90f86fd72226e35c_r659,b26e791522294bec90f86fd72226e35c,noise_high,vehicle,annotation,True,True,5,,0.05,0.7927144403238148
b26e791522294bec90f86fd72226e35c_r668,b26e791522294bec90f86fd72226e35c,noise_high,pedestrian_vru,annotation,True,True,2,,0.05,0.7689164795911227
b26e791522294bec90f86fd72226e35c_r681,b26e791522294bec90f86fd72226e35c,noise_high,static_manmade,annotation,True,True,3,,0.1,0.6074345648924105
b26e791522294bec90f86fd72226e35c_r682,b26e791522294bec90f86fd72226e35c,noise_high,static_manmade,annotation,True,True,1,,0.1,0.5995252915326549
b26e791522294bec90f86fd72226e35c_r684,b26e791522294bec90f86fd72226e35c,noise_high,vehicle,annotation,True,True,16,,0.05,0.8032793047699281
b26e791522294bec90f86fd72226e35c_r685,b26e791522294bec90f86fd72226e35c,noise_high,vehicle,annotation,True,True,11,,0.05,0.7920150253586076
b26e791522294bec90f86fd72226e35c_r705,b26e791522294bec90f86fd72226e35c,noise_high,pedestrian_vru,annotation,True,True,23,,0.05,0.8375671575221075
b26e791522294bec90f86fd72226e35c_r733,b26e791522294bec90f86fd72226e35c,noise_high,pedestrian_vru,annotation,True,True,9,,0.05,0.8206785629298913
b26e791522294bec90f86fd72226e35c_r734,b26e791522294bec90f86fd72226e35c,noise_high,pedestrian_vru,annotation,True,True,5,,0.05,0.8157807411842458
b26e791522294bec90f86fd72226e35c_r758,b26e791522294bec90f86fd72226e35c,noise_high,pedestrian_vru,annotation,True,True,2,,0.05,0.7889572473551162
b26e791522294bec90f86fd72226e35c_r760,b26e791522294bec90f86fd72226e35c,noise_high,pedestrian_vru,annotation,True,True,5,,0.05,0.816623034714904
b26e791522294bec90f86fd72226e35c_r784,b26e791522294bec90f86fd72226e35c,noise_high,pedestrian_vru,annotation,True,True,3,,0.05,0.7861526003919386
b26e791522294bec90f86fd72226e35c_r785,b26e791522294bec90f86fd72226e35c,noise_high,pedestrian_vru,annotation,True,True,1,,0.05,0.7777316842775951
b26e791522294bec90f86fd72226e35c_r786,b26e791522294bec90f86fd72226e35c,noise_high,pedestrian_vru,annotation,True,True,3,,0.05,0.791456896545664
b26e791522294bec90f86fd72226e35c_r787,b26e791522294bec90f86fd72226e35c,noise_high,pedestrian_vru,annotation,True,True,1,,0.05,0.7840689663286676
b26e791522294bec90f86fd72226e35c_r848,b26e791522294bec90f86fd72226e35c,noise_high,vehicle,annotation,True,True,6,,0.1,0.7379353129301309
b26e791522294bec90f86fd72226e35c_r856,b26e791522294bec90f86fd72226e35c,noise_high,vehicle,annotation,True,True,1,,0.1,0.7362956549106592
b26e791522294bec90f86fd72226e35c_r864,b26e791522294bec90f86fd72226e35c,noise_high,static_manmade,annotation,True,True,1,,0.1,0.5219337801483199
b26e791522294bec90f86fd72226e35c_r866,b26e791522294bec90f86fd72226e35c,noise_high,vehicle,annotation,True,True,2,,0.1,0.7368235226548623
b26e791522294bec90f86fd72226e35c_r869,b26e791522294bec90f86fd72226e35c,noise_high,vehicle,annotation,True,True,1,,0.1,0.7401643935425176
b26e791522294bec90f86fd72226e35c_r878,b26e791522294bec90f86fd72226e35c,noise_high,vehicle,annotation,True,True,3,,0.1,0.7149715550860608
b26e791522294bec90f86fd72226e35c_r879,b26e791522294bec90f86fd72226e35c,noise_high,static_manmade,annotation,True,True,1,,0.1,0.5193225082532091
b26e791522294bec90f86fd72226e35c_r888,b26e791522294bec90f86fd72226e35c,noise_high,vehicle,annotation,True,True,2,,0.1,0.7082523047923431
b26e791522294bec90f86fd72226e35c_r889,b26e791522294bec90f86fd72226e35c,noise_high,pedestrian_vru,annotation,True,True,2,,0.1,0.7407038509230298
b26e791522294bec90f86fd72226e35c_r891,b26e791522294bec90f86fd72226e35c,noise_high,static_manmade,annotation,True,True,2,,0.1,0.5295416734218864
b26e791522294bec90f86fd72226e35c_r892,b26e791522294bec90f86fd72226e35c,noise_high,static_manmade,annotation,True,True,6,,0.1,0.5319130928350763
b26e791522294bec90f86fd72226e35c_r893,b26e791522294bec90f86fd72226e35c,noise_high,static_manmade,annotation,True,True,3,,0.1,0.5332439078130745
b26e791522294bec90f86fd72226e35c_r894,b26e791522294bec90f86fd72226e35c,noise_high,static_manmade,annotation,True,True,1,,0.1,0.5321056510466478
b26e791522294bec90f86fd72226e35c_r901,b26e791522294bec90f86fd72226e35c,noise_high,vehicle,annotation,True,True,1,,0.1,0.7096204417571961
b26e791522294bec90f86fd72226e35c_r902,b26e791522294bec90f86fd72226e35c,noise_high,vehicle,annotation,True,True,1,,0.1,0.7094238031036555
b26e791522294bec90f86fd72226e35c_r903,b26e791522294bec90f86fd72226e35c,noise_high,static_manmade,annotation,True,True,4,,0.1,0.5265797340222387
b26e791522294bec90f86fd72226e35c_r904,b26e791522294bec90f86fd72226e35c,noise_high,static_manmade,annotation,True,True,1,,0.1,0.5272723834230175
b26e791522294bec90f86fd72226e35c_r905,b26e791522294bec90f86fd72226e35c,noise_high,static_manmade,annotation,True,True,1,,0.1,0.5276263164109537
b26e791522294bec90f86fd72226e35c_r907,b26e791522294bec90f86fd72226e35c,noise_high,vehicle,annotation,True,True,3,,0.1,0.7338920610525472
b26e791522294bec90f86fd72226e35c_r914,b26e791522294bec90f86fd72226e35c,noise_high,vehicle,annotation,True,True,1,,0.1,0.719335960595922
b26e791522294bec90f86fd72226e35c_r921,b26e791522294bec90f86fd72226e35c,noise_high,vehicle,annotation,True,True,5,,0.1,0.728779711786157
b26e791522294bec90f86fd72226e35c_r932,b26e791522294bec90f86fd72226e35c,noise_high,vehicle,annotation,True,True,1,,0.1,0.6996527080507966
b26e791522294bec90f86fd72226e35c_r933,b26e791522294bec90f86fd72226e35c,noise_high,vehicle,annotation,True,True,2,,0.1,0.7127468234292221
b26e791522294bec90f86fd72226e35c_r949,b26e791522294bec90f86fd72226e35c,noise_high,vehicle,annotation,True,True,2,,0.1,0.697613802237563
b26e791522294bec90f86fd72226e35c_r950,b26e791522294bec90f86fd72226e35c,noise_high,vehicle,annotation,True,True,6,,0.1,0.7184270332931713
b26e791522294bec90f86fd72226e35c_r951,b26e791522294bec90f86fd72226e35c,noise_high,vehicle,annotation,True,True,1,,0.1,0.691673561247842
b26e791522294bec90f86fd72226e35c_r958,b26e791522294bec90f86fd72226e35c,noise_high,vehicle,annotation,True,True,1,,0.1,0.6844857129321902
b26e791522294bec90f86fd72226e35c_r971,b26e791522294bec90f86fd72226e35c,noise_high,vehicle,annotation,True,True,1,,0.1,0.6894790107189928
b26e791522294bec90f86fd72226e35c_r988,b26e791522294bec90f86fd72226e35c,noise_high,vehicle,annotation,True,True,1,,0.1,0.679808947263387
b26e791522294bec90f86fd72226e35c_r989,b26e791522294bec90f86fd72226e35c,noise_high,vehicle,annotation,True,True,1,,0.1,0.6772756561803721
b26e791522294bec90f86fd72226e35c_r1007,b26e791522294bec90f86fd72226e35c,noise_high,vehicle,annotation,True,True,2,,0.1,0.6741019117479671
dc4c80e8a1534ff8a3eb80307341161c_r100,dc4c80e8a1534ff8a3eb80307341161c,original,vehicle,annotation,True,True,2,,0.1,0.6581541210420969
dc4c80e8a1534ff8a3eb80307341161c_r132,dc4c80e8a1534ff8a3eb80307341161c,original,vehicle,annotation,True,True,4,,0.1,0.6870292325488091
dc4c80e8a1534ff8a3eb80307341161c_r532,dc4c80e8a1534ff8a3eb80307341161c,original,vehicle,annotation,True,True,1,,0.05,0.8038863369702928
dc4c80e8a1534ff8a3eb80307341161c_r533,dc4c80e8a1534ff8a3eb80307341161c,original,vehicle,annotation,True,True,43,,0.05,0.8227800116864984
dc4c80e8a1534ff8a3eb80307341161c_r561,dc4c80e8a1534ff8a3eb80307341161c,original,vehicle,annotation,True,True,3,,0.05,0.810707699714827
dc4c80e8a1534ff8a3eb80307341161c_r562,dc4c80e8a1534ff8a3eb80307341161c,original,vehicle,annotation,True,True,13,,0.05,0.8211891437376225
dc4c80e8a1534ff8a3eb80307341161c_r563,dc4c80e8a1534ff8a3eb80307341161c,original,vehicle,annotation,True,True,16,,0.05,0.8362069325323715
dc4c80e8a1534ff8a3eb80307341161c_r564,dc4c80e8a1534ff8a3eb80307341161c,original,vehicle,annotation,True,True,16,,0.05,0.8425748868347283
dc4c80e8a1534ff8a3eb80307341161c_r565,dc4c80e8a1534ff8a3eb80307341161c,original,vehicle,annotation,True,True,700,,0.05,0.8400518589315086
dc4c80e8a1534ff8a3eb80307341161c_r570,dc4c80e8a1534ff8a3eb80307341161c,original,vehicle,annotation,True,True,260,,0.05,0.8365109240861417
dc4c80e8a1534ff8a3eb80307341161c_r571,dc4c80e8a1534ff8a3eb80307341161c,original,vehicle,annotation,True,True,15,,0.05,0.8213102106545215
dc4c80e8a1534ff8a3eb80307341161c_r572,dc4c80e8a1534ff8a3eb80307341161c,original,vehicle,annotation,True,True,3,,0.05,0.805586357475643
dc4c80e8a1534ff8a3eb80307341161c_r600,dc4c80e8a1534ff8a3eb80307341161c,original,vehicle,annotation,True,True,72,,0.05,0.820091094146935
dc4c80e8a1534ff8a3eb80307341161c_r601,dc4c80e8a1534ff8a3eb80307341161c,original,vehicle,annotation,True,True,16,,0.05,0.8089397543491867
dc4c80e8a1534ff8a3eb80307341161c_r660,dc4c80e8a1534ff8a3eb80307341161c,original,vehicle,annotation,True,True,37,,0.05,0.8231195081589149
dc4c80e8a1534ff8a3eb80307341161c_r727,dc4c80e8a1534ff8a3eb80307341161c,original,vehicle,annotation,True,True,15,,0.05,0.8043206986714112
dc4c80e8a1534ff8a3eb80307341161c_r764,dc4c80e8a1534ff8a3eb80307341161c,original,vehicle,annotation,True,True,23,,0.05,0.798336843867707
dc4c80e8a1534ff8a3eb80307341161c_r795,dc4c80e8a1534ff8a3eb80307341161c,original,vehicle,annotation,True,True,9,,0.05,0.7929915881112588
dc4c80e8a1534ff8a3eb80307341161c_r824,dc4c80e8a1534ff8a3eb80307341161c,original,pedestrian_vru,annotation,True,True,1,,0.05,0.794984030223193
dc4c80e8a1534ff8a3eb80307341161c_r854,dc4c80e8a1534ff8a3eb80307341161c,original,vehicle,annotation,True,True,31,,0.05,0.801615074797223
dc4c80e8a1534ff8a3eb80307341161c_r855,dc4c80e8a1534ff8a3eb80307341161c,original,vehicle,annotation,True,True,28,,0.05,0.7988466476832079
dc4c80e8a1534ff8a3eb80307341161c_r882,dc4c80e8a1534ff8a3eb80307341161c,original,vehicle,annotation,True,True,24,,0.05,0.7861441361689666
dc4c80e8a1534ff8a3eb80307341161c_r883,dc4c80e8a1534ff8a3eb80307341161c,original,vehicle,annotation,True,True,41,,0.05,0.8117371678194122
dc4c80e8a1534ff8a3eb80307341161c_r884,dc4c80e8a1534ff8a3eb80307341161c,original,vehicle,annotation,True,True,6,,0.05,0.781155649404113
dc4c80e8a1534ff8a3eb80307341161c_r913,dc4c80e8a1534ff8a3eb80307341161c,original,vehicle,annotation,True,True,1,,0.05,0.7751280216266431
dc4c80e8a1534ff8a3eb80307341161c_r914,dc4c80e8a1534ff8a3eb80307341161c,original,vehicle,annotation,True,True,6,,0.05,0.7882695940988542
dc4c80e8a1534ff8a3eb80307341161c_r915,dc4c80e8a1534ff8a3eb80307341161c,original,vehicle,annotation,True,True,3,,0.05,0.772444972720843
dc4c80e8a1534ff8a3eb80307341161c_r945,dc4c80e8a1534ff8a3eb80307341161c,original,vehicle,annotation,True,True,2,,0.05,0.7725543568111009
dc4c80e8a1534ff8a3eb80307341161c_r976,dc4c80e8a1534ff8a3eb80307341161c,original,vehicle,annotation,True,True,2,,0.05,0.7622701154377474
dc4c80e8a1534ff8a3eb80307341161c_r1008,dc4c80e8a1534ff8a3eb80307341161c,original,vehicle,annotation,True,True,1,,0.05,0.7575250742236882
dc4c80e8a1534ff8a3eb80307341161c_r1009,dc4c80e8a1534ff8a3eb80307341161c,original,vehicle,annotation,True,True,1,,0.05,0.7568778610596061
dc4c80e8a1534ff8a3eb80307341161c_r1010,dc4c80e8a1534ff8a3eb80307341161c,original,vehicle,annotation,True,True,2,,0.05,0.7507637440957009
dc4c80e8a1534ff8a3eb80307341161c_r97,dc4c80e8a1534ff8a3eb80307341161c,dropout_5pct,vehicle,annotation,True,True,2,,0.1,0.6581541210420969
dc4c80e8a1534ff8a3eb80307341161c_r128,dc4c80e8a1534ff8a3eb80307341161c,dropout_5pct,vehicle,annotation,True,True,4,,0.1,0.6870292325488091
dc4c80e8a1534ff8a3eb80307341161c_r525,dc4c80e8a1534ff8a3eb80307341161c,dropout_5pct,vehicle,annotation,True,True,1,,0.05,0.8038863369702928
dc4c80e8a1534ff8a3eb80307341161c_r526,dc4c80e8a1534ff8a3eb80307341161c,dropout_5pct,vehicle,annotation,True,True,40,,0.05,0.822813942733252
dc4c80e8a1534ff8a3eb80307341161c_r554,dc4c80e8a1534ff8a3eb80307341161c,dropout_5pct,vehicle,annotation,True,True,3,,0.05,0.810707699714827
dc4c80e8a1534ff8a3eb80307341161c_r555,dc4c80e8a1534ff8a3eb80307341161c,dropout_5pct,vehicle,annotation,True,True,13,,0.05,0.8211891437376225
dc4c80e8a1534ff8a3eb80307341161c_r557,dc4c80e8a1534ff8a3eb80307341161c,dropout_5pct,vehicle,annotation,True,True,16,,0.05,0.8425748868347283
dc4c80e8a1534ff8a3eb80307341161c_r558,dc4c80e8a1534ff8a3eb80307341161c,dropout_5pct,vehicle,annotation,True,True,662,,0.05,0.8399745799624022
dc4c80e8a1534ff8a3eb80307341161c_r563,dc4c80e8a1534ff8a3eb80307341161c,dropout_5pct,vehicle,annotation,True,True,238,,0.05,0.8365099212951314
dc4c80e8a1534ff8a3eb80307341161c_r564,dc4c80e8a1534ff8a3eb80307341161c,dropout_5pct,vehicle,annotation,True,True,15,,0.05,0.8213102106545215
dc4c80e8a1534ff8a3eb80307341161c_r565,dc4c80e8a1534ff8a3eb80307341161c,dropout_5pct,vehicle,annotation,True,True,3,,0.05,0.805586357475643
dc4c80e8a1534ff8a3eb80307341161c_r593,dc4c80e8a1534ff8a3eb80307341161c,dropout_5pct,vehicle,annotation,True,True,68,,0.05,0.8200940833777876
dc4c80e8a1534ff8a3eb80307341161c_r594,dc4c80e8a1534ff8a3eb80307341161c,dropout_5pct,vehicle,annotation,True,True,15,,0.05,0.8090148250019692
dc4c80e8a1534ff8a3eb80307341161c_r652,dc4c80e8a1534ff8a3eb80307341161c,dropout_5pct,vehicle,annotation,True,True,16,,0.05,0.8149837967330474
dc4c80e8a1534ff8a3eb80307341161c_r653,dc4c80e8a1534ff8a3eb80307341161c,dropout_5pct,vehicle,annotation,True,True,36,,0.05,0.8231893290589004
dc4c80e8a1534ff8a3eb80307341161c_r718,dc4c80e8a1534ff8a3eb80307341161c,dropout_5pct,vehicle,annotation,True,True,15,,0.05,0.8043206986714112
dc4c80e8a1534ff8a3eb80307341161c_r755,dc4c80e8a1534ff8a3eb80307341161c,dropout_5pct,vehicle,annotation,True,True,20,,0.05,0.7986496444831546
dc4c80e8a1534ff8a3eb80307341161c_r786,dc4c80e8a1534ff8a3eb80307341161c,dropout_5pct,vehicle,annotation,True,True,9,,0.05,0.7929915881112588
dc4c80e8a1534ff8a3eb80307341161c_r814,dc4c80e8a1534ff8a3eb80307341161c,dropout_5pct,pedestrian_vru,annotation,True,True,1,,0.05,0.794984030223193
dc4c80e8a1534ff8a3eb80307341161c_r844,dc4c80e8a1534ff8a3eb80307341161c,dropout_5pct,vehicle,annotation,True,True,27,,0.05,0.8022579289925708
dc4c80e8a1534ff8a3eb80307341161c_r845,dc4c80e8a1534ff8a3eb80307341161c,dropout_5pct,vehicle,annotation,True,True,27,,0.05,0.7963002282848237
dc4c80e8a1534ff8a3eb80307341161c_r872,dc4c80e8a1534ff8a3eb80307341161c,dropout_5pct,vehicle,annotation,True,True,23,,0.05,0.7861429596085673
dc4c80e8a1534ff8a3eb80307341161c_r873,dc4c80e8a1534ff8a3eb80307341161c,dropout_5pct,vehicle,annotation,True,True,39,,0.05,0.8117007592850819
dc4c80e8a1534ff8a3eb80307341161c_r874,dc4c80e8a1534ff8a3eb80307341161c,dropout_5pct,vehicle,annotation,True,True,6,,0.05,0.781155649404113
dc4c80e8a1534ff8a3eb80307341161c_r902,dc4c80e8a1534ff8a3eb80307341161c,dropout_5pct,vehicle,annotation,True,True,1,,0.05,0.7751280216266431
dc4c80e8a1534ff8a3eb80307341161c_r904,dc4c80e8a1534ff8a3eb80307341161c,dropout_5pct,vehicle,annotation,True,True,3,,0.05,0.772444972720843
dc4c80e8a1534ff8a3eb80307341161c_r934,dc4c80e8a1534ff8a3eb80307341161c,dropout_5pct,vehicle,annotation,True,True,2,,0.05,0.7725543568111009
dc4c80e8a1534ff8a3eb80307341161c_r965,dc4c80e8a1534ff8a3eb80307341161c,dropout_5pct,vehicle,annotation,True,True,2,,0.05,0.7622701154377474
dc4c80e8a1534ff8a3eb80307341161c_r997,dc4c80e8a1534ff8a3eb80307341161c,dropout_5pct,vehicle,annotation,True,True,1,,0.05,0.7575250742236882
dc4c80e8a1534ff8a3eb80307341161c_r998,dc4c80e8a1534ff8a3eb80307341161c,dropout_5pct,vehicle,annotation,True,True,1,,0.05,0.7568778610596061
dc4c80e8a1534ff8a3eb80307341161c_r999,dc4c80e8a1534ff8a3eb80307341161c,dropout_5pct,vehicle,annotation,True,True,2,,0.05,0.7507637440957009
dc4c80e8a1534ff8a3eb80307341161c_r95,dc4c80e8a1534ff8a3eb80307341161c,dropout_10pct,vehicle,annotation,True,True,2,,0.1,0.6581541210420969
dc4c80e8a1534ff8a3eb80307341161c_r126,dc4c80e8a1534ff8a3eb80307341161c,dropout_10pct,vehicle,annotation,True,True,3,,0.1,0.687153713881945
dc4c80e8a1534ff8a3eb80307341161c_r522,dc4c80e8a1534ff8a3eb80307341161c,dropout_10pct,vehicle,annotation,True,True,1,,0.05,0.8038863369702928
dc4c80e8a1534ff8a3eb80307341161c_r523,dc4c80e8a1534ff8a3eb80307341161c,dropout_10pct,vehicle,annotation,True,True,39,,0.05,0.822368197614671
dc4c80e8a1534ff8a3eb80307341161c_r551,dc4c80e8a1534ff8a3eb80307341161c,dropout_10pct,vehicle,annotation,True,True,2,,0.05,0.8084018364573975
dc4c80e8a1534ff8a3eb80307341161c_r552,dc4c80e8a1534ff8a3eb80307341161c,dropout_10pct,vehicle,annotation,True,True,13,,0.05,0.8211891437376225
dc4c80e8a1534ff8a3eb80307341161c_r554,dc4c80e8a1534ff8a3eb80307341161c,dropout_10pct,vehicle,annotation,True,True,16,,0.05,0.8425748868347283
dc4c80e8a1534ff8a3eb80307341161c_r555,dc4c80e8a1534ff8a3eb80307341161c,dropout_10pct,vehicle,annotation,True,True,623,,0.05,0.8400003205692003
dc4c80e8a1534ff8a3eb80307341161c_r560,dc4c80e8a1534ff8a3eb80307341161c,dropout_10pct,vehicle,annotation,True,True,227,,0.05,0.8365175457786558
dc4c80e8a1534ff8a3eb80307341161c_r561,dc4c80e8a1534ff8a3eb80307341161c,dropout_10pct,vehicle,annotation,True,True,13,,0.05,0.8214190584587174
dc4c80e8a1534ff8a3eb80307341161c_r562,dc4c80e8a1534ff8a3eb80307341161c,dropout_10pct,vehicle,annotation,True,True,2,,0.05,0.8057990565590956
dc4c80e8a1534ff8a3eb80307341161c_r590,dc4c80e8a1534ff8a3eb80307341161c,dropout_10pct,vehicle,annotation,True,True,63,,0.05,0.8199983271418312
dc4c80e8a1534ff8a3eb80307341161c_r591,dc4c80e8a1534ff8a3eb80307341161c,dropout_10pct,vehicle,annotation,True,True,15,,0.05,0.8090148250019692
dc4c80e8a1534ff8a3eb80307341161c_r649,dc4c80e8a1534ff8a3eb80307341161c,dropout_10pct,vehicle,annotation,True,True,15,,0.05,0.8151887694368941
dc4c80e8a1534ff8a3eb80307341161c_r650,dc4c80e8a1534ff8a3eb80307341161c,dropout_10pct,vehicle,annotation,True,True,35,,0.05,0.823254892215897
dc4c80e8a1534ff8a3eb80307341161c_r651,dc4c80e8a1534ff8a3eb80307341161c,dropout_10pct,vehicle,annotation,True,True,107,,0.05,0.823483860357875
dc4c80e8a1534ff8a3eb80307341161c_r713,dc4c80e8a1534ff8a3eb80307341161c,dropout_10pct,vehicle,annotation,True,True,13,,0.05,0.8044271190936126
dc4c80e8a1534ff8a3eb80307341161c_r750,dc4c80e8a1534ff8a3eb80307341161c,dropout_10pct,vehicle,annotation,True,True,19,,0.05,0.7982441895954996
dc4c80e8a1534ff8a3eb80307341161c_r780,dc4c80e8a1534ff8a3eb80307341161c,dropout_10pct,vehicle,annotation,True,True,8,,0.05,0.7930277120706837
dc4c80e8a1534ff8a3eb80307341161c_r808,dc4c80e8a1534ff8a3eb80307341161c,dropout_10pct,pedestrian_vru,annotation,True,True,1,,0.05,0.794984030223193
dc4c80e8a1534ff8a3eb80307341161c_r838,dc4c80e8a1534ff8a3eb80307341161c,dropout_10pct,vehicle,annotation,True,True,26,,0.05,0.8024927781749625
dc4c80e8a1534ff8a3eb80307341161c_r839,dc4c80e8a1534ff8a3eb80307341161c,dropout_10pct,vehicle,annotation,True,True,27,,0.05,0.7963002282848237
dc4c80e8a1534ff8a3eb80307341161c_r866,dc4c80e8a1534ff8a3eb80307341161c,dropout_10pct,vehicle,annotation,True,True,21,,0.05,0.7861155489699538
dc4c80e8a1534ff8a3eb80307341161c_r867,dc4c80e8a1534ff8a3eb80307341161c,dropout_10pct,vehicle,annotation,True,True,37,,0.05,0.8111416697761971
dc4c80e8a1534ff8a3eb80307341161c_r868,dc4c80e8a1534ff8a3eb80307341161c,dropout_10pct,vehicle,annotation,True,True,6,,0.05,0.781155649404113
dc4c80e8a1534ff8a3eb80307341161c_r895,dc4c80e8a1534ff8a3eb80307341161c,dropout_10pct,vehicle,annotation,True,True,1,,0.05,0.7751280216266431
dc4c80e8a1534ff8a3eb80307341161c_r897,dc4c80e8a1534ff8a3eb80307341161c,dropout_10pct,vehicle,annotation,True,True,3,,0.05,0.772444972720843
dc4c80e8a1534ff8a3eb80307341161c_r927,dc4c80e8a1534ff8a3eb80307341161c,dropout_10pct,vehicle,annotation,True,True,2,,0.05,0.7725543568111009
dc4c80e8a1534ff8a3eb80307341161c_r958,dc4c80e8a1534ff8a3eb80307341161c,dropout_10pct,vehicle,annotation,True,True,2,,0.05,0.7622701154377474
dc4c80e8a1534ff8a3eb80307341161c_r990,dc4c80e8a1534ff8a3eb80307341161c,dropout_10pct,vehicle,annotation,True,True,1,,0.05,0.7575250742236882
dc4c80e8a1534ff8a3eb80307341161c_r991,dc4c80e8a1534ff8a3eb80307341161c,dropout_10pct,vehicle,annotation,True,True,1,,0.05,0.7568778610596061
dc4c80e8a1534ff8a3eb80307341161c_r992,dc4c80e8a1534ff8a3eb80307341161c,dropout_10pct,vehicle,annotation,True,True,2,,0.05,0.7507637440957009
dc4c80e8a1534ff8a3eb80307341161c_r118,dc4c80e8a1534ff8a3eb80307341161c,dropout_20pct,vehicle,annotation,True,True,3,,0.1,0.687153713881945
dc4c80e8a1534ff8a3eb80307341161c_r507,dc4c80e8a1534ff8a3eb80307341161c,dropout_20pct,vehicle,annotation,True,True,1,,0.05,0.8038863369702928
dc4c80e8a1534ff8a3eb80307341161c_r508,dc4c80e8a1534ff8a3eb80307341161c,dropout_20pct,vehicle,annotation,True,True,35,,0.05,0.8227375755246945
dc4c80e8a1534ff8a3eb80307341161c_r533,dc4c80e8a1534ff8a3eb80307341161c,dropout_20pct,vehicle,annotation,True,True,2,,0.05,0.8084018364573975
dc4c80e8a1534ff8a3eb80307341161c_r534,dc4c80e8a1534ff8a3eb80307341161c,dropout_20pct,vehicle,annotation,True,True,12,,0.05,0.821022133847626
dc4c80e8a1534ff8a3eb80307341161c_r536,dc4c80e8a1534ff8a3eb80307341161c,dropout_20pct,vehicle,annotation,True,True,16,,0.05,0.8425748868347283
dc4c80e8a1534ff8a3eb80307341161c_r537,dc4c80e8a1534ff8a3eb80307341161c,dropout_20pct,vehicle,annotation,True,True,544,,0.05,0.8399316796924274
dc4c80e8a1534ff8a3eb80307341161c_r542,dc4c80e8a1534ff8a3eb80307341161c,dropout_20pct,vehicle,annotation,True,True,203,,0.05,0.8365918512304561
dc4c80e8a1534ff8a3eb80307341161c_r543,dc4c80e8a1534ff8a3eb80307341161c,dropout_20pct,vehicle,annotation,True,True,13,,0.05,0.8214190584587174
dc4c80e8a1534ff8a3eb80307341161c_r544,dc4c80e8a1534ff8a3eb80307341161c,dropout_20pct,vehicle,annotation,True,True,2,,0.05,0.8057990565590956
dc4c80e8a1534ff8a3eb80307341161c_r572,dc4c80e8a1534ff8a3eb80307341161c,dropout_20pct,vehicle,annotation,True,True,58,,0.05,0.8193106786680715
dc4c80e8a1534ff8a3eb80307341161c_r573,dc4c80e8a1534ff8a3eb80307341161c,dropout_20pct,vehicle,annotation,True,True,13,,0.05,0.809107479944186
dc4c80e8a1534ff8a3eb80307341161c_r630,dc4c80e8a1534ff8a3eb80307341161c,dropout_20pct,vehicle,annotation,True,True,13,,0.05,0.8156177212159847
dc4c80e8a1534ff8a3eb80307341161c_r631,dc4c80e8a1534ff8a3eb80307341161c,dropout_20pct,vehicle,annotation,True,True,30,,0.05,0.8236706951125009
dc4c80e8a1534ff8a3eb80307341161c_r632,dc4c80e8a1534ff8a3eb80307341161c,dropout_20pct,vehicle,annotation,True,True,96,,0.05,0.8235220509187613
dc4c80e8a1534ff8a3eb80307341161c_r694,dc4c80e8a1534ff8a3eb80307341161c,dropout_20pct,vehicle,annotation,True,True,13,,0.05,0.8044271190936126
dc4c80e8a1534ff8a3eb80307341161c_r730,dc4c80e8a1534ff8a3eb80307341161c,dropout_20pct,vehicle,annotation,True,True,16,,0.05,0.7977841869390132
dc4c80e8a1534ff8a3eb80307341161c_r759,dc4c80e8a1534ff8a3eb80307341161c,dropout_20pct,vehicle,annotation,True,True,7,,0.05,0.7930246429413289
dc4c80e8a1534ff8a3eb80307341161c_r814,dc4c80e8a1534ff8a3eb80307341161c,dropout_20pct,vehicle,annotation,True,True,24,,0.05,0.8023685170019622
dc4c80e8a1534ff8a3eb80307341161c_r815,dc4c80e8a1534ff8a3eb80307341161c,dropout_20pct,vehicle,annotation,True,True,24,,0.05,0.7963257566345698
dc4c80e8a1534ff8a3eb80307341161c_r842,dc4c80e8a1534ff8a3eb80307341161c,dropout_20pct,vehicle,annotation,True,True,19,,0.05,0.7859954533201091
dc4c80e8a1534ff8a3eb80307341161c_r843,dc4c80e8a1534ff8a3eb80307341161c,dropout_20pct,vehicle,annotation,True,True,35,,0.05,0.8109155869897595
dc4c80e8a1534ff8a3eb80307341161c_r844,dc4c80e8a1534ff8a3eb80307341161c,dropout_20pct,vehicle,annotation,True,True,6,,0.05,0.781155649404113
dc4c80e8a1534ff8a3eb80307341161c_r871,dc4c80e8a1534ff8a3eb80307341161c,dropout_20pct,vehicle,annotation,True,True,1,,0.05,0.7751280216266431
dc4c80e8a1534ff8a3eb80307341161c_r873,dc4c80e8a1534ff8a3eb80307341161c,dropout_20pct,vehicle,annotation,True,True,3,,0.05,0.772444972720843
dc4c80e8a1534ff8a3eb80307341161c_r902,dc4c80e8a1534ff8a3eb80307341161c,dropout_20pct,vehicle,annotation,True,True,1,,0.05,0.7683586326331615
dc4c80e8a1534ff8a3eb80307341161c_r932,dc4c80e8a1534ff8a3eb80307341161c,dropout_20pct,vehicle,annotation,True,True,2,,0.05,0.7622701154377474
dc4c80e8a1534ff8a3eb80307341161c_r962,dc4c80e8a1534ff8a3eb80307341161c,dropout_20pct,vehicle,annotation,True,True,1,,0.05,0.7568778610596061
dc4c80e8a1534ff8a3eb80307341161c_r963,dc4c80e8a1534ff8a3eb80307341161c,dropout_20pct,vehicle,annotation,True,True,2,,0.05,0.7507637440957009
dc4c80e8a1534ff8a3eb80307341161c_r114,dc4c80e8a1534ff8a3eb80307341161c,dropout_30pct,vehicle,annotation,True,True,3,,0.1,0.6871537267113461
dc4c80e8a1534ff8a3eb80307341161c_r500,dc4c80e8a1534ff8a3eb80307341161c,dropout_30pct,vehicle,annotation,True,True,1,,0.05,0.8038863369702928
dc4c80e8a1534ff8a3eb80307341161c_r501,dc4c80e8a1534ff8a3eb80307341161c,dropout_30pct,vehicle,annotation,True,True,30,,0.05,0.8251429475995571
dc4c80e8a1534ff8a3eb80307341161c_r526,dc4c80e8a1534ff8a3eb80307341161c,dropout_30pct,vehicle,annotation,True,True,2,,0.05,0.8085238223315326
dc4c80e8a1534ff8a3eb80307341161c_r527,dc4c80e8a1534ff8a3eb80307341161c,dropout_30pct,vehicle,annotation,True,True,8,,0.05,0.820439688314733
dc4c80e8a1534ff8a3eb80307341161c_r529,dc4c80e8a1534ff8a3eb80307341161c,dropout_30pct,vehicle,annotation,True,True,15,,0.05,0.8467423190673582
dc4c80e8a1534ff8a3eb80307341161c_r530,dc4c80e8a1534ff8a3eb80307341161c,dropout_30pct,vehicle,annotation,True,True,471,,0.05,0.8419092643834338
dc4c80e8a1534ff8a3eb80307341161c_r535,dc4c80e8a1534ff8a3eb80307341161c,dropout_30pct,vehicle,annotation,True,True,186,,0.05,0.8390655093446594
dc4c80e8a1534ff8a3eb80307341161c_r536,dc4c80e8a1534ff8a3eb80307341161c,dropout_30pct,vehicle,annotation,True,True,12,,0.05,0.8218128039399044
dc4c80e8a1534ff8a3eb80307341161c_r537,dc4c80e8a1534ff8a3eb80307341161c,dropout_30pct,vehicle,annotation,True,True,2,,0.05,0.8057990745015775
dc4c80e8a1534ff8a3eb80307341161c_r564,dc4c80e8a1534ff8a3eb80307341161c,dropout_30pct,vehicle,annotation,True,True,54,,0.05,0.8207599941952123
dc4c80e8a1534ff8a3eb80307341161c_r565,dc4c80e8a1534ff8a3eb80307341161c,dropout_30pct,vehicle,annotation,True,True,11,,0.05,0.8096333328278121
dc4c80e8a1534ff8a3eb80307341161c_r620,dc4c80e8a1534ff8a3eb80307341161c,dropout_30pct,vehicle,annotation,True,True,13,,0.05,0.817627483842277
dc4c80e8a1534ff8a3eb80307341161c_r621,dc4c80e8a1534ff8a3eb80307341161c,dropout_30pct,vehicle,annotation,True,True,28,,0.05,0.8263661802500302
dc4c80e8a1534ff8a3eb80307341161c_r683,dc4c80e8a1534ff8a3eb80307341161c,dropout_30pct,vehicle,annotation,True,True,12,,0.05,0.8051960275539063
dc4c80e8a1534ff8a3eb80307341161c_r718,dc4c80e8a1534ff8a3eb80307341161c,dropout_30pct,vehicle,annotation,True,True,15,,0.05,0.7992581557138545
dc4c80e8a1534ff8a3eb80307341161c_r743,dc4c80e8a1534ff8a3eb80307341161c,dropout_30pct,vehicle,annotation,True,True,3,,0.05,0.7887238177322595
dc4c80e8a1534ff8a3eb80307341161c_r797,dc4c80e8a1534ff8a3eb80307341161c,dropout_30pct,vehicle,annotation,True,True,19,,0.05,0.8063714636772539
dc4c80e8a1534ff8a3eb80307341161c_r798,dc4c80e8a1534ff8a3eb80307341161c,dropout_30pct,vehicle,annotation,True,True,21,,0.05,0.7995884489469425
dc4c80e8a1534ff8a3eb80307341161c_r805,dc4c80e8a1534ff8a3eb80307341161c,dropout_30pct,vehicle,annotation,True,True,1,,0.1,0.6880633281920894
dc4c80e8a1534ff8a3eb80307341161c_r825,dc4c80e8a1534ff8a3eb80307341161c,dropout_30pct,vehicle,annotation,True,True,17,,0.05,0.7872455844498638
dc4c80e8a1534ff8a3eb80307341161c_r826,dc4c80e8a1534ff8a3eb80307341161c,dropout_30pct,vehicle,annotation,True,True,32,,0.05,0.8183625267639358
dc4c80e8a1534ff8a3eb80307341161c_r827,dc4c80e8a1534ff8a3eb80307341161c,dropout_30pct,vehicle,annotation,True,True,5,,0.05,0.7825661938657581
dc4c80e8a1534ff8a3eb80307341161c_r854,dc4c80e8a1534ff8a3eb80307341161c,dropout_30pct,vehicle,annotation,True,True,1,,0.05,0.7751280216266431
dc4c80e8a1534ff8a3eb80307341161c_r856,dc4c80e8a1534ff8a3eb80307341161c,dropout_30pct,vehicle,annotation,True,True,2,,0.05,0.7712016432955933
dc4c80e8a1534ff8a3eb80307341161c_r883,dc4c80e8a1534ff8a3eb80307341161c,dropout_30pct,vehicle,annotation,True,True,1,,0.05,0.7683586326331615
dc4c80e8a1534ff8a3eb80307341161c_r913,dc4c80e8a1534ff8a3eb80307341161c,dropout_30pct,vehicle,annotation,True,True,2,,0.05,0.7622791594028081
dc4c80e8a1534ff8a3eb80307341161c_r943,dc4c80e8a1534ff8a3eb80307341161c,dropout_30pct,vehicle,annotation,True,True,1,,0.05,0.7568778610596061
dc4c80e8a1534ff8a3eb80307341161c_r944,dc4c80e8a1534ff8a3eb80307341161c,dropout_30pct,vehicle,annotation,True,True,2,,0.05,0.7508056973730503
dc4c80e8a1534ff8a3eb80307341161c_r90,dc4c80e8a1534ff8a3eb80307341161c,sparse_75pct,vehicle,annotation,True,True,2,,0.1,0.6635478277159153
dc4c80e8a1534ff8a3eb80307341161c_r117,dc4c80e8a1534ff8a3eb80307341161c,sparse_75pct,vehicle,annotation,True,True,2,,0.1,0.6868645159894635
dc4c80e8a1534ff8a3eb80307341161c_r358,dc4c80e8a1534ff8a3eb80307341161c,sparse_75pct,vehicle,annotation,True,True,16,,0.05,0.8320155052727907
dc4c80e8a1534ff8a3eb80307341161c_r503,dc4c80e8a1534ff8a3eb80307341161c,sparse_75pct,vehicle,annotation,True,True,39,,0.05,0.8253412639367396
dc4c80e8a1534ff8a3eb80307341161c_r531,dc4c80e8a1534ff8a3eb80307341161c,sparse_75pct,vehicle,annotation,True,True,3,,0.05,0.8116095242504997
dc4c80e8a1534ff8a3eb80307341161c_r532,dc4c80e8a1534ff8a3eb80307341161c,sparse_75pct,vehicle,annotation,True,True,9,,0.05,0.8218546946870667
dc4c80e8a1534ff8a3eb80307341161c_r533,dc4c80e8a1534ff8a3eb80307341161c,sparse_75pct,vehicle,annotation,True,True,8,,0.05,0.841346366432895
dc4c80e8a1534ff8a3eb80307341161c_r534,dc4c80e8a1534ff8a3eb80307341161c,sparse_75pct,vehicle,annotation,True,True,13,,0.05,0.8488151691455463
dc4c80e8a1534ff8a3eb80307341161c_r535,dc4c80e8a1534ff8a3eb80307341161c,sparse_75pct,vehicle,annotation,True,True,515,,0.05,0.8426993380064616
dc4c80e8a1534ff8a3eb80307341161c_r540,dc4c80e8a1534ff8a3eb80307341161c,sparse_75pct,vehicle,annotation,True,True,197,,0.05,0.8398150181691284
dc4c80e8a1534ff8a3eb80307341161c_r541,dc4c80e8a1534ff8a3eb80307341161c,sparse_75pct,vehicle,annotation,True,True,10,,0.05,0.8216476715253077
dc4c80e8a1534ff8a3eb80307341161c_r542,dc4c80e8a1534ff8a3eb80307341161c,sparse_75pct,vehicle,annotation,True,True,3,,0.05,0.8055863840050754
dc4c80e8a1534ff8a3eb80307341161c_r568,dc4c80e8a1534ff8a3eb80307341161c,sparse_75pct,vehicle,annotation,True,True,61,,0.05,0.8229197953201064
dc4c80e8a1534ff8a3eb80307341161c_r569,dc4c80e8a1534ff8a3eb80307341161c,sparse_75pct,vehicle,annotation,True,True,10,,0.05,0.8099244849566479
dc4c80e8a1534ff8a3eb80307341161c_r628,dc4c80e8a1534ff8a3eb80307341161c,sparse_75pct,vehicle,annotation,True,True,27,,0.05,0.8266030234276185
dc4c80e8a1534ff8a3eb80307341161c_r629,dc4c80e8a1534ff8a3eb80307341161c,sparse_75pct,vehicle,annotation,True,True,86,,0.05,0.8261122942947835
dc4c80e8a1534ff8a3eb80307341161c_r694,dc4c80e8a1534ff8a3eb80307341161c,sparse_75pct,vehicle,annotation,True,True,13,,0.05,0.8057610389744428
dc4c80e8a1534ff8a3eb80307341161c_r695,dc4c80e8a1534ff8a3eb80307341161c,sparse_75pct,vehicle,annotation,True,True,33,,0.05,0.8061204356988715
dc4c80e8a1534ff8a3eb80307341161c_r729,dc4c80e8a1534ff8a3eb80307341161c,sparse_75pct,vehicle,annotation,True,True,21,,0.05,0.7995914176775564
dc4c80e8a1534ff8a3eb80307341161c_r758,dc4c80e8a1534ff8a3eb80307341161c,sparse_75pct,vehicle,annotation,True,True,7,,0.05,0.7943216811826526
dc4c80e8a1534ff8a3eb80307341161c_r787,dc4c80e8a1534ff8a3eb80307341161c,sparse_75pct,pedestrian_vru,annotation,True,True,1,,0.05,0.794984030223193
dc4c80e8a1534ff8a3eb80307341161c_r815,dc4c80e8a1534ff8a3eb80307341161c,sparse_75pct,vehicle,annotation,True,True,20,,0.05,0.8061443502592955
dc4c80e8a1534ff8a3eb80307341161c_r816,dc4c80e8a1534ff8a3eb80307341161c,sparse_75pct,vehicle,annotation,True,True,17,,0.05,0.8061780189534281
dc4c80e8a1534ff8a3eb80307341161c_r843,dc4c80e8a1534ff8a3eb80307341161c,sparse_75pct,vehicle,annotation,True,True,18,,0.05,0.7876295451128099
dc4c80e8a1534ff8a3eb80307341161c_r844,dc4c80e8a1534ff8a3eb80307341161c,sparse_75pct,vehicle,annotation,True,True,26,,0.05,0.8197115345870545
dc4c80e8a1534ff8a3eb80307341161c_r845,dc4c80e8a1534ff8a3eb80307341161c,sparse_75pct,vehicle,annotation,True,True,3,,0.05,0.7845134993900352
dc4c80e8a1534ff8a3eb80307341161c_r871,dc4c80e8a1534ff8a3eb80307341161c,sparse_75pct,vehicle,annotation,True,True,1,,0.05,0.7751280216266431
dc4c80e8a1534ff8a3eb80307341161c_r872,dc4c80e8a1534ff8a3eb80307341161c,sparse_75pct,vehicle,annotation,True,True,5,,0.05,0.793233723128773
dc4c80e8a1534ff8a3eb80307341161c_r873,dc4c80e8a1534ff8a3eb80307341161c,sparse_75pct,vehicle,annotation,True,True,3,,0.05,0.7728454060188068
dc4c80e8a1534ff8a3eb80307341161c_r901,dc4c80e8a1534ff8a3eb80307341161c,sparse_75pct,vehicle,annotation,True,True,1,,0.05,0.7683586326331615
dc4c80e8a1534ff8a3eb80307341161c_r962,dc4c80e8a1534ff8a3eb80307341161c,sparse_75pct,vehicle,annotation,True,True,1,,0.05,0.7575250742236882
dc4c80e8a1534ff8a3eb80307341161c_r963,dc4c80e8a1534ff8a3eb80307341161c,sparse_75pct,vehicle,annotation,True,True,1,,0.05,0.7568778610596061
dc4c80e8a1534ff8a3eb80307341161c_r964,dc4c80e8a1534ff8a3eb80307341161c,sparse_75pct,vehicle,annotation,True,True,1,,0.05,0.7516831263736764
dc4c80e8a1534ff8a3eb80307341161c_r65,dc4c80e8a1534ff8a3eb80307341161c,sparse_50pct,vehicle,annotation,True,True,2,,0.1,0.6639021210412872
dc4c80e8a1534ff8a3eb80307341161c_r82,dc4c80e8a1534ff8a3eb80307341161c,sparse_50pct,vehicle,annotation,True,True,2,,0.1,0.6868645160057772
dc4c80e8a1534ff8a3eb80307341161c_r441,dc4c80e8a1534ff8a3eb80307341161c,sparse_50pct,vehicle,annotation,True,True,28,,0.05,0.8253530746486714
dc4c80e8a1534ff8a3eb80307341161c_r466,dc4c80e8a1534ff8a3eb80307341161c,sparse_50pct,vehicle,annotation,True,True,6,,0.05,0.8223356383658587
dc4c80e8a1534ff8a3eb80307341161c_r467,dc4c80e8a1534ff8a3eb80307341161c,sparse_50pct,vehicle,annotation,True,True,4,,0.05,0.843542445418597
dc4c80e8a1534ff8a3eb80307341161c_r468,dc4c80e8a1534ff8a3eb80307341161c,sparse_50pct,vehicle,annotation,True,True,13,,0.05,0.8491664981667107
dc4c80e8a1534ff8a3eb80307341161c_r469,dc4c80e8a1534ff8a3eb80307341161c,sparse_50pct,vehicle,annotation,True,True,341,,0.05,0.8431286006367635
dc4c80e8a1534ff8a3eb80307341161c_r474,dc4c80e8a1534ff8a3eb80307341161c,sparse_50pct,vehicle,annotation,True,True,138,,0.05,0.8396064661527907
dc4c80e8a1534ff8a3eb80307341161c_r475,dc4c80e8a1534ff8a3eb80307341161c,sparse_50pct,vehicle,annotation,True,True,7,,0.05,0.8222218216521531
dc4c80e8a1534ff8a3eb80307341161c_r476,dc4c80e8a1534ff8a3eb80307341161c,sparse_50pct,vehicle,annotation,True,True,2,,0.05,0.8053790581643534
dc4c80e8a1534ff8a3eb80307341161c_r500,dc4c80e8a1534ff8a3eb80307341161c,sparse_50pct,vehicle,annotation,True,True,39,,0.05,0.8232939673001772
dc4c80e8a1534ff8a3eb80307341161c_r501,dc4c80e8a1534ff8a3eb80307341161c,sparse_50pct,vehicle,annotation,True,True,6,,0.05,0.807197191732016
dc4c80e8a1534ff8a3eb80307341161c_r553,dc4c80e8a1534ff8a3eb80307341161c,sparse_50pct,vehicle,annotation,True,True,14,,0.05,0.8272958274226254
dc4c80e8a1534ff8a3eb80307341161c_r554,dc4c80e8a1534ff8a3eb80307341161c,sparse_50pct,vehicle,annotation,True,True,60,,0.05,0.8264180813454387
dc4c80e8a1534ff8a3eb80307341161c_r613,dc4c80e8a1534ff8a3eb80307341161c,sparse_50pct,vehicle,annotation,True,True,8,,0.05,0.8056505438470655
dc4c80e8a1534ff8a3eb80307341161c_r614,dc4c80e8a1534ff8a3eb80307341161c,sparse_50pct,vehicle,annotation,True,True,18,,0.05,0.8039065025212767
dc4c80e8a1534ff8a3eb80307341161c_r646,dc4c80e8a1534ff8a3eb80307341161c,sparse_50pct,vehicle,annotation,True,True,14,,0.05,0.7990704431636667
dc4c80e8a1534ff8a3eb80307341161c_r673,dc4c80e8a1534ff8a3eb80307341161c,sparse_50pct,vehicle,annotation,True,True,7,,0.05,0.7944189091855538
dc4c80e8a1534ff8a3eb80307341161c_r726,dc4c80e8a1534ff8a3eb80307341161c,sparse_50pct,vehicle,annotation,True,True,15,,0.05,0.8067958197247396
dc4c80e8a1534ff8a3eb80307341161c_r727,dc4c80e8a1534ff8a3eb80307341161c,sparse_50pct,vehicle,annotation,True,True,13,,0.05,0.8041213201710831
dc4c80e8a1534ff8a3eb80307341161c_r752,dc4c80e8a1534ff8a3eb80307341161c,sparse_50pct,vehicle,annotation,True,True,13,,0.05,0.7873262378444305
dc4c80e8a1534ff8a3eb80307341161c_r753,dc4c80e8a1534ff8a3eb80307341161c,sparse_50pct,vehicle,annotation,True,True,20,,0.05,0.8182146899662966
dc4c80e8a1534ff8a3eb80307341161c_r754,dc4c80e8a1534ff8a3eb80307341161c,sparse_50pct,vehicle,annotation,True,True,3,,0.05,0.784618245659278
dc4c80e8a1534ff8a3eb80307341161c_r778,dc4c80e8a1534ff8a3eb80307341161c,sparse_50pct,vehicle,annotation,True,True,1,,0.05,0.7751280216266431
dc4c80e8a1534ff8a3eb80307341161c_r780,dc4c80e8a1534ff8a3eb80307341161c,sparse_50pct,vehicle,annotation,True,True,1,,0.05,0.7719842268146208
dc4c80e8a1534ff8a3eb80307341161c_r862,dc4c80e8a1534ff8a3eb80307341161c,sparse_50pct,vehicle,annotation,True,True,1,,0.05,0.7575250742236882
dc4c80e8a1534ff8a3eb80307341161c_r863,dc4c80e8a1534ff8a3eb80307341161c,sparse_50pct,vehicle,annotation,True,True,1,,0.05,0.7568778610596061
dc4c80e8a1534ff8a3eb80307341161c_r54,dc4c80e8a1534ff8a3eb80307341161c,sparse_25pct,vehicle,annotation,True,True,1,,0.1,0.6866478638820254
dc4c80e8a1534ff8a3eb80307341161c_r359,dc4c80e8a1534ff8a3eb80307341161c,sparse_25pct,vehicle,annotation,True,True,13,,0.05,0.8259920907213499
dc4c80e8a1534ff8a3eb80307341161c_r360,dc4c80e8a1534ff8a3eb80307341161c,sparse_25pct,vehicle,annotation,True,True,38,,0.05,0.8276572407573267
dc4c80e8a1534ff8a3eb80307341161c_r381,dc4c80e8a1534ff8a3eb80307341161c,sparse_25pct,vehicle,annotation,True,True,2,,0.05,0.8272539981649759
dc4c80e8a1534ff8a3eb80307341161c_r382,dc4c80e8a1534ff8a3eb80307341161c,sparse_25pct,vehicle,annotation,True,True,1,,0.05,0.8179699768092058
dc4c80e8a1534ff8a3eb80307341161c_r383,dc4c80e8a1534ff8a3eb80307341161c,sparse_25pct,vehicle,annotation,True,True,3,,0.05,0.8537809603820784
dc4c80e8a1534ff8a3eb80307341161c_r384,dc4c80e8a1534ff8a3eb80307341161c,sparse_25pct,vehicle,annotation,True,True,168,,0.05,0.845031988696172
dc4c80e8a1534ff8a3eb80307341161c_r389,dc4c80e8a1534ff8a3eb80307341161c,sparse_25pct,vehicle,annotation,True,True,68,,0.05,0.83984995702579
dc4c80e8a1534ff8a3eb80307341161c_r390,dc4c80e8a1534ff8a3eb80307341161c,sparse_25pct,vehicle,annotation,True,True,6,,0.05,0.8226209911300194
dc4c80e8a1534ff8a3eb80307341161c_r410,dc4c80e8a1534ff8a3eb80307341161c,sparse_25pct,vehicle,annotation,True,True,23,,0.05,0.8246502919325708
dc4c80e8a1534ff8a3eb80307341161c_r411,dc4c80e8a1534ff8a3eb80307341161c,sparse_25pct,vehicle,annotation,True,True,5,,0.05,0.8071023197769696
dc4c80e8a1534ff8a3eb80307341161c_r455,dc4c80e8a1534ff8a3eb80307341161c,sparse_25pct,vehicle,annotation,True,True,4,,0.05,0.8206045474738407
dc4c80e8a1534ff8a3eb80307341161c_r456,dc4c80e8a1534ff8a3eb80307341161c,sparse_25pct,vehicle,annotation,True,True,8,,0.05,0.8283639172090422
dc4c80e8a1534ff8a3eb80307341161c_r457,dc4c80e8a1534ff8a3eb80307341161c,sparse_25pct,vehicle,annotation,True,True,24,,0.05,0.8272622030480338
dc4c80e8a1534ff8a3eb80307341161c_r509,dc4c80e8a1534ff8a3eb80307341161c,sparse_25pct,vehicle,annotation,True,True,5,,0.05,0.8077611375228179
dc4c80e8a1534ff8a3eb80307341161c_r510,dc4c80e8a1534ff8a3eb80307341161c,sparse_25pct,vehicle,annotation,True,True,9,,0.05,0.8045002324267381
dc4c80e8a1534ff8a3eb80307341161c_r539,dc4c80e8a1534ff8a3eb80307341161c,sparse_25pct,vehicle,annotation,True,True,8,,0.05,0.8025514937109005
dc4c80e8a1534ff8a3eb80307341161c_r563,dc4c80e8a1534ff8a3eb80307341161c,sparse_25pct,vehicle,annotation,True,True,4,,0.05,0.7954285723843013
dc4c80e8a1534ff8a3eb80307341161c_r607,dc4c80e8a1534ff8a3eb80307341161c,sparse_25pct,vehicle,annotation,True,True,11,,0.05,0.8107623146799721
dc4c80e8a1534ff8a3eb80307341161c_r608,dc4c80e8a1534ff8a3eb80307341161c,sparse_25pct,vehicle,annotation,True,True,8,,0.05,0.8111144930435348
dc4c80e8a1534ff8a3eb80307341161c_r631,dc4c80e8a1534ff8a3eb80307341161c,sparse_25pct,vehicle,annotation,True,True,7,,0.05,0.7885035426574493
dc4c80e8a1534ff8a3eb80307341161c_r632,dc4c80e8a1534ff8a3eb80307341161c,sparse_25pct,vehicle,annotation,True,True,14,,0.05,0.8258552308615191
dc4c80e8a1534ff8a3eb80307341161c_r633,dc4c80e8a1534ff8a3eb80307341161c,sparse_25pct,vehicle,annotation,True,True,2,,0.05,0.786642148380078
dc4c80e8a1534ff8a3eb80307341161c_r713,dc4c80e8a1534ff8a3eb80307341161c,sparse_25pct,vehicle,annotation,True,True,1,,0.05,0.7575250742236882
dc4c80e8a1534ff8a3eb80307341161c_r101,dc4c80e8a1534ff8a3eb80307341161c,noise_low,vehicle,annotation,True,True,2,,0.1,0.657871147974932
dc4c80e8a1534ff8a3eb80307341161c_r133,dc4c80e8a1534ff8a3eb80307341161c,noise_low,vehicle,annotation,True,True,4,,0.1,0.6873303862427089
dc4c80e8a1534ff8a3eb80307341161c_r533,dc4c80e8a1534ff8a3eb80307341161c,noise_low,vehicle,annotation,True,True,1,,0.05,0.8039052443544227
dc4c80e8a1534ff8a3eb80307341161c_r534,dc4c80e8a1534ff8a3eb80307341161c,noise_low,vehicle,annotation,True,True,43,,0.05,0.8227637722482908
dc4c80e8a1534ff8a3eb80307341161c_r562,dc4c80e8a1534ff8a3eb80307341161c,noise_low,vehicle,annotation,True,True,3,,0.05,0.810640774811369
dc4c80e8a1534ff8a3eb80307341161c_r563,dc4c80e8a1534ff8a3eb80307341161c,noise_low,vehicle,annotation,True,True,13,,0.05,0.8211873062757649
dc4c80e8a1534ff8a3eb80307341161c_r564,dc4c80e8a1534ff8a3eb80307341161c,noise_low,vehicle,annotation,True,True,15,,0.05,0.8361145216455722
dc4c80e8a1534ff8a3eb80307341161c_r565,dc4c80e8a1534ff8a3eb80307341161c,noise_low,vehicle,annotation,True,True,16,,0.05,0.8426146113419647
dc4c80e8a1534ff8a3eb80307341161c_r566,dc4c80e8a1534ff8a3eb80307341161c,noise_low,vehicle,annotation,True,True,700,,0.05,0.8400847610203487
dc4c80e8a1534ff8a3eb80307341161c_r571,dc4c80e8a1534ff8a3eb80307341161c,noise_low,vehicle,annotation,True,True,258,,0.05,0.836481751495955
dc4c80e8a1534ff8a3eb80307341161c_r572,dc4c80e8a1534ff8a3eb80307341161c,noise_low,vehicle,annotation,True,True,15,,0.05,0.8213934501702798
dc4c80e8a1534ff8a3eb80307341161c_r573,dc4c80e8a1534ff8a3eb80307341161c,noise_low,vehicle,annotation,True,True,3,,0.05,0.8056426007848825
dc4c80e8a1534ff8a3eb80307341161c_r601,dc4c80e8a1534ff8a3eb80307341161c,noise_low,vehicle,annotation,True,True,72,,0.05,0.820065377556913
dc4c80e8a1534ff8a3eb80307341161c_r602,dc4c80e8a1534ff8a3eb80307341161c,noise_low,vehicle,annotation,True,True,16,,0.05,0.8090665825025686
dc4c80e8a1534ff8a3eb80307341161c_r660,dc4c80e8a1534ff8a3eb80307341161c,noise_low,vehicle,annotation,True,True,37,,0.05,0.8231280792225231
dc4c80e8a1534ff8a3eb80307341161c_r728,dc4c80e8a1534ff8a3eb80307341161c,noise_low,vehicle,annotation,True,True,14,,0.05,0.8043470369772101
dc4c80e8a1534ff8a3eb80307341161c_r765,dc4c80e8a1534ff8a3eb80307341161c,noise_low,vehicle,annotation,True,True,22,,0.05,0.7983650615618868
dc4c80e8a1534ff8a3eb80307341161c_r796,dc4c80e8a1534ff8a3eb80307341161c,noise_low,vehicle,annotation,True,True,9,,0.05,0.7930079809294279
dc4c80e8a1534ff8a3eb80307341161c_r825,dc4c80e8a1534ff8a3eb80307341161c,noise_low,pedestrian_vru,annotation,True,True,1,,0.05,0.7949392063055338
dc4c80e8a1534ff8a3eb80307341161c_r855,dc4c80e8a1534ff8a3eb80307341161c,noise_low,vehicle,annotation,True,True,29,,0.05,0.8009497697280343
dc4c80e8a1534ff8a3eb80307341161c_r856,dc4c80e8a1534ff8a3eb80307341161c,noise_low,vehicle,annotation,True,True,28,,0.05,0.7988669902403452
dc4c80e8a1534ff8a3eb80307341161c_r883,dc4c80e8a1534ff8a3eb80307341161c,noise_low,vehicle,annotation,True,True,24,,0.05,0.7861597392480979
dc4c80e8a1534ff8a3eb80307341161c_r884,dc4c80e8a1534ff8a3eb80307341161c,noise_low,vehicle,annotation,True,True,43,,0.05,0.8116704555288446
dc4c80e8a1534ff8a3eb80307341161c_r885,dc4c80e8a1534ff8a3eb80307341161c,noise_low,vehicle,annotation,True,True,6,,0.05,0.7813887154610907
dc4c80e8a1534ff8a3eb80307341161c_r914,dc4c80e8a1534ff8a3eb80307341161c,noise_low,vehicle,annotation,True,True,1,,0.05,0.7751218962368075
dc4c80e8a1534ff8a3eb80307341161c_r915,dc4c80e8a1534ff8a3eb80307341161c,noise_low,vehicle,annotation,True,True,6,,0.05,0.7882173049073591
dc4c80e8a1534ff8a3eb80307341161c_r916,dc4c80e8a1534ff8a3eb80307341161c,noise_low,vehicle,annotation,True,True,3,,0.05,0.7726079822502413
dc4c80e8a1534ff8a3eb80307341161c_r946,dc4c80e8a1534ff8a3eb80307341161c,noise_low,vehicle,annotation,True,True,2,,0.05,0.772475055647736
dc4c80e8a1534ff8a3eb80307341161c_r977,dc4c80e8a1534ff8a3eb80307341161c,noise_low,vehicle,annotation,True,True,2,,0.05,0.7624105607692131
dc4c80e8a1534ff8a3eb80307341161c_r1009,dc4c80e8a1534ff8a3eb80307341161c,noise_low,vehicle,annotation,True,True,1,,0.05,0.7574546724678402
dc4c80e8a1534ff8a3eb80307341161c_r1010,dc4c80e8a1534ff8a3eb80307341161c,noise_low,vehicle,annotation,True,True,1,,0.05,0.75687454346145
dc4c80e8a1534ff8a3eb80307341161c_r1011,dc4c80e8a1534ff8a3eb80307341161c,noise_low,vehicle,annotation,True,True,2,,0.05,0.7508205342096327
dc4c80e8a1534ff8a3eb80307341161c_r103,dc4c80e8a1534ff8a3eb80307341161c,noise_medium,vehicle,annotation,True,True,2,,0.1,0.6573078231820582
dc4c80e8a1534ff8a3eb80307341161c_r136,dc4c80e8a1534ff8a3eb80307341161c,noise_medium,vehicle,annotation,True,True,4,,0.1,0.6879298795230664
dc4c80e8a1534ff8a3eb80307341161c_r538,dc4c80e8a1534ff8a3eb80307341161c,noise_medium,vehicle,annotation,True,True,1,,0.05,0.8039430393197066
dc4c80e8a1534ff8a3eb80307341161c_r539,dc4c80e8a1534ff8a3eb80307341161c,noise_medium,vehicle,annotation,True,True,44,,0.05,0.8226912649602787
dc4c80e8a1534ff8a3eb80307341161c_r567,dc4c80e8a1534ff8a3eb80307341161c,noise_medium,vehicle,annotation,True,True,3,,0.05,0.8105403082222259
dc4c80e8a1534ff8a3eb80307341161c_r568,dc4c80e8a1534ff8a3eb80307341161c,noise_medium,vehicle,annotation,True,True,12,,0.05,0.8213883461535919
dc4c80e8a1534ff8a3eb80307341161c_r569,dc4c80e8a1534ff8a3eb80307341161c,noise_medium,vehicle,annotation,True,True,14,,0.05,0.8360923752444482
dc4c80e8a1534ff8a3eb80307341161c_r570,dc4c80e8a1534ff8a3eb80307341161c,noise_medium,vehicle,annotation,True,True,16,,0.05,0.8412278566298265
dc4c80e8a1534ff8a3eb80307341161c_r571,dc4c80e8a1534ff8a3eb80307341161c,noise_medium,vehicle,annotation,True,True,699,,0.05,0.8400884046733021
dc4c80e8a1534ff8a3eb80307341161c_r576,dc4c80e8a1534ff8a3eb80307341161c,noise_medium,vehicle,annotation,True,True,252,,0.05,0.8364704085130836
dc4c80e8a1534ff8a3eb80307341161c_r577,dc4c80e8a1534ff8a3eb80307341161c,noise_medium,vehicle,annotation,True,True,15,,0.05,0.8216053376464758
dc4c80e8a1534ff8a3eb80307341161c_r578,dc4c80e8a1534ff8a3eb80307341161c,noise_medium,vehicle,annotation,True,True,3,,0.05,0.8057547539902071
dc4c80e8a1534ff8a3eb80307341161c_r605,dc4c80e8a1534ff8a3eb80307341161c,noise_medium,vehicle,annotation,True,True,74,,0.05,0.8199432551416674
dc4c80e8a1534ff8a3eb80307341161c_r606,dc4c80e8a1534ff8a3eb80307341161c,noise_medium,vehicle,annotation,True,True,16,,0.05,0.8093666398699881
dc4c80e8a1534ff8a3eb80307341161c_r735,dc4c80e8a1534ff8a3eb80307341161c,noise_medium,vehicle,annotation,True,True,15,,0.05,0.8049094604421319
dc4c80e8a1534ff8a3eb80307341161c_r772,dc4c80e8a1534ff8a3eb80307341161c,noise_medium,vehicle,annotation,True,True,22,,0.05,0.7986323969979683
dc4c80e8a1534ff8a3eb80307341161c_r803,dc4c80e8a1534ff8a3eb80307341161c,noise_medium,vehicle,annotation,True,True,9,,0.05,0.7930597692462651
dc4c80e8a1534ff8a3eb80307341161c_r833,dc4c80e8a1534ff8a3eb80307341161c,noise_medium,pedestrian_vru,annotation,True,True,1,,0.05,0.7948495579493747
dc4c80e8a1534ff8a3eb80307341161c_r863,dc4c80e8a1534ff8a3eb80307341161c,noise_medium,vehicle,annotation,True,True,30,,0.05,0.8009084120992721
dc4c80e8a1534ff8a3eb80307341161c_r864,dc4c80e8a1534ff8a3eb80307341161c,noise_medium,vehicle,annotation,True,True,30,,0.05,0.7986396513912055
dc4c80e8a1534ff8a3eb80307341161c_r891,dc4c80e8a1534ff8a3eb80307341161c,noise_medium,vehicle,annotation,True,True,24,,0.05,0.7862159037704637
dc4c80e8a1534ff8a3eb80307341161c_r892,dc4c80e8a1534ff8a3eb80307341161c,noise_medium,vehicle,annotation,True,True,41,,0.05,0.8123275315245682
dc4c80e8a1534ff8a3eb80307341161c_r893,dc4c80e8a1534ff8a3eb80307341161c,noise_medium,vehicle,annotation,True,True,6,,0.05,0.7818583568202467
dc4c80e8a1534ff8a3eb80307341161c_r922,dc4c80e8a1534ff8a3eb80307341161c,noise_medium,vehicle,annotation,True,True,1,,0.05,0.7751096117143702
dc4c80e8a1534ff8a3eb80307341161c_r923,dc4c80e8a1534ff8a3eb80307341161c,noise_medium,vehicle,annotation,True,True,6,,0.05,0.7881245236403913
dc4c80e8a1534ff8a3eb80307341161c_r924,dc4c80e8a1534ff8a3eb80307341161c,noise_medium,vehicle,annotation,True,True,3,,0.05,0.7730137917187152
dc4c80e8a1534ff8a3eb80307341161c_r954,dc4c80e8a1534ff8a3eb80307341161c,noise_medium,vehicle,annotation,True,True,2,,0.05,0.7723174738118304
dc4c80e8a1534ff8a3eb80307341161c_r985,dc4c80e8a1534ff8a3eb80307341161c,noise_medium,vehicle,annotation,True,True,2,,0.05,0.7628581390385147
dc4c80e8a1534ff8a3eb80307341161c_r1017,dc4c80e8a1534ff8a3eb80307341161c,noise_medium,vehicle,annotation,True,True,1,,0.05,0.7573138460543313
dc4c80e8a1534ff8a3eb80307341161c_r1018,dc4c80e8a1534ff8a3eb80307341161c,noise_medium,vehicle,annotation,True,True,1,,0.05,0.7568678950382572
dc4c80e8a1534ff8a3eb80307341161c_r1019,dc4c80e8a1534ff8a3eb80307341161c,noise_medium,vehicle,annotation,True,True,2,,0.05,0.7509333732369223
dc4c80e8a1534ff8a3eb80307341161c_r103,dc4c80e8a1534ff8a3eb80307341161c,noise_high,vehicle,annotation,True,True,2,,0.1,0.6567479648733426
dc4c80e8a1534ff8a3eb80307341161c_r135,dc4c80e8a1534ff8a3eb80307341161c,noise_high,vehicle,annotation,True,True,4,,0.1,0.6885255500396014
dc4c80e8a1534ff8a3eb80307341161c_r537,dc4c80e8a1534ff8a3eb80307341161c,noise_high,vehicle,annotation,True,True,2,,0.05,0.8085961883682021
dc4c80e8a1534ff8a3eb80307341161c_r538,dc4c80e8a1534ff8a3eb80307341161c,noise_high,vehicle,annotation,True,True,44,,0.05,0.8226960585068566
dc4c80e8a1534ff8a3eb80307341161c_r566,dc4c80e8a1534ff8a3eb80307341161c,noise_high,vehicle,annotation,True,True,3,,0.05,0.8104872240505748
dc4c80e8a1534ff8a3eb80307341161c_r567,dc4c80e8a1534ff8a3eb80307341161c,noise_high,vehicle,annotation,True,True,9,,0.05,0.8197356837752883
dc4c80e8a1534ff8a3eb80307341161c_r568,dc4c80e8a1534ff8a3eb80307341161c,noise_high,vehicle,annotation,True,True,14,,0.05,0.8360969843330517
dc4c80e8a1534ff8a3eb80307341161c_r569,dc4c80e8a1534ff8a3eb80307341161c,noise_high,vehicle,annotation,True,True,15,,0.05,0.8416001535648574
dc4c80e8a1534ff8a3eb80307341161c_r570,dc4c80e8a1534ff8a3eb80307341161c,noise_high,vehicle,annotation,True,True,700,,0.05,0.8401131580214413
dc4c80e8a1534ff8a3eb80307341161c_r575,dc4c80e8a1534ff8a3eb80307341161c,noise_high,vehicle,annotation,True,True,251,,0.05,0.8364159121448655
dc4c80e8a1534ff8a3eb80307341161c_r576,dc4c80e8a1534ff8a3eb80307341161c,noise_high,vehicle,annotation,True,True,15,,0.05,0.8218630837225568
dc4c80e8a1534ff8a3eb80307341161c_r604,dc4c80e8a1534ff8a3eb80307341161c,noise_high,vehicle,annotation,True,True,74,,0.05,0.8199356854006028
dc4c80e8a1534ff8a3eb80307341161c_r605,dc4c80e8a1534ff8a3eb80307341161c,noise_high,vehicle,annotation,True,True,15,,0.05,0.8098053829091933
dc4c80e8a1534ff8a3eb80307341161c_r664,dc4c80e8a1534ff8a3eb80307341161c,noise_high,vehicle,annotation,True,True,36,,0.05,0.8234104401375153
dc4c80e8a1534ff8a3eb80307341161c_r733,dc4c80e8a1534ff8a3eb80307341161c,noise_high,vehicle,annotation,True,True,14,,0.05,0.8053185930471343
dc4c80e8a1534ff8a3eb80307341161c_r734,dc4c80e8a1534ff8a3eb80307341161c,noise_high,vehicle,annotation,True,True,45,,0.05,0.8028106426511794
dc4c80e8a1534ff8a3eb80307341161c_r771,dc4c80e8a1534ff8a3eb80307341161c,noise_high,vehicle,annotation,True,True,22,,0.05,0.7986473144492922
dc4c80e8a1534ff8a3eb80307341161c_r802,dc4c80e8a1534ff8a3eb80307341161c,noise_high,vehicle,annotation,True,True,9,,0.05,0.7931359185031598
dc4c80e8a1534ff8a3eb80307341161c_r832,dc4c80e8a1534ff8a3eb80307341161c,noise_high,pedestrian_vru,annotation,True,True,1,,0.05,0.794759908900901
dc4c80e8a1534ff8a3eb80307341161c_r862,dc4c80e8a1534ff8a3eb80307341161c,noise_high,vehicle,annotation,True,True,27,,0.05,0.8007008675556276
dc4c80e8a1534ff8a3eb80307341161c_r863,dc4c80e8a1534ff8a3eb80307341161c,noise_high,vehicle,annotation,True,True,30,,0.05,0.7986735542842222
dc4c80e8a1534ff8a3eb80307341161c_r890,dc4c80e8a1534ff8a3eb80307341161c,noise_high,vehicle,annotation,True,True,24,,0.05,0.7863035757987957
dc4c80e8a1534ff8a3eb80307341161c_r891,dc4c80e8a1534ff8a3eb80307341161c,noise_high,vehicle,annotation,True,True,44,,0.05,0.8120561994167927
dc4c80e8a1534ff8a3eb80307341161c_r892,dc4c80e8a1534ff8a3eb80307341161c,noise_high,vehicle,annotation,True,True,6,,0.05,0.7823309314848984
dc4c80e8a1534ff8a3eb80307341161c_r921,dc4c80e8a1534ff8a3eb80307341161c,noise_high,vehicle,annotation,True,True,1,,0.05,0.7750972822213532
dc4c80e8a1534ff8a3eb80307341161c_r922,dc4c80e8a1534ff8a3eb80307341161c,noise_high,vehicle,annotation,True,True,6,,0.05,0.788047536794406
dc4c80e8a1534ff8a3eb80307341161c_r923,dc4c80e8a1534ff8a3eb80307341161c,noise_high,vehicle,annotation,True,True,3,,0.05,0.7734762472470931
dc4c80e8a1534ff8a3eb80307341161c_r953,dc4c80e8a1534ff8a3eb80307341161c,noise_high,vehicle,annotation,True,True,2,,0.05,0.7721612411635047
dc4c80e8a1534ff8a3eb80307341161c_r985,dc4c80e8a1534ff8a3eb80307341161c,noise_high,vehicle,annotation,True,True,2,,0.05,0.7633027244157599
dc4c80e8a1534ff8a3eb80307341161c_r1017,dc4c80e8a1534ff8a3eb80307341161c,noise_high,vehicle,annotation,True,True,1,,0.05,0.7571729892274822
dc4c80e8a1534ff8a3eb80307341161c_r1018,dc4c80e8a1534ff8a3eb80307341161c,noise_high,vehicle,annotation,True,True,1,,0.05,0.7568612289825506
dc4c80e8a1534ff8a3eb80307341161c_r1019,dc4c80e8a1534ff8a3eb80307341161c,noise_high,vehicle,annotation,True,True,2,,0.05,0.7510452318500529
c844bf5a9f2243ff8f4bf2c85fe218ff_r22,c844bf5a9f2243ff8f4bf2c85fe218ff,original,static_manmade,annotation,True,True,1,,0.2,0.42528106462400905
c844bf5a9f2243ff8f4bf2c85fe218ff_r62,c844bf5a9f2243ff8f4bf2c85fe218ff,original,static_manmade,annotation,True,True,6,,0.1,0.5188592230371522
c844bf5a9f2243ff8f4bf2c85fe218ff_r63,c844bf5a9f2243ff8f4bf2c85fe218ff,original,vehicle,annotation,True,True,6,,0.1,0.740657404663941
c844bf5a9f2243ff8f4bf2c85fe218ff_r81,c844bf5a9f2243ff8f4bf2c85fe218ff,original,vehicle,annotation,True,True,4,,0.1,0.7184569644253488
c844bf5a9f2243ff8f4bf2c85fe218ff_r82,c844bf5a9f2243ff8f4bf2c85fe218ff,original,vehicle,annotation,True,True,1,,0.1,0.7188510512467792
c844bf5a9f2243ff8f4bf2c85fe218ff_r111,c844bf5a9f2243ff8f4bf2c85fe218ff,original,static_manmade,annotation,True,True,1,,0.2,0.49188517907936496
c844bf5a9f2243ff8f4bf2c85fe218ff_r112,c844bf5a9f2243ff8f4bf2c85fe218ff,original,static_manmade,annotation,True,True,3,,0.2,0.495975612369612
c844bf5a9f2243ff8f4bf2c85fe218ff_r125,c844bf5a9f2243ff8f4bf2c85fe218ff,original,static_manmade,annotation,True,True,2,,0.1,0.5005037132704351
c844bf5a9f2243ff8f4bf2c85fe218ff_r126,c844bf5a9f2243ff8f4bf2c85fe218ff,original,static_manmade,annotation,True,True,2,,0.1,0.5032377991035369
c844bf5a9f2243ff8f4bf2c85fe218ff_r147,c844bf5a9f2243ff8f4bf2c85fe218ff,original,static_manmade,annotation,True,True,4,,0.1,0.5081547312587172
c844bf5a9f2243ff8f4bf2c85fe218ff_r148,c844bf5a9f2243ff8f4bf2c85fe218ff,original,static_manmade,annotation,True,True,1,,0.1,0.511273656725854
c844bf5a9f2243ff8f4bf2c85fe218ff_r176,c844bf5a9f2243ff8f4bf2c85fe218ff,original,static_manmade,annotation,True,True,5,,0.1,0.5157574707655366
c844bf5a9f2243ff8f4bf2c85fe218ff_r197,c844bf5a9f2243ff8f4bf2c85fe218ff,original,static_manmade,annotation,True,True,5,,0.1,0.5221586149500382
c844bf5a9f2243ff8f4bf2c85fe218ff_r225,c844bf5a9f2243ff8f4bf2c85fe218ff,original,static_manmade,annotation,True,True,2,,0.1,0.5260913276425636
c844bf5a9f2243ff8f4bf2c85fe218ff_r226,c844bf5a9f2243ff8f4bf2c85fe218ff,original,static_manmade,annotation,True,True,4,,0.1,0.5295868580430186
c844bf5a9f2243ff8f4bf2c85fe218ff_r249,c844bf5a9f2243ff8f4bf2c85fe218ff,original,static_manmade,annotation,True,True,1,,0.1,0.5513263763132015
c844bf5a9f2243ff8f4bf2c85fe218ff_r257,c844bf5a9f2243ff8f4bf2c85fe218ff,original,static_manmade,annotation,True,True,8,,0.1,0.5442179195857596
c844bf5a9f2243ff8f4bf2c85fe218ff_r258,c844bf5a9f2243ff8f4bf2c85fe218ff,original,static_manmade,annotation,True,True,8,,0.1,0.5466089305280887
c844bf5a9f2243ff8f4bf2c85fe218ff_r286,c844bf5a9f2243ff8f4bf2c85fe218ff,original,pedestrian_vru,annotation,True,True,1,,0.1,0.6998716499594411
c844bf5a9f2243ff8f4bf2c85fe218ff_r288,c844bf5a9f2243ff8f4bf2c85fe218ff,original,static_manmade,annotation,True,True,15,,0.1,0.5503645957547895
c844bf5a9f2243ff8f4bf2c85fe218ff_r289,c844bf5a9f2243ff8f4bf2c85fe218ff,original,static_manmade,annotation,True,True,1,,0.1,0.5432352620796319
c844bf5a9f2243ff8f4bf2c85fe218ff_r304,c844bf5a9f2243ff8f4bf2c85fe218ff,original,pedestrian_vru,annotation,True,True,12,,0.05,0.8465392056811055
c844bf5a9f2243ff8f4bf2c85fe218ff_r322,c844bf5a9f2243ff8f4bf2c85fe218ff,original,static_manmade,annotation,True,True,3,,0.1,0.5430342330320467
c844bf5a9f2243ff8f4bf2c85fe218ff_r323,c844bf5a9f2243ff8f4bf2c85fe218ff,original,static_manmade,annotation,True,True,6,,0.1,0.5462940038938332
c844bf5a9f2243ff8f4bf2c85fe218ff_r377,c844bf5a9f2243ff8f4bf2c85fe218ff,original,vehicle,annotation,True,True,3,,0.05,0.8172207919653818
c844bf5a9f2243ff8f4bf2c85fe218ff_r395,c844bf5a9f2243ff8f4bf2c85fe218ff,original,static_manmade,annotation,True,True,2,,0.1,0.5574069553332814
c844bf5a9f2243ff8f4bf2c85fe218ff_r411,c844bf5a9f2243ff8f4bf2c85fe218ff,original,vehicle,annotation,True,True,158,,0.05,0.8319202007251341
c844bf5a9f2243ff8f4bf2c85fe218ff_r412,c844bf5a9f2243ff8f4bf2c85fe218ff,original,vehicle,annotation,True,True,73,,0.05,0.8284153763375864
c844bf5a9f2243ff8f4bf2c85fe218ff_r436,c844bf5a9f2243ff8f4bf2c85fe218ff,original,static_manmade,annotation,True,True,1,,0.1,0.5581037219865457
c844bf5a9f2243ff8f4bf2c85fe218ff_r437,c844bf5a9f2243ff8f4bf2c85fe218ff,original,static_manmade,annotation,True,True,20,,0.1,0.5689949264157406
c844bf5a9f2243ff8f4bf2c85fe218ff_r457,c844bf5a9f2243ff8f4bf2c85fe218ff,original,vehicle,annotation,True,True,19,,0.05,0.7766637090942861
c844bf5a9f2243ff8f4bf2c85fe218ff_r458,c844bf5a9f2243ff8f4bf2c85fe218ff,original,vehicle,annotation,True,True,12,,0.05,0.7918040596650696
c844bf5a9f2243ff8f4bf2c85fe218ff_r473,c844bf5a9f2243ff8f4bf2c85fe218ff,original,static_manmade,annotation,True,True,3,,0.1,0.564004223460284
c844bf5a9f2243ff8f4bf2c85fe218ff_r474,c844bf5a9f2243ff8f4bf2c85fe218ff,original,static_manmade,annotation,True,True,24,,0.1,0.5734285438902806
c844bf5a9f2243ff8f4bf2c85fe218ff_r488,c844bf5a9f2243ff8f4bf2c85fe218ff,original,static_manmade,annotation,True,True,153,,0.1,0.6250191591182019
c844bf5a9f2243ff8f4bf2c85fe218ff_r492,c844bf5a9f2243ff8f4bf2c85fe218ff,original,vehicle,annotation,True,True,32,,0.05,0.7827510512321995
c844bf5a9f2243ff8f4bf2c85fe218ff_r493,c844bf5a9f2243ff8f4bf2c85fe218ff,original,vehicle,annotation,True,True,35,,0.05,0.8129573616662186
c844bf5a9f2243ff8f4bf2c85fe218ff_r505,c844bf5a9f2243ff8f4bf2c85fe218ff,original,static_manmade,annotation,True,True,12,,0.1,0.5760527545715828
c844bf5a9f2243ff8f4bf2c85fe218ff_r506,c844bf5a9f2243ff8f4bf2c85fe218ff,original,static_manmade,annotation,True,True,16,,0.1,0.5795471615822749
c844bf5a9f2243ff8f4bf2c85fe218ff_r519,c844bf5a9f2243ff8f4bf2c85fe218ff,original,static_manmade,annotation,True,True,373,,0.1,0.6382770841037353
c844bf5a9f2243ff8f4bf2c85fe218ff_r521,c844bf5a9f2243ff8f4bf2c85fe218ff,original,vehicle,annotation,True,True,28,,0.05,0.7841743263585759
c844bf5a9f2243ff8f4bf2c85fe218ff_r532,c844bf5a9f2243ff8f4bf2c85fe218ff,original,static_manmade,annotation,True,True,43,,0.1,0.587273751858115
c844bf5a9f2243ff8f4bf2c85fe218ff_r533,c844bf5a9f2243ff8f4bf2c85fe218ff,original,static_manmade,annotation,True,True,1,,0.1,0.579940120208226
c844bf5a9f2243ff8f4bf2c85fe218ff_r544,c844bf5a9f2243ff8f4bf2c85fe218ff,original,static_manmade,annotation,True,True,581,,0.1,0.6333925402052848
c844bf5a9f2243ff8f4bf2c85fe218ff_r545,c844bf5a9f2243ff8f4bf2c85fe218ff,original,static_manmade,annotation,True,True,347,,0.1,0.638634247119408
c844bf5a9f2243ff8f4bf2c85fe218ff_r546,c844bf5a9f2243ff8f4bf2c85fe218ff,original,vehicle,annotation,True,True,102,,0.05,0.8366183446136858
c844bf5a9f2243ff8f4bf2c85fe218ff_r547,c844bf5a9f2243ff8f4bf2c85fe218ff,original,vehicle,annotation,True,True,1,,0.05,0.8177605717858171
c844bf5a9f2243ff8f4bf2c85fe218ff_r548,c844bf5a9f2243ff8f4bf2c85fe218ff,original,vehicle,annotation,True,True,42,,0.05,0.8005327733831802
c844bf5a9f2243ff8f4bf2c85fe218ff_r549,c844bf5a9f2243ff8f4bf2c85fe218ff,original,vehicle,annotation,True,True,30,,0.05,0.7961243360440594
c844bf5a9f2243ff8f4bf2c85fe218ff_r550,c844bf5a9f2243ff8f4bf2c85fe218ff,original,vehicle,annotation,True,True,56,,0.05,0.8037122524786002
c844bf5a9f2243ff8f4bf2c85fe218ff_r564,c844bf5a9f2243ff8f4bf2c85fe218ff,original,static_manmade,annotation,True,True,17,,0.1,0.5885336657920146
c844bf5a9f2243ff8f4bf2c85fe218ff_r565,c844bf5a9f2243ff8f4bf2c85fe218ff,original,static_manmade,annotation,True,True,6,,0.1,0.5853867674375964
c844bf5a9f2243ff8f4bf2c85fe218ff_r574,c844bf5a9f2243ff8f4bf2c85fe218ff,original,static_manmade,annotation,True,True,372,,0.1,0.6317418775989438
c844bf5a9f2243ff8f4bf2c85fe218ff_r575,c844bf5a9f2243ff8f4bf2c85fe218ff,original,static_manmade,annotation,True,True,138,,0.1,0.6310359787096298
c844bf5a9f2243ff8f4bf2c85fe218ff_r577,c844bf5a9f2243ff8f4bf2c85fe218ff,original,vehicle,annotation,True,True,16,,0.05,0.8183943788548544
c844bf5a9f2243ff8f4bf2c85fe218ff_r580,c844bf5a9f2243ff8f4bf2c85fe218ff,original,vehicle,annotation,True,True,11,,0.05,0.7987651625384518
c844bf5a9f2243ff8f4bf2c85fe218ff_r582,c844bf5a9f2243ff8f4bf2c85fe218ff,original,vehicle,annotation,True,True,41,,0.05,0.7973220110749653
c844bf5a9f2243ff8f4bf2c85fe218ff_r583,c844bf5a9f2243ff8f4bf2c85fe218ff,original,vehicle,annotation,True,True,45,,0.05,0.7963032942667163
c844bf5a9f2243ff8f4bf2c85fe218ff_r604,c844bf5a9f2243ff8f4bf2c85fe218ff,original,static_manmade,annotation,True,True,70,,0.1,0.6255519091400342
c844bf5a9f2243ff8f4bf2c85fe218ff_r607,c844bf5a9f2243ff8f4bf2c85fe218ff,original,pedestrian_vru,annotation,True,True,9,,0.05,0.8369966424438308
c844bf5a9f2243ff8f4bf2c85fe218ff_r608,c844bf5a9f2243ff8f4bf2c85fe218ff,original,static_manmade,annotation,True,True,3,,0.1,0.6037113557578578
c844bf5a9f2243ff8f4bf2c85fe218ff_r609,c844bf5a9f2243ff8f4bf2c85fe218ff,original,vehicle,annotation,True,True,15,,0.05,0.7941362331372351
c844bf5a9f2243ff8f4bf2c85fe218ff_r630,c844bf5a9f2243ff8f4bf2c85fe218ff,original,pedestrian_vru,annotation,True,True,43,,0.05,0.8481053349604102
c844bf5a9f2243ff8f4bf2c85fe218ff_r634,c844bf5a9f2243ff8f4bf2c85fe218ff,original,static_manmade,annotation,True,True,9,,0.1,0.6038999943602027
c844bf5a9f2243ff8f4bf2c85fe218ff_r635,c844bf5a9f2243ff8f4bf2c85fe218ff,original,vehicle,annotation,True,True,9,,0.05,0.8065155309340122
c844bf5a9f2243ff8f4bf2c85fe218ff_r636,c844bf5a9f2243ff8f4bf2c85fe218ff,original,vehicle,annotation,True,True,1,,0.05,0.7999574799444545
c844bf5a9f2243ff8f4bf2c85fe218ff_r656,c844bf5a9f2243ff8f4bf2c85fe218ff,original,static_manmade,annotation,True,True,7,,0.1,0.613063587426936
c844bf5a9f2243ff8f4bf2c85fe218ff_r657,c844bf5a9f2243ff8f4bf2c85fe218ff,original,static_manmade,annotation,True,True,13,,0.1,0.6037216636723263
c844bf5a9f2243ff8f4bf2c85fe218ff_r658,c844bf5a9f2243ff8f4bf2c85fe218ff,original,static_manmade,annotation,True,True,52,,0.1,0.6068846141691927
c844bf5a9f2243ff8f4bf2c85fe218ff_r659,c844bf5a9f2243ff8f4bf2c85fe218ff,original,vehicle,annotation,True,True,29,,0.05,0.802419175319588
c844bf5a9f2243ff8f4bf2c85fe218ff_r660,c844bf5a9f2243ff8f4bf2c85fe218ff,original,vehicle,annotation,True,True,2,,0.05,0.799888653161134
c844bf5a9f2243ff8f4bf2c85fe218ff_r661,c844bf5a9f2243ff8f4bf2c85fe218ff,original,vehicle,annotation,True,True,16,,0.05,0.7965018466771738
c844bf5a9f2243ff8f4bf2c85fe218ff_r670,c844bf5a9f2243ff8f4bf2c85fe218ff,original,pedestrian_vru,annotation,True,True,6,,0.05,0.8070700993193002
c844bf5a9f2243ff8f4bf2c85fe218ff_r677,c844bf5a9f2243ff8f4bf2c85fe218ff,original,pedestrian_vru,annotation,True,True,11,,0.05,0.8276838879763342
c844bf5a9f2243ff8f4bf2c85fe218ff_r678,c844bf5a9f2243ff8f4bf2c85fe218ff,original,vehicle,annotation,True,True,1,,0.05,0.7971301626348846
c844bf5a9f2243ff8f4bf2c85fe218ff_r679,c844bf5a9f2243ff8f4bf2c85fe218ff,original,vehicle,annotation,True,True,3,,0.05,0.7992732740596283
c844bf5a9f2243ff8f4bf2c85fe218ff_r680,c844bf5a9f2243ff8f4bf2c85fe218ff,original,vehicle,annotation,True,True,1,,0.05,0.787968206022415
c844bf5a9f2243ff8f4bf2c85fe218ff_r698,c844bf5a9f2243ff8f4bf2c85fe218ff,original,pedestrian_vru,annotation,True,True,1,,0.05,0.7620329569234429
c844bf5a9f2243ff8f4bf2c85fe218ff_r706,c844bf5a9f2243ff8f4bf2c85fe218ff,original,pedestrian_vru,annotation,True,True,23,,0.05,0.8335953706446035
c844bf5a9f2243ff8f4bf2c85fe218ff_r707,c844bf5a9f2243ff8f4bf2c85fe218ff,original,pedestrian_vru,annotation,True,True,2,,0.05,0.811677604402526
c844bf5a9f2243ff8f4bf2c85fe218ff_r727,c844bf5a9f2243ff8f4bf2c85fe218ff,original,pedestrian_vru,annotation,True,True,6,,0.05,0.7874736597828075
c844bf5a9f2243ff8f4bf2c85fe218ff_r731,c844bf5a9f2243ff8f4bf2c85fe218ff,original,pedestrian_vru,annotation,True,True,6,,0.05,0.8200371151107679
c844bf5a9f2243ff8f4bf2c85fe218ff_r732,c844bf5a9f2243ff8f4bf2c85fe218ff,original,pedestrian_vru,annotation,True,True,8,,0.05,0.8139368421941501
c844bf5a9f2243ff8f4bf2c85fe218ff_r799,c844bf5a9f2243ff8f4bf2c85fe218ff,original,vehicle,annotation,True,True,2,,0.1,0.7324441088149196
c844bf5a9f2243ff8f4bf2c85fe218ff_r800,c844bf5a9f2243ff8f4bf2c85fe218ff,original,vehicle,annotation,True,True,4,,0.1,0.7327805289427858
c844bf5a9f2243ff8f4bf2c85fe218ff_r817,c844bf5a9f2243ff8f4bf2c85fe218ff,original,vehicle,annotation,True,True,3,,0.1,0.7093929142575226
c844bf5a9f2243ff8f4bf2c85fe218ff_r818,c844bf5a9f2243ff8f4bf2c85fe218ff,original,static_manmade,annotation,True,True,1,,0.1,0.5178569154836505
c844bf5a9f2243ff8f4bf2c85fe218ff_r819,c844bf5a9f2243ff8f4bf2c85fe218ff,original,vehicle,annotation,True,True,2,,0.1,0.7323397387867152
c844bf5a9f2243ff8f4bf2c85fe218ff_r824,c844bf5a9f2243ff8f4bf2c85fe218ff,original,static_manmade,annotation,True,True,1,,0.1,0.5154945011500939
c844bf5a9f2243ff8f4bf2c85fe218ff_r837,c844bf5a9f2243ff8f4bf2c85fe218ff,original,static_manmade,annotation,True,True,1,,0.1,0.5313781514105514
c844bf5a9f2243ff8f4bf2c85fe218ff_r838,c844bf5a9f2243ff8f4bf2c85fe218ff,original,static_manmade,annotation,True,True,1,,0.1,0.5308589129094142
c844bf5a9f2243ff8f4bf2c85fe218ff_r840,c844bf5a9f2243ff8f4bf2c85fe218ff,original,pedestrian_vru,annotation,True,True,1,,0.1,0.6701859817552812
c844bf5a9f2243ff8f4bf2c85fe218ff_r844,c844bf5a9f2243ff8f4bf2c85fe218ff,original,vehicle,annotation,True,True,1,,0.1,0.7006208826669438
c844bf5a9f2243ff8f4bf2c85fe218ff_r845,c844bf5a9f2243ff8f4bf2c85fe218ff,original,static_manmade,annotation,True,True,6,,0.1,0.5250906150838333
c844bf5a9f2243ff8f4bf2c85fe218ff_r847,c844bf5a9f2243ff8f4bf2c85fe218ff,original,static_manmade,annotation,True,True,6,,0.1,0.5295865648219444
c844bf5a9f2243ff8f4bf2c85fe218ff_r848,c844bf5a9f2243ff8f4bf2c85fe218ff,original,static_manmade,annotation,True,True,5,,0.1,0.5309839278896701
c844bf5a9f2243ff8f4bf2c85fe218ff_r849,c844bf5a9f2243ff8f4bf2c85fe218ff,original,static_manmade,annotation,True,True,6,,0.1,0.5416633513823669
c844bf5a9f2243ff8f4bf2c85fe218ff_r854,c844bf5a9f2243ff8f4bf2c85fe218ff,original,static_manmade,annotation,True,True,2,,0.1,0.5201224820791288
c844bf5a9f2243ff8f4bf2c85fe218ff_r858,c844bf5a9f2243ff8f4bf2c85fe218ff,original,vehicle,annotation,True,True,1,,0.1,0.6823687401185159
c844bf5a9f2243ff8f4bf2c85fe218ff_r863,c844bf5a9f2243ff8f4bf2c85fe218ff,original,vehicle,annotation,True,True,1,,0.1,0.7212584403830269
c844bf5a9f2243ff8f4bf2c85fe218ff_r864,c844bf5a9f2243ff8f4bf2c85fe218ff,original,vehicle,annotation,True,True,1,,0.1,0.719784875819326
c844bf5a9f2243ff8f4bf2c85fe218ff_r868,c844bf5a9f2243ff8f4bf2c85fe218ff,original,vehicle,annotation,True,True,1,,0.1,0.6823035222921675
c844bf5a9f2243ff8f4bf2c85fe218ff_r871,c844bf5a9f2243ff8f4bf2c85fe218ff,original,vehicle,annotation,True,True,3,,0.1,0.7164436975817269
c844bf5a9f2243ff8f4bf2c85fe218ff_r872,c844bf5a9f2243ff8f4bf2c85fe218ff,original,static_manmade,annotation,True,True,1,,0.1,0.5152437399628362
c844bf5a9f2243ff8f4bf2c85fe218ff_r873,c844bf5a9f2243ff8f4bf2c85fe218ff,original,vehicle,annotation,True,True,4,,0.1,0.7248801898051735
c844bf5a9f2243ff8f4bf2c85fe218ff_r901,c844bf5a9f2243ff8f4bf2c85fe218ff,original,vehicle,annotation,True,True,1,,0.1,0.6678344107972873
c844bf5a9f2243ff8f4bf2c85fe218ff_r21,c844bf5a9f2243ff8f4bf2c85fe218ff,dropout_5pct,static_manmade,annotation,True,True,1,,0.2,0.42528106462400905
c844bf5a9f2243ff8f4bf2c85fe218ff_r58,c844bf5a9f2243ff8f4bf2c85fe218ff,dropout_5pct,static_manmade,annotation,True,True,6,,0.1,0.5196234756345415
c844bf5a9f2243ff8f4bf2c85fe218ff_r59,c844bf5a9f2243ff8f4bf2c85fe218ff,dropout_5pct,vehicle,annotation,True,True,6,,0.1,0.7423181196139582
c844bf5a9f2243ff8f4bf2c85fe218ff_r76,c844bf5a9f2243ff8f4bf2c85fe218ff,dropout_5pct,vehicle,annotation,True,True,3,,0.1,0.718412074013976
c844bf5a9f2243ff8f4bf2c85fe218ff_r77,c844bf5a9f2243ff8f4bf2c85fe218ff,dropout_5pct,vehicle,annotation,True,True,1,,0.1,0.7188510512467792
c844bf5a9f2243ff8f4bf2c85fe218ff_r104,c844bf5a9f2243ff8f4bf2c85fe218ff,dropout_5pct,static_manmade,annotation,True,True,1,,0.2,0.49188517907936496
c844bf5a9f2243ff8f4bf2c85fe218ff_r105,c844bf5a9f2243ff8f4bf2c85fe218ff,dropout_5pct,static_manmade,annotation,True,True,3,,0.2,0.495991920461888
c844bf5a9f2243ff8f4bf2c85fe218ff_r118,c844bf5a9f2243ff8f4bf2c85fe218ff,dropout_5pct,static_manmade,annotation,True,True,2,,0.1,0.5005061497501094
c844bf5a9f2243ff8f4bf2c85fe218ff_r119,c844bf5a9f2243ff8f4bf2c85fe218ff,dropout_5pct,static_manmade,annotation,True,True,2,,0.1,0.5032466561673232
c844bf5a9f2243ff8f4bf2c85fe218ff_r140,c844bf5a9f2243ff8f4bf2c85fe218ff,dropout_5pct,static_manmade,annotation,True,True,3,,0.1,0.5080157900046379
c844bf5a9f2243ff8f4bf2c85fe218ff_r141,c844bf5a9f2243ff8f4bf2c85fe218ff,dropout_5pct,static_manmade,annotation,True,True,1,,0.1,0.511273656725854
c844bf5a9f2243ff8f4bf2c85fe218ff_r169,c844bf5a9f2243ff8f4bf2c85fe218ff,dropout_5pct,static_manmade,annotation,True,True,5,,0.1,0.5157738090908857
c844bf5a9f2243ff8f4bf2c85fe218ff_r190,c844bf5a9f2243ff8f4bf2c85fe218ff,dropout_5pct,static_manmade,annotation,True,True,4,,0.1,0.5224885136849463
c844bf5a9f2243ff8f4bf2c85fe218ff_r218,c844bf5a9f2243ff8f4bf2c85fe218ff,dropout_5pct,static_manmade,annotation,True,True,2,,0.1,0.5260978379252492
c844bf5a9f2243ff8f4bf2c85fe218ff_r219,c844bf5a9f2243ff8f4bf2c85fe218ff,dropout_5pct,static_manmade,annotation,True,True,4,,0.1,0.5296009477180189
c844bf5a9f2243ff8f4bf2c85fe218ff_r242,c844bf5a9f2243ff8f4bf2c85fe218ff,dropout_5pct,static_manmade,annotation,True,True,1,,0.1,0.5513263763132015
c844bf5a9f2243ff8f4bf2c85fe218ff_r250,c844bf5a9f2243ff8f4bf2c85fe218ff,dropout_5pct,static_manmade,annotation,True,True,8,,0.1,0.5448272755733267
c844bf5a9f2243ff8f4bf2c85fe218ff_r251,c844bf5a9f2243ff8f4bf2c85fe218ff,dropout_5pct,static_manmade,annotation,True,True,8,,0.1,0.5471895625542726
c844bf5a9f2243ff8f4bf2c85fe218ff_r279,c844bf5a9f2243ff8f4bf2c85fe218ff,dropout_5pct,pedestrian_vru,annotation,True,True,1,,0.1,0.6998716499594411
c844bf5a9f2243ff8f4bf2c85fe218ff_r281,c844bf5a9f2243ff8f4bf2c85fe218ff,dropout_5pct,static_manmade,annotation,True,True,14,,0.1,0.5508492282166982
c844bf5a9f2243ff8f4bf2c85fe218ff_r282,c844bf5a9f2243ff8f4bf2c85fe218ff,dropout_5pct,static_manmade,annotation,True,True,1,,0.1,0.5432352620796319
c844bf5a9f2243ff8f4bf2c85fe218ff_r297,c844bf5a9f2243ff8f4bf2c85fe218ff,dropout_5pct,pedestrian_vru,annotation,True,True,12,,0.05,0.8471488286296937
c844bf5a9f2243ff8f4bf2c85fe218ff_r315,c844bf5a9f2243ff8f4bf2c85fe218ff,dropout_5pct,static_manmade,annotation,True,True,3,,0.1,0.543060989910732
c844bf5a9f2243ff8f4bf2c85fe218ff_r316,c844bf5a9f2243ff8f4bf2c85fe218ff,dropout_5pct,static_manmade,annotation,True,True,6,,0.1,0.5463131332380802
c844bf5a9f2243ff8f4bf2c85fe218ff_r370,c844bf5a9f2243ff8f4bf2c85fe218ff,dropout_5pct,vehicle,annotation,True,True,2,,0.05,0.8127695576355217
c844bf5a9f2243ff8f4bf2c85fe218ff_r388,c844bf5a9f2243ff8f4bf2c85fe218ff,dropout_5pct,static_manmade,annotation,True,True,2,,0.1,0.557412454625679
c844bf5a9f2243ff8f4bf2c85fe218ff_r404,c844bf5a9f2243ff8f4bf2c85fe218ff,dropout_5pct,vehicle,annotation,True,True,150,,0.05,0.8330265318742037
c844bf5a9f2243ff8f4bf2c85fe218ff_r429,c844bf5a9f2243ff8f4bf2c85fe218ff,dropout_5pct,static_manmade,annotation,True,True,1,,0.1,0.5581037219865457
c844bf5a9f2243ff8f4bf2c85fe218ff_r430,c844bf5a9f2243ff8f4bf2c85fe218ff,dropout_5pct,static_manmade,annotation,True,True,19,,0.1,0.5693971078556582
c844bf5a9f2243ff8f4bf2c85fe218ff_r450,c844bf5a9f2243ff8f4bf2c85fe218ff,dropout_5pct,vehicle,annotation,True,True,19,,0.05,0.7778537286661388
c844bf5a9f2243ff8f4bf2c85fe218ff_r451,c844bf5a9f2243ff8f4bf2c85fe218ff,dropout_5pct,vehicle,annotation,True,True,12,,0.05,0.7940806347643525
c844bf5a9f2243ff8f4bf2c85fe218ff_r466,c844bf5a9f2243ff8f4bf2c85fe218ff,dropout_5pct,static_manmade,annotation,True,True,3,,0.1,0.5640116030933359
c844bf5a9f2243ff8f4bf2c85fe218ff_r467,c844bf5a9f2243ff8f4bf2c85fe218ff,dropout_5pct,static_manmade,annotation,True,True,22,,0.1,0.5738075367427735
c844bf5a9f2243ff8f4bf2c85fe218ff_r481,c844bf5a9f2243ff8f4bf2c85fe218ff,dropout_5pct,static_manmade,annotation,True,True,145,,0.1,0.6254777949898368
c844bf5a9f2243ff8f4bf2c85fe218ff_r485,c844bf5a9f2243ff8f4bf2c85fe218ff,dropout_5pct,vehicle,annotation,True,True,31,,0.05,0.7842319036581339
c844bf5a9f2243ff8f4bf2c85fe218ff_r486,c844bf5a9f2243ff8f4bf2c85fe218ff,dropout_5pct,vehicle,annotation,True,True,32,,0.05,0.8164447543604831
c844bf5a9f2243ff8f4bf2c85fe218ff_r498,c844bf5a9f2243ff8f4bf2c85fe218ff,dropout_5pct,static_manmade,annotation,True,True,12,,0.1,0.5764596267075917
c844bf5a9f2243ff8f4bf2c85fe218ff_r499,c844bf5a9f2243ff8f4bf2c85fe218ff,dropout_5pct,static_manmade,annotation,True,True,15,,0.1,0.5800828556824978
c844bf5a9f2243ff8f4bf2c85fe218ff_r512,c844bf5a9f2243ff8f4bf2c85fe218ff,dropout_5pct,static_manmade,annotation,True,True,356,,0.1,0.6391291000286345
c844bf5a9f2243ff8f4bf2c85fe218ff_r514,c844bf5a9f2243ff8f4bf2c85fe218ff,dropout_5pct,vehicle,annotation,True,True,25,,0.05,0.7855302368756611
c844bf5a9f2243ff8f4bf2c85fe218ff_r525,c844bf5a9f2243ff8f4bf2c85fe218ff,dropout_5pct,static_manmade,annotation,True,True,38,,0.1,0.5875760303761834
c844bf5a9f2243ff8f4bf2c85fe218ff_r526,c844bf5a9f2243ff8f4bf2c85fe218ff,dropout_5pct,static_manmade,annotation,True,True,1,,0.1,0.579940120208226
c844bf5a9f2243ff8f4bf2c85fe218ff_r537,c844bf5a9f2243ff8f4bf2c85fe218ff,dropout_5pct,static_manmade,annotation,True,True,554,,0.1,0.6338976186538766
c844bf5a9f2243ff8f4bf2c85fe218ff_r538,c844bf5a9f2243ff8f4bf2c85fe218ff,dropout_5pct,static_manmade,annotation,True,True,336,,0.1,0.6396254804917658
c844bf5a9f2243ff8f4bf2c85fe218ff_r539,c844bf5a9f2243ff8f4bf2c85fe218ff,dropout_5pct,vehicle,annotation,True,True,97,,0.05,0.8370511456493731
c844bf5a9f2243ff8f4bf2c85fe218ff_r540,c844bf5a9f2243ff8f4bf2c85fe218ff,dropout_5pct,vehicle,annotation,True,True,1,,0.05,0.8177605717858171
c844bf5a9f2243ff8f4bf2c85fe218ff_r541,c844bf5a9f2243ff8f4bf2c85fe218ff,dropout_5pct,vehicle,annotation,True,True,37,,0.05,0.8006251541491963
c844bf5a9f2243ff8f4bf2c85fe218ff_r542,c844bf5a9f2243ff8f4bf2c85fe218ff,dropout_5pct,vehicle,annotation,True,True,28,,0.05,0.797144407578331
c844bf5a9f2243ff8f4bf2c85fe218ff_r543,c844bf5a9f2243ff8f4bf2c85fe218ff,dropout_5pct,vehicle,annotation,True,True,50,,0.05,0.8039986162170608
c844bf5a9f2243ff8f4bf2c85fe218ff_r557,c844bf5a9f2243ff8f4bf2c85fe218ff,dropout_5pct,static_manmade,annotation,True,True,14,,0.1,0.5889743240388566
c844bf5a9f2243ff8f4bf2c85fe218ff_r558,c844bf5a9f2243ff8f4bf2c85fe218ff,dropout_5pct,static_manmade,annotation,True,True,6,,0.1,0.5857126413711439
c844bf5a9f2243ff8f4bf2c85fe218ff_r567,c844bf5a9f2243ff8f4bf2c85fe218ff,dropout_5pct,static_manmade,annotation,True,True,353,,0.1,0.6324784904968278
c844bf5a9f2243ff8f4bf2c85fe218ff_r568,c844bf5a9f2243ff8f4bf2c85fe218ff,dropout_5pct,static_manmade,annotation,True,True,132,,0.1,0.631635376494578
c844bf5a9f2243ff8f4bf2c85fe218ff_r570,c844bf5a9f2243ff8f4bf2c85fe218ff,dropout_5pct,vehicle,annotation,True,True,16,,0.05,0.8184094833177298
c844bf5a9f2243ff8f4bf2c85fe218ff_r573,c844bf5a9f2243ff8f4bf2c85fe218ff,dropout_5pct,vehicle,annotation,True,True,10,,0.05,0.7990439209085873
c844bf5a9f2243ff8f4bf2c85fe218ff_r575,c844bf5a9f2243ff8f4bf2c85fe218ff,dropout_5pct,vehicle,annotation,True,True,41,,0.05,0.7981939412304566
c844bf5a9f2243ff8f4bf2c85fe218ff_r576,c844bf5a9f2243ff8f4bf2c85fe218ff,dropout_5pct,vehicle,annotation,True,True,41,,0.05,0.7972931435646258
c844bf5a9f2243ff8f4bf2c85fe218ff_r597,c844bf5a9f2243ff8f4bf2c85fe218ff,dropout_5pct,static_manmade,annotation,True,True,65,,0.1,0.6259404260077585
c844bf5a9f2243ff8f4bf2c85fe218ff_r600,c844bf5a9f2243ff8f4bf2c85fe218ff,dropout_5pct,pedestrian_vru,annotation,True,True,9,,0.05,0.8373092275881836
c844bf5a9f2243ff8f4bf2c85fe218ff_r601,c844bf5a9f2243ff8f4bf2c85fe218ff,dropout_5pct,static_manmade,annotation,True,True,3,,0.1,0.603939043940923
c844bf5a9f2243ff8f4bf2c85fe218ff_r602,c844bf5a9f2243ff8f4bf2c85fe218ff,dropout_5pct,vehicle,annotation,True,True,15,,0.05,0.7947476537693147
c844bf5a9f2243ff8f4bf2c85fe218ff_r623,c844bf5a9f2243ff8f4bf2c85fe218ff,dropout_5pct,pedestrian_vru,annotation,True,True,40,,0.05,0.8487089565411949
c844bf5a9f2243ff8f4bf2c85fe218ff_r627,c844bf5a9f2243ff8f4bf2c85fe218ff,dropout_5pct,static_manmade,annotation,True,True,9,,0.1,0.6041056088398479
c844bf5a9f2243ff8f4bf2c85fe218ff_r628,c844bf5a9f2243ff8f4bf2c85fe218ff,dropout_5pct,vehicle,annotation,True,True,9,,0.05,0.8068347313953597
c844bf5a9f2243ff8f4bf2c85fe218ff_r629,c844bf5a9f2243ff8f4bf2c85fe218ff,dropout_5pct,vehicle,annotation,True,True,1,,0.05,0.7999574799444545
c844bf5a9f2243ff8f4bf2c85fe218ff_r649,c844bf5a9f2243ff8f4bf2c85fe218ff,dropout_5pct,static_manmade,annotation,True,True,7,,0.1,0.6135632301891731
c844bf5a9f2243ff8f4bf2c85fe218ff_r650,c844bf5a9f2243ff8f4bf2c85fe218ff,dropout_5pct,static_manmade,annotation,True,True,11,,0.1,0.6041977224609523
c844bf5a9f2243ff8f4bf2c85fe218ff_r651,c844bf5a9f2243ff8f4bf2c85fe218ff,dropout_5pct,static_manmade,annotation,True,True,51,,0.1,0.6073525650286445
c844bf5a9f2243ff8f4bf2c85fe218ff_r652,c844bf5a9f2243ff8f4bf2c85fe218ff,dropout_5pct,vehicle,annotation,True,True,26,,0.05,0.8026892090642702
c844bf5a9f2243ff8f4bf2c85fe218ff_r653,c844bf5a9f2243ff8f4bf2c85fe218ff,dropout_5pct,vehicle,annotation,True,True,2,,0.05,0.8001702002869425
c844bf5a9f2243ff8f4bf2c85fe218ff_r654,c844bf5a9f2243ff8f4bf2c85fe218ff,dropout_5pct,vehicle,annotation,True,True,16,,0.05,0.7969380891706459
c844bf5a9f2243ff8f4bf2c85fe218ff_r663,c844bf5a9f2243ff8f4bf2c85fe218ff,dropout_5pct,pedestrian_vru,annotation,True,True,6,,0.05,0.8096296866234164
c844bf5a9f2243ff8f4bf2c85fe218ff_r670,c844bf5a9f2243ff8f4bf2c85fe218ff,dropout_5pct,pedestrian_vru,annotation,True,True,10,,0.05,0.8285608802899975
c844bf5a9f2243ff8f4bf2c85fe218ff_r671,c844bf5a9f2243ff8f4bf2c85fe218ff,dropout_5pct,vehicle,annotation,True,True,1,,0.05,0.7971301626348846
c844bf5a9f2243ff8f4bf2c85fe218ff_r672,c844bf5a9f2243ff8f4bf2c85fe218ff,dropout_5pct,vehicle,annotation,True,True,3,,0.05,0.7995400879212953
c844bf5a9f2243ff8f4bf2c85fe218ff_r673,c844bf5a9f2243ff8f4bf2c85fe218ff,dropout_5pct,vehicle,annotation,True,True,1,,0.05,0.787968206022415
c844bf5a9f2243ff8f4bf2c85fe218ff_r691,c844bf5a9f2243ff8f4bf2c85fe218ff,dropout_5pct,pedestrian_vru,annotation,True,True,1,,0.05,0.7620329569234429
c844bf5a9f2243ff8f4bf2c85fe218ff_r699,c844bf5a9f2243ff8f4bf2c85fe218ff,dropout_5pct,pedestrian_vru,annotation,True,True,21,,0.05,0.833296366374909
c844bf5a9f2243ff8f4bf2c85fe218ff_r700,c844bf5a9f2243ff8f4bf2c85fe218ff,dropout_5pct,pedestrian_vru,annotation,True,True,2,,0.05,0.8116784190852799
c844bf5a9f2243ff8f4bf2c85fe218ff_r720,c844bf5a9f2243ff8f4bf2c85fe218ff,dropout_5pct,pedestrian_vru,annotation,True,True,6,,0.05,0.7879459711516337
c844bf5a9f2243ff8f4bf2c85fe218ff_r724,c844bf5a9f2243ff8f4bf2c85fe218ff,dropout_5pct,pedestrian_vru,annotation,True,True,4,,0.05,0.8167475739813378
c844bf5a9f2243ff8f4bf2c85fe218ff_r725,c844bf5a9f2243ff8f4bf2c85fe218ff,dropout_5pct,pedestrian_vru,annotation,True,True,8,,0.05,0.8142813224259406
c844bf5a9f2243ff8f4bf2c85fe218ff_r791,c844bf5a9f2243ff8f4bf2c85fe218ff,dropout_5pct,vehicle,annotation,True,True,2,,0.1,0.732447174136089
c844bf5a9f2243ff8f4bf2c85fe218ff_r792,c844bf5a9f2243ff8f4bf2c85fe218ff,dropout_5pct,vehicle,annotation,True,True,4,,0.1,0.7327961784903916
c844bf5a9f2243ff8f4bf2c85fe218ff_r809,c844bf5a9f2243ff8f4bf2c85fe218ff,dropout_5pct,vehicle,annotation,True,True,3,,0.1,0.709399080855023
c844bf5a9f2243ff8f4bf2c85fe218ff_r810,c844bf5a9f2243ff8f4bf2c85fe218ff,dropout_5pct,static_manmade,annotation,True,True,1,,0.1,0.5178569154836505
c844bf5a9f2243ff8f4bf2c85fe218ff_r811,c844bf5a9f2243ff8f4bf2c85fe218ff,dropout_5pct,vehicle,annotation,True,True,2,,0.1,0.7323721235182228
c844bf5a9f2243ff8f4bf2c85fe218ff_r816,c844bf5a9f2243ff8f4bf2c85fe218ff,dropout_5pct,static_manmade,annotation,True,True,1,,0.1,0.5154945011500939
c844bf5a9f2243ff8f4bf2c85fe218ff_r829,c844bf5a9f2243ff8f4bf2c85fe218ff,dropout_5pct,static_manmade,annotation,True,True,1,,0.1,0.5313781514105514
c844bf5a9f2243ff8f4bf2c85fe218ff_r831,c844bf5a9f2243ff8f4bf2c85fe218ff,dropout_5pct,pedestrian_vru,annotation,True,True,1,,0.1,0.6701859817552812
c844bf5a9f2243ff8f4bf2c85fe218ff_r835,c844bf5a9f2243ff8f4bf2c85fe218ff,dropout_5pct,vehicle,annotation,True,True,1,,0.1,0.7006208826669438
c844bf5a9f2243ff8f4bf2c85fe218ff_r836,c844bf5a9f2243ff8f4bf2c85fe218ff,dropout_5pct,static_manmade,annotation,True,True,6,,0.1,0.5251549767146545
c844bf5a9f2243ff8f4bf2c85fe218ff_r838,c844bf5a9f2243ff8f4bf2c85fe218ff,dropout_5pct,static_manmade,annotation,True,True,6,,0.1,0.5296294538889463
c844bf5a9f2243ff8f4bf2c85fe218ff_r839,c844bf5a9f2243ff8f4bf2c85fe218ff,dropout_5pct,static_manmade,annotation,True,True,5,,0.1,0.5310149007490487
c844bf5a9f2243ff8f4bf2c85fe218ff_r840,c844bf5a9f2243ff8f4bf2c85fe218ff,dropout_5pct,static_manmade,annotation,True,True,6,,0.1,0.5422316268038405
c844bf5a9f2243ff8f4bf2c85fe218ff_r845,c844bf5a9f2243ff8f4bf2c85fe218ff,dropout_5pct,static_manmade,annotation,True,True,2,,0.1,0.5201242561560289
c844bf5a9f2243ff8f4bf2c85fe218ff_r849,c844bf5a9f2243ff8f4bf2c85fe218ff,dropout_5pct,vehicle,annotation,True,True,1,,0.1,0.6823687401185159
c844bf5a9f2243ff8f4bf2c85fe218ff_r854,c844bf5a9f2243ff8f4bf2c85fe218ff,dropout_5pct,vehicle,annotation,True,True,1,,0.1,0.7212584403830269
c844bf5a9f2243ff8f4bf2c85fe218ff_r855,c844bf5a9f2243ff8f4bf2c85fe218ff,dropout_5pct,vehicle,annotation,True,True,1,,0.1,0.719784875819326
c844bf5a9f2243ff8f4bf2c85fe218ff_r859,c844bf5a9f2243ff8f4bf2c85fe218ff,dropout_5pct,vehicle,annotation,True,True,1,,0.1,0.6823035222921675
c844bf5a9f2243ff8f4bf2c85fe218ff_r862,c844bf5a9f2243ff8f4bf2c85fe218ff,dropout_5pct,vehicle,annotation,True,True,2,,0.1,0.7163368111510324
c844bf5a9f2243ff8f4bf2c85fe218ff_r863,c844bf5a9f2243ff8f4bf2c85fe218ff,dropout_5pct,static_manmade,annotation,True,True,1,,0.1,0.5152437399628362
c844bf5a9f2243ff8f4bf2c85fe218ff_r864,c844bf5a9f2243ff8f4bf2c85fe218ff,dropout_5pct,vehicle,annotation,True,True,4,,0.1,0.7255203695831185
c844bf5a9f2243ff8f4bf2c85fe218ff_r21,c844bf5a9f2243ff8f4bf2c85fe218ff,dropout_10pct,static_manmade,annotation,True,True,1,,0.2,0.42528106462400905
c844bf5a9f2243ff8f4bf2c85fe218ff_r57,c844bf5a9f2243ff8f4bf2c85fe218ff,dropout_10pct,static_manmade,annotation,True,True,6,,0.1,0.518835124216222
c844bf5a9f2243ff8f4bf2c85fe218ff_r58,c844bf5a9f2243ff8f4bf2c85fe218ff,dropout_10pct,vehicle,annotation,True,True,6,,0.1,0.7406050381134928
c844bf5a9f2243ff8f4bf2c85fe218ff_r74,c844bf5a9f2243ff8f4bf2c85fe218ff,dropout_10pct,vehicle,annotation,True,True,3,,0.1,0.7184120301088619
c844bf5a9f2243ff8f4bf2c85fe218ff_r75,c844bf5a9f2243ff8f4bf2c85fe218ff,dropout_10pct,vehicle,annotation,True,True,1,,0.1,0.7188510512467792
c844bf5a9f2243ff8f4bf2c85fe218ff_r102,c844bf5a9f2243ff8f4bf2c85fe218ff,dropout_10pct,static_manmade,annotation,True,True,1,,0.2,0.49188517907936496
c844bf5a9f2243ff8f4bf2c85fe218ff_r103,c844bf5a9f2243ff8f4bf2c85fe218ff,dropout_10pct,static_manmade,annotation,True,True,3,,0.2,0.4959750981341396
c844bf5a9f2243ff8f4bf2c85fe218ff_r115,c844bf5a9f2243ff8f4bf2c85fe218ff,dropout_10pct,static_manmade,annotation,True,True,1,,0.1,0.5002434862478126
c844bf5a9f2243ff8f4bf2c85fe218ff_r116,c844bf5a9f2243ff8f4bf2c85fe218ff,dropout_10pct,static_manmade,annotation,True,True,2,,0.1,0.5032375198178729
c844bf5a9f2243ff8f4bf2c85fe218ff_r137,c844bf5a9f2243ff8f4bf2c85fe218ff,dropout_10pct,static_manmade,annotation,True,True,3,,0.1,0.5079976115718904
c844bf5a9f2243ff8f4bf2c85fe218ff_r138,c844bf5a9f2243ff8f4bf2c85fe218ff,dropout_10pct,static_manmade,annotation,True,True,1,,0.1,0.511273656725854
c844bf5a9f2243ff8f4bf2c85fe218ff_r165,c844bf5a9f2243ff8f4bf2c85fe218ff,dropout_10pct,static_manmade,annotation,True,True,5,,0.1,0.5157569555767387
c844bf5a9f2243ff8f4bf2c85fe218ff_r186,c844bf5a9f2243ff8f4bf2c85fe218ff,dropout_10pct,static_manmade,annotation,True,True,4,,0.1,0.5224673054456518
c844bf5a9f2243ff8f4bf2c85fe218ff_r214,c844bf5a9f2243ff8f4bf2c85fe218ff,dropout_10pct,static_manmade,annotation,True,True,2,,0.1,0.5260911223568542
c844bf5a9f2243ff8f4bf2c85fe218ff_r215,c844bf5a9f2243ff8f4bf2c85fe218ff,dropout_10pct,static_manmade,annotation,True,True,4,,0.1,0.5295864137598641
c844bf5a9f2243ff8f4bf2c85fe218ff_r238,c844bf5a9f2243ff8f4bf2c85fe218ff,dropout_10pct,static_manmade,annotation,True,True,1,,0.1,0.5513263763132015
c844bf5a9f2243ff8f4bf2c85fe218ff_r246,c844bf5a9f2243ff8f4bf2c85fe218ff,dropout_10pct,static_manmade,annotation,True,True,8,,0.1,0.5441987050474286
c844bf5a9f2243ff8f4bf2c85fe218ff_r247,c844bf5a9f2243ff8f4bf2c85fe218ff,dropout_10pct,static_manmade,annotation,True,True,8,,0.1,0.5465906217290436
c844bf5a9f2243ff8f4bf2c85fe218ff_r275,c844bf5a9f2243ff8f4bf2c85fe218ff,dropout_10pct,pedestrian_vru,annotation,True,True,1,,0.1,0.6998716499594411
c844bf5a9f2243ff8f4bf2c85fe218ff_r277,c844bf5a9f2243ff8f4bf2c85fe218ff,dropout_10pct,static_manmade,annotation,True,True,14,,0.1,0.5502723608618286
c844bf5a9f2243ff8f4bf2c85fe218ff_r278,c844bf5a9f2243ff8f4bf2c85fe218ff,dropout_10pct,static_manmade,annotation,True,True,1,,0.1,0.5432352620796319
c844bf5a9f2243ff8f4bf2c85fe218ff_r293,c844bf5a9f2243ff8f4bf2c85fe218ff,dropout_10pct,pedestrian_vru,annotation,True,True,12,,0.05,0.8465199827248171
c844bf5a9f2243ff8f4bf2c85fe218ff_r311,c844bf5a9f2243ff8f4bf2c85fe218ff,dropout_10pct,static_manmade,annotation,True,True,3,,0.1,0.5430333893198627
c844bf5a9f2243ff8f4bf2c85fe218ff_r312,c844bf5a9f2243ff8f4bf2c85fe218ff,dropout_10pct,static_manmade,annotation,True,True,5,,0.1,0.5460838953648869
c844bf5a9f2243ff8f4bf2c85fe218ff_r366,c844bf5a9f2243ff8f4bf2c85fe218ff,dropout_10pct,vehicle,annotation,True,True,2,,0.05,0.8122917381889458
c844bf5a9f2243ff8f4bf2c85fe218ff_r384,c844bf5a9f2243ff8f4bf2c85fe218ff,dropout_10pct,static_manmade,annotation,True,True,2,,0.1,0.5574067819266576
c844bf5a9f2243ff8f4bf2c85fe218ff_r400,c844bf5a9f2243ff8f4bf2c85fe218ff,dropout_10pct,vehicle,annotation,True,True,144,,0.05,0.8317519165832878
c844bf5a9f2243ff8f4bf2c85fe218ff_r401,c844bf5a9f2243ff8f4bf2c85fe218ff,dropout_10pct,vehicle,annotation,True,True,67,,0.05,0.8285919684414655
c844bf5a9f2243ff8f4bf2c85fe218ff_r425,c844bf5a9f2243ff8f4bf2c85fe218ff,dropout_10pct,static_manmade,annotation,True,True,1,,0.1,0.5581037219865457
c844bf5a9f2243ff8f4bf2c85fe218ff_r426,c844bf5a9f2243ff8f4bf2c85fe218ff,dropout_10pct,static_manmade,annotation,True,True,18,,0.1,0.5688406990958721
c844bf5a9f2243ff8f4bf2c85fe218ff_r446,c844bf5a9f2243ff8f4bf2c85fe218ff,dropout_10pct,vehicle,annotation,True,True,19,,0.05,0.776626184761803
c844bf5a9f2243ff8f4bf2c85fe218ff_r447,c844bf5a9f2243ff8f4bf2c85fe218ff,dropout_10pct,vehicle,annotation,True,True,12,,0.05,0.7917322734835911
c844bf5a9f2243ff8f4bf2c85fe218ff_r461,c844bf5a9f2243ff8f4bf2c85fe218ff,dropout_10pct,static_manmade,annotation,True,True,3,,0.1,0.5640039907617547
c844bf5a9f2243ff8f4bf2c85fe218ff_r462,c844bf5a9f2243ff8f4bf2c85fe218ff,dropout_10pct,static_manmade,annotation,True,True,20,,0.1,0.5734535291587679
c844bf5a9f2243ff8f4bf2c85fe218ff_r476,c844bf5a9f2243ff8f4bf2c85fe218ff,dropout_10pct,static_manmade,annotation,True,True,133,,0.1,0.625022017494172
c844bf5a9f2243ff8f4bf2c85fe218ff_r480,c844bf5a9f2243ff8f4bf2c85fe218ff,dropout_10pct,vehicle,annotation,True,True,31,,0.05,0.7829900042823437
c844bf5a9f2243ff8f4bf2c85fe218ff_r493,c844bf5a9f2243ff8f4bf2c85fe218ff,dropout_10pct,static_manmade,annotation,True,True,11,,0.1,0.5760074209380394
c844bf5a9f2243ff8f4bf2c85fe218ff_r494,c844bf5a9f2243ff8f4bf2c85fe218ff,dropout_10pct,static_manmade,annotation,True,True,14,,0.1,0.579408529488507
c844bf5a9f2243ff8f4bf2c85fe218ff_r507,c844bf5a9f2243ff8f4bf2c85fe218ff,dropout_10pct,static_manmade,annotation,True,True,343,,0.1,0.638025467413169
c844bf5a9f2243ff8f4bf2c85fe218ff_r509,c844bf5a9f2243ff8f4bf2c85fe218ff,dropout_10pct,vehicle,annotation,True,True,24,,0.05,0.7845656692040585
c844bf5a9f2243ff8f4bf2c85fe218ff_r520,c844bf5a9f2243ff8f4bf2c85fe218ff,dropout_10pct,static_manmade,annotation,True,True,33,,0.1,0.5870658703735911
c844bf5a9f2243ff8f4bf2c85fe218ff_r521,c844bf5a9f2243ff8f4bf2c85fe218ff,dropout_10pct,static_manmade,annotation,True,True,1,,0.1,0.579940120208226
c844bf5a9f2243ff8f4bf2c85fe218ff_r532,c844bf5a9f2243ff8f4bf2c85fe218ff,dropout_10pct,static_manmade,annotation,True,True,525,,0.1,0.6333113271789209
c844bf5a9f2243ff8f4bf2c85fe218ff_r533,c844bf5a9f2243ff8f4bf2c85fe218ff,dropout_10pct,static_manmade,annotation,True,True,320,,0.1,0.6384845063397537
c844bf5a9f2243ff8f4bf2c85fe218ff_r534,c844bf5a9f2243ff8f4bf2c85fe218ff,dropout_10pct,vehicle,annotation,True,True,92,,0.05,0.8363069677766004
c844bf5a9f2243ff8f4bf2c85fe218ff_r535,c844bf5a9f2243ff8f4bf2c85fe218ff,dropout_10pct,vehicle,annotation,True,True,34,,0.05,0.8003595895364245
c844bf5a9f2243ff8f4bf2c85fe218ff_r536,c844bf5a9f2243ff8f4bf2c85fe218ff,dropout_10pct,vehicle,annotation,True,True,28,,0.05,0.7960365977184602
c844bf5a9f2243ff8f4bf2c85fe218ff_r537,c844bf5a9f2243ff8f4bf2c85fe218ff,dropout_10pct,vehicle,annotation,True,True,47,,0.05,0.8027859645020106
c844bf5a9f2243ff8f4bf2c85fe218ff_r551,c844bf5a9f2243ff8f4bf2c85fe218ff,dropout_10pct,static_manmade,annotation,True,True,14,,0.1,0.5883355980784983
c844bf5a9f2243ff8f4bf2c85fe218ff_r552,c844bf5a9f2243ff8f4bf2c85fe218ff,dropout_10pct,static_manmade,annotation,True,True,5,,0.1,0.5855435625986336
c844bf5a9f2243ff8f4bf2c85fe218ff_r561,c844bf5a9f2243ff8f4bf2c85fe218ff,dropout_10pct,static_manmade,annotation,True,True,341,,0.1,0.631919770658591
c844bf5a9f2243ff8f4bf2c85fe218ff_r562,c844bf5a9f2243ff8f4bf2c85fe218ff,dropout_10pct,static_manmade,annotation,True,True,121,,0.1,0.6310796158828631
c844bf5a9f2243ff8f4bf2c85fe218ff_r564,c844bf5a9f2243ff8f4bf2c85fe218ff,dropout_10pct,vehicle,annotation,True,True,16,,0.05,0.8183939025728669
c844bf5a9f2243ff8f4bf2c85fe218ff_r567,c844bf5a9f2243ff8f4bf2c85fe218ff,dropout_10pct,vehicle,annotation,True,True,9,,0.05,0.7987092458109156
c844bf5a9f2243ff8f4bf2c85fe218ff_r568,c844bf5a9f2243ff8f4bf2c85fe218ff,dropout_10pct,vehicle,annotation,True,True,21,,0.05,0.8041712678915711
c844bf5a9f2243ff8f4bf2c85fe218ff_r569,c844bf5a9f2243ff8f4bf2c85fe218ff,dropout_10pct,vehicle,annotation,True,True,41,,0.05,0.7972945169077847
c844bf5a9f2243ff8f4bf2c85fe218ff_r570,c844bf5a9f2243ff8f4bf2c85fe218ff,dropout_10pct,vehicle,annotation,True,True,39,,0.05,0.7964776377612389
c844bf5a9f2243ff8f4bf2c85fe218ff_r591,c844bf5a9f2243ff8f4bf2c85fe218ff,dropout_10pct,static_manmade,annotation,True,True,63,,0.1,0.6255094024568896
c844bf5a9f2243ff8f4bf2c85fe218ff_r594,c844bf5a9f2243ff8f4bf2c85fe218ff,dropout_10pct,pedestrian_vru,annotation,True,True,9,,0.05,0.8369867858421719
c844bf5a9f2243ff8f4bf2c85fe218ff_r595,c844bf5a9f2243ff8f4bf2c85fe218ff,dropout_10pct,static_manmade,annotation,True,True,3,,0.1,0.6037041761725083
c844bf5a9f2243ff8f4bf2c85fe218ff_r596,c844bf5a9f2243ff8f4bf2c85fe218ff,dropout_10pct,vehicle,annotation,True,True,14,,0.05,0.7944592192154863
c844bf5a9f2243ff8f4bf2c85fe218ff_r617,c844bf5a9f2243ff8f4bf2c85fe218ff,dropout_10pct,pedestrian_vru,annotation,True,True,38,,0.05,0.847864070623167
c844bf5a9f2243ff8f4bf2c85fe218ff_r621,c844bf5a9f2243ff8f4bf2c85fe218ff,dropout_10pct,static_manmade,annotation,True,True,9,,0.1,0.6038935108146544
c844bf5a9f2243ff8f4bf2c85fe218ff_r622,c844bf5a9f2243ff8f4bf2c85fe218ff,dropout_10pct,vehicle,annotation,True,True,9,,0.05,0.806505465734646
c844bf5a9f2243ff8f4bf2c85fe218ff_r623,c844bf5a9f2243ff8f4bf2c85fe218ff,dropout_10pct,vehicle,annotation,True,True,1,,0.05,0.7999574799444545
c844bf5a9f2243ff8f4bf2c85fe218ff_r642,c844bf5a9f2243ff8f4bf2c85fe218ff,dropout_10pct,static_manmade,annotation,True,True,7,,0.1,0.6130478324246013
c844bf5a9f2243ff8f4bf2c85fe218ff_r643,c844bf5a9f2243ff8f4bf2c85fe218ff,dropout_10pct,static_manmade,annotation,True,True,10,,0.1,0.6042290146678614
c844bf5a9f2243ff8f4bf2c85fe218ff_r644,c844bf5a9f2243ff8f4bf2c85fe218ff,dropout_10pct,static_manmade,annotation,True,True,47,,0.1,0.6070897134108687
c844bf5a9f2243ff8f4bf2c85fe218ff_r645,c844bf5a9f2243ff8f4bf2c85fe218ff,dropout_10pct,vehicle,annotation,True,True,26,,0.05,0.8023659042569181
c844bf5a9f2243ff8f4bf2c85fe218ff_r646,c844bf5a9f2243ff8f4bf2c85fe218ff,dropout_10pct,vehicle,annotation,True,True,2,,0.05,0.7998797752668468
c844bf5a9f2243ff8f4bf2c85fe218ff_r647,c844bf5a9f2243ff8f4bf2c85fe218ff,dropout_10pct,vehicle,annotation,True,True,16,,0.05,0.7964880908459627
c844bf5a9f2243ff8f4bf2c85fe218ff_r656,c844bf5a9f2243ff8f4bf2c85fe218ff,dropout_10pct,pedestrian_vru,annotation,True,True,6,,0.05,0.8069893890458805
c844bf5a9f2243ff8f4bf2c85fe218ff_r662,c844bf5a9f2243ff8f4bf2c85fe218ff,dropout_10pct,pedestrian_vru,annotation,True,True,10,,0.05,0.8280955731190878
c844bf5a9f2243ff8f4bf2c85fe218ff_r663,c844bf5a9f2243ff8f4bf2c85fe218ff,dropout_10pct,vehicle,annotation,True,True,1,,0.05,0.7971301626348846
c844bf5a9f2243ff8f4bf2c85fe218ff_r664,c844bf5a9f2243ff8f4bf2c85fe218ff,dropout_10pct,vehicle,annotation,True,True,3,,0.05,0.7992648607424921
c844bf5a9f2243ff8f4bf2c85fe218ff_r665,c844bf5a9f2243ff8f4bf2c85fe218ff,dropout_10pct,vehicle,annotation,True,True,1,,0.05,0.787968206022415
c844bf5a9f2243ff8f4bf2c85fe218ff_r683,c844bf5a9f2243ff8f4bf2c85fe218ff,dropout_10pct,pedestrian_vru,annotation,True,True,1,,0.05,0.7620329569234429
c844bf5a9f2243ff8f4bf2c85fe218ff_r691,c844bf5a9f2243ff8f4bf2c85fe218ff,dropout_10pct,pedestrian_vru,annotation,True,True,19,,0.05,0.8326667353908699
c844bf5a9f2243ff8f4bf2c85fe218ff_r692,c844bf5a9f2243ff8f4bf2c85fe218ff,dropout_10pct,pedestrian_vru,annotation,True,True,2,,0.05,0.8116775787135144
c844bf5a9f2243ff8f4bf2c85fe218ff_r712,c844bf5a9f2243ff8f4bf2c85fe218ff,dropout_10pct,pedestrian_vru,annotation,True,True,6,,0.05,0.7874587666085618
c844bf5a9f2243ff8f4bf2c85fe218ff_r716,c844bf5a9f2243ff8f4bf2c85fe218ff,dropout_10pct,pedestrian_vru,annotation,True,True,4,,0.05,0.8164663682982137
c844bf5a9f2243ff8f4bf2c85fe218ff_r717,c844bf5a9f2243ff8f4bf2c85fe218ff,dropout_10pct,pedestrian_vru,annotation,True,True,7,,0.05,0.8139119891695024
c844bf5a9f2243ff8f4bf2c85fe218ff_r783,c844bf5a9f2243ff8f4bf2c85fe218ff,dropout_10pct,vehicle,annotation,True,True,1,,0.1,0.7324848828959568
c844bf5a9f2243ff8f4bf2c85fe218ff_r784,c844bf5a9f2243ff8f4bf2c85fe218ff,dropout_10pct,vehicle,annotation,True,True,3,,0.1,0.7326636511079723
c844bf5a9f2243ff8f4bf2c85fe218ff_r800,c844bf5a9f2243ff8f4bf2c85fe218ff,dropout_10pct,vehicle,annotation,True,True,3,,0.1,0.7093927198090778
c844bf5a9f2243ff8f4bf2c85fe218ff_r801,c844bf5a9f2243ff8f4bf2c85fe218ff,dropout_10pct,static_manmade,annotation,True,True,1,,0.1,0.5178569154836505
c844bf5a9f2243ff8f4bf2c85fe218ff_r802,c844bf5a9f2243ff8f4bf2c85fe218ff,dropout_10pct,vehicle,annotation,True,True,2,,0.1,0.7323387176140714
c844bf5a9f2243ff8f4bf2c85fe218ff_r807,c844bf5a9f2243ff8f4bf2c85fe218ff,dropout_10pct,static_manmade,annotation,True,True,1,,0.1,0.5154945011500939
c844bf5a9f2243ff8f4bf2c85fe218ff_r820,c844bf5a9f2243ff8f4bf2c85fe218ff,dropout_10pct,static_manmade,annotation,True,True,1,,0.1,0.5313781514105514
c844bf5a9f2243ff8f4bf2c85fe218ff_r822,c844bf5a9f2243ff8f4bf2c85fe218ff,dropout_10pct,pedestrian_vru,annotation,True,True,1,,0.1,0.6701859817552812
c844bf5a9f2243ff8f4bf2c85fe218ff_r825,c844bf5a9f2243ff8f4bf2c85fe218ff,dropout_10pct,vehicle,annotation,True,True,1,,0.1,0.7006208826669438
c844bf5a9f2243ff8f4bf2c85fe218ff_r826,c844bf5a9f2243ff8f4bf2c85fe218ff,dropout_10pct,static_manmade,annotation,True,True,6,,0.1,0.525088585598528
c844bf5a9f2243ff8f4bf2c85fe218ff_r828,c844bf5a9f2243ff8f4bf2c85fe218ff,dropout_10pct,static_manmade,annotation,True,True,6,,0.1,0.5295852124209856
c844bf5a9f2243ff8f4bf2c85fe218ff_r829,c844bf5a9f2243ff8f4bf2c85fe218ff,dropout_10pct,static_manmade,annotation,True,True,5,,0.1,0.530982951236932
c844bf5a9f2243ff8f4bf2c85fe218ff_r830,c844bf5a9f2243ff8f4bf2c85fe218ff,dropout_10pct,static_manmade,annotation,True,True,6,,0.1,0.5416454322183787
c844bf5a9f2243ff8f4bf2c85fe218ff_r835,c844bf5a9f2243ff8f4bf2c85fe218ff,dropout_10pct,static_manmade,annotation,True,True,2,,0.1,0.5201224261379889
c844bf5a9f2243ff8f4bf2c85fe218ff_r843,c844bf5a9f2243ff8f4bf2c85fe218ff,dropout_10pct,vehicle,annotation,True,True,1,,0.1,0.7212584403830269
c844bf5a9f2243ff8f4bf2c85fe218ff_r844,c844bf5a9f2243ff8f4bf2c85fe218ff,dropout_10pct,vehicle,annotation,True,True,1,,0.1,0.719784875819326
c844bf5a9f2243ff8f4bf2c85fe218ff_r848,c844bf5a9f2243ff8f4bf2c85fe218ff,dropout_10pct,vehicle,annotation,True,True,1,,0.1,0.6823035222921675
c844bf5a9f2243ff8f4bf2c85fe218ff_r851,c844bf5a9f2243ff8f4bf2c85fe218ff,dropout_10pct,vehicle,annotation,True,True,2,,0.1,0.7163338888326098
c844bf5a9f2243ff8f4bf2c85fe218ff_r852,c844bf5a9f2243ff8f4bf2c85fe218ff,dropout_10pct,static_manmade,annotation,True,True,1,,0.1,0.5152437399628362
c844bf5a9f2243ff8f4bf2c85fe218ff_r853,c844bf5a9f2243ff8f4bf2c85fe218ff,dropout_10pct,vehicle,annotation,True,True,4,,0.1,0.7248600033146277
c844bf5a9f2243ff8f4bf2c85fe218ff_r20,c844bf5a9f2243ff8f4bf2c85fe218ff,dropout_20pct,static_manmade,annotation,True,True,1,,0.2,0.42528106462400905
c844bf5a9f2243ff8f4bf2c85fe218ff_r52,c844bf5a9f2243ff8f4bf2c85fe218ff,dropout_20pct,static_manmade,annotation,True,True,6,,0.1,0.5196234756345415
c844bf5a9f2243ff8f4bf2c85fe218ff_r53,c844bf5a9f2243ff8f4bf2c85fe218ff,dropout_20pct,vehicle,annotation,True,True,6,,0.1,0.7423181196139582
c844bf5a9f2243ff8f4bf2c85fe218ff_r69,c844bf5a9f2243ff8f4bf2c85fe218ff,dropout_20pct,vehicle,annotation,True,True,2,,0.1,0.7184158319681287
c844bf5a9f2243ff8f4bf2c85fe218ff_r70,c844bf5a9f2243ff8f4bf2c85fe218ff,dropout_20pct,vehicle,annotation,True,True,1,,0.1,0.7188510512467792
c844bf5a9f2243ff8f4bf2c85fe218ff_r97,c844bf5a9f2243ff8f4bf2c85fe218ff,dropout_20pct,static_manmade,annotation,True,True,1,,0.2,0.49188517907936496
c844bf5a9f2243ff8f4bf2c85fe218ff_r98,c844bf5a9f2243ff8f4bf2c85fe218ff,dropout_20pct,static_manmade,annotation,True,True,3,,0.2,0.495991920461888
c844bf5a9f2243ff8f4bf2c85fe218ff_r110,c844bf5a9f2243ff8f4bf2c85fe218ff,dropout_20pct,static_manmade,annotation,True,True,1,,0.1,0.5002434862478126
c844bf5a9f2243ff8f4bf2c85fe218ff_r111,c844bf5a9f2243ff8f4bf2c85fe218ff,dropout_20pct,static_manmade,annotation,True,True,1,,0.1,0.502293215676151
c844bf5a9f2243ff8f4bf2c85fe218ff_r132,c844bf5a9f2243ff8f4bf2c85fe218ff,dropout_20pct,static_manmade,annotation,True,True,3,,0.1,0.5080157900046379
c844bf5a9f2243ff8f4bf2c85fe218ff_r133,c844bf5a9f2243ff8f4bf2c85fe218ff,dropout_20pct,static_manmade,annotation,True,True,1,,0.1,0.511273656725854
c844bf5a9f2243ff8f4bf2c85fe218ff_r160,c844bf5a9f2243ff8f4bf2c85fe218ff,dropout_20pct,static_manmade,annotation,True,True,3,,0.1,0.5150489262875263
c844bf5a9f2243ff8f4bf2c85fe218ff_r181,c844bf5a9f2243ff8f4bf2c85fe218ff,dropout_20pct,static_manmade,annotation,True,True,4,,0.1,0.5224885136849463
c844bf5a9f2243ff8f4bf2c85fe218ff_r208,c844bf5a9f2243ff8f4bf2c85fe218ff,dropout_20pct,static_manmade,annotation,True,True,2,,0.1,0.5260978379252492
c844bf5a9f2243ff8f4bf2c85fe218ff_r209,c844bf5a9f2243ff8f4bf2c85fe218ff,dropout_20pct,static_manmade,annotation,True,True,2,,0.1,0.5301350791605697
c844bf5a9f2243ff8f4bf2c85fe218ff_r232,c844bf5a9f2243ff8f4bf2c85fe218ff,dropout_20pct,static_manmade,annotation,True,True,1,,0.1,0.5513263763132015
c844bf5a9f2243ff8f4bf2c85fe218ff_r241,c844bf5a9f2243ff8f4bf2c85fe218ff,dropout_20pct,static_manmade,annotation,True,True,8,,0.1,0.5471895625542726
c844bf5a9f2243ff8f4bf2c85fe218ff_r268,c844bf5a9f2243ff8f4bf2c85fe218ff,dropout_20pct,pedestrian_vru,annotation,True,True,1,,0.1,0.6998716499594411
c844bf5a9f2243ff8f4bf2c85fe218ff_r270,c844bf5a9f2243ff8f4bf2c85fe218ff,dropout_20pct,static_manmade,annotation,True,True,10,,0.1,0.5511255211385762
c844bf5a9f2243ff8f4bf2c85fe218ff_r271,c844bf5a9f2243ff8f4bf2c85fe218ff,dropout_20pct,static_manmade,annotation,True,True,1,,0.1,0.5432352620796319
c844bf5a9f2243ff8f4bf2c85fe218ff_r286,c844bf5a9f2243ff8f4bf2c85fe218ff,dropout_20pct,pedestrian_vru,annotation,True,True,11,,0.05,0.84754456033504
c844bf5a9f2243ff8f4bf2c85fe218ff_r304,c844bf5a9f2243ff8f4bf2c85fe218ff,dropout_20pct,static_manmade,annotation,True,True,2,,0.1,0.5435857314996269
c844bf5a9f2243ff8f4bf2c85fe218ff_r305,c844bf5a9f2243ff8f4bf2c85fe218ff,dropout_20pct,static_manmade,annotation,True,True,5,,0.1,0.5461025188944895
c844bf5a9f2243ff8f4bf2c85fe218ff_r359,c844bf5a9f2243ff8f4bf2c85fe218ff,dropout_20pct,vehicle,annotation,True,True,2,,0.05,0.8127695576355217
c844bf5a9f2243ff8f4bf2c85fe218ff_r377,c844bf5a9f2243ff8f4bf2c85fe218ff,dropout_20pct,static_manmade,annotation,True,True,2,,0.1,0.557412454625679
c844bf5a9f2243ff8f4bf2c85fe218ff_r393,c844bf5a9f2243ff8f4bf2c85fe218ff,dropout_20pct,vehicle,annotation,True,True,132,,0.05,0.8330466536424854
c844bf5a9f2243ff8f4bf2c85fe218ff_r418,c844bf5a9f2243ff8f4bf2c85fe218ff,dropout_20pct,static_manmade,annotation,True,True,1,,0.1,0.5581037219865457
c844bf5a9f2243ff8f4bf2c85fe218ff_r439,c844bf5a9f2243ff8f4bf2c85fe218ff,dropout_20pct,vehicle,annotation,True,True,17,,0.05,0.7780432984568401
c844bf5a9f2243ff8f4bf2c85fe218ff_r440,c844bf5a9f2243ff8f4bf2c85fe218ff,dropout_20pct,vehicle,annotation,True,True,10,,0.05,0.7973671407277773
c844bf5a9f2243ff8f4bf2c85fe218ff_r454,c844bf5a9f2243ff8f4bf2c85fe218ff,dropout_20pct,static_manmade,annotation,True,True,3,,0.1,0.5640116030933359
c844bf5a9f2243ff8f4bf2c85fe218ff_r455,c844bf5a9f2243ff8f4bf2c85fe218ff,dropout_20pct,static_manmade,annotation,True,True,19,,0.1,0.5738328547577626
c844bf5a9f2243ff8f4bf2c85fe218ff_r469,c844bf5a9f2243ff8f4bf2c85fe218ff,dropout_20pct,static_manmade,annotation,True,True,108,,0.1,0.6255780509951441
c844bf5a9f2243ff8f4bf2c85fe218ff_r473,c844bf5a9f2243ff8f4bf2c85fe218ff,dropout_20pct,vehicle,annotation,True,True,27,,0.05,0.7846878883442252
c844bf5a9f2243ff8f4bf2c85fe218ff_r485,c844bf5a9f2243ff8f4bf2c85fe218ff,dropout_20pct,static_manmade,annotation,True,True,9,,0.1,0.5765813047352537
c844bf5a9f2243ff8f4bf2c85fe218ff_r486,c844bf5a9f2243ff8f4bf2c85fe218ff,dropout_20pct,static_manmade,annotation,True,True,9,,0.1,0.5793424678699457
c844bf5a9f2243ff8f4bf2c85fe218ff_r499,c844bf5a9f2243ff8f4bf2c85fe218ff,dropout_20pct,static_manmade,annotation,True,True,310,,0.1,0.6387642731150253
c844bf5a9f2243ff8f4bf2c85fe218ff_r501,c844bf5a9f2243ff8f4bf2c85fe218ff,dropout_20pct,vehicle,annotation,True,True,23,,0.05,0.7861656935702833
c844bf5a9f2243ff8f4bf2c85fe218ff_r512,c844bf5a9f2243ff8f4bf2c85fe218ff,dropout_20pct,static_manmade,annotation,True,True,29,,0.1,0.5882261244040834
c844bf5a9f2243ff8f4bf2c85fe218ff_r513,c844bf5a9f2243ff8f4bf2c85fe218ff,dropout_20pct,static_manmade,annotation,True,True,1,,0.1,0.579940120208226
c844bf5a9f2243ff8f4bf2c85fe218ff_r524,c844bf5a9f2243ff8f4bf2c85fe218ff,dropout_20pct,static_manmade,annotation,True,True,470,,0.1,0.6338055267954142
c844bf5a9f2243ff8f4bf2c85fe218ff_r525,c844bf5a9f2243ff8f4bf2c85fe218ff,dropout_20pct,static_manmade,annotation,True,True,277,,0.1,0.639519832071593
c844bf5a9f2243ff8f4bf2c85fe218ff_r526,c844bf5a9f2243ff8f4bf2c85fe218ff,dropout_20pct,vehicle,annotation,True,True,79,,0.05,0.837377288140279
c844bf5a9f2243ff8f4bf2c85fe218ff_r527,c844bf5a9f2243ff8f4bf2c85fe218ff,dropout_20pct,vehicle,annotation,True,True,27,,0.05,0.8009943898717387
c844bf5a9f2243ff8f4bf2c85fe218ff_r528,c844bf5a9f2243ff8f4bf2c85fe218ff,dropout_20pct,vehicle,annotation,True,True,23,,0.05,0.7960846162395842
c844bf5a9f2243ff8f4bf2c85fe218ff_r529,c844bf5a9f2243ff8f4bf2c85fe218ff,dropout_20pct,vehicle,annotation,True,True,42,,0.05,0.8047840838720459
c844bf5a9f2243ff8f4bf2c85fe218ff_r543,c844bf5a9f2243ff8f4bf2c85fe218ff,dropout_20pct,static_manmade,annotation,True,True,13,,0.1,0.5886031276838358
c844bf5a9f2243ff8f4bf2c85fe218ff_r544,c844bf5a9f2243ff8f4bf2c85fe218ff,dropout_20pct,static_manmade,annotation,True,True,5,,0.1,0.5858950293884041
c844bf5a9f2243ff8f4bf2c85fe218ff_r553,c844bf5a9f2243ff8f4bf2c85fe218ff,dropout_20pct,static_manmade,annotation,True,True,290,,0.1,0.6326192604660695
c844bf5a9f2243ff8f4bf2c85fe218ff_r554,c844bf5a9f2243ff8f4bf2c85fe218ff,dropout_20pct,static_manmade,annotation,True,True,102,,0.1,0.6317601327098071
c844bf5a9f2243ff8f4bf2c85fe218ff_r556,c844bf5a9f2243ff8f4bf2c85fe218ff,dropout_20pct,vehicle,annotation,True,True,13,,0.05,0.8183930180851904
c844bf5a9f2243ff8f4bf2c85fe218ff_r559,c844bf5a9f2243ff8f4bf2c85fe218ff,dropout_20pct,vehicle,annotation,True,True,7,,0.05,0.7989578666745236
c844bf5a9f2243ff8f4bf2c85fe218ff_r560,c844bf5a9f2243ff8f4bf2c85fe218ff,dropout_20pct,vehicle,annotation,True,True,16,,0.05,0.804597803513697
c844bf5a9f2243ff8f4bf2c85fe218ff_r561,c844bf5a9f2243ff8f4bf2c85fe218ff,dropout_20pct,vehicle,annotation,True,True,39,,0.05,0.7982860433180862
c844bf5a9f2243ff8f4bf2c85fe218ff_r562,c844bf5a9f2243ff8f4bf2c85fe218ff,dropout_20pct,vehicle,annotation,True,True,37,,0.05,0.7968375034741655
c844bf5a9f2243ff8f4bf2c85fe218ff_r583,c844bf5a9f2243ff8f4bf2c85fe218ff,dropout_20pct,static_manmade,annotation,True,True,56,,0.1,0.6261820248338548
c844bf5a9f2243ff8f4bf2c85fe218ff_r586,c844bf5a9f2243ff8f4bf2c85fe218ff,dropout_20pct,pedestrian_vru,annotation,True,True,7,,0.05,0.8379598177796002
c844bf5a9f2243ff8f4bf2c85fe218ff_r587,c844bf5a9f2243ff8f4bf2c85fe218ff,dropout_20pct,static_manmade,annotation,True,True,1,,0.1,0.5999121877469148
c844bf5a9f2243ff8f4bf2c85fe218ff_r588,c844bf5a9f2243ff8f4bf2c85fe218ff,dropout_20pct,vehicle,annotation,True,True,13,,0.05,0.7951305135230897
c844bf5a9f2243ff8f4bf2c85fe218ff_r609,c844bf5a9f2243ff8f4bf2c85fe218ff,dropout_20pct,pedestrian_vru,annotation,True,True,35,,0.05,0.8485267304622464
c844bf5a9f2243ff8f4bf2c85fe218ff_r613,c844bf5a9f2243ff8f4bf2c85fe218ff,dropout_20pct,static_manmade,annotation,True,True,9,,0.1,0.6041056088398479
c844bf5a9f2243ff8f4bf2c85fe218ff_r614,c844bf5a9f2243ff8f4bf2c85fe218ff,dropout_20pct,static_manmade,annotation,True,True,8,,0.1,0.6045653415754071
c844bf5a9f2243ff8f4bf2c85fe218ff_r615,c844bf5a9f2243ff8f4bf2c85fe218ff,dropout_20pct,vehicle,annotation,True,True,1,,0.05,0.7999574799444545
c844bf5a9f2243ff8f4bf2c85fe218ff_r634,c844bf5a9f2243ff8f4bf2c85fe218ff,dropout_20pct,static_manmade,annotation,True,True,7,,0.1,0.6135632301891731
c844bf5a9f2243ff8f4bf2c85fe218ff_r635,c844bf5a9f2243ff8f4bf2c85fe218ff,dropout_20pct,static_manmade,annotation,True,True,8,,0.1,0.6048391370296288
c844bf5a9f2243ff8f4bf2c85fe218ff_r636,c844bf5a9f2243ff8f4bf2c85fe218ff,dropout_20pct,static_manmade,annotation,True,True,44,,0.1,0.6076382799843214
c844bf5a9f2243ff8f4bf2c85fe218ff_r637,c844bf5a9f2243ff8f4bf2c85fe218ff,dropout_20pct,vehicle,annotation,True,True,26,,0.05,0.8026892090642702
c844bf5a9f2243ff8f4bf2c85fe218ff_r638,c844bf5a9f2243ff8f4bf2c85fe218ff,dropout_20pct,vehicle,annotation,True,True,2,,0.05,0.8001702002869425
c844bf5a9f2243ff8f4bf2c85fe218ff_r639,c844bf5a9f2243ff8f4bf2c85fe218ff,dropout_20pct,vehicle,annotation,True,True,13,,0.05,0.7962304451163101
c844bf5a9f2243ff8f4bf2c85fe218ff_r653,c844bf5a9f2243ff8f4bf2c85fe218ff,dropout_20pct,pedestrian_vru,annotation,True,True,10,,0.05,0.8285608802899975
c844bf5a9f2243ff8f4bf2c85fe218ff_r654,c844bf5a9f2243ff8f4bf2c85fe218ff,dropout_20pct,vehicle,annotation,True,True,1,,0.05,0.7971301626348846
c844bf5a9f2243ff8f4bf2c85fe218ff_r655,c844bf5a9f2243ff8f4bf2c85fe218ff,dropout_20pct,vehicle,annotation,True,True,3,,0.05,0.7995400879212953
c844bf5a9f2243ff8f4bf2c85fe218ff_r656,c844bf5a9f2243ff8f4bf2c85fe218ff,dropout_20pct,vehicle,annotation,True,True,1,,0.05,0.787968206022415
c844bf5a9f2243ff8f4bf2c85fe218ff_r680,c844bf5a9f2243ff8f4bf2c85fe218ff,dropout_20pct,pedestrian_vru,annotation,True,True,15,,0.05,0.8325983569450234
c844bf5a9f2243ff8f4bf2c85fe218ff_r681,c844bf5a9f2243ff8f4bf2c85fe218ff,dropout_20pct,pedestrian_vru,annotation,True,True,2,,0.05,0.8116784190852799
c844bf5a9f2243ff8f4bf2c85fe218ff_r701,c844bf5a9f2243ff8f4bf2c85fe218ff,dropout_20pct,pedestrian_vru,annotation,True,True,4,,0.05,0.7875039838247719
c844bf5a9f2243ff8f4bf2c85fe218ff_r705,c844bf5a9f2243ff8f4bf2c85fe218ff,dropout_20pct,pedestrian_vru,annotation,True,True,4,,0.05,0.8167475739813378
c844bf5a9f2243ff8f4bf2c85fe218ff_r706,c844bf5a9f2243ff8f4bf2c85fe218ff,dropout_20pct,pedestrian_vru,annotation,True,True,5,,0.05,0.8144137311357779
c844bf5a9f2243ff8f4bf2c85fe218ff_r768,c844bf5a9f2243ff8f4bf2c85fe218ff,dropout_20pct,vehicle,annotation,True,True,1,,0.1,0.7324848828959568
c844bf5a9f2243ff8f4bf2c85fe218ff_r769,c844bf5a9f2243ff8f4bf2c85fe218ff,dropout_20pct,vehicle,annotation,True,True,3,,0.1,0.7326801427033858
c844bf5a9f2243ff8f4bf2c85fe218ff_r785,c844bf5a9f2243ff8f4bf2c85fe218ff,dropout_20pct,vehicle,annotation,True,True,3,,0.1,0.709399080855023
c844bf5a9f2243ff8f4bf2c85fe218ff_r786,c844bf5a9f2243ff8f4bf2c85fe218ff,dropout_20pct,static_manmade,annotation,True,True,1,,0.1,0.5178569154836505
c844bf5a9f2243ff8f4bf2c85fe218ff_r787,c844bf5a9f2243ff8f4bf2c85fe218ff,dropout_20pct,vehicle,annotation,True,True,1,,0.1,0.7327497115469732
c844bf5a9f2243ff8f4bf2c85fe218ff_r792,c844bf5a9f2243ff8f4bf2c85fe218ff,dropout_20pct,static_manmade,annotation,True,True,1,,0.1,0.5154945011500939
c844bf5a9f2243ff8f4bf2c85fe218ff_r804,c844bf5a9f2243ff8f4bf2c85fe218ff,dropout_20pct,static_manmade,annotation,True,True,1,,0.1,0.5313781514105514
c844bf5a9f2243ff8f4bf2c85fe218ff_r806,c844bf5a9f2243ff8f4bf2c85fe218ff,dropout_20pct,pedestrian_vru,annotation,True,True,1,,0.1,0.6701859817552812
c844bf5a9f2243ff8f4bf2c85fe218ff_r809,c844bf5a9f2243ff8f4bf2c85fe218ff,dropout_20pct,static_manmade,annotation,True,True,5,,0.1,0.5255162356949544
c844bf5a9f2243ff8f4bf2c85fe218ff_r811,c844bf5a9f2243ff8f4bf2c85fe218ff,dropout_20pct,static_manmade,annotation,True,True,5,,0.1,0.5294978899547714
c844bf5a9f2243ff8f4bf2c85fe218ff_r812,c844bf5a9f2243ff8f4bf2c85fe218ff,dropout_20pct,static_manmade,annotation,True,True,4,,0.1,0.5312092837684209
c844bf5a9f2243ff8f4bf2c85fe218ff_r813,c844bf5a9f2243ff8f4bf2c85fe218ff,dropout_20pct,static_manmade,annotation,True,True,6,,0.1,0.5422316268038405
c844bf5a9f2243ff8f4bf2c85fe218ff_r818,c844bf5a9f2243ff8f4bf2c85fe218ff,dropout_20pct,static_manmade,annotation,True,True,2,,0.1,0.5201242561560289
c844bf5a9f2243ff8f4bf2c85fe218ff_r826,c844bf5a9f2243ff8f4bf2c85fe218ff,dropout_20pct,vehicle,annotation,True,True,1,,0.1,0.719784875819326
c844bf5a9f2243ff8f4bf2c85fe218ff_r830,c844bf5a9f2243ff8f4bf2c85fe218ff,dropout_20pct,vehicle,annotation,True,True,1,,0.1,0.6823035222921675
c844bf5a9f2243ff8f4bf2c85fe218ff_r833,c844bf5a9f2243ff8f4bf2c85fe218ff,dropout_20pct,vehicle,annotation,True,True,2,,0.1,0.7163368111510324
c844bf5a9f2243ff8f4bf2c85fe218ff_r834,c844bf5a9f2243ff8f4bf2c85fe218ff,dropout_20pct,static_manmade,annotation,True,True,1,,0.1,0.5152437399628362
c844bf5a9f2243ff8f4bf2c85fe218ff_r835,c844bf5a9f2243ff8f4bf2c85fe218ff,dropout_20pct,vehicle,annotation,True,True,3,,0.1,0.7141902634383315
c844bf5a9f2243ff8f4bf2c85fe218ff_r18,c844bf5a9f2243ff8f4bf2c85fe218ff,dropout_30pct,static_manmade,annotation,True,True,1,,0.2,0.42528106462400905
c844bf5a9f2243ff8f4bf2c85fe218ff_r47,c844bf5a9f2243ff8f4bf2c85fe218ff,dropout_30pct,static_manmade,annotation,True,True,4,,0.1,0.5175132484778476
c844bf5a9f2243ff8f4bf2c85fe218ff_r48,c844bf5a9f2243ff8f4bf2c85fe218ff,dropout_30pct,vehicle,annotation,True,True,5,,0.1,0.7430224667372196
c844bf5a9f2243ff8f4bf2c85fe218ff_r61,c844bf5a9f2243ff8f4bf2c85fe218ff,dropout_30pct,vehicle,annotation,True,True,1,,0.1,0.718096993193615
c844bf5a9f2243ff8f4bf2c85fe218ff_r62,c844bf5a9f2243ff8f4bf2c85fe218ff,dropout_30pct,vehicle,annotation,True,True,1,,0.1,0.7188510512467792
c844bf5a9f2243ff8f4bf2c85fe218ff_r87,c844bf5a9f2243ff8f4bf2c85fe218ff,dropout_30pct,static_manmade,annotation,True,True,1,,0.2,0.49188517907936496
c844bf5a9f2243ff8f4bf2c85fe218ff_r88,c844bf5a9f2243ff8f4bf2c85fe218ff,dropout_30pct,static_manmade,annotation,True,True,3,,0.2,0.4959778597868927
c844bf5a9f2243ff8f4bf2c85fe218ff_r100,c844bf5a9f2243ff8f4bf2c85fe218ff,dropout_30pct,static_manmade,annotation,True,True,1,,0.1,0.5002434862478126
c844bf5a9f2243ff8f4bf2c85fe218ff_r101,c844bf5a9f2243ff8f4bf2c85fe218ff,dropout_30pct,static_manmade,annotation,True,True,1,,0.1,0.502293215676151
c844bf5a9f2243ff8f4bf2c85fe218ff_r121,c844bf5a9f2243ff8f4bf2c85fe218ff,dropout_30pct,static_manmade,annotation,True,True,3,,0.1,0.5080005958508556
c844bf5a9f2243ff8f4bf2c85fe218ff_r122,c844bf5a9f2243ff8f4bf2c85fe218ff,dropout_30pct,static_manmade,annotation,True,True,1,,0.1,0.511273656725854
c844bf5a9f2243ff8f4bf2c85fe218ff_r149,c844bf5a9f2243ff8f4bf2c85fe218ff,dropout_30pct,static_manmade,annotation,True,True,1,,0.1,0.516560792799837
c844bf5a9f2243ff8f4bf2c85fe218ff_r169,c844bf5a9f2243ff8f4bf2c85fe218ff,dropout_30pct,static_manmade,annotation,True,True,4,,0.1,0.5224707871155676
c844bf5a9f2243ff8f4bf2c85fe218ff_r196,c844bf5a9f2243ff8f4bf2c85fe218ff,dropout_30pct,static_manmade,annotation,True,True,2,,0.1,0.5260922248242549
c844bf5a9f2243ff8f4bf2c85fe218ff_r227,c844bf5a9f2243ff8f4bf2c85fe218ff,dropout_30pct,static_manmade,annotation,True,True,6,,0.1,0.5444245471829146
c844bf5a9f2243ff8f4bf2c85fe218ff_r254,c844bf5a9f2243ff8f4bf2c85fe218ff,dropout_30pct,pedestrian_vru,annotation,True,True,1,,0.1,0.6998716499594411
c844bf5a9f2243ff8f4bf2c85fe218ff_r256,c844bf5a9f2243ff8f4bf2c85fe218ff,dropout_30pct,static_manmade,annotation,True,True,10,,0.1,0.550634548337185
c844bf5a9f2243ff8f4bf2c85fe218ff_r257,c844bf5a9f2243ff8f4bf2c85fe218ff,dropout_30pct,static_manmade,annotation,True,True,1,,0.1,0.5432352620796319
c844bf5a9f2243ff8f4bf2c85fe218ff_r272,c844bf5a9f2243ff8f4bf2c85fe218ff,dropout_30pct,pedestrian_vru,annotation,True,True,10,,0.05,0.8469898738841045
c844bf5a9f2243ff8f4bf2c85fe218ff_r290,c844bf5a9f2243ff8f4bf2c85fe218ff,dropout_30pct,static_manmade,annotation,True,True,1,,0.1,0.5442177209774127
c844bf5a9f2243ff8f4bf2c85fe218ff_r291,c844bf5a9f2243ff8f4bf2c85fe218ff,dropout_30pct,static_manmade,annotation,True,True,5,,0.1,0.5460869527135825
c844bf5a9f2243ff8f4bf2c85fe218ff_r343,c844bf5a9f2243ff8f4bf2c85fe218ff,dropout_30pct,vehicle,annotation,True,True,2,,0.05,0.8123701798534909
c844bf5a9f2243ff8f4bf2c85fe218ff_r360,c844bf5a9f2243ff8f4bf2c85fe218ff,dropout_30pct,static_manmade,annotation,True,True,2,,0.1,0.5574077131904579
c844bf5a9f2243ff8f4bf2c85fe218ff_r376,c844bf5a9f2243ff8f4bf2c85fe218ff,dropout_30pct,vehicle,annotation,True,True,120,,0.05,0.8325130806843908
c844bf5a9f2243ff8f4bf2c85fe218ff_r400,c844bf5a9f2243ff8f4bf2c85fe218ff,dropout_30pct,static_manmade,annotation,True,True,1,,0.1,0.5581037219865457
c844bf5a9f2243ff8f4bf2c85fe218ff_r401,c844bf5a9f2243ff8f4bf2c85fe218ff,dropout_30pct,static_manmade,annotation,True,True,13,,0.1,0.568621690001466
c844bf5a9f2243ff8f4bf2c85fe218ff_r421,c844bf5a9f2243ff8f4bf2c85fe218ff,dropout_30pct,vehicle,annotation,True,True,16,,0.05,0.7775110976231624
c844bf5a9f2243ff8f4bf2c85fe218ff_r422,c844bf5a9f2243ff8f4bf2c85fe218ff,dropout_30pct,vehicle,annotation,True,True,10,,0.05,0.7952386917488268
c844bf5a9f2243ff8f4bf2c85fe218ff_r435,c844bf5a9f2243ff8f4bf2c85fe218ff,dropout_30pct,static_manmade,annotation,True,True,3,,0.1,0.5640052404471004
c844bf5a9f2243ff8f4bf2c85fe218ff_r436,c844bf5a9f2243ff8f4bf2c85fe218ff,dropout_30pct,static_manmade,annotation,True,True,17,,0.1,0.5735239911251813
c844bf5a9f2243ff8f4bf2c85fe218ff_r450,c844bf5a9f2243ff8f4bf2c85fe218ff,dropout_30pct,static_manmade,annotation,True,True,95,,0.1,0.625195375425458
c844bf5a9f2243ff8f4bf2c85fe218ff_r454,c844bf5a9f2243ff8f4bf2c85fe218ff,dropout_30pct,vehicle,annotation,True,True,24,,0.05,0.7835648613085902
c844bf5a9f2243ff8f4bf2c85fe218ff_r466,c844bf5a9f2243ff8f4bf2c85fe218ff,dropout_30pct,static_manmade,annotation,True,True,7,,0.1,0.5761114532110957
c844bf5a9f2243ff8f4bf2c85fe218ff_r467,c844bf5a9f2243ff8f4bf2c85fe218ff,dropout_30pct,static_manmade,annotation,True,True,9,,0.1,0.5789968589191947
c844bf5a9f2243ff8f4bf2c85fe218ff_r480,c844bf5a9f2243ff8f4bf2c85fe218ff,dropout_30pct,static_manmade,annotation,True,True,278,,0.1,0.6381350515000439
c844bf5a9f2243ff8f4bf2c85fe218ff_r482,c844bf5a9f2243ff8f4bf2c85fe218ff,dropout_30pct,vehicle,annotation,True,True,21,,0.05,0.7859594782867872
c844bf5a9f2243ff8f4bf2c85fe218ff_r493,c844bf5a9f2243ff8f4bf2c85fe218ff,dropout_30pct,static_manmade,annotation,True,True,24,,0.1,0.5878320769160494
c844bf5a9f2243ff8f4bf2c85fe218ff_r494,c844bf5a9f2243ff8f4bf2c85fe218ff,dropout_30pct,static_manmade,annotation,True,True,1,,0.1,0.579940120208226
c844bf5a9f2243ff8f4bf2c85fe218ff_r505,c844bf5a9f2243ff8f4bf2c85fe218ff,dropout_30pct,static_manmade,annotation,True,True,412,,0.1,0.6332457342347226
c844bf5a9f2243ff8f4bf2c85fe218ff_r506,c844bf5a9f2243ff8f4bf2c85fe218ff,dropout_30pct,static_manmade,annotation,True,True,239,,0.1,0.6385610849476815
c844bf5a9f2243ff8f4bf2c85fe218ff_r507,c844bf5a9f2243ff8f4bf2c85fe218ff,dropout_30pct,vehicle,annotation,True,True,65,,0.05,0.8363364864967748
c844bf5a9f2243ff8f4bf2c85fe218ff_r508,c844bf5a9f2243ff8f4bf2c85fe218ff,dropout_30pct,vehicle,annotation,True,True,20,,0.05,0.8008322163780369
c844bf5a9f2243ff8f4bf2c85fe218ff_r509,c844bf5a9f2243ff8f4bf2c85fe218ff,dropout_30pct,vehicle,annotation,True,True,21,,0.05,0.7949974614679705
c844bf5a9f2243ff8f4bf2c85fe218ff_r510,c844bf5a9f2243ff8f4bf2c85fe218ff,dropout_30pct,vehicle,annotation,True,True,36,,0.05,0.8024457670515017
c844bf5a9f2243ff8f4bf2c85fe218ff_r525,c844bf5a9f2243ff8f4bf2c85fe218ff,dropout_30pct,static_manmade,annotation,True,True,4,,0.1,0.5856818746183838
c844bf5a9f2243ff8f4bf2c85fe218ff_r534,c844bf5a9f2243ff8f4bf2c85fe218ff,dropout_30pct,static_manmade,annotation,True,True,256,,0.1,0.6321475121401244
c844bf5a9f2243ff8f4bf2c85fe218ff_r535,c844bf5a9f2243ff8f4bf2c85fe218ff,dropout_30pct,static_manmade,annotation,True,True,89,,0.1,0.6312983721648866
c844bf5a9f2243ff8f4bf2c85fe218ff_r537,c844bf5a9f2243ff8f4bf2c85fe218ff,dropout_30pct,vehicle,annotation,True,True,13,,0.05,0.8183805827748827
c844bf5a9f2243ff8f4bf2c85fe218ff_r540,c844bf5a9f2243ff8f4bf2c85fe218ff,dropout_30pct,vehicle,annotation,True,True,6,,0.05,0.7987838298376665
c844bf5a9f2243ff8f4bf2c85fe218ff_r541,c844bf5a9f2243ff8f4bf2c85fe218ff,dropout_30pct,vehicle,annotation,True,True,14,,0.05,0.8040163440829524
c844bf5a9f2243ff8f4bf2c85fe218ff_r542,c844bf5a9f2243ff8f4bf2c85fe218ff,dropout_30pct,vehicle,annotation,True,True,35,,0.05,0.7973743129729678
c844bf5a9f2243ff8f4bf2c85fe218ff_r543,c844bf5a9f2243ff8f4bf2c85fe218ff,dropout_30pct,vehicle,annotation,True,True,34,,0.05,0.7961674535337762
c844bf5a9f2243ff8f4bf2c85fe218ff_r564,c844bf5a9f2243ff8f4bf2c85fe218ff,dropout_30pct,static_manmade,annotation,True,True,49,,0.1,0.6258770080560968
c844bf5a9f2243ff8f4bf2c85fe218ff_r567,c844bf5a9f2243ff8f4bf2c85fe218ff,dropout_30pct,pedestrian_vru,annotation,True,True,6,,0.05,0.8377164176661488
c844bf5a9f2243ff8f4bf2c85fe218ff_r568,c844bf5a9f2243ff8f4bf2c85fe218ff,dropout_30pct,vehicle,annotation,True,True,11,,0.05,0.7943980264798941
c844bf5a9f2243ff8f4bf2c85fe218ff_r589,c844bf5a9f2243ff8f4bf2c85fe218ff,dropout_30pct,pedestrian_vru,annotation,True,True,32,,0.05,0.8479011937654068
c844bf5a9f2243ff8f4bf2c85fe218ff_r593,c844bf5a9f2243ff8f4bf2c85fe218ff,dropout_30pct,static_manmade,annotation,True,True,9,,0.1,0.6039283300800947
c844bf5a9f2243ff8f4bf2c85fe218ff_r594,c844bf5a9f2243ff8f4bf2c85fe218ff,dropout_30pct,static_manmade,annotation,True,True,8,,0.1,0.6042854562082807
c844bf5a9f2243ff8f4bf2c85fe218ff_r595,c844bf5a9f2243ff8f4bf2c85fe218ff,dropout_30pct,vehicle,annotation,True,True,1,,0.05,0.7999574799444545
c844bf5a9f2243ff8f4bf2c85fe218ff_r614,c844bf5a9f2243ff8f4bf2c85fe218ff,dropout_30pct,static_manmade,annotation,True,True,6,,0.1,0.6132758992724839
c844bf5a9f2243ff8f4bf2c85fe218ff_r615,c844bf5a9f2243ff8f4bf2c85fe218ff,dropout_30pct,static_manmade,annotation,True,True,7,,0.1,0.6048931002376272
c844bf5a9f2243ff8f4bf2c85fe218ff_r616,c844bf5a9f2243ff8f4bf2c85fe218ff,dropout_30pct,static_manmade,annotation,True,True,38,,0.1,0.6068312253244411
c844bf5a9f2243ff8f4bf2c85fe218ff_r617,c844bf5a9f2243ff8f4bf2c85fe218ff,dropout_30pct,vehicle,annotation,True,True,23,,0.05,0.8023656252659443
c844bf5a9f2243ff8f4bf2c85fe218ff_r618,c844bf5a9f2243ff8f4bf2c85fe218ff,dropout_30pct,vehicle,annotation,True,True,1,,0.05,0.7950607483401683
c844bf5a9f2243ff8f4bf2c85fe218ff_r619,c844bf5a9f2243ff8f4bf2c85fe218ff,dropout_30pct,vehicle,annotation,True,True,12,,0.05,0.7959751989648663
c844bf5a9f2243ff8f4bf2c85fe218ff_r630,c844bf5a9f2243ff8f4bf2c85fe218ff,dropout_30pct,pedestrian_vru,annotation,True,True,9,,0.05,0.8248351370504421
c844bf5a9f2243ff8f4bf2c85fe218ff_r631,c844bf5a9f2243ff8f4bf2c85fe218ff,dropout_30pct,vehicle,annotation,True,True,1,,0.05,0.7971301626348846
c844bf5a9f2243ff8f4bf2c85fe218ff_r632,c844bf5a9f2243ff8f4bf2c85fe218ff,dropout_30pct,vehicle,annotation,True,True,3,,0.05,0.7993100436629196
c844bf5a9f2243ff8f4bf2c85fe218ff_r633,c844bf5a9f2243ff8f4bf2c85fe218ff,dropout_30pct,vehicle,annotation,True,True,1,,0.05,0.787968206022415
c844bf5a9f2243ff8f4bf2c85fe218ff_r657,c844bf5a9f2243ff8f4bf2c85fe218ff,dropout_30pct,pedestrian_vru,annotation,True,True,14,,0.05,0.8323133126501963
c844bf5a9f2243ff8f4bf2c85fe218ff_r658,c844bf5a9f2243ff8f4bf2c85fe218ff,dropout_30pct,pedestrian_vru,annotation,True,True,2,,0.05,0.8116777166739105
c844bf5a9f2243ff8f4bf2c85fe218ff_r678,c844bf5a9f2243ff8f4bf2c85fe218ff,dropout_30pct,pedestrian_vru,annotation,True,True,4,,0.05,0.78712786884419
c844bf5a9f2243ff8f4bf2c85fe218ff_r682,c844bf5a9f2243ff8f4bf2c85fe218ff,dropout_30pct,pedestrian_vru,annotation,True,True,3,,0.05,0.8169304274061043
c844bf5a9f2243ff8f4bf2c85fe218ff_r683,c844bf5a9f2243ff8f4bf2c85fe218ff,dropout_30pct,pedestrian_vru,annotation,True,True,5,,0.05,0.8141183015977698
c844bf5a9f2243ff8f4bf2c85fe218ff_r741,c844bf5a9f2243ff8f4bf2c85fe218ff,dropout_30pct,vehicle,annotation,True,True,1,,0.1,0.7324848828959568
c844bf5a9f2243ff8f4bf2c85fe218ff_r742,c844bf5a9f2243ff8f4bf2c85fe218ff,dropout_30pct,vehicle,annotation,True,True,3,,0.1,0.7326663584657505
c844bf5a9f2243ff8f4bf2c85fe218ff_r758,c844bf5a9f2243ff8f4bf2c85fe218ff,dropout_30pct,vehicle,annotation,True,True,3,,0.1,0.7093937640759778
c844bf5a9f2243ff8f4bf2c85fe218ff_r759,c844bf5a9f2243ff8f4bf2c85fe218ff,dropout_30pct,static_manmade,annotation,True,True,1,,0.1,0.5178569154836505
c844bf5a9f2243ff8f4bf2c85fe218ff_r764,c844bf5a9f2243ff8f4bf2c85fe218ff,dropout_30pct,static_manmade,annotation,True,True,1,,0.1,0.5154945011500939
c844bf5a9f2243ff8f4bf2c85fe218ff_r777,c844bf5a9f2243ff8f4bf2c85fe218ff,dropout_30pct,static_manmade,annotation,True,True,4,,0.1,0.5257962519212042
c844bf5a9f2243ff8f4bf2c85fe218ff_r779,c844bf5a9f2243ff8f4bf2c85fe218ff,dropout_30pct,static_manmade,annotation,True,True,5,,0.1,0.529459249450035
c844bf5a9f2243ff8f4bf2c85fe218ff_r780,c844bf5a9f2243ff8f4bf2c85fe218ff,dropout_30pct,static_manmade,annotation,True,True,4,,0.1,0.5311817447339553
c844bf5a9f2243ff8f4bf2c85fe218ff_r781,c844bf5a9f2243ff8f4bf2c85fe218ff,dropout_30pct,static_manmade,annotation,True,True,5,,0.1,0.5405163754441119
c844bf5a9f2243ff8f4bf2c85fe218ff_r785,c844bf5a9f2243ff8f4bf2c85fe218ff,dropout_30pct,static_manmade,annotation,True,True,2,,0.1,0.5201227265645668
c844bf5a9f2243ff8f4bf2c85fe218ff_r793,c844bf5a9f2243ff8f4bf2c85fe218ff,dropout_30pct,vehicle,annotation,True,True,1,,0.1,0.719784875819326
c844bf5a9f2243ff8f4bf2c85fe218ff_r797,c844bf5a9f2243ff8f4bf2c85fe218ff,dropout_30pct,vehicle,annotation,True,True,1,,0.1,0.6823035222921675
c844bf5a9f2243ff8f4bf2c85fe218ff_r800,c844bf5a9f2243ff8f4bf2c85fe218ff,dropout_30pct,vehicle,annotation,True,True,2,,0.1,0.7163343685776747
c844bf5a9f2243ff8f4bf2c85fe218ff_r801,c844bf5a9f2243ff8f4bf2c85fe218ff,dropout_30pct,vehicle,annotation,True,True,3,,0.1,0.7141808116028941
c844bf5a9f2243ff8f4bf2c85fe218ff_r48,c844bf5a9f2243ff8f4bf2c85fe218ff,sparse_75pct,static_manmade,annotation,True,True,5,,0.1,0.5185281379234522
c844bf5a9f2243ff8f4bf2c85fe218ff_r49,c844bf5a9f2243ff8f4bf2c85fe218ff,sparse_75pct,vehicle,annotation,True,True,4,,0.1,0.7451872002251618
c844bf5a9f2243ff8f4bf2c85fe218ff_r63,c844bf5a9f2243ff8f4bf2c85fe218ff,sparse_75pct,vehicle,annotation,True,True,3,,0.1,0.7185744251453346
c844bf5a9f2243ff8f4bf2c85fe218ff_r64,c844bf5a9f2243ff8f4bf2c85fe218ff,sparse_75pct,vehicle,annotation,True,True,1,,0.1,0.7188510512467792
c844bf5a9f2243ff8f4bf2c85fe218ff_r90,c844bf5a9f2243ff8f4bf2c85fe218ff,sparse_75pct,static_manmade,annotation,True,True,1,,0.2,0.49188517907936496
c844bf5a9f2243ff8f4bf2c85fe218ff_r91,c844bf5a9f2243ff8f4bf2c85fe218ff,sparse_75pct,static_manmade,annotation,True,True,2,,0.2,0.49676999771186914
c844bf5a9f2243ff8f4bf2c85fe218ff_r104,c844bf5a9f2243ff8f4bf2c85fe218ff,sparse_75pct,static_manmade,annotation,True,True,1,,0.1,0.5038819434338591
c844bf5a9f2243ff8f4bf2c85fe218ff_r125,c844bf5a9f2243ff8f4bf2c85fe218ff,sparse_75pct,static_manmade,annotation,True,True,4,,0.1,0.5081531223375787
c844bf5a9f2243ff8f4bf2c85fe218ff_r126,c844bf5a9f2243ff8f4bf2c85fe218ff,sparse_75pct,static_manmade,annotation,True,True,1,,0.1,0.511273656725854
c844bf5a9f2243ff8f4bf2c85fe218ff_r152,c844bf5a9f2243ff8f4bf2c85fe218ff,sparse_75pct,static_manmade,annotation,True,True,2,,0.1,0.5147073966447423
c844bf5a9f2243ff8f4bf2c85fe218ff_r173,c844bf5a9f2243ff8f4bf2c85fe218ff,sparse_75pct,static_manmade,annotation,True,True,5,,0.1,0.5221566161919874
c844bf5a9f2243ff8f4bf2c85fe218ff_r200,c844bf5a9f2243ff8f4bf2c85fe218ff,sparse_75pct,static_manmade,annotation,True,True,1,,0.1,0.5265652953889247
c844bf5a9f2243ff8f4bf2c85fe218ff_r201,c844bf5a9f2243ff8f4bf2c85fe218ff,sparse_75pct,static_manmade,annotation,True,True,4,,0.1,0.529585413737102
c844bf5a9f2243ff8f4bf2c85fe218ff_r232,c844bf5a9f2243ff8f4bf2c85fe218ff,sparse_75pct,static_manmade,annotation,True,True,7,,0.1,0.5457361864780411
c844bf5a9f2243ff8f4bf2c85fe218ff_r259,c844bf5a9f2243ff8f4bf2c85fe218ff,sparse_75pct,pedestrian_vru,annotation,True,True,1,,0.1,0.6998716499594411
c844bf5a9f2243ff8f4bf2c85fe218ff_r261,c844bf5a9f2243ff8f4bf2c85fe218ff,sparse_75pct,static_manmade,annotation,True,True,11,,0.1,0.5499069860738054
c844bf5a9f2243ff8f4bf2c85fe218ff_r262,c844bf5a9f2243ff8f4bf2c85fe218ff,sparse_75pct,static_manmade,annotation,True,True,1,,0.1,0.5432352620796319
c844bf5a9f2243ff8f4bf2c85fe218ff_r277,c844bf5a9f2243ff8f4bf2c85fe218ff,sparse_75pct,pedestrian_vru,annotation,True,True,8,,0.05,0.8469773831634938
c844bf5a9f2243ff8f4bf2c85fe218ff_r294,c844bf5a9f2243ff8f4bf2c85fe218ff,sparse_75pct,static_manmade,annotation,True,True,3,,0.1,0.5430314902350557
c844bf5a9f2243ff8f4bf2c85fe218ff_r295,c844bf5a9f2243ff8f4bf2c85fe218ff,sparse_75pct,static_manmade,annotation,True,True,5,,0.1,0.5462354663550382
c844bf5a9f2243ff8f4bf2c85fe218ff_r348,c844bf5a9f2243ff8f4bf2c85fe218ff,sparse_75pct,vehicle,annotation,True,True,1,,0.05,0.8032114948040573
c844bf5a9f2243ff8f4bf2c85fe218ff_r366,c844bf5a9f2243ff8f4bf2c85fe218ff,sparse_75pct,static_manmade,annotation,True,True,2,,0.1,0.5574063916112264
c844bf5a9f2243ff8f4bf2c85fe218ff_r382,c844bf5a9f2243ff8f4bf2c85fe218ff,sparse_75pct,vehicle,annotation,True,True,112,,0.05,0.8294754005757761
c844bf5a9f2243ff8f4bf2c85fe218ff_r383,c844bf5a9f2243ff8f4bf2c85fe218ff,sparse_75pct,vehicle,annotation,True,True,53,,0.05,0.828373661802566
c844bf5a9f2243ff8f4bf2c85fe218ff_r407,c844bf5a9f2243ff8f4bf2c85fe218ff,sparse_75pct,static_manmade,annotation,True,True,1,,0.1,0.5581037219865457
c844bf5a9f2243ff8f4bf2c85fe218ff_r408,c844bf5a9f2243ff8f4bf2c85fe218ff,sparse_75pct,static_manmade,annotation,True,True,14,,0.1,0.5686561305833701
c844bf5a9f2243ff8f4bf2c85fe218ff_r428,c844bf5a9f2243ff8f4bf2c85fe218ff,sparse_75pct,vehicle,annotation,True,True,16,,0.05,0.776264923785007
c844bf5a9f2243ff8f4bf2c85fe218ff_r429,c844bf5a9f2243ff8f4bf2c85fe218ff,sparse_75pct,vehicle,annotation,True,True,7,,0.05,0.8000771697900592
c844bf5a9f2243ff8f4bf2c85fe218ff_r443,c844bf5a9f2243ff8f4bf2c85fe218ff,sparse_75pct,static_manmade,annotation,True,True,3,,0.1,0.5640034669880674
c844bf5a9f2243ff8f4bf2c85fe218ff_r444,c844bf5a9f2243ff8f4bf2c85fe218ff,sparse_75pct,static_manmade,annotation,True,True,14,,0.1,0.5716858164165343
c844bf5a9f2243ff8f4bf2c85fe218ff_r458,c844bf5a9f2243ff8f4bf2c85fe218ff,sparse_75pct,static_manmade,annotation,True,True,110,,0.1,0.625355102077278
c844bf5a9f2243ff8f4bf2c85fe218ff_r462,c844bf5a9f2243ff8f4bf2c85fe218ff,sparse_75pct,vehicle,annotation,True,True,24,,0.05,0.7817098158085665
c844bf5a9f2243ff8f4bf2c85fe218ff_r474,c844bf5a9f2243ff8f4bf2c85fe218ff,sparse_75pct,static_manmade,annotation,True,True,10,,0.1,0.5758385779765501
c844bf5a9f2243ff8f4bf2c85fe218ff_r475,c844bf5a9f2243ff8f4bf2c85fe218ff,sparse_75pct,static_manmade,annotation,True,True,13,,0.1,0.5797191415694711
c844bf5a9f2243ff8f4bf2c85fe218ff_r488,c844bf5a9f2243ff8f4bf2c85fe218ff,sparse_75pct,static_manmade,annotation,True,True,279,,0.1,0.6386526242287912
c844bf5a9f2243ff8f4bf2c85fe218ff_r490,c844bf5a9f2243ff8f4bf2c85fe218ff,sparse_75pct,vehicle,annotation,True,True,18,,0.05,0.7837549686368867
c844bf5a9f2243ff8f4bf2c85fe218ff_r500,c844bf5a9f2243ff8f4bf2c85fe218ff,sparse_75pct,static_manmade,annotation,True,True,33,,0.1,0.587063230336719
c844bf5a9f2243ff8f4bf2c85fe218ff_r501,c844bf5a9f2243ff8f4bf2c85fe218ff,sparse_75pct,static_manmade,annotation,True,True,1,,0.1,0.579940120208226
c844bf5a9f2243ff8f4bf2c85fe218ff_r512,c844bf5a9f2243ff8f4bf2c85fe218ff,sparse_75pct,static_manmade,annotation,True,True,435,,0.1,0.6332885599578969
c844bf5a9f2243ff8f4bf2c85fe218ff_r513,c844bf5a9f2243ff8f4bf2c85fe218ff,sparse_75pct,static_manmade,annotation,True,True,268,,0.1,0.6387259639370997
c844bf5a9f2243ff8f4bf2c85fe218ff_r514,c844bf5a9f2243ff8f4bf2c85fe218ff,sparse_75pct,vehicle,annotation,True,True,72,,0.05,0.8365734642668574
c844bf5a9f2243ff8f4bf2c85fe218ff_r515,c844bf5a9f2243ff8f4bf2c85fe218ff,sparse_75pct,vehicle,annotation,True,True,1,,0.05,0.8177605717858171
c844bf5a9f2243ff8f4bf2c85fe218ff_r516,c844bf5a9f2243ff8f4bf2c85fe218ff,sparse_75pct,vehicle,annotation,True,True,29,,0.05,0.8005600743877884
c844bf5a9f2243ff8f4bf2c85fe218ff_r517,c844bf5a9f2243ff8f4bf2c85fe218ff,sparse_75pct,vehicle,annotation,True,True,26,,0.05,0.7956771947476543
c844bf5a9f2243ff8f4bf2c85fe218ff_r518,c844bf5a9f2243ff8f4bf2c85fe218ff,sparse_75pct,vehicle,annotation,True,True,40,,0.05,0.8045587145675857
c844bf5a9f2243ff8f4bf2c85fe218ff_r531,c844bf5a9f2243ff8f4bf2c85fe218ff,sparse_75pct,static_manmade,annotation,True,True,16,,0.1,0.5885087404976533
c844bf5a9f2243ff8f4bf2c85fe218ff_r532,c844bf5a9f2243ff8f4bf2c85fe218ff,sparse_75pct,static_manmade,annotation,True,True,5,,0.1,0.5855782070552872
c844bf5a9f2243ff8f4bf2c85fe218ff_r541,c844bf5a9f2243ff8f4bf2c85fe218ff,sparse_75pct,static_manmade,annotation,True,True,290,,0.1,0.6316195770511835
c844bf5a9f2243ff8f4bf2c85fe218ff_r542,c844bf5a9f2243ff8f4bf2c85fe218ff,sparse_75pct,static_manmade,annotation,True,True,95,,0.1,0.6307936960596566
c844bf5a9f2243ff8f4bf2c85fe218ff_r544,c844bf5a9f2243ff8f4bf2c85fe218ff,sparse_75pct,vehicle,annotation,True,True,10,,0.05,0.8184263773437327
c844bf5a9f2243ff8f4bf2c85fe218ff_r547,c844bf5a9f2243ff8f4bf2c85fe218ff,sparse_75pct,vehicle,annotation,True,True,6,,0.05,0.7985848076601093
c844bf5a9f2243ff8f4bf2c85fe218ff_r549,c844bf5a9f2243ff8f4bf2c85fe218ff,sparse_75pct,vehicle,annotation,True,True,31,,0.05,0.7983905756782042
c844bf5a9f2243ff8f4bf2c85fe218ff_r550,c844bf5a9f2243ff8f4bf2c85fe218ff,sparse_75pct,vehicle,annotation,True,True,38,,0.05,0.7960513947809205
c844bf5a9f2243ff8f4bf2c85fe218ff_r571,c844bf5a9f2243ff8f4bf2c85fe218ff,sparse_75pct,static_manmade,annotation,True,True,53,,0.1,0.6259686557493886
c844bf5a9f2243ff8f4bf2c85fe218ff_r574,c844bf5a9f2243ff8f4bf2c85fe218ff,sparse_75pct,pedestrian_vru,annotation,True,True,8,,0.05,0.8364212376035615
c844bf5a9f2243ff8f4bf2c85fe218ff_r575,c844bf5a9f2243ff8f4bf2c85fe218ff,sparse_75pct,static_manmade,annotation,True,True,2,,0.1,0.603885290284632
c844bf5a9f2243ff8f4bf2c85fe218ff_r576,c844bf5a9f2243ff8f4bf2c85fe218ff,sparse_75pct,vehicle,annotation,True,True,12,,0.05,0.7946056121243705
c844bf5a9f2243ff8f4bf2c85fe218ff_r595,c844bf5a9f2243ff8f4bf2c85fe218ff,sparse_75pct,pedestrian_vru,annotation,True,True,34,,0.05,0.8480245603789051
c844bf5a9f2243ff8f4bf2c85fe218ff_r599,c844bf5a9f2243ff8f4bf2c85fe218ff,sparse_75pct,static_manmade,annotation,True,True,7,,0.1,0.6035303022536069
c844bf5a9f2243ff8f4bf2c85fe218ff_r600,c844bf5a9f2243ff8f4bf2c85fe218ff,sparse_75pct,static_manmade,annotation,True,True,6,,0.1,0.6046242061409549
c844bf5a9f2243ff8f4bf2c85fe218ff_r620,c844bf5a9f2243ff8f4bf2c85fe218ff,sparse_75pct,static_manmade,annotation,True,True,6,,0.1,0.6110720447398911
c844bf5a9f2243ff8f4bf2c85fe218ff_r621,c844bf5a9f2243ff8f4bf2c85fe218ff,sparse_75pct,static_manmade,annotation,True,True,10,,0.1,0.601560607484911
c844bf5a9f2243ff8f4bf2c85fe218ff_r622,c844bf5a9f2243ff8f4bf2c85fe218ff,sparse_75pct,static_manmade,annotation,True,True,42,,0.1,0.6068058498029163
c844bf5a9f2243ff8f4bf2c85fe218ff_r623,c844bf5a9f2243ff8f4bf2c85fe218ff,sparse_75pct,vehicle,annotation,True,True,22,,0.05,0.8024567221159861
c844bf5a9f2243ff8f4bf2c85fe218ff_r624,c844bf5a9f2243ff8f4bf2c85fe218ff,sparse_75pct,vehicle,annotation,True,True,1,,0.05,0.7950607483401683
c844bf5a9f2243ff8f4bf2c85fe218ff_r625,c844bf5a9f2243ff8f4bf2c85fe218ff,sparse_75pct,vehicle,annotation,True,True,13,,0.05,0.7957420922920886
c844bf5a9f2243ff8f4bf2c85fe218ff_r634,c844bf5a9f2243ff8f4bf2c85fe218ff,sparse_75pct,pedestrian_vru,annotation,True,True,4,,0.05,0.8014433300716375
c844bf5a9f2243ff8f4bf2c85fe218ff_r639,c844bf5a9f2243ff8f4bf2c85fe218ff,sparse_75pct,pedestrian_vru,annotation,True,True,7,,0.05,0.8286741651416561
c844bf5a9f2243ff8f4bf2c85fe218ff_r640,c844bf5a9f2243ff8f4bf2c85fe218ff,sparse_75pct,vehicle,annotation,True,True,1,,0.05,0.7971301626348846
c844bf5a9f2243ff8f4bf2c85fe218ff_r641,c844bf5a9f2243ff8f4bf2c85fe218ff,sparse_75pct,vehicle,annotation,True,True,2,,0.05,0.799490317118403
c844bf5a9f2243ff8f4bf2c85fe218ff_r642,c844bf5a9f2243ff8f4bf2c85fe218ff,sparse_75pct,vehicle,annotation,True,True,1,,0.05,0.787968206022415
c844bf5a9f2243ff8f4bf2c85fe218ff_r657,c844bf5a9f2243ff8f4bf2c85fe218ff,sparse_75pct,pedestrian_vru,annotation,True,True,1,,0.05,0.7620329569234429
c844bf5a9f2243ff8f4bf2c85fe218ff_r665,c844bf5a9f2243ff8f4bf2c85fe218ff,sparse_75pct,pedestrian_vru,annotation,True,True,15,,0.05,0.8326810751562395
c844bf5a9f2243ff8f4bf2c85fe218ff_r666,c844bf5a9f2243ff8f4bf2c85fe218ff,sparse_75pct,pedestrian_vru,annotation,True,True,1,,0.05,0.8116224647703293
c844bf5a9f2243ff8f4bf2c85fe218ff_r685,c844bf5a9f2243ff8f4bf2c85fe218ff,sparse_75pct,pedestrian_vru,annotation,True,True,5,,0.05,0.7878715295700155
c844bf5a9f2243ff8f4bf2c85fe218ff_r689,c844bf5a9f2243ff8f4bf2c85fe218ff,sparse_75pct,pedestrian_vru,annotation,True,True,4,,0.05,0.8119578430070804
c844bf5a9f2243ff8f4bf2c85fe218ff_r690,c844bf5a9f2243ff8f4bf2c85fe218ff,sparse_75pct,pedestrian_vru,annotation,True,True,7,,0.05,0.8139080288396026
c844bf5a9f2243ff8f4bf2c85fe218ff_r752,c844bf5a9f2243ff8f4bf2c85fe218ff,sparse_75pct,vehicle,annotation,True,True,2,,0.1,0.7324437945946483
c844bf5a9f2243ff8f4bf2c85fe218ff_r753,c844bf5a9f2243ff8f4bf2c85fe218ff,sparse_75pct,vehicle,annotation,True,True,2,,0.1,0.7326470766490821
c844bf5a9f2243ff8f4bf2c85fe218ff_r769,c844bf5a9f2243ff8f4bf2c85fe218ff,sparse_75pct,vehicle,annotation,True,True,2,,0.1,0.7094322927144421
c844bf5a9f2243ff8f4bf2c85fe218ff_r770,c844bf5a9f2243ff8f4bf2c85fe218ff,sparse_75pct,vehicle,annotation,True,True,2,,0.1,0.7323364190891835
c844bf5a9f2243ff8f4bf2c85fe218ff_r775,c844bf5a9f2243ff8f4bf2c85fe218ff,sparse_75pct,static_manmade,annotation,True,True,1,,0.1,0.5154945011500939
c844bf5a9f2243ff8f4bf2c85fe218ff_r788,c844bf5a9f2243ff8f4bf2c85fe218ff,sparse_75pct,static_manmade,annotation,True,True,1,,0.1,0.5313781514105514
c844bf5a9f2243ff8f4bf2c85fe218ff_r789,c844bf5a9f2243ff8f4bf2c85fe218ff,sparse_75pct,static_manmade,annotation,True,True,1,,0.1,0.5308589129094142
c844bf5a9f2243ff8f4bf2c85fe218ff_r791,c844bf5a9f2243ff8f4bf2c85fe218ff,sparse_75pct,pedestrian_vru,annotation,True,True,1,,0.1,0.6701859817552812
c844bf5a9f2243ff8f4bf2c85fe218ff_r794,c844bf5a9f2243ff8f4bf2c85fe218ff,sparse_75pct,vehicle,annotation,True,True,1,,0.1,0.7006208826669438
c844bf5a9f2243ff8f4bf2c85fe218ff_r795,c844bf5a9f2243ff8f4bf2c85fe218ff,sparse_75pct,static_manmade,annotation,True,True,5,,0.1,0.5250410594278463
c844bf5a9f2243ff8f4bf2c85fe218ff_r797,c844bf5a9f2243ff8f4bf2c85fe218ff,sparse_75pct,static_manmade,annotation,True,True,4,,0.1,0.5293351825229482
c844bf5a9f2243ff8f4bf2c85fe218ff_r798,c844bf5a9f2243ff8f4bf2c85fe218ff,sparse_75pct,static_manmade,annotation,True,True,2,,0.1,0.5311596215795217
c844bf5a9f2243ff8f4bf2c85fe218ff_r799,c844bf5a9f2243ff8f4bf2c85fe218ff,sparse_75pct,static_manmade,annotation,True,True,5,,0.1,0.540309260105471
c844bf5a9f2243ff8f4bf2c85fe218ff_r802,c844bf5a9f2243ff8f4bf2c85fe218ff,sparse_75pct,static_manmade,annotation,True,True,1,,0.1,0.5200441228715489
c844bf5a9f2243ff8f4bf2c85fe218ff_r806,c844bf5a9f2243ff8f4bf2c85fe218ff,sparse_75pct,vehicle,annotation,True,True,1,,0.1,0.6823687401185159
c844bf5a9f2243ff8f4bf2c85fe218ff_r810,c844bf5a9f2243ff8f4bf2c85fe218ff,sparse_75pct,vehicle,annotation,True,True,3,,0.1,0.7316122923456738
c844bf5a9f2243ff8f4bf2c85fe218ff_r811,c844bf5a9f2243ff8f4bf2c85fe218ff,sparse_75pct,vehicle,annotation,True,True,1,,0.1,0.719784875819326
c844bf5a9f2243ff8f4bf2c85fe218ff_r814,c844bf5a9f2243ff8f4bf2c85fe218ff,sparse_75pct,vehicle,annotation,True,True,1,,0.1,0.6823035222921675
c844bf5a9f2243ff8f4bf2c85fe218ff_r817,c844bf5a9f2243ff8f4bf2c85fe218ff,sparse_75pct,vehicle,annotation,True,True,3,,0.1,0.716443306663697
c844bf5a9f2243ff8f4bf2c85fe218ff_r818,c844bf5a9f2243ff8f4bf2c85fe218ff,sparse_75pct,vehicle,annotation,True,True,3,,0.1,0.7257891879119023
c844bf5a9f2243ff8f4bf2c85fe218ff_r843,c844bf5a9f2243ff8f4bf2c85fe218ff,sparse_75pct,vehicle,annotation,True,True,1,,0.1,0.6678344107972873
c844bf5a9f2243ff8f4bf2c85fe218ff_r36,c844bf5a9f2243ff8f4bf2c85fe218ff,sparse_50pct,static_manmade,annotation,True,True,4,,0.1,0.5166032610396221
c844bf5a9f2243ff8f4bf2c85fe218ff_r37,c844bf5a9f2243ff8f4bf2c85fe218ff,sparse_50pct,vehicle,annotation,True,True,3,,0.1,0.7480165273151885
c844bf5a9f2243ff8f4bf2c85fe218ff_r49,c844bf5a9f2243ff8f4bf2c85fe218ff,sparse_50pct,vehicle,annotation,True,True,2,,0.1,0.7185662074173891
c844bf5a9f2243ff8f4bf2c85fe218ff_r50,c844bf5a9f2243ff8f4bf2c85fe218ff,sparse_50pct,vehicle,annotation,True,True,1,,0.1,0.7188510512467792
c844bf5a9f2243ff8f4bf2c85fe218ff_r70,c844bf5a9f2243ff8f4bf2c85fe218ff,sparse_50pct,static_manmade,annotation,True,True,1,,0.2,0.49188517907936496
c844bf5a9f2243ff8f4bf2c85fe218ff_r71,c844bf5a9f2243ff8f4bf2c85fe218ff,sparse_50pct,static_manmade,annotation,True,True,2,,0.2,0.49676863338899974
c844bf5a9f2243ff8f4bf2c85fe218ff_r80,c844bf5a9f2243ff8f4bf2c85fe218ff,sparse_50pct,static_manmade,annotation,True,True,1,,0.1,0.5038819434338591
c844bf5a9f2243ff8f4bf2c85fe218ff_r96,c844bf5a9f2243ff8f4bf2c85fe218ff,sparse_50pct,static_manmade,annotation,True,True,1,,0.1,0.5084561280700736
c844bf5a9f2243ff8f4bf2c85fe218ff_r97,c844bf5a9f2243ff8f4bf2c85fe218ff,sparse_50pct,static_manmade,annotation,True,True,1,,0.1,0.511273656725854
c844bf5a9f2243ff8f4bf2c85fe218ff_r121,c844bf5a9f2243ff8f4bf2c85fe218ff,sparse_50pct,static_manmade,annotation,True,True,1,,0.1,0.5153799718661451
c844bf5a9f2243ff8f4bf2c85fe218ff_r140,c844bf5a9f2243ff8f4bf2c85fe218ff,sparse_50pct,static_manmade,annotation,True,True,4,,0.1,0.5220999147030444
c844bf5a9f2243ff8f4bf2c85fe218ff_r164,c844bf5a9f2243ff8f4bf2c85fe218ff,sparse_50pct,static_manmade,annotation,True,True,1,,0.1,0.5265652953889247
c844bf5a9f2243ff8f4bf2c85fe218ff_r165,c844bf5a9f2243ff8f4bf2c85fe218ff,sparse_50pct,static_manmade,annotation,True,True,3,,0.1,0.5294166958975405
c844bf5a9f2243ff8f4bf2c85fe218ff_r192,c844bf5a9f2243ff8f4bf2c85fe218ff,sparse_50pct,static_manmade,annotation,True,True,4,,0.1,0.5422540530650115
c844bf5a9f2243ff8f4bf2c85fe218ff_r220,c844bf5a9f2243ff8f4bf2c85fe218ff,sparse_50pct,pedestrian_vru,annotation,True,True,1,,0.1,0.6998716499594411
c844bf5a9f2243ff8f4bf2c85fe218ff_r221,c844bf5a9f2243ff8f4bf2c85fe218ff,sparse_50pct,static_manmade,annotation,True,True,6,,0.1,0.5510044168849485
c844bf5a9f2243ff8f4bf2c85fe218ff_r222,c844bf5a9f2243ff8f4bf2c85fe218ff,sparse_50pct,static_manmade,annotation,True,True,1,,0.1,0.5432352620796319
c844bf5a9f2243ff8f4bf2c85fe218ff_r236,c844bf5a9f2243ff8f4bf2c85fe218ff,sparse_50pct,pedestrian_vru,annotation,True,True,6,,0.05,0.8462742767138371
c844bf5a9f2243ff8f4bf2c85fe218ff_r250,c844bf5a9f2243ff8f4bf2c85fe218ff,sparse_50pct,static_manmade,annotation,True,True,2,,0.1,0.5433489663693291
c844bf5a9f2243ff8f4bf2c85fe218ff_r251,c844bf5a9f2243ff8f4bf2c85fe218ff,sparse_50pct,static_manmade,annotation,True,True,4,,0.1,0.5464418596107914
c844bf5a9f2243ff8f4bf2c85fe218ff_r316,c844bf5a9f2243ff8f4bf2c85fe218ff,sparse_50pct,static_manmade,annotation,True,True,1,,0.1,0.5570682715405687
c844bf5a9f2243ff8f4bf2c85fe218ff_r332,c844bf5a9f2243ff8f4bf2c85fe218ff,sparse_50pct,vehicle,annotation,True,True,66,,0.05,0.8289809216128461
c844bf5a9f2243ff8f4bf2c85fe218ff_r333,c844bf5a9f2243ff8f4bf2c85fe218ff,sparse_50pct,vehicle,annotation,True,True,31,,0.05,0.8286110793314517
c844bf5a9f2243ff8f4bf2c85fe218ff_r353,c844bf5a9f2243ff8f4bf2c85fe218ff,sparse_50pct,static_manmade,annotation,True,True,1,,0.1,0.5581037219865457
c844bf5a9f2243ff8f4bf2c85fe218ff_r354,c844bf5a9f2243ff8f4bf2c85fe218ff,sparse_50pct,static_manmade,annotation,True,True,12,,0.1,0.568848952562134
c844bf5a9f2243ff8f4bf2c85fe218ff_r374,c844bf5a9f2243ff8f4bf2c85fe218ff,sparse_50pct,vehicle,annotation,True,True,9,,0.05,0.7721645884303956
c844bf5a9f2243ff8f4bf2c85fe218ff_r375,c844bf5a9f2243ff8f4bf2c85fe218ff,sparse_50pct,vehicle,annotation,True,True,5,,0.05,0.8047084849743236
c844bf5a9f2243ff8f4bf2c85fe218ff_r389,c844bf5a9f2243ff8f4bf2c85fe218ff,sparse_50pct,static_manmade,annotation,True,True,2,,0.1,0.5638060545048399
c844bf5a9f2243ff8f4bf2c85fe218ff_r390,c844bf5a9f2243ff8f4bf2c85fe218ff,sparse_50pct,static_manmade,annotation,True,True,9,,0.1,0.5725483340327393
c844bf5a9f2243ff8f4bf2c85fe218ff_r404,c844bf5a9f2243ff8f4bf2c85fe218ff,sparse_50pct,static_manmade,annotation,True,True,73,,0.1,0.6251241534938258
c844bf5a9f2243ff8f4bf2c85fe218ff_r408,c844bf5a9f2243ff8f4bf2c85fe218ff,sparse_50pct,vehicle,annotation,True,True,16,,0.05,0.7817801322054835
c844bf5a9f2243ff8f4bf2c85fe218ff_r409,c844bf5a9f2243ff8f4bf2c85fe218ff,sparse_50pct,vehicle,annotation,True,True,15,,0.05,0.8153352311404816
c844bf5a9f2243ff8f4bf2c85fe218ff_r420,c844bf5a9f2243ff8f4bf2c85fe218ff,sparse_50pct,static_manmade,annotation,True,True,7,,0.1,0.5758312889752975
c844bf5a9f2243ff8f4bf2c85fe218ff_r421,c844bf5a9f2243ff8f4bf2c85fe218ff,sparse_50pct,static_manmade,annotation,True,True,7,,0.1,0.5794360715718534
c844bf5a9f2243ff8f4bf2c85fe218ff_r434,c844bf5a9f2243ff8f4bf2c85fe218ff,sparse_50pct,static_manmade,annotation,True,True,184,,0.1,0.6386451347461515
c844bf5a9f2243ff8f4bf2c85fe218ff_r436,c844bf5a9f2243ff8f4bf2c85fe218ff,sparse_50pct,vehicle,annotation,True,True,13,,0.05,0.7854353452853711
c844bf5a9f2243ff8f4bf2c85fe218ff_r444,c844bf5a9f2243ff8f4bf2c85fe218ff,sparse_50pct,static_manmade,annotation,True,True,24,,0.1,0.5865206827379961
c844bf5a9f2243ff8f4bf2c85fe218ff_r445,c844bf5a9f2243ff8f4bf2c85fe218ff,sparse_50pct,static_manmade,annotation,True,True,1,,0.1,0.579940120208226
c844bf5a9f2243ff8f4bf2c85fe218ff_r456,c844bf5a9f2243ff8f4bf2c85fe218ff,sparse_50pct,static_manmade,annotation,True,True,282,,0.1,0.6331701854001061
c844bf5a9f2243ff8f4bf2c85fe218ff_r457,c844bf5a9f2243ff8f4bf2c85fe218ff,sparse_50pct,static_manmade,annotation,True,True,181,,0.1,0.6394975230017647
c844bf5a9f2243ff8f4bf2c85fe218ff_r458,c844bf5a9f2243ff8f4bf2c85fe218ff,sparse_50pct,vehicle,annotation,True,True,41,,0.05,0.8379041496764869
c844bf5a9f2243ff8f4bf2c85fe218ff_r459,c844bf5a9f2243ff8f4bf2c85fe218ff,sparse_50pct,vehicle,annotation,True,True,1,,0.05,0.8177605717858171
c844bf5a9f2243ff8f4bf2c85fe218ff_r460,c844bf5a9f2243ff8f4bf2c85fe218ff,sparse_50pct,vehicle,annotation,True,True,20,,0.05,0.8001159083526034
c844bf5a9f2243ff8f4bf2c85fe218ff_r461,c844bf5a9f2243ff8f4bf2c85fe218ff,sparse_50pct,vehicle,annotation,True,True,18,,0.05,0.7951476046413222
c844bf5a9f2243ff8f4bf2c85fe218ff_r462,c844bf5a9f2243ff8f4bf2c85fe218ff,sparse_50pct,vehicle,annotation,True,True,34,,0.05,0.8041849532817332
c844bf5a9f2243ff8f4bf2c85fe218ff_r474,c844bf5a9f2243ff8f4bf2c85fe218ff,sparse_50pct,static_manmade,annotation,True,True,12,,0.1,0.5881621836827995
c844bf5a9f2243ff8f4bf2c85fe218ff_r475,c844bf5a9f2243ff8f4bf2c85fe218ff,sparse_50pct,static_manmade,annotation,True,True,4,,0.1,0.5855871666032598
c844bf5a9f2243ff8f4bf2c85fe218ff_r484,c844bf5a9f2243ff8f4bf2c85fe218ff,sparse_50pct,static_manmade,annotation,True,True,200,,0.1,0.6316590084021917
c844bf5a9f2243ff8f4bf2c85fe218ff_r485,c844bf5a9f2243ff8f4bf2c85fe218ff,sparse_50pct,static_manmade,annotation,True,True,70,,0.1,0.6312526816528063
c844bf5a9f2243ff8f4bf2c85fe218ff_r487,c844bf5a9f2243ff8f4bf2c85fe218ff,sparse_50pct,vehicle,annotation,True,True,9,,0.05,0.818383615480745
c844bf5a9f2243ff8f4bf2c85fe218ff_r490,c844bf5a9f2243ff8f4bf2c85fe218ff,sparse_50pct,vehicle,annotation,True,True,3,,0.05,0.7984734276399512
c844bf5a9f2243ff8f4bf2c85fe218ff_r492,c844bf5a9f2243ff8f4bf2c85fe218ff,sparse_50pct,vehicle,annotation,True,True,20,,0.05,0.7988151155389766
c844bf5a9f2243ff8f4bf2c85fe218ff_r493,c844bf5a9f2243ff8f4bf2c85fe218ff,sparse_50pct,vehicle,annotation,True,True,25,,0.05,0.7967522439419046
c844bf5a9f2243ff8f4bf2c85fe218ff_r514,c844bf5a9f2243ff8f4bf2c85fe218ff,sparse_50pct,static_manmade,annotation,True,True,36,,0.1,0.6258010875345791
c844bf5a9f2243ff8f4bf2c85fe218ff_r517,c844bf5a9f2243ff8f4bf2c85fe218ff,sparse_50pct,pedestrian_vru,annotation,True,True,3,,0.05,0.8320503719112224
c844bf5a9f2243ff8f4bf2c85fe218ff_r518,c844bf5a9f2243ff8f4bf2c85fe218ff,sparse_50pct,static_manmade,annotation,True,True,2,,0.1,0.6038500546912701
c844bf5a9f2243ff8f4bf2c85fe218ff_r519,c844bf5a9f2243ff8f4bf2c85fe218ff,sparse_50pct,vehicle,annotation,True,True,8,,0.05,0.7964357799388322
c844bf5a9f2243ff8f4bf2c85fe218ff_r538,c844bf5a9f2243ff8f4bf2c85fe218ff,sparse_50pct,pedestrian_vru,annotation,True,True,23,,0.05,0.8480942388167957
c844bf5a9f2243ff8f4bf2c85fe218ff_r542,c844bf5a9f2243ff8f4bf2c85fe218ff,sparse_50pct,static_manmade,annotation,True,True,6,,0.1,0.6036489969496968
c844bf5a9f2243ff8f4bf2c85fe218ff_r543,c844bf5a9f2243ff8f4bf2c85fe218ff,sparse_50pct,static_manmade,annotation,True,True,3,,0.1,0.6055514460405952
c844bf5a9f2243ff8f4bf2c85fe218ff_r563,c844bf5a9f2243ff8f4bf2c85fe218ff,sparse_50pct,static_manmade,annotation,True,True,5,,0.1,0.6099399173928418
c844bf5a9f2243ff8f4bf2c85fe218ff_r564,c844bf5a9f2243ff8f4bf2c85fe218ff,sparse_50pct,static_manmade,annotation,True,True,8,,0.1,0.6014523654738331
c844bf5a9f2243ff8f4bf2c85fe218ff_r565,c844bf5a9f2243ff8f4bf2c85fe218ff,sparse_50pct,static_manmade,annotation,True,True,25,,0.1,0.6063217521502317
c844bf5a9f2243ff8f4bf2c85fe218ff_r566,c844bf5a9f2243ff8f4bf2c85fe218ff,sparse_50pct,vehicle,annotation,True,True,16,,0.05,0.8025054037164067
c844bf5a9f2243ff8f4bf2c85fe218ff_r567,c844bf5a9f2243ff8f4bf2c85fe218ff,sparse_50pct,vehicle,annotation,True,True,1,,0.05,0.7950607483401683
c844bf5a9f2243ff8f4bf2c85fe218ff_r568,c844bf5a9f2243ff8f4bf2c85fe218ff,sparse_50pct,vehicle,annotation,True,True,11,,0.05,0.7959435855980689
c844bf5a9f2243ff8f4bf2c85fe218ff_r577,c844bf5a9f2243ff8f4bf2c85fe218ff,sparse_50pct,pedestrian_vru,annotation,True,True,3,,0.05,0.8004781752643289
c844bf5a9f2243ff8f4bf2c85fe218ff_r582,c844bf5a9f2243ff8f4bf2c85fe218ff,sparse_50pct,pedestrian_vru,annotation,True,True,5,,0.05,0.8245236876817154
c844bf5a9f2243ff8f4bf2c85fe218ff_r583,c844bf5a9f2243ff8f4bf2c85fe218ff,sparse_50pct,vehicle,annotation,True,True,1,,0.05,0.7947291221212477
c844bf5a9f2243ff8f4bf2c85fe218ff_r584,c844bf5a9f2243ff8f4bf2c85fe218ff,sparse_50pct,vehicle,annotation,True,True,1,,0.05,0.787968206022415
c844bf5a9f2243ff8f4bf2c85fe218ff_r598,c844bf5a9f2243ff8f4bf2c85fe218ff,sparse_50pct,pedestrian_vru,annotation,True,True,1,,0.05,0.7620329569234429
c844bf5a9f2243ff8f4bf2c85fe218ff_r605,c844bf5a9f2243ff8f4bf2c85fe218ff,sparse_50pct,pedestrian_vru,annotation,True,True,9,,0.05,0.831666992386324
c844bf5a9f2243ff8f4bf2c85fe218ff_r606,c844bf5a9f2243ff8f4bf2c85fe218ff,sparse_50pct,pedestrian_vru,annotation,True,True,1,,0.05,0.8116224647703293
c844bf5a9f2243ff8f4bf2c85fe218ff_r624,c844bf5a9f2243ff8f4bf2c85fe218ff,sparse_50pct,pedestrian_vru,annotation,True,True,5,,0.05,0.7877993964738603
c844bf5a9f2243ff8f4bf2c85fe218ff_r628,c844bf5a9f2243ff8f4bf2c85fe218ff,sparse_50pct,pedestrian_vru,annotation,True,True,2,,0.05,0.8119701342504873
c844bf5a9f2243ff8f4bf2c85fe218ff_r629,c844bf5a9f2243ff8f4bf2c85fe218ff,sparse_50pct,pedestrian_vru,annotation,True,True,6,,0.05,0.8139636839275958
c844bf5a9f2243ff8f4bf2c85fe218ff_r688,c844bf5a9f2243ff8f4bf2c85fe218ff,sparse_50pct,vehicle,annotation,True,True,2,,0.1,0.7324433461849968
c844bf5a9f2243ff8f4bf2c85fe218ff_r689,c844bf5a9f2243ff8f4bf2c85fe218ff,sparse_50pct,vehicle,annotation,True,True,1,,0.1,0.7328745268620792
c844bf5a9f2243ff8f4bf2c85fe218ff_r704,c844bf5a9f2243ff8f4bf2c85fe218ff,sparse_50pct,vehicle,annotation,True,True,1,,0.1,0.7094388491860151
c844bf5a9f2243ff8f4bf2c85fe218ff_r709,c844bf5a9f2243ff8f4bf2c85fe218ff,sparse_50pct,static_manmade,annotation,True,True,1,,0.1,0.5154945011500939
c844bf5a9f2243ff8f4bf2c85fe218ff_r720,c844bf5a9f2243ff8f4bf2c85fe218ff,sparse_50pct,static_manmade,annotation,True,True,1,,0.1,0.5308589129094142
c844bf5a9f2243ff8f4bf2c85fe218ff_r723,c844bf5a9f2243ff8f4bf2c85fe218ff,sparse_50pct,vehicle,annotation,True,True,1,,0.1,0.7006208826669438
c844bf5a9f2243ff8f4bf2c85fe218ff_r724,c844bf5a9f2243ff8f4bf2c85fe218ff,sparse_50pct,static_manmade,annotation,True,True,4,,0.1,0.5255243846663236
c844bf5a9f2243ff8f4bf2c85fe218ff_r726,c844bf5a9f2243ff8f4bf2c85fe218ff,sparse_50pct,static_manmade,annotation,True,True,2,,0.1,0.5283496112434412
c844bf5a9f2243ff8f4bf2c85fe218ff_r727,c844bf5a9f2243ff8f4bf2c85fe218ff,sparse_50pct,static_manmade,annotation,True,True,2,,0.1,0.5311533408075961
c844bf5a9f2243ff8f4bf2c85fe218ff_r728,c844bf5a9f2243ff8f4bf2c85fe218ff,sparse_50pct,static_manmade,annotation,True,True,1,,0.1,0.5328789258457786
c844bf5a9f2243ff8f4bf2c85fe218ff_r731,c844bf5a9f2243ff8f4bf2c85fe218ff,sparse_50pct,static_manmade,annotation,True,True,1,,0.1,0.5200441228715489
c844bf5a9f2243ff8f4bf2c85fe218ff_r734,c844bf5a9f2243ff8f4bf2c85fe218ff,sparse_50pct,vehicle,annotation,True,True,1,,0.1,0.6823687401185159
c844bf5a9f2243ff8f4bf2c85fe218ff_r738,c844bf5a9f2243ff8f4bf2c85fe218ff,sparse_50pct,vehicle,annotation,True,True,1,,0.1,0.719784875819326
c844bf5a9f2243ff8f4bf2c85fe218ff_r740,c844bf5a9f2243ff8f4bf2c85fe218ff,sparse_50pct,vehicle,annotation,True,True,1,,0.1,0.6823035222921675
c844bf5a9f2243ff8f4bf2c85fe218ff_r743,c844bf5a9f2243ff8f4bf2c85fe218ff,sparse_50pct,vehicle,annotation,True,True,2,,0.1,0.7164434292884599
c844bf5a9f2243ff8f4bf2c85fe218ff_r744,c844bf5a9f2243ff8f4bf2c85fe218ff,sparse_50pct,vehicle,annotation,True,True,2,,0.1,0.7142153112793983
c844bf5a9f2243ff8f4bf2c85fe218ff_r763,c844bf5a9f2243ff8f4bf2c85fe218ff,sparse_50pct,vehicle,annotation,True,True,1,,0.1,0.6678344107972873
c844bf5a9f2243ff8f4bf2c85fe218ff_r23,c844bf5a9f2243ff8f4bf2c85fe218ff,sparse_25pct,static_manmade,annotation,True,True,2,,0.1,0.5188201375236163
c844bf5a9f2243ff8f4bf2c85fe218ff_r24,c844bf5a9f2243ff8f4bf2c85fe218ff,sparse_25pct,vehicle,annotation,True,True,2,,0.1,0.7121121470893378
c844bf5a9f2243ff8f4bf2c85fe218ff_r25,c844bf5a9f2243ff8f4bf2c85fe218ff,sparse_25pct,vehicle,annotation,True,True,2,,0.1,0.73023888446131
c844bf5a9f2243ff8f4bf2c85fe218ff_r32,c844bf5a9f2243ff8f4bf2c85fe218ff,sparse_25pct,vehicle,annotation,True,True,1,,0.1,0.7184037805773289
c844bf5a9f2243ff8f4bf2c85fe218ff_r53,c844bf5a9f2243ff8f4bf2c85fe218ff,sparse_25pct,static_manmade,annotation,True,True,1,,0.1,0.5038819434338591
c844bf5a9f2243ff8f4bf2c85fe218ff_r66,c844bf5a9f2243ff8f4bf2c85fe218ff,sparse_25pct,static_manmade,annotation,True,True,1,,0.1,0.5084561280700736
c844bf5a9f2243ff8f4bf2c85fe218ff_r86,c844bf5a9f2243ff8f4bf2c85fe218ff,sparse_25pct,static_manmade,annotation,True,True,1,,0.1,0.5153799718661451
c844bf5a9f2243ff8f4bf2c85fe218ff_r118,c844bf5a9f2243ff8f4bf2c85fe218ff,sparse_25pct,static_manmade,annotation,True,True,1,,0.1,0.5265652953889247
c844bf5a9f2243ff8f4bf2c85fe218ff_r119,c844bf5a9f2243ff8f4bf2c85fe218ff,sparse_25pct,static_manmade,annotation,True,True,2,,0.1,0.5296618466961945
c844bf5a9f2243ff8f4bf2c85fe218ff_r145,c844bf5a9f2243ff8f4bf2c85fe218ff,sparse_25pct,static_manmade,annotation,True,True,3,,0.1,0.5431066666288722
c844bf5a9f2243ff8f4bf2c85fe218ff_r166,c844bf5a9f2243ff8f4bf2c85fe218ff,sparse_25pct,static_manmade,annotation,True,True,4,,0.1,0.5508639147614638
c844bf5a9f2243ff8f4bf2c85fe218ff_r167,c844bf5a9f2243ff8f4bf2c85fe218ff,sparse_25pct,static_manmade,annotation,True,True,1,,0.1,0.5432352620796319
c844bf5a9f2243ff8f4bf2c85fe218ff_r181,c844bf5a9f2243ff8f4bf2c85fe218ff,sparse_25pct,pedestrian_vru,annotation,True,True,2,,0.05,0.8484341361172342
c844bf5a9f2243ff8f4bf2c85fe218ff_r193,c844bf5a9f2243ff8f4bf2c85fe218ff,sparse_25pct,static_manmade,annotation,True,True,1,,0.1,0.5442177209774127
c844bf5a9f2243ff8f4bf2c85fe218ff_r194,c844bf5a9f2243ff8f4bf2c85fe218ff,sparse_25pct,static_manmade,annotation,True,True,2,,0.1,0.5465121395666693
c844bf5a9f2243ff8f4bf2c85fe218ff_r267,c844bf5a9f2243ff8f4bf2c85fe218ff,sparse_25pct,vehicle,annotation,True,True,29,,0.05,0.8294267467874706
c844bf5a9f2243ff8f4bf2c85fe218ff_r268,c844bf5a9f2243ff8f4bf2c85fe218ff,sparse_25pct,vehicle,annotation,True,True,17,,0.05,0.8306769579489603
c844bf5a9f2243ff8f4bf2c85fe218ff_r286,c844bf5a9f2243ff8f4bf2c85fe218ff,sparse_25pct,static_manmade,annotation,True,True,3,,0.1,0.5624683173450264
c844bf5a9f2243ff8f4bf2c85fe218ff_r306,c844bf5a9f2243ff8f4bf2c85fe218ff,sparse_25pct,vehicle,annotation,True,True,7,,0.05,0.7737200425766285
c844bf5a9f2243ff8f4bf2c85fe218ff_r307,c844bf5a9f2243ff8f4bf2c85fe218ff,sparse_25pct,vehicle,annotation,True,True,2,,0.05,0.7795120835778255
c844bf5a9f2243ff8f4bf2c85fe218ff_r317,c844bf5a9f2243ff8f4bf2c85fe218ff,sparse_25pct,static_manmade,annotation,True,True,2,,0.1,0.5638088330767487
c844bf5a9f2243ff8f4bf2c85fe218ff_r318,c844bf5a9f2243ff8f4bf2c85fe218ff,sparse_25pct,static_manmade,annotation,True,True,7,,0.1,0.5730999218378761
c844bf5a9f2243ff8f4bf2c85fe218ff_r331,c844bf5a9f2243ff8f4bf2c85fe218ff,sparse_25pct,static_manmade,annotation,True,True,31,,0.1,0.6253650022645197
c844bf5a9f2243ff8f4bf2c85fe218ff_r335,c844bf5a9f2243ff8f4bf2c85fe218ff,sparse_25pct,vehicle,annotation,True,True,6,,0.05,0.7801865684972086
c844bf5a9f2243ff8f4bf2c85fe218ff_r336,c844bf5a9f2243ff8f4bf2c85fe218ff,sparse_25pct,vehicle,annotation,True,True,10,,0.05,0.8178994938475813
c844bf5a9f2243ff8f4bf2c85fe218ff_r346,c844bf5a9f2243ff8f4bf2c85fe218ff,sparse_25pct,static_manmade,annotation,True,True,4,,0.1,0.5755569750001313
c844bf5a9f2243ff8f4bf2c85fe218ff_r347,c844bf5a9f2243ff8f4bf2c85fe218ff,sparse_25pct,static_manmade,annotation,True,True,3,,0.1,0.5747618278961832
c844bf5a9f2243ff8f4bf2c85fe218ff_r359,c844bf5a9f2243ff8f4bf2c85fe218ff,sparse_25pct,static_manmade,annotation,True,True,121,,0.1,0.6377581924682353
c844bf5a9f2243ff8f4bf2c85fe218ff_r360,c844bf5a9f2243ff8f4bf2c85fe218ff,sparse_25pct,static_manmade,annotation,True,True,85,,0.1,0.6391862781524263
c844bf5a9f2243ff8f4bf2c85fe218ff_r362,c844bf5a9f2243ff8f4bf2c85fe218ff,sparse_25pct,vehicle,annotation,True,True,4,,0.05,0.7848430364598795
c844bf5a9f2243ff8f4bf2c85fe218ff_r368,c844bf5a9f2243ff8f4bf2c85fe218ff,sparse_25pct,static_manmade,annotation,True,True,14,,0.1,0.5864553782825278
c844bf5a9f2243ff8f4bf2c85fe218ff_r369,c844bf5a9f2243ff8f4bf2c85fe218ff,sparse_25pct,static_manmade,annotation,True,True,1,,0.1,0.579940120208226
c844bf5a9f2243ff8f4bf2c85fe218ff_r380,c844bf5a9f2243ff8f4bf2c85fe218ff,sparse_25pct,static_manmade,annotation,True,True,150,,0.1,0.6332483578790402
c844bf5a9f2243ff8f4bf2c85fe218ff_r381,c844bf5a9f2243ff8f4bf2c85fe218ff,sparse_25pct,vehicle,annotation,True,True,96,,0.05,0.8424637522176489
c844bf5a9f2243ff8f4bf2c85fe218ff_r382,c844bf5a9f2243ff8f4bf2c85fe218ff,sparse_25pct,vehicle,annotation,True,True,19,,0.05,0.8360946160838337
c844bf5a9f2243ff8f4bf2c85fe218ff_r383,c844bf5a9f2243ff8f4bf2c85fe218ff,sparse_25pct,vehicle,annotation,True,True,1,,0.05,0.8177605717858171
c844bf5a9f2243ff8f4bf2c85fe218ff_r384,c844bf5a9f2243ff8f4bf2c85fe218ff,sparse_25pct,vehicle,annotation,True,True,9,,0.05,0.8006255565045763
c844bf5a9f2243ff8f4bf2c85fe218ff_r385,c844bf5a9f2243ff8f4bf2c85fe218ff,sparse_25pct,vehicle,annotation,True,True,7,,0.05,0.79473360649827
c844bf5a9f2243ff8f4bf2c85fe218ff_r386,c844bf5a9f2243ff8f4bf2c85fe218ff,sparse_25pct,vehicle,annotation,True,True,18,,0.05,0.8058107053537514
c844bf5a9f2243ff8f4bf2c85fe218ff_r397,c844bf5a9f2243ff8f4bf2c85fe218ff,sparse_25pct,static_manmade,annotation,True,True,5,,0.1,0.5891611329787526
c844bf5a9f2243ff8f4bf2c85fe218ff_r398,c844bf5a9f2243ff8f4bf2c85fe218ff,sparse_25pct,static_manmade,annotation,True,True,3,,0.1,0.5853187200786961
c844bf5a9f2243ff8f4bf2c85fe218ff_r406,c844bf5a9f2243ff8f4bf2c85fe218ff,sparse_25pct,static_manmade,annotation,True,True,117,,0.1,0.6317194273685989
c844bf5a9f2243ff8f4bf2c85fe218ff_r407,c844bf5a9f2243ff8f4bf2c85fe218ff,sparse_25pct,static_manmade,annotation,True,True,30,,0.1,0.6315054668690295
c844bf5a9f2243ff8f4bf2c85fe218ff_r409,c844bf5a9f2243ff8f4bf2c85fe218ff,sparse_25pct,vehicle,annotation,True,True,4,,0.05,0.818487027272594
c844bf5a9f2243ff8f4bf2c85fe218ff_r412,c844bf5a9f2243ff8f4bf2c85fe218ff,sparse_25pct,vehicle,annotation,True,True,9,,0.05,0.8046873816543911
c844bf5a9f2243ff8f4bf2c85fe218ff_r413,c844bf5a9f2243ff8f4bf2c85fe218ff,sparse_25pct,vehicle,annotation,True,True,13,,0.05,0.7973063244379144
c844bf5a9f2243ff8f4bf2c85fe218ff_r414,c844bf5a9f2243ff8f4bf2c85fe218ff,sparse_25pct,vehicle,annotation,True,True,14,,0.05,0.7949974722086293
c844bf5a9f2243ff8f4bf2c85fe218ff_r433,c844bf5a9f2243ff8f4bf2c85fe218ff,sparse_25pct,static_manmade,annotation,True,True,21,,0.1,0.6261822442779411
c844bf5a9f2243ff8f4bf2c85fe218ff_r436,c844bf5a9f2243ff8f4bf2c85fe218ff,sparse_25pct,pedestrian_vru,annotation,True,True,2,,0.05,0.8320549927863253
c844bf5a9f2243ff8f4bf2c85fe218ff_r437,c844bf5a9f2243ff8f4bf2c85fe218ff,sparse_25pct,vehicle,annotation,True,True,3,,0.05,0.7841436951057172
c844bf5a9f2243ff8f4bf2c85fe218ff_r451,c844bf5a9f2243ff8f4bf2c85fe218ff,sparse_25pct,pedestrian_vru,annotation,True,True,11,,0.05,0.8468021798075408
c844bf5a9f2243ff8f4bf2c85fe218ff_r455,c844bf5a9f2243ff8f4bf2c85fe218ff,sparse_25pct,static_manmade,annotation,True,True,2,,0.1,0.6040004960462406
c844bf5a9f2243ff8f4bf2c85fe218ff_r456,c844bf5a9f2243ff8f4bf2c85fe218ff,sparse_25pct,static_manmade,annotation,True,True,1,,0.1,0.5999553540671526
c844bf5a9f2243ff8f4bf2c85fe218ff_r473,c844bf5a9f2243ff8f4bf2c85fe218ff,sparse_25pct,static_manmade,annotation,True,True,2,,0.1,0.6047644500904549
c844bf5a9f2243ff8f4bf2c85fe218ff_r474,c844bf5a9f2243ff8f4bf2c85fe218ff,sparse_25pct,static_manmade,annotation,True,True,5,,0.1,0.601672506534556
c844bf5a9f2243ff8f4bf2c85fe218ff_r475,c844bf5a9f2243ff8f4bf2c85fe218ff,sparse_25pct,static_manmade,annotation,True,True,12,,0.1,0.6066566630648426
c844bf5a9f2243ff8f4bf2c85fe218ff_r476,c844bf5a9f2243ff8f4bf2c85fe218ff,sparse_25pct,vehicle,annotation,True,True,6,,0.05,0.8031437016730889
c844bf5a9f2243ff8f4bf2c85fe218ff_r477,c844bf5a9f2243ff8f4bf2c85fe218ff,sparse_25pct,vehicle,annotation,True,True,1,,0.05,0.7950607483401683
c844bf5a9f2243ff8f4bf2c85fe218ff_r478,c844bf5a9f2243ff8f4bf2c85fe218ff,sparse_25pct,vehicle,annotation,True,True,6,,0.05,0.7971932446290213
c844bf5a9f2243ff8f4bf2c85fe218ff_r485,c844bf5a9f2243ff8f4bf2c85fe218ff,sparse_25pct,pedestrian_vru,annotation,True,True,1,,0.05,0.7636762958122999
c844bf5a9f2243ff8f4bf2c85fe218ff_r490,c844bf5a9f2243ff8f4bf2c85fe218ff,sparse_25pct,pedestrian_vru,annotation,True,True,2,,0.05,0.8251010077163982
c844bf5a9f2243ff8f4bf2c85fe218ff_r491,c844bf5a9f2243ff8f4bf2c85fe218ff,sparse_25pct,vehicle,annotation,True,True,1,,0.05,0.7947291221212477
c844bf5a9f2243ff8f4bf2c85fe218ff_r509,c844bf5a9f2243ff8f4bf2c85fe218ff,sparse_25pct,pedestrian_vru,annotation,True,True,6,,0.05,0.8340920083514605
c844bf5a9f2243ff8f4bf2c85fe218ff_r510,c844bf5a9f2243ff8f4bf2c85fe218ff,sparse_25pct,pedestrian_vru,annotation,True,True,1,,0.05,0.8116224647703293
c844bf5a9f2243ff8f4bf2c85fe218ff_r521,c844bf5a9f2243ff8f4bf2c85fe218ff,sparse_25pct,pedestrian_vru,annotation,True,True,2,,0.05,0.763631871862048
c844bf5a9f2243ff8f4bf2c85fe218ff_r522,c844bf5a9f2243ff8f4bf2c85fe218ff,sparse_25pct,pedestrian_vru,annotation,True,True,3,,0.05,0.7882791867347266
c844bf5a9f2243ff8f4bf2c85fe218ff_r526,c844bf5a9f2243ff8f4bf2c85fe218ff,sparse_25pct,pedestrian_vru,annotation,True,True,2,,0.05,0.8119706537828324
c844bf5a9f2243ff8f4bf2c85fe218ff_r527,c844bf5a9f2243ff8f4bf2c85fe218ff,sparse_25pct,pedestrian_vru,annotation,True,True,2,,0.05,0.8076404536401294
c844bf5a9f2243ff8f4bf2c85fe218ff_r575,c844bf5a9f2243ff8f4bf2c85fe218ff,sparse_25pct,vehicle,annotation,True,True,2,,0.1,0.7324447563015859
c844bf5a9f2243ff8f4bf2c85fe218ff_r588,c844bf5a9f2243ff8f4bf2c85fe218ff,sparse_25pct,vehicle,annotation,True,True,1,,0.1,0.7094388491860151
c844bf5a9f2243ff8f4bf2c85fe218ff_r591,c844bf5a9f2243ff8f4bf2c85fe218ff,sparse_25pct,static_manmade,annotation,True,True,1,,0.1,0.5154945011500939
c844bf5a9f2243ff8f4bf2c85fe218ff_r599,c844bf5a9f2243ff8f4bf2c85fe218ff,sparse_25pct,static_manmade,annotation,True,True,1,,0.1,0.5308589129094142
c844bf5a9f2243ff8f4bf2c85fe218ff_r602,c844bf5a9f2243ff8f4bf2c85fe218ff,sparse_25pct,static_manmade,annotation,True,True,2,,0.1,0.5231444962829489
c844bf5a9f2243ff8f4bf2c85fe218ff_r603,c844bf5a9f2243ff8f4bf2c85fe218ff,sparse_25pct,static_manmade,annotation,True,True,1,,0.1,0.5285445425330604
c844bf5a9f2243ff8f4bf2c85fe218ff_r604,c844bf5a9f2243ff8f4bf2c85fe218ff,sparse_25pct,static_manmade,annotation,True,True,1,,0.1,0.5328789258457786
c844bf5a9f2243ff8f4bf2c85fe218ff_r606,c844bf5a9f2243ff8f4bf2c85fe218ff,sparse_25pct,static_manmade,annotation,True,True,1,,0.1,0.5200441228715489
c844bf5a9f2243ff8f4bf2c85fe218ff_r609,c844bf5a9f2243ff8f4bf2c85fe218ff,sparse_25pct,vehicle,annotation,True,True,1,,0.1,0.6823035222921675
c844bf5a9f2243ff8f4bf2c85fe218ff_r612,c844bf5a9f2243ff8f4bf2c85fe218ff,sparse_25pct,vehicle,annotation,True,True,1,,0.1,0.7161659330716873
c844bf5a9f2243ff8f4bf2c85fe218ff_r625,c844bf5a9f2243ff8f4bf2c85fe218ff,sparse_25pct,vehicle,annotation,True,True,1,,0.1,0.6678344107972873
c844bf5a9f2243ff8f4bf2c85fe218ff_r22,c844bf5a9f2243ff8f4bf2c85fe218ff,noise_low,static_manmade,annotation,True,True,1,,0.2,0.4252928900388737
c844bf5a9f2243ff8f4bf2c85fe218ff_r63,c844bf5a9f2243ff8f4bf2c85fe218ff,noise_low,static_manmade,annotation,True,True,6,,0.1,0.5189309034874634
c844bf5a9f2243ff8f4bf2c85fe218ff_r64,c844bf5a9f2243ff8f4bf2c85fe218ff,noise_low,vehicle,annotation,True,True,6,,0.1,0.7408322977714874
c844bf5a9f2243ff8f4bf2c85fe218ff_r82,c844bf5a9f2243ff8f4bf2c85fe218ff,noise_low,vehicle,annotation,True,True,4,,0.1,0.7185773119063497
c844bf5a9f2243ff8f4bf2c85fe218ff_r83,c844bf5a9f2243ff8f4bf2c85fe218ff,noise_low,vehicle,annotation,True,True,1,,0.1,0.7188695351663642
c844bf5a9f2243ff8f4bf2c85fe218ff_r112,c844bf5a9f2243ff8f4bf2c85fe218ff,noise_low,static_manmade,annotation,True,True,1,,0.2,0.4918795634135675
c844bf5a9f2243ff8f4bf2c85fe218ff_r113,c844bf5a9f2243ff8f4bf2c85fe218ff,noise_low,static_manmade,annotation,True,True,3,,0.2,0.49618528797334976
c844bf5a9f2243ff8f4bf2c85fe218ff_r126,c844bf5a9f2243ff8f4bf2c85fe218ff,noise_low,static_manmade,annotation,True,True,2,,0.1,0.5007375633570244
c844bf5a9f2243ff8f4bf2c85fe218ff_r127,c844bf5a9f2243ff8f4bf2c85fe218ff,noise_low,static_manmade,annotation,True,True,2,,0.1,0.503285930813084
c844bf5a9f2243ff8f4bf2c85fe218ff_r148,c844bf5a9f2243ff8f4bf2c85fe218ff,noise_low,static_manmade,annotation,True,True,4,,0.1,0.508139168653324
c844bf5a9f2243ff8f4bf2c85fe218ff_r149,c844bf5a9f2243ff8f4bf2c85fe218ff,noise_low,static_manmade,annotation,True,True,1,,0.1,0.5112679627061855
c844bf5a9f2243ff8f4bf2c85fe218ff_r177,c844bf5a9f2243ff8f4bf2c85fe218ff,noise_low,static_manmade,annotation,True,True,5,,0.1,0.5157547448170157
c844bf5a9f2243ff8f4bf2c85fe218ff_r198,c844bf5a9f2243ff8f4bf2c85fe218ff,noise_low,static_manmade,annotation,True,True,5,,0.1,0.5222054052421482
c844bf5a9f2243ff8f4bf2c85fe218ff_r226,c844bf5a9f2243ff8f4bf2c85fe218ff,noise_low,static_manmade,annotation,True,True,2,,0.1,0.5263209823800162
c844bf5a9f2243ff8f4bf2c85fe218ff_r227,c844bf5a9f2243ff8f4bf2c85fe218ff,noise_low,static_manmade,annotation,True,True,4,,0.1,0.5295447032958467
c844bf5a9f2243ff8f4bf2c85fe218ff_r250,c844bf5a9f2243ff8f4bf2c85fe218ff,noise_low,static_manmade,annotation,True,True,1,,0.1,0.5513224563744143
c844bf5a9f2243ff8f4bf2c85fe218ff_r258,c844bf5a9f2243ff8f4bf2c85fe218ff,noise_low,static_manmade,annotation,True,True,8,,0.1,0.5443796020056031
c844bf5a9f2243ff8f4bf2c85fe218ff_r259,c844bf5a9f2243ff8f4bf2c85fe218ff,noise_low,static_manmade,annotation,True,True,8,,0.1,0.5465969575305608
c844bf5a9f2243ff8f4bf2c85fe218ff_r287,c844bf5a9f2243ff8f4bf2c85fe218ff,noise_low,pedestrian_vru,annotation,True,True,1,,0.1,0.6999423701676497
c844bf5a9f2243ff8f4bf2c85fe218ff_r289,c844bf5a9f2243ff8f4bf2c85fe218ff,noise_low,static_manmade,annotation,True,True,16,,0.1,0.5504550641154268
c844bf5a9f2243ff8f4bf2c85fe218ff_r304,c844bf5a9f2243ff8f4bf2c85fe218ff,noise_low,pedestrian_vru,annotation,True,True,12,,0.05,0.8465927230875177
c844bf5a9f2243ff8f4bf2c85fe218ff_r322,c844bf5a9f2243ff8f4bf2c85fe218ff,noise_low,static_manmade,annotation,True,True,3,,0.1,0.5430098802243305
c844bf5a9f2243ff8f4bf2c85fe218ff_r323,c844bf5a9f2243ff8f4bf2c85fe218ff,noise_low,static_manmade,annotation,True,True,6,,0.1,0.5463630592217638
c844bf5a9f2243ff8f4bf2c85fe218ff_r377,c844bf5a9f2243ff8f4bf2c85fe218ff,noise_low,vehicle,annotation,True,True,3,,0.05,0.8174040847201676
c844bf5a9f2243ff8f4bf2c85fe218ff_r395,c844bf5a9f2243ff8f4bf2c85fe218ff,noise_low,static_manmade,annotation,True,True,2,,0.1,0.5573599430337907
c844bf5a9f2243ff8f4bf2c85fe218ff_r411,c844bf5a9f2243ff8f4bf2c85fe218ff,noise_low,vehicle,annotation,True,True,161,,0.05,0.8319149780298283
c844bf5a9f2243ff8f4bf2c85fe218ff_r436,c844bf5a9f2243ff8f4bf2c85fe218ff,noise_low,static_manmade,annotation,True,True,1,,0.1,0.5581291538185089
c844bf5a9f2243ff8f4bf2c85fe218ff_r437,c844bf5a9f2243ff8f4bf2c85fe218ff,noise_low,static_manmade,annotation,True,True,19,,0.1,0.569010984804517
c844bf5a9f2243ff8f4bf2c85fe218ff_r457,c844bf5a9f2243ff8f4bf2c85fe218ff,noise_low,vehicle,annotation,True,True,18,,0.05,0.7762987815156803
c844bf5a9f2243ff8f4bf2c85fe218ff_r458,c844bf5a9f2243ff8f4bf2c85fe218ff,noise_low,vehicle,annotation,True,True,12,,0.05,0.7916332521116517
c844bf5a9f2243ff8f4bf2c85fe218ff_r472,c844bf5a9f2243ff8f4bf2c85fe218ff,noise_low,static_manmade,annotation,True,True,3,,0.1,0.5642506411553875
c844bf5a9f2243ff8f4bf2c85fe218ff_r473,c844bf5a9f2243ff8f4bf2c85fe218ff,noise_low,static_manmade,annotation,True,True,24,,0.1,0.5733868085051251
c844bf5a9f2243ff8f4bf2c85fe218ff_r487,c844bf5a9f2243ff8f4bf2c85fe218ff,noise_low,static_manmade,annotation,True,True,153,,0.1,0.6250084295120151
c844bf5a9f2243ff8f4bf2c85fe218ff_r491,c844bf5a9f2243ff8f4bf2c85fe218ff,noise_low,vehicle,annotation,True,True,32,,0.05,0.7827812433660449
c844bf5a9f2243ff8f4bf2c85fe218ff_r492,c844bf5a9f2243ff8f4bf2c85fe218ff,noise_low,vehicle,annotation,True,True,36,,0.05,0.8123374590825386
c844bf5a9f2243ff8f4bf2c85fe218ff_r504,c844bf5a9f2243ff8f4bf2c85fe218ff,noise_low,static_manmade,annotation,True,True,12,,0.1,0.5760441278707762
c844bf5a9f2243ff8f4bf2c85fe218ff_r505,c844bf5a9f2243ff8f4bf2c85fe218ff,noise_low,static_manmade,annotation,True,True,16,,0.1,0.5795225687567218
c844bf5a9f2243ff8f4bf2c85fe218ff_r518,c844bf5a9f2243ff8f4bf2c85fe218ff,noise_low,static_manmade,annotation,True,True,373,,0.1,0.6382934691368445
c844bf5a9f2243ff8f4bf2c85fe218ff_r520,c844bf5a9f2243ff8f4bf2c85fe218ff,noise_low,vehicle,annotation,True,True,28,,0.05,0.7842943514554471
c844bf5a9f2243ff8f4bf2c85fe218ff_r531,c844bf5a9f2243ff8f4bf2c85fe218ff,noise_low,static_manmade,annotation,True,True,43,,0.1,0.5872546283990198
c844bf5a9f2243ff8f4bf2c85fe218ff_r532,c844bf5a9f2243ff8f4bf2c85fe218ff,noise_low,static_manmade,annotation,True,True,1,,0.1,0.5799274911330122
c844bf5a9f2243ff8f4bf2c85fe218ff_r543,c844bf5a9f2243ff8f4bf2c85fe218ff,noise_low,static_manmade,annotation,True,True,577,,0.1,0.6333837020352868
c844bf5a9f2243ff8f4bf2c85fe218ff_r544,c844bf5a9f2243ff8f4bf2c85fe218ff,noise_low,static_manmade,annotation,True,True,350,,0.1,0.6385166024686313
c844bf5a9f2243ff8f4bf2c85fe218ff_r545,c844bf5a9f2243ff8f4bf2c85fe218ff,noise_low,vehicle,annotation,True,True,103,,0.05,0.8365982329472621
c844bf5a9f2243ff8f4bf2c85fe218ff_r546,c844bf5a9f2243ff8f4bf2c85fe218ff,noise_low,vehicle,annotation,True,True,1,,0.05,0.81779319502699
c844bf5a9f2243ff8f4bf2c85fe218ff_r547,c844bf5a9f2243ff8f4bf2c85fe218ff,noise_low,vehicle,annotation,True,True,42,,0.05,0.8005507132625896
c844bf5a9f2243ff8f4bf2c85fe218ff_r548,c844bf5a9f2243ff8f4bf2c85fe218ff,noise_low,vehicle,annotation,True,True,30,,0.05,0.7961291191616435
c844bf5a9f2243ff8f4bf2c85fe218ff_r549,c844bf5a9f2243ff8f4bf2c85fe218ff,noise_low,vehicle,annotation,True,True,56,,0.05,0.8037277030699702
c844bf5a9f2243ff8f4bf2c85fe218ff_r563,c844bf5a9f2243ff8f4bf2c85fe218ff,noise_low,static_manmade,annotation,True,True,17,,0.1,0.5885462702058852
c844bf5a9f2243ff8f4bf2c85fe218ff_r564,c844bf5a9f2243ff8f4bf2c85fe218ff,noise_low,static_manmade,annotation,True,True,6,,0.1,0.5852330298361689
c844bf5a9f2243ff8f4bf2c85fe218ff_r573,c844bf5a9f2243ff8f4bf2c85fe218ff,noise_low,static_manmade,annotation,True,True,371,,0.1,0.6317702545698266
c844bf5a9f2243ff8f4bf2c85fe218ff_r574,c844bf5a9f2243ff8f4bf2c85fe218ff,noise_low,static_manmade,annotation,True,True,141,,0.1,0.6310049922795131
c844bf5a9f2243ff8f4bf2c85fe218ff_r576,c844bf5a9f2243ff8f4bf2c85fe218ff,noise_low,vehicle,annotation,True,True,17,,0.05,0.8346428768169966
c844bf5a9f2243ff8f4bf2c85fe218ff_r579,c844bf5a9f2243ff8f4bf2c85fe218ff,noise_low,vehicle,annotation,True,True,11,,0.05,0.7986856330615174
c844bf5a9f2243ff8f4bf2c85fe218ff_r581,c844bf5a9f2243ff8f4bf2c85fe218ff,noise_low,vehicle,annotation,True,True,41,,0.05,0.7972903959695435
c844bf5a9f2243ff8f4bf2c85fe218ff_r582,c844bf5a9f2243ff8f4bf2c85fe218ff,noise_low,vehicle,annotation,True,True,45,,0.05,0.7963519889954909
c844bf5a9f2243ff8f4bf2c85fe218ff_r603,c844bf5a9f2243ff8f4bf2c85fe218ff,noise_low,static_manmade,annotation,True,True,70,,0.1,0.6255453030077728
c844bf5a9f2243ff8f4bf2c85fe218ff_r606,c844bf5a9f2243ff8f4bf2c85fe218ff,noise_low,pedestrian_vru,annotation,True,True,9,,0.05,0.8369526217722687
c844bf5a9f2243ff8f4bf2c85fe218ff_r607,c844bf5a9f2243ff8f4bf2c85fe218ff,noise_low,static_manmade,annotation,True,True,3,,0.1,0.6036149632725859
c844bf5a9f2243ff8f4bf2c85fe218ff_r608,c844bf5a9f2243ff8f4bf2c85fe218ff,noise_low,vehicle,annotation,True,True,15,,0.05,0.7939959892014503
c844bf5a9f2243ff8f4bf2c85fe218ff_r629,c844bf5a9f2243ff8f4bf2c85fe218ff,noise_low,pedestrian_vru,annotation,True,True,43,,0.05,0.8480514553826348
c844bf5a9f2243ff8f4bf2c85fe218ff_r633,c844bf5a9f2243ff8f4bf2c85fe218ff,noise_low,static_manmade,annotation,True,True,9,,0.1,0.6038497628184951
c844bf5a9f2243ff8f4bf2c85fe218ff_r634,c844bf5a9f2243ff8f4bf2c85fe218ff,noise_low,vehicle,annotation,True,True,9,,0.05,0.8065127143142456
c844bf5a9f2243ff8f4bf2c85fe218ff_r635,c844bf5a9f2243ff8f4bf2c85fe218ff,noise_low,vehicle,annotation,True,True,1,,0.05,0.7999453422997954
c844bf5a9f2243ff8f4bf2c85fe218ff_r655,c844bf5a9f2243ff8f4bf2c85fe218ff,noise_low,static_manmade,annotation,True,True,7,,0.1,0.613137413354079
c844bf5a9f2243ff8f4bf2c85fe218ff_r656,c844bf5a9f2243ff8f4bf2c85fe218ff,noise_low,static_manmade,annotation,True,True,13,,0.1,0.6036325673349124
c844bf5a9f2243ff8f4bf2c85fe218ff_r657,c844bf5a9f2243ff8f4bf2c85fe218ff,noise_low,static_manmade,annotation,True,True,53,,0.1,0.6070948622405997
c844bf5a9f2243ff8f4bf2c85fe218ff_r658,c844bf5a9f2243ff8f4bf2c85fe218ff,noise_low,vehicle,annotation,True,True,28,,0.05,0.8024489475511386
c844bf5a9f2243ff8f4bf2c85fe218ff_r659,c844bf5a9f2243ff8f4bf2c85fe218ff,noise_low,vehicle,annotation,True,True,2,,0.05,0.8001441450927749
c844bf5a9f2243ff8f4bf2c85fe218ff_r660,c844bf5a9f2243ff8f4bf2c85fe218ff,noise_low,vehicle,annotation,True,True,16,,0.05,0.7965307962604482
c844bf5a9f2243ff8f4bf2c85fe218ff_r669,c844bf5a9f2243ff8f4bf2c85fe218ff,noise_low,pedestrian_vru,annotation,True,True,6,,0.05,0.8070237545954377
c844bf5a9f2243ff8f4bf2c85fe218ff_r675,c844bf5a9f2243ff8f4bf2c85fe218ff,noise_low,pedestrian_vru,annotation,True,True,1,,0.05,0.8199510486602766
c844bf5a9f2243ff8f4bf2c85fe218ff_r676,c844bf5a9f2243ff8f4bf2c85fe218ff,noise_low,pedestrian_vru,annotation,True,True,11,,0.05,0.8277088627246613
c844bf5a9f2243ff8f4bf2c85fe218ff_r677,c844bf5a9f2243ff8f4bf2c85fe218ff,noise_low,vehicle,annotation,True,True,1,,0.05,0.7971372195664637
c844bf5a9f2243ff8f4bf2c85fe218ff_r678,c844bf5a9f2243ff8f4bf2c85fe218ff,noise_low,vehicle,annotation,True,True,3,,0.05,0.799502388516095
c844bf5a9f2243ff8f4bf2c85fe218ff_r679,c844bf5a9f2243ff8f4bf2c85fe218ff,noise_low,vehicle,annotation,True,True,1,,0.05,0.7879253457796094
c844bf5a9f2243ff8f4bf2c85fe218ff_r697,c844bf5a9f2243ff8f4bf2c85fe218ff,noise_low,pedestrian_vru,annotation,True,True,1,,0.05,0.762050454269523
c844bf5a9f2243ff8f4bf2c85fe218ff_r705,c844bf5a9f2243ff8f4bf2c85fe218ff,noise_low,pedestrian_vru,annotation,True,True,23,,0.05,0.8335695021517758
c844bf5a9f2243ff8f4bf2c85fe218ff_r706,c844bf5a9f2243ff8f4bf2c85fe218ff,noise_low,pedestrian_vru,annotation,True,True,2,,0.05,0.8116791664630539
c844bf5a9f2243ff8f4bf2c85fe218ff_r726,c844bf5a9f2243ff8f4bf2c85fe218ff,noise_low,pedestrian_vru,annotation,True,True,6,,0.05,0.78739998290223
c844bf5a9f2243ff8f4bf2c85fe218ff_r730,c844bf5a9f2243ff8f4bf2c85fe218ff,noise_low,pedestrian_vru,annotation,True,True,6,,0.05,0.8200344677879504
c844bf5a9f2243ff8f4bf2c85fe218ff_r731,c844bf5a9f2243ff8f4bf2c85fe218ff,noise_low,pedestrian_vru,annotation,True,True,8,,0.05,0.8139801228814038
c844bf5a9f2243ff8f4bf2c85fe218ff_r798,c844bf5a9f2243ff8f4bf2c85fe218ff,noise_low,vehicle,annotation,True,True,2,,0.1,0.7324329552281514
c844bf5a9f2243ff8f4bf2c85fe218ff_r799,c844bf5a9f2243ff8f4bf2c85fe218ff,noise_low,vehicle,annotation,True,True,4,,0.1,0.7328989716172951
c844bf5a9f2243ff8f4bf2c85fe218ff_r816,c844bf5a9f2243ff8f4bf2c85fe218ff,noise_low,vehicle,annotation,True,True,3,,0.1,0.7094173043704316
c844bf5a9f2243ff8f4bf2c85fe218ff_r817,c844bf5a9f2243ff8f4bf2c85fe218ff,noise_low,static_manmade,annotation,True,True,1,,0.1,0.5179354653389839
c844bf5a9f2243ff8f4bf2c85fe218ff_r818,c844bf5a9f2243ff8f4bf2c85fe218ff,noise_low,vehicle,annotation,True,True,2,,0.1,0.732303550775099
c844bf5a9f2243ff8f4bf2c85fe218ff_r822,c844bf5a9f2243ff8f4bf2c85fe218ff,noise_low,static_manmade,annotation,True,True,1,,0.1,0.5098263754679632
c844bf5a9f2243ff8f4bf2c85fe218ff_r823,c844bf5a9f2243ff8f4bf2c85fe218ff,noise_low,static_manmade,annotation,True,True,1,,0.1,0.5155121528498685
c844bf5a9f2243ff8f4bf2c85fe218ff_r836,c844bf5a9f2243ff8f4bf2c85fe218ff,noise_low,static_manmade,annotation,True,True,1,,0.1,0.5313881018824661
c844bf5a9f2243ff8f4bf2c85fe218ff_r837,c844bf5a9f2243ff8f4bf2c85fe218ff,noise_low,static_manmade,annotation,True,True,1,,0.1,0.5308616804405166
c844bf5a9f2243ff8f4bf2c85fe218ff_r839,c844bf5a9f2243ff8f4bf2c85fe218ff,noise_low,pedestrian_vru,annotation,True,True,1,,0.1,0.6701457505314653
c844bf5a9f2243ff8f4bf2c85fe218ff_r843,c844bf5a9f2243ff8f4bf2c85fe218ff,noise_low,vehicle,annotation,True,True,1,,0.1,0.7006304709857709
c844bf5a9f2243ff8f4bf2c85fe218ff_r844,c844bf5a9f2243ff8f4bf2c85fe218ff,noise_low,static_manmade,annotation,True,True,6,,0.1,0.5251257963623338
c844bf5a9f2243ff8f4bf2c85fe218ff_r846,c844bf5a9f2243ff8f4bf2c85fe218ff,noise_low,static_manmade,annotation,True,True,6,,0.1,0.5294700459787122
c844bf5a9f2243ff8f4bf2c85fe218ff_r847,c844bf5a9f2243ff8f4bf2c85fe218ff,noise_low,static_manmade,annotation,True,True,4,,0.1,0.5306900927319291
c844bf5a9f2243ff8f4bf2c85fe218ff_r848,c844bf5a9f2243ff8f4bf2c85fe218ff,noise_low,static_manmade,annotation,True,True,7,,0.1,0.5411752328578104
c844bf5a9f2243ff8f4bf2c85fe218ff_r853,c844bf5a9f2243ff8f4bf2c85fe218ff,noise_low,static_manmade,annotation,True,True,2,,0.1,0.5202422659346855
c844bf5a9f2243ff8f4bf2c85fe218ff_r857,c844bf5a9f2243ff8f4bf2c85fe218ff,noise_low,vehicle,annotation,True,True,1,,0.1,0.6823709207392432
c844bf5a9f2243ff8f4bf2c85fe218ff_r862,c844bf5a9f2243ff8f4bf2c85fe218ff,noise_low,vehicle,annotation,True,True,1,,0.1,0.7213433681993975
c844bf5a9f2243ff8f4bf2c85fe218ff_r863,c844bf5a9f2243ff8f4bf2c85fe218ff,noise_low,vehicle,annotation,True,True,1,,0.1,0.7198282608384565
c844bf5a9f2243ff8f4bf2c85fe218ff_r867,c844bf5a9f2243ff8f4bf2c85fe218ff,noise_low,vehicle,annotation,True,True,1,,0.1,0.6823476121421813
c844bf5a9f2243ff8f4bf2c85fe218ff_r870,c844bf5a9f2243ff8f4bf2c85fe218ff,noise_low,vehicle,annotation,True,True,3,,0.1,0.7167921372743303
c844bf5a9f2243ff8f4bf2c85fe218ff_r871,c844bf5a9f2243ff8f4bf2c85fe218ff,noise_low,static_manmade,annotation,True,True,1,,0.1,0.5152411536211309
c844bf5a9f2243ff8f4bf2c85fe218ff_r872,c844bf5a9f2243ff8f4bf2c85fe218ff,noise_low,vehicle,annotation,True,True,4,,0.1,0.7247345084691267
c844bf5a9f2243ff8f4bf2c85fe218ff_r900,c844bf5a9f2243ff8f4bf2c85fe218ff,noise_low,vehicle,annotation,True,True,1,,0.1,0.6678578810434561
c844bf5a9f2243ff8f4bf2c85fe218ff_r22,c844bf5a9f2243ff8f4bf2c85fe218ff,noise_medium,static_manmade,annotation,True,True,1,,0.2,0.4253165252628243
c844bf5a9f2243ff8f4bf2c85fe218ff_r63,c844bf5a9f2243ff8f4bf2c85fe218ff,noise_medium,static_manmade,annotation,True,True,6,,0.1,0.5190813013901178
c844bf5a9f2243ff8f4bf2c85fe218ff_r64,c844bf5a9f2243ff8f4bf2c85fe218ff,noise_medium,vehicle,annotation,True,True,6,,0.1,0.741186209815524
c844bf5a9f2243ff8f4bf2c85fe218ff_r82,c844bf5a9f2243ff8f4bf2c85fe218ff,noise_medium,vehicle,annotation,True,True,4,,0.1,0.7188204849864912
c844bf5a9f2243ff8f4bf2c85fe218ff_r83,c844bf5a9f2243ff8f4bf2c85fe218ff,noise_medium,vehicle,annotation,True,True,1,,0.1,0.7189064952417505
c844bf5a9f2243ff8f4bf2c85fe218ff_r111,c844bf5a9f2243ff8f4bf2c85fe218ff,noise_medium,static_manmade,annotation,True,True,1,,0.2,0.4918683069678326
c844bf5a9f2243ff8f4bf2c85fe218ff_r112,c844bf5a9f2243ff8f4bf2c85fe218ff,noise_medium,static_manmade,annotation,True,True,3,,0.2,0.49660797043729754
c844bf5a9f2243ff8f4bf2c85fe218ff_r125,c844bf5a9f2243ff8f4bf2c85fe218ff,noise_medium,static_manmade,annotation,True,True,2,,0.1,0.5012057097754818
c844bf5a9f2243ff8f4bf2c85fe218ff_r126,c844bf5a9f2243ff8f4bf2c85fe218ff,noise_medium,static_manmade,annotation,True,True,2,,0.1,0.503382319025262
c844bf5a9f2243ff8f4bf2c85fe218ff_r147,c844bf5a9f2243ff8f4bf2c85fe218ff,noise_medium,static_manmade,annotation,True,True,4,,0.1,0.5081570553478181
c844bf5a9f2243ff8f4bf2c85fe218ff_r148,c844bf5a9f2243ff8f4bf2c85fe218ff,noise_medium,static_manmade,annotation,True,True,1,,0.1,0.5112565632882222
c844bf5a9f2243ff8f4bf2c85fe218ff_r176,c844bf5a9f2243ff8f4bf2c85fe218ff,noise_medium,static_manmade,annotation,True,True,5,,0.1,0.5158212562381091
c844bf5a9f2243ff8f4bf2c85fe218ff_r197,c844bf5a9f2243ff8f4bf2c85fe218ff,noise_medium,static_manmade,annotation,True,True,5,,0.1,0.5227047955357629
c844bf5a9f2243ff8f4bf2c85fe218ff_r226,c844bf5a9f2243ff8f4bf2c85fe218ff,noise_medium,static_manmade,annotation,True,True,2,,0.1,0.526780638887461
c844bf5a9f2243ff8f4bf2c85fe218ff_r227,c844bf5a9f2243ff8f4bf2c85fe218ff,noise_medium,static_manmade,annotation,True,True,4,,0.1,0.5298375077320779
c844bf5a9f2243ff8f4bf2c85fe218ff_r250,c844bf5a9f2243ff8f4bf2c85fe218ff,noise_medium,static_manmade,annotation,True,True,1,,0.1,0.5513146164717936
c844bf5a9f2243ff8f4bf2c85fe218ff_r258,c844bf5a9f2243ff8f4bf2c85fe218ff,noise_medium,static_manmade,annotation,True,True,8,,0.1,0.544723339970622
c844bf5a9f2243ff8f4bf2c85fe218ff_r259,c844bf5a9f2243ff8f4bf2c85fe218ff,noise_medium,static_manmade,annotation,True,True,7,,0.1,0.546841650897004
c844bf5a9f2243ff8f4bf2c85fe218ff_r288,c844bf5a9f2243ff8f4bf2c85fe218ff,noise_medium,pedestrian_vru,annotation,True,True,1,,0.1,0.7000838104964179
c844bf5a9f2243ff8f4bf2c85fe218ff_r290,c844bf5a9f2243ff8f4bf2c85fe218ff,noise_medium,static_manmade,annotation,True,True,16,,0.1,0.5503925715747081
c844bf5a9f2243ff8f4bf2c85fe218ff_r305,c844bf5a9f2243ff8f4bf2c85fe218ff,noise_medium,pedestrian_vru,annotation,True,True,12,,0.05,0.8467109801064381
c844bf5a9f2243ff8f4bf2c85fe218ff_r323,c844bf5a9f2243ff8f4bf2c85fe218ff,noise_medium,static_manmade,annotation,True,True,3,,0.1,0.5431030492340865
c844bf5a9f2243ff8f4bf2c85fe218ff_r324,c844bf5a9f2243ff8f4bf2c85fe218ff,noise_medium,static_manmade,annotation,True,True,6,,0.1,0.5466574988921846
c844bf5a9f2243ff8f4bf2c85fe218ff_r378,c844bf5a9f2243ff8f4bf2c85fe218ff,noise_medium,vehicle,annotation,True,True,3,,0.05,0.8177728028999809
c844bf5a9f2243ff8f4bf2c85fe218ff_r396,c844bf5a9f2243ff8f4bf2c85fe218ff,noise_medium,static_manmade,annotation,True,True,2,,0.1,0.557469340835133
c844bf5a9f2243ff8f4bf2c85fe218ff_r412,c844bf5a9f2243ff8f4bf2c85fe218ff,noise_medium,vehicle,annotation,True,True,162,,0.05,0.8320220250280407
c844bf5a9f2243ff8f4bf2c85fe218ff_r437,c844bf5a9f2243ff8f4bf2c85fe218ff,noise_medium,static_manmade,annotation,True,True,1,,0.1,0.5581800079723251
c844bf5a9f2243ff8f4bf2c85fe218ff_r438,c844bf5a9f2243ff8f4bf2c85fe218ff,noise_medium,static_manmade,annotation,True,True,20,,0.1,0.5692541845348945
c844bf5a9f2243ff8f4bf2c85fe218ff_r458,c844bf5a9f2243ff8f4bf2c85fe218ff,noise_medium,vehicle,annotation,True,True,16,,0.05,0.7762460339577898
c844bf5a9f2243ff8f4bf2c85fe218ff_r459,c844bf5a9f2243ff8f4bf2c85fe218ff,noise_medium,vehicle,annotation,True,True,12,,0.05,0.7912967557716514
c844bf5a9f2243ff8f4bf2c85fe218ff_r473,c844bf5a9f2243ff8f4bf2c85fe218ff,noise_medium,static_manmade,annotation,True,True,2,,0.1,0.5647563842131562
c844bf5a9f2243ff8f4bf2c85fe218ff_r474,c844bf5a9f2243ff8f4bf2c85fe218ff,noise_medium,static_manmade,annotation,True,True,24,,0.1,0.5733182520741538
c844bf5a9f2243ff8f4bf2c85fe218ff_r488,c844bf5a9f2243ff8f4bf2c85fe218ff,noise_medium,static_manmade,annotation,True,True,153,,0.1,0.6250720096425109
c844bf5a9f2243ff8f4bf2c85fe218ff_r492,c844bf5a9f2243ff8f4bf2c85fe218ff,noise_medium,vehicle,annotation,True,True,33,,0.05,0.7825159317200046
c844bf5a9f2243ff8f4bf2c85fe218ff_r493,c844bf5a9f2243ff8f4bf2c85fe218ff,noise_medium,vehicle,annotation,True,True,37,,0.05,0.8124320716491104
c844bf5a9f2243ff8f4bf2c85fe218ff_r505,c844bf5a9f2243ff8f4bf2c85fe218ff,noise_medium,static_manmade,annotation,True,True,12,,0.1,0.5760476105605519
c844bf5a9f2243ff8f4bf2c85fe218ff_r506,c844bf5a9f2243ff8f4bf2c85fe218ff,noise_medium,static_manmade,annotation,True,True,16,,0.1,0.5794917168647761
c844bf5a9f2243ff8f4bf2c85fe218ff_r519,c844bf5a9f2243ff8f4bf2c85fe218ff,noise_medium,static_manmade,annotation,True,True,375,,0.1,0.6384735629127005
c844bf5a9f2243ff8f4bf2c85fe218ff_r521,c844bf5a9f2243ff8f4bf2c85fe218ff,noise_medium,vehicle,annotation,True,True,28,,0.05,0.7845394159604189
c844bf5a9f2243ff8f4bf2c85fe218ff_r532,c844bf5a9f2243ff8f4bf2c85fe218ff,noise_medium,static_manmade,annotation,True,True,42,,0.1,0.5872251971098843
c844bf5a9f2243ff8f4bf2c85fe218ff_r533,c844bf5a9f2243ff8f4bf2c85fe218ff,noise_medium,static_manmade,annotation,True,True,1,,0.1,0.5799022240018382
c844bf5a9f2243ff8f4bf2c85fe218ff_r544,c844bf5a9f2243ff8f4bf2c85fe218ff,noise_medium,static_manmade,annotation,True,True,583,,0.1,0.633395563791032
c844bf5a9f2243ff8f4bf2c85fe218ff_r545,c844bf5a9f2243ff8f4bf2c85fe218ff,noise_medium,static_manmade,annotation,True,True,351,,0.1,0.638654351224008
c844bf5a9f2243ff8f4bf2c85fe218ff_r546,c844bf5a9f2243ff8f4bf2c85fe218ff,noise_medium,vehicle,annotation,True,True,104,,0.05,0.8367877832415632
c844bf5a9f2243ff8f4bf2c85fe218ff_r547,c844bf5a9f2243ff8f4bf2c85fe218ff,noise_medium,vehicle,annotation,True,True,42,,0.05,0.8006047364205534
c844bf5a9f2243ff8f4bf2c85fe218ff_r548,c844bf5a9f2243ff8f4bf2c85fe218ff,noise_medium,vehicle,annotation,True,True,30,,0.05,0.79614435035388
c844bf5a9f2243ff8f4bf2c85fe218ff_r549,c844bf5a9f2243ff8f4bf2c85fe218ff,noise_medium,vehicle,annotation,True,True,56,,0.05,0.8037663485023568
c844bf5a9f2243ff8f4bf2c85fe218ff_r563,c844bf5a9f2243ff8f4bf2c85fe218ff,noise_medium,static_manmade,annotation,True,True,18,,0.1,0.5886559948783983
c844bf5a9f2243ff8f4bf2c85fe218ff_r564,c844bf5a9f2243ff8f4bf2c85fe218ff,noise_medium,static_manmade,annotation,True,True,6,,0.1,0.5849383654097199
c844bf5a9f2243ff8f4bf2c85fe218ff_r573,c844bf5a9f2243ff8f4bf2c85fe218ff,noise_medium,static_manmade,annotation,True,True,369,,0.1,0.631763548671847
c844bf5a9f2243ff8f4bf2c85fe218ff_r574,c844bf5a9f2243ff8f4bf2c85fe218ff,noise_medium,static_manmade,annotation,True,True,138,,0.1,0.6309848101466133
c844bf5a9f2243ff8f4bf2c85fe218ff_r576,c844bf5a9f2243ff8f4bf2c85fe218ff,noise_medium,vehicle,annotation,True,True,18,,0.05,0.8395941582537912
c844bf5a9f2243ff8f4bf2c85fe218ff_r579,c844bf5a9f2243ff8f4bf2c85fe218ff,noise_medium,vehicle,annotation,True,True,11,,0.05,0.7985612746981264
c844bf5a9f2243ff8f4bf2c85fe218ff_r581,c844bf5a9f2243ff8f4bf2c85fe218ff,noise_medium,vehicle,annotation,True,True,41,,0.05,0.7972433261534431
c844bf5a9f2243ff8f4bf2c85fe218ff_r582,c844bf5a9f2243ff8f4bf2c85fe218ff,noise_medium,vehicle,annotation,True,True,45,,0.05,0.7964600987639789
c844bf5a9f2243ff8f4bf2c85fe218ff_r603,c844bf5a9f2243ff8f4bf2c85fe218ff,noise_medium,static_manmade,annotation,True,True,72,,0.1,0.6259959339885939
c844bf5a9f2243ff8f4bf2c85fe218ff_r606,c844bf5a9f2243ff8f4bf2c85fe218ff,noise_medium,pedestrian_vru,annotation,True,True,9,,0.05,0.83690279369815
c844bf5a9f2243ff8f4bf2c85fe218ff_r607,c844bf5a9f2243ff8f4bf2c85fe218ff,noise_medium,static_manmade,annotation,True,True,3,,0.1,0.6035649813106271
c844bf5a9f2243ff8f4bf2c85fe218ff_r608,c844bf5a9f2243ff8f4bf2c85fe218ff,noise_medium,vehicle,annotation,True,True,15,,0.05,0.7937284527183044
c844bf5a9f2243ff8f4bf2c85fe218ff_r628,c844bf5a9f2243ff8f4bf2c85fe218ff,noise_medium,pedestrian_vru,annotation,True,True,43,,0.05,0.8479518316504252
c844bf5a9f2243ff8f4bf2c85fe218ff_r632,c844bf5a9f2243ff8f4bf2c85fe218ff,noise_medium,static_manmade,annotation,True,True,10,,0.1,0.6036222409502606
c844bf5a9f2243ff8f4bf2c85fe218ff_r633,c844bf5a9f2243ff8f4bf2c85fe218ff,noise_medium,vehicle,annotation,True,True,8,,0.05,0.8066772958476547
c844bf5a9f2243ff8f4bf2c85fe218ff_r634,c844bf5a9f2243ff8f4bf2c85fe218ff,noise_medium,static_manmade,annotation,True,True,2,,0.1,0.6016901587974349
c844bf5a9f2243ff8f4bf2c85fe218ff_r654,c844bf5a9f2243ff8f4bf2c85fe218ff,noise_medium,static_manmade,annotation,True,True,7,,0.1,0.6133057693652058
c844bf5a9f2243ff8f4bf2c85fe218ff_r655,c844bf5a9f2243ff8f4bf2c85fe218ff,noise_medium,static_manmade,annotation,True,True,13,,0.1,0.6035081368452099
c844bf5a9f2243ff8f4bf2c85fe218ff_r656,c844bf5a9f2243ff8f4bf2c85fe218ff,noise_medium,static_manmade,annotation,True,True,52,,0.1,0.6072063284546637
c844bf5a9f2243ff8f4bf2c85fe218ff_r657,c844bf5a9f2243ff8f4bf2c85fe218ff,noise_medium,vehicle,annotation,True,True,28,,0.05,0.8026257035174864
c844bf5a9f2243ff8f4bf2c85fe218ff_r658,c844bf5a9f2243ff8f4bf2c85fe218ff,noise_medium,vehicle,annotation,True,True,2,,0.05,0.8006555105164359
c844bf5a9f2243ff8f4bf2c85fe218ff_r659,c844bf5a9f2243ff8f4bf2c85fe218ff,noise_medium,vehicle,annotation,True,True,16,,0.05,0.7966075112093993
c844bf5a9f2243ff8f4bf2c85fe218ff_r668,c844bf5a9f2243ff8f4bf2c85fe218ff,noise_medium,pedestrian_vru,annotation,True,True,6,,0.05,0.8069345679829603
c844bf5a9f2243ff8f4bf2c85fe218ff_r674,c844bf5a9f2243ff8f4bf2c85fe218ff,noise_medium,pedestrian_vru,annotation,True,True,1,,0.05,0.8198260041321971
c844bf5a9f2243ff8f4bf2c85fe218ff_r675,c844bf5a9f2243ff8f4bf2c85fe218ff,noise_medium,pedestrian_vru,annotation,True,True,10,,0.05,0.8282343601898433
c844bf5a9f2243ff8f4bf2c85fe218ff_r676,c844bf5a9f2243ff8f4bf2c85fe218ff,noise_medium,vehicle,annotation,True,True,1,,0.05,0.797151284025183
c844bf5a9f2243ff8f4bf2c85fe218ff_r677,c844bf5a9f2243ff8f4bf2c85fe218ff,noise_medium,vehicle,annotation,True,True,3,,0.05,0.7999762028364349
c844bf5a9f2243ff8f4bf2c85fe218ff_r678,c844bf5a9f2243ff8f4bf2c85fe218ff,noise_medium,vehicle,annotation,True,True,1,,0.05,0.7878395420682723
c844bf5a9f2243ff8f4bf2c85fe218ff_r696,c844bf5a9f2243ff8f4bf2c85fe218ff,noise_medium,pedestrian_vru,annotation,True,True,1,,0.05,0.7620854484374343
c844bf5a9f2243ff8f4bf2c85fe218ff_r704,c844bf5a9f2243ff8f4bf2c85fe218ff,noise_medium,pedestrian_vru,annotation,True,True,22,,0.05,0.833501731114293
c844bf5a9f2243ff8f4bf2c85fe218ff_r705,c844bf5a9f2243ff8f4bf2c85fe218ff,noise_medium,pedestrian_vru,annotation,True,True,2,,0.05,0.8117374347265209
c844bf5a9f2243ff8f4bf2c85fe218ff_r725,c844bf5a9f2243ff8f4bf2c85fe218ff,noise_medium,pedestrian_vru,annotation,True,True,7,,0.05,0.7874816044410452
c844bf5a9f2243ff8f4bf2c85fe218ff_r729,c844bf5a9f2243ff8f4bf2c85fe218ff,noise_medium,pedestrian_vru,annotation,True,True,6,,0.05,0.8200338567224106
c844bf5a9f2243ff8f4bf2c85fe218ff_r730,c844bf5a9f2243ff8f4bf2c85fe218ff,noise_medium,pedestrian_vru,annotation,True,True,8,,0.05,0.8140870986869266
c844bf5a9f2243ff8f4bf2c85fe218ff_r797,c844bf5a9f2243ff8f4bf2c85fe218ff,noise_medium,vehicle,annotation,True,True,2,,0.1,0.732617922499488
c844bf5a9f2243ff8f4bf2c85fe218ff_r798,c844bf5a9f2243ff8f4bf2c85fe218ff,noise_medium,vehicle,annotation,True,True,4,,0.1,0.73323283726242
c844bf5a9f2243ff8f4bf2c85fe218ff_r815,c844bf5a9f2243ff8f4bf2c85fe218ff,noise_medium,vehicle,annotation,True,True,3,,0.1,0.7098616911023461
c844bf5a9f2243ff8f4bf2c85fe218ff_r817,c844bf5a9f2243ff8f4bf2c85fe218ff,noise_medium,vehicle,annotation,True,True,2,,0.1,0.7322311586992178
c844bf5a9f2243ff8f4bf2c85fe218ff_r821,c844bf5a9f2243ff8f4bf2c85fe218ff,noise_medium,static_manmade,annotation,True,True,1,,0.1,0.5098908329575856
c844bf5a9f2243ff8f4bf2c85fe218ff_r822,c844bf5a9f2243ff8f4bf2c85fe218ff,noise_medium,static_manmade,annotation,True,True,1,,0.1,0.5155473732020877
c844bf5a9f2243ff8f4bf2c85fe218ff_r835,c844bf5a9f2243ff8f4bf2c85fe218ff,noise_medium,static_manmade,annotation,True,True,1,,0.1,0.5314079636844992
c844bf5a9f2243ff8f4bf2c85fe218ff_r836,c844bf5a9f2243ff8f4bf2c85fe218ff,noise_medium,static_manmade,annotation,True,True,1,,0.1,0.5308671377140847
c844bf5a9f2243ff8f4bf2c85fe218ff_r838,c844bf5a9f2243ff8f4bf2c85fe218ff,noise_medium,pedestrian_vru,annotation,True,True,1,,0.1,0.6700652503421454
c844bf5a9f2243ff8f4bf2c85fe218ff_r842,c844bf5a9f2243ff8f4bf2c85fe218ff,noise_medium,vehicle,annotation,True,True,1,,0.1,0.7006495446983664
c844bf5a9f2243ff8f4bf2c85fe218ff_r843,c844bf5a9f2243ff8f4bf2c85fe218ff,noise_medium,static_manmade,annotation,True,True,6,,0.1,0.5252421374522798
c844bf5a9f2243ff8f4bf2c85fe218ff_r845,c844bf5a9f2243ff8f4bf2c85fe218ff,noise_medium,static_manmade,annotation,True,True,6,,0.1,0.529487568594752
c844bf5a9f2243ff8f4bf2c85fe218ff_r846,c844bf5a9f2243ff8f4bf2c85fe218ff,noise_medium,static_manmade,annotation,True,True,4,,0.1,0.5309374380801124
c844bf5a9f2243ff8f4bf2c85fe218ff_r847,c844bf5a9f2243ff8f4bf2c85fe218ff,noise_medium,static_manmade,annotation,True,True,7,,0.1,0.541014429468308
c844bf5a9f2243ff8f4bf2c85fe218ff_r852,c844bf5a9f2243ff8f4bf2c85fe218ff,noise_medium,static_manmade,annotation,True,True,2,,0.1,0.5206020375518692
c844bf5a9f2243ff8f4bf2c85fe218ff_r856,c844bf5a9f2243ff8f4bf2c85fe218ff,noise_medium,vehicle,annotation,True,True,1,,0.1,0.6823752544782682
c844bf5a9f2243ff8f4bf2c85fe218ff_r861,c844bf5a9f2243ff8f4bf2c85fe218ff,noise_medium,vehicle,annotation,True,True,1,,0.1,0.7215131973060336
c844bf5a9f2243ff8f4bf2c85fe218ff_r862,c844bf5a9f2243ff8f4bf2c85fe218ff,noise_medium,vehicle,annotation,True,True,1,,0.1,0.719915016971305
c844bf5a9f2243ff8f4bf2c85fe218ff_r866,c844bf5a9f2243ff8f4bf2c85fe218ff,noise_medium,vehicle,annotation,True,True,1,,0.1,0.6824357910065477
c844bf5a9f2243ff8f4bf2c85fe218ff_r869,c844bf5a9f2243ff8f4bf2c85fe218ff,noise_medium,vehicle,annotation,True,True,3,,0.1,0.7175290520070736
c844bf5a9f2243ff8f4bf2c85fe218ff_r870,c844bf5a9f2243ff8f4bf2c85fe218ff,noise_medium,static_manmade,annotation,True,True,1,,0.1,0.5152359768679233
c844bf5a9f2243ff8f4bf2c85fe218ff_r871,c844bf5a9f2243ff8f4bf2c85fe218ff,noise_medium,vehicle,annotation,True,True,4,,0.1,0.7244470188775137
c844bf5a9f2243ff8f4bf2c85fe218ff_r899,c844bf5a9f2243ff8f4bf2c85fe218ff,noise_medium,vehicle,annotation,True,True,1,,0.1,0.6679048037555152
c844bf5a9f2243ff8f4bf2c85fe218ff_r22,c844bf5a9f2243ff8f4bf2c85fe218ff,noise_high,static_manmade,annotation,True,True,1,,0.2,0.4253401396734088
c844bf5a9f2243ff8f4bf2c85fe218ff_r63,c844bf5a9f2243ff8f4bf2c85fe218ff,noise_high,static_manmade,annotation,True,True,6,,0.1,0.5192408302165871
c844bf5a9f2243ff8f4bf2c85fe218ff_r64,c844bf5a9f2243ff8f4bf2c85fe218ff,noise_high,vehicle,annotation,True,True,6,,0.1,0.7415454504131985
c844bf5a9f2243ff8f4bf2c85fe218ff_r83,c844bf5a9f2243ff8f4bf2c85fe218ff,noise_high,vehicle,annotation,True,True,4,,0.1,0.7190639755627213
c844bf5a9f2243ff8f4bf2c85fe218ff_r84,c844bf5a9f2243ff8f4bf2c85fe218ff,noise_high,vehicle,annotation,True,True,1,,0.1,0.7189434449578376
c844bf5a9f2243ff8f4bf2c85fe218ff_r112,c844bf5a9f2243ff8f4bf2c85fe218ff,noise_high,static_manmade,annotation,True,True,1,,0.2,0.4918570170428358
c844bf5a9f2243ff8f4bf2c85fe218ff_r113,c844bf5a9f2243ff8f4bf2c85fe218ff,noise_high,static_manmade,annotation,True,True,3,,0.2,0.497031929467768
c844bf5a9f2243ff8f4bf2c85fe218ff_r127,c844bf5a9f2243ff8f4bf2c85fe218ff,noise_high,static_manmade,annotation,True,True,2,,0.1,0.5016744324137608
c844bf5a9f2243ff8f4bf2c85fe218ff_r128,c844bf5a9f2243ff8f4bf2c85fe218ff,noise_high,static_manmade,annotation,True,True,2,,0.1,0.5034788683522301
c844bf5a9f2243ff8f4bf2c85fe218ff_r149,c844bf5a9f2243ff8f4bf2c85fe218ff,noise_high,static_manmade,annotation,True,True,4,,0.1,0.5082236086880728
c844bf5a9f2243ff8f4bf2c85fe218ff_r150,c844bf5a9f2243ff8f4bf2c85fe218ff,noise_high,static_manmade,annotation,True,True,1,,0.1,0.5112451487020515
c844bf5a9f2243ff8f4bf2c85fe218ff_r178,c844bf5a9f2243ff8f4bf2c85fe218ff,noise_high,static_manmade,annotation,True,True,5,,0.1,0.5159482870310149
c844bf5a9f2243ff8f4bf2c85fe218ff_r199,c844bf5a9f2243ff8f4bf2c85fe218ff,noise_high,static_manmade,annotation,True,True,5,,0.1,0.5232937430745258
c844bf5a9f2243ff8f4bf2c85fe218ff_r228,c844bf5a9f2243ff8f4bf2c85fe218ff,noise_high,static_manmade,annotation,True,True,3,,0.1,0.527790358554522
c844bf5a9f2243ff8f4bf2c85fe218ff_r229,c844bf5a9f2243ff8f4bf2c85fe218ff,noise_high,static_manmade,annotation,True,True,3,,0.1,0.5308489381560642
c844bf5a9f2243ff8f4bf2c85fe218ff_r252,c844bf5a9f2243ff8f4bf2c85fe218ff,noise_high,static_manmade,annotation,True,True,1,,0.1,0.5513067765357843
c844bf5a9f2243ff8f4bf2c85fe218ff_r259,c844bf5a9f2243ff8f4bf2c85fe218ff,noise_high,static_manmade,annotation,True,True,8,,0.1,0.5450922557834563
c844bf5a9f2243ff8f4bf2c85fe218ff_r260,c844bf5a9f2243ff8f4bf2c85fe218ff,noise_high,static_manmade,annotation,True,True,7,,0.1,0.5467297886602682
c844bf5a9f2243ff8f4bf2c85fe218ff_r289,c844bf5a9f2243ff8f4bf2c85fe218ff,noise_high,pedestrian_vru,annotation,True,True,1,,0.1,0.7002252507080736
c844bf5a9f2243ff8f4bf2c85fe218ff_r291,c844bf5a9f2243ff8f4bf2c85fe218ff,noise_high,static_manmade,annotation,True,True,16,,0.1,0.5503510084311652
c844bf5a9f2243ff8f4bf2c85fe218ff_r306,c844bf5a9f2243ff8f4bf2c85fe218ff,noise_high,pedestrian_vru,annotation,True,True,13,,0.05,0.8468389169911198
c844bf5a9f2243ff8f4bf2c85fe218ff_r324,c844bf5a9f2243ff8f4bf2c85fe218ff,noise_high,static_manmade,annotation,True,True,3,,0.1,0.5433331448311526
c844bf5a9f2243ff8f4bf2c85fe218ff_r325,c844bf5a9f2243ff8f4bf2c85fe218ff,noise_high,static_manmade,annotation,True,True,6,,0.1,0.547007261224838
c844bf5a9f2243ff8f4bf2c85fe218ff_r379,c844bf5a9f2243ff8f4bf2c85fe218ff,noise_high,vehicle,annotation,True,True,3,,0.05,0.8181441883680017
c844bf5a9f2243ff8f4bf2c85fe218ff_r397,c844bf5a9f2243ff8f4bf2c85fe218ff,noise_high,static_manmade,annotation,True,True,2,,0.1,0.557635007131076
c844bf5a9f2243ff8f4bf2c85fe218ff_r413,c844bf5a9f2243ff8f4bf2c85fe218ff,noise_high,vehicle,annotation,True,True,165,,0.05,0.8320518585437509
c844bf5a9f2243ff8f4bf2c85fe218ff_r438,c844bf5a9f2243ff8f4bf2c85fe218ff,noise_high,static_manmade,annotation,True,True,1,,0.1,0.5582308494268646
c844bf5a9f2243ff8f4bf2c85fe218ff_r439,c844bf5a9f2243ff8f4bf2c85fe218ff,noise_high,static_manmade,annotation,True,True,20,,0.1,0.5694717453068762
c844bf5a9f2243ff8f4bf2c85fe218ff_r459,c844bf5a9f2243ff8f4bf2c85fe218ff,noise_high,vehicle,annotation,True,True,16,,0.05,0.7762459707385655
c844bf5a9f2243ff8f4bf2c85fe218ff_r460,c844bf5a9f2243ff8f4bf2c85fe218ff,noise_high,vehicle,annotation,True,True,12,,0.05,0.7909672917445181
c844bf5a9f2243ff8f4bf2c85fe218ff_r474,c844bf5a9f2243ff8f4bf2c85fe218ff,noise_high,static_manmade,annotation,True,True,2,,0.1,0.5651627316388058
c844bf5a9f2243ff8f4bf2c85fe218ff_r475,c844bf5a9f2243ff8f4bf2c85fe218ff,noise_high,static_manmade,annotation,True,True,24,,0.1,0.573270082997969
c844bf5a9f2243ff8f4bf2c85fe218ff_r489,c844bf5a9f2243ff8f4bf2c85fe218ff,noise_high,static_manmade,annotation,True,True,153,,0.1,0.6251595011130617
c844bf5a9f2243ff8f4bf2c85fe218ff_r493,c844bf5a9f2243ff8f4bf2c85fe218ff,noise_high,vehicle,annotation,True,True,33,,0.05,0.7825924207501991
c844bf5a9f2243ff8f4bf2c85fe218ff_r494,c844bf5a9f2243ff8f4bf2c85fe218ff,noise_high,vehicle,annotation,True,True,35,,0.05,0.8131933257363793
c844bf5a9f2243ff8f4bf2c85fe218ff_r506,c844bf5a9f2243ff8f4bf2c85fe218ff,noise_high,static_manmade,annotation,True,True,12,,0.1,0.576078826520462
c844bf5a9f2243ff8f4bf2c85fe218ff_r507,c844bf5a9f2243ff8f4bf2c85fe218ff,noise_high,static_manmade,annotation,True,True,16,,0.1,0.5796741788279963
c844bf5a9f2243ff8f4bf2c85fe218ff_r520,c844bf5a9f2243ff8f4bf2c85fe218ff,noise_high,static_manmade,annotation,True,True,374,,0.1,0.6385418546810526
c844bf5a9f2243ff8f4bf2c85fe218ff_r522,c844bf5a9f2243ff8f4bf2c85fe218ff,noise_high,vehicle,annotation,True,True,1,,0.05,0.7667950550533903
c844bf5a9f2243ff8f4bf2c85fe218ff_r523,c844bf5a9f2243ff8f4bf2c85fe218ff,noise_high,vehicle,annotation,True,True,27,,0.05,0.7849803534997561
c844bf5a9f2243ff8f4bf2c85fe218ff_r534,c844bf5a9f2243ff8f4bf2c85fe218ff,noise_high,static_manmade,annotation,True,True,43,,0.1,0.5872719024632964
c844bf5a9f2243ff8f4bf2c85fe218ff_r545,c844bf5a9f2243ff8f4bf2c85fe218ff,noise_high,static_manmade,annotation,True,True,581,,0.1,0.6334137900851701
c844bf5a9f2243ff8f4bf2c85fe218ff_r546,c844bf5a9f2243ff8f4bf2c85fe218ff,noise_high,static_manmade,annotation,True,True,350,,0.1,0.638583555632383
c844bf5a9f2243ff8f4bf2c85fe218ff_r547,c844bf5a9f2243ff8f4bf2c85fe218ff,noise_high,vehicle,annotation,True,True,106,,0.05,0.8368363220009523
c844bf5a9f2243ff8f4bf2c85fe218ff_r548,c844bf5a9f2243ff8f4bf2c85fe218ff,noise_high,vehicle,annotation,True,True,42,,0.05,0.8006825950355825
c844bf5a9f2243ff8f4bf2c85fe218ff_r549,c844bf5a9f2243ff8f4bf2c85fe218ff,noise_high,vehicle,annotation,True,True,29,,0.05,0.7963696329766646
c844bf5a9f2243ff8f4bf2c85fe218ff_r550,c844bf5a9f2243ff8f4bf2c85fe218ff,noise_high,vehicle,annotation,True,True,57,,0.05,0.8038586459346626
c844bf5a9f2243ff8f4bf2c85fe218ff_r565,c844bf5a9f2243ff8f4bf2c85fe218ff,noise_high,static_manmade,annotation,True,True,5,,0.1,0.5838288029942034
c844bf5a9f2243ff8f4bf2c85fe218ff_r574,c844bf5a9f2243ff8f4bf2c85fe218ff,noise_high,static_manmade,annotation,True,True,368,,0.1,0.6318711949901147
c844bf5a9f2243ff8f4bf2c85fe218ff_r575,c844bf5a9f2243ff8f4bf2c85fe218ff,noise_high,static_manmade,annotation,True,True,139,,0.1,0.6309741840662179
c844bf5a9f2243ff8f4bf2c85fe218ff_r577,c844bf5a9f2243ff8f4bf2c85fe218ff,noise_high,vehicle,annotation,True,True,19,,0.05,0.8388403675892787
c844bf5a9f2243ff8f4bf2c85fe218ff_r580,c844bf5a9f2243ff8f4bf2c85fe218ff,noise_high,vehicle,annotation,True,True,11,,0.05,0.7984873328122428
c844bf5a9f2243ff8f4bf2c85fe218ff_r581,c844bf5a9f2243ff8f4bf2c85fe218ff,noise_high,vehicle,annotation,True,True,24,,0.05,0.8042816251508969
c844bf5a9f2243ff8f4bf2c85fe218ff_r582,c844bf5a9f2243ff8f4bf2c85fe218ff,noise_high,vehicle,annotation,True,True,38,,0.05,0.7975372432440371
c844bf5a9f2243ff8f4bf2c85fe218ff_r583,c844bf5a9f2243ff8f4bf2c85fe218ff,noise_high,vehicle,annotation,True,True,47,,0.05,0.7964438507130609
c844bf5a9f2243ff8f4bf2c85fe218ff_r604,c844bf5a9f2243ff8f4bf2c85fe218ff,noise_high,static_manmade,annotation,True,True,72,,0.1,0.6260095042833074
c844bf5a9f2243ff8f4bf2c85fe218ff_r607,c844bf5a9f2243ff8f4bf2c85fe218ff,noise_high,pedestrian_vru,annotation,True,True,9,,0.05,0.8369056062243845
c844bf5a9f2243ff8f4bf2c85fe218ff_r608,c844bf5a9f2243ff8f4bf2c85fe218ff,noise_high,static_manmade,annotation,True,True,3,,0.1,0.6037070243664353
c844bf5a9f2243ff8f4bf2c85fe218ff_r609,c844bf5a9f2243ff8f4bf2c85fe218ff,noise_high,vehicle,annotation,True,True,16,,0.05,0.7935049397811198
c844bf5a9f2243ff8f4bf2c85fe218ff_r629,c844bf5a9f2243ff8f4bf2c85fe218ff,noise_high,pedestrian_vru,annotation,True,True,43,,0.05,0.8478632913095991
c844bf5a9f2243ff8f4bf2c85fe218ff_r633,c844bf5a9f2243ff8f4bf2c85fe218ff,noise_high,static_manmade,annotation,True,True,10,,0.1,0.603569763006824
c844bf5a9f2243ff8f4bf2c85fe218ff_r634,c844bf5a9f2243ff8f4bf2c85fe218ff,noise_high,vehicle,annotation,True,True,8,,0.05,0.8068555783793979
c844bf5a9f2243ff8f4bf2c85fe218ff_r655,c844bf5a9f2243ff8f4bf2c85fe218ff,noise_high,static_manmade,annotation,True,True,7,,0.1,0.6135005026133626
c844bf5a9f2243ff8f4bf2c85fe218ff_r656,c844bf5a9f2243ff8f4bf2c85fe218ff,noise_high,static_manmade,annotation,True,True,14,,0.1,0.6036043261191796
c844bf5a9f2243ff8f4bf2c85fe218ff_r657,c844bf5a9f2243ff8f4bf2c85fe218ff,noise_high,static_manmade,annotation,True,True,52,,0.1,0.607288319275897
c844bf5a9f2243ff8f4bf2c85fe218ff_r658,c844bf5a9f2243ff8f4bf2c85fe218ff,noise_high,vehicle,annotation,True,True,28,,0.05,0.8028464442540735
c844bf5a9f2243ff8f4bf2c85fe218ff_r659,c844bf5a9f2243ff8f4bf2c85fe218ff,noise_high,vehicle,annotation,True,True,2,,0.05,0.8011673660571181
c844bf5a9f2243ff8f4bf2c85fe218ff_r660,c844bf5a9f2243ff8f4bf2c85fe218ff,noise_high,vehicle,annotation,True,True,16,,0.05,0.7967089997964185
c844bf5a9f2243ff8f4bf2c85fe218ff_r669,c844bf5a9f2243ff8f4bf2c85fe218ff,noise_high,pedestrian_vru,annotation,True,True,6,,0.05,0.8068500983234846
c844bf5a9f2243ff8f4bf2c85fe218ff_r675,c844bf5a9f2243ff8f4bf2c85fe218ff,noise_high,pedestrian_vru,annotation,True,True,1,,0.05,0.8197009594875431
c844bf5a9f2243ff8f4bf2c85fe218ff_r676,c844bf5a9f2243ff8f4bf2c85fe218ff,noise_high,pedestrian_vru,annotation,True,True,11,,0.05,0.828493072186968
c844bf5a9f2243ff8f4bf2c85fe218ff_r677,c844bf5a9f2243ff8f4bf2c85fe218ff,noise_high,vehicle,annotation,True,True,1,,0.05,0.7971652825629258
c844bf5a9f2243ff8f4bf2c85fe218ff_r678,c844bf5a9f2243ff8f4bf2c85fe218ff,noise_high,vehicle,annotation,True,True,3,,0.05,0.800466799718951
c844bf5a9f2243ff8f4bf2c85fe218ff_r679,c844bf5a9f2243ff8f4bf2c85fe218ff,noise_high,vehicle,annotation,True,True,1,,0.05,0.7877536278051777
c844bf5a9f2243ff8f4bf2c85fe218ff_r697,c844bf5a9f2243ff8f4bf2c85fe218ff,noise_high,pedestrian_vru,annotation,True,True,1,,0.05,0.7621204419057663
c844bf5a9f2243ff8f4bf2c85fe218ff_r705,c844bf5a9f2243ff8f4bf2c85fe218ff,noise_high,pedestrian_vru,annotation,True,True,21,,0.05,0.833735741421361
c844bf5a9f2243ff8f4bf2c85fe218ff_r706,c844bf5a9f2243ff8f4bf2c85fe218ff,noise_high,pedestrian_vru,annotation,True,True,2,,0.05,0.8117958146357825
c844bf5a9f2243ff8f4bf2c85fe218ff_r726,c844bf5a9f2243ff8f4bf2c85fe218ff,noise_high,pedestrian_vru,annotation,True,True,7,,0.05,0.7874354689153694
c844bf5a9f2243ff8f4bf2c85fe218ff_r730,c844bf5a9f2243ff8f4bf2c85fe218ff,noise_high,pedestrian_vru,annotation,True,True,6,,0.05,0.8200394409095566
c844bf5a9f2243ff8f4bf2c85fe218ff_r731,c844bf5a9f2243ff8f4bf2c85fe218ff,noise_high,pedestrian_vru,annotation,True,True,8,,0.05,0.8142197156048654
c844bf5a9f2243ff8f4bf2c85fe218ff_r744,c844bf5a9f2243ff8f4bf2c85fe218ff,noise_high,pedestrian_vru,annotation,True,True,1,,0.05,0.7542884988813802
c844bf5a9f2243ff8f4bf2c85fe218ff_r799,c844bf5a9f2243ff8f4bf2c85fe218ff,noise_high,vehicle,annotation,True,True,2,,0.1,0.7328030378903225
c844bf5a9f2243ff8f4bf2c85fe218ff_r800,c844bf5a9f2243ff8f4bf2c85fe218ff,noise_high,vehicle,annotation,True,True,4,,0.1,0.7335959721486818
c844bf5a9f2243ff8f4bf2c85fe218ff_r817,c844bf5a9f2243ff8f4bf2c85fe218ff,noise_high,vehicle,annotation,True,True,3,,0.1,0.7103092205878989
c844bf5a9f2243ff8f4bf2c85fe218ff_r819,c844bf5a9f2243ff8f4bf2c85fe218ff,noise_high,vehicle,annotation,True,True,2,,0.1,0.7321587455774492
c844bf5a9f2243ff8f4bf2c85fe218ff_r823,c844bf5a9f2243ff8f4bf2c85fe218ff,noise_high,static_manmade,annotation,True,True,1,,0.1,0.5099552826034036
c844bf5a9f2243ff8f4bf2c85fe218ff_r824,c844bf5a9f2243ff8f4bf2c85fe218ff,noise_high,static_manmade,annotation,True,True,1,,0.1,0.5155824827477435
c844bf5a9f2243ff8f4bf2c85fe218ff_r837,c844bf5a9f2243ff8f4bf2c85fe218ff,noise_high,static_manmade,annotation,True,True,2,,0.1,0.5320795666575484
c844bf5a9f2243ff8f4bf2c85fe218ff_r839,c844bf5a9f2243ff8f4bf2c85fe218ff,noise_high,pedestrian_vru,annotation,True,True,1,,0.1,0.6699846998818526
c844bf5a9f2243ff8f4bf2c85fe218ff_r843,c844bf5a9f2243ff8f4bf2c85fe218ff,noise_high,vehicle,annotation,True,True,1,,0.1,0.7006684811322514
c844bf5a9f2243ff8f4bf2c85fe218ff_r844,c844bf5a9f2243ff8f4bf2c85fe218ff,noise_high,static_manmade,annotation,True,True,6,,0.1,0.5254083979967796
c844bf5a9f2243ff8f4bf2c85fe218ff_r846,c844bf5a9f2243ff8f4bf2c85fe218ff,noise_high,static_manmade,annotation,True,True,6,,0.1,0.5297625314200459
c844bf5a9f2243ff8f4bf2c85fe218ff_r847,c844bf5a9f2243ff8f4bf2c85fe218ff,noise_high,static_manmade,annotation,True,True,4,,0.1,0.5311981679882247
c844bf5a9f2243ff8f4bf2c85fe218ff_r848,c844bf5a9f2243ff8f4bf2c85fe218ff,noise_high,static_manmade,annotation,True,True,7,,0.1,0.5408600803065089
c844bf5a9f2243ff8f4bf2c85fe218ff_r853,c844bf5a9f2243ff8f4bf2c85fe218ff,noise_high,static_manmade,annotation,True,True,2,,0.1,0.5209622089392646
c844bf5a9f2243ff8f4bf2c85fe218ff_r857,c844bf5a9f2243ff8f4bf2c85fe218ff,noise_high,vehicle,annotation,True,True,1,,0.1,0.6823795515449468
c844bf5a9f2243ff8f4bf2c85fe218ff_r861,c844bf5a9f2243ff8f4bf2c85fe218ff,noise_high,vehicle,annotation,True,True,1,,0.1,0.7216829909227626
c844bf5a9f2243ff8f4bf2c85fe218ff_r862,c844bf5a9f2243ff8f4bf2c85fe218ff,noise_high,vehicle,annotation,True,True,1,,0.1,0.7200017545314334
c844bf5a9f2243ff8f4bf2c85fe218ff_r866,c844bf5a9f2243ff8f4bf2c85fe218ff,noise_high,vehicle,annotation,True,True,1,,0.1,0.6825239687551873
c844bf5a9f2243ff8f4bf2c85fe218ff_r869,c844bf5a9f2243ff8f4bf2c85fe218ff,noise_high,vehicle,annotation,True,True,3,,0.1,0.7182683188444716
c844bf5a9f2243ff8f4bf2c85fe218ff_r870,c844bf5a9f2243ff8f4bf2c85fe218ff,noise_high,static_manmade,annotation,True,True,1,,0.1,0.5152307946888722
c844bf5a9f2243ff8f4bf2c85fe218ff_r871,c844bf5a9f2243ff8f4bf2c85fe218ff,noise_high,vehicle,annotation,True,True,4,,0.1,0.7241651827972528
c844bf5a9f2243ff8f4bf2c85fe218ff_r899,c844bf5a9f2243ff8f4bf2c85fe218ff,noise_high,vehicle,annotation,True,True,1,,0.1,0.6679517027448297
5c85640c10d9485c86bf6eb44778c002_r90,5c85640c10d9485c86bf6eb44778c002,original,vehicle,annotation,True,True,9,,0.05,0.7677950054765084
5c85640c10d9485c86bf6eb44778c002_r92,5c85640c10d9485c86bf6eb44778c002,original,vehicle,annotation,True,True,13,,0.05,0.7883059440700911
5c85640c10d9485c86bf6eb44778c002_r97,5c85640c10d9485c86bf6eb44778c002,original,vehicle,annotation,True,True,125,,0.05,0.8328603698994625
5c85640c10d9485c86bf6eb44778c002_r99,5c85640c10d9485c86bf6eb44778c002,original,vehicle,annotation,True,True,4,,0.05,0.8191070736307885
5c85640c10d9485c86bf6eb44778c002_r100,5c85640c10d9485c86bf6eb44778c002,original,vehicle,annotation,True,True,27,,0.05,0.8434697627645877
5c85640c10d9485c86bf6eb44778c002_r103,5c85640c10d9485c86bf6eb44778c002,original,vehicle,annotation,True,True,30,,0.05,0.8355823277214601
5c85640c10d9485c86bf6eb44778c002_r104,5c85640c10d9485c86bf6eb44778c002,original,vehicle,annotation,True,True,4,,0.05,0.8200311989620852
5c85640c10d9485c86bf6eb44778c002_r106,5c85640c10d9485c86bf6eb44778c002,original,vehicle,annotation,True,True,7,,0.05,0.831921091703894
5c85640c10d9485c86bf6eb44778c002_r107,5c85640c10d9485c86bf6eb44778c002,original,vehicle,annotation,True,True,7,,0.05,0.8125573751724913
5c85640c10d9485c86bf6eb44778c002_r110,5c85640c10d9485c86bf6eb44778c002,original,vehicle,annotation,True,True,1,,0.05,0.7753288295613339
5c85640c10d9485c86bf6eb44778c002_r111,5c85640c10d9485c86bf6eb44778c002,original,vehicle,annotation,True,True,1,,0.05,0.7718623258528171
5c85640c10d9485c86bf6eb44778c002_r121,5c85640c10d9485c86bf6eb44778c002,original,vehicle,annotation,True,True,6,,0.05,0.7795542272397769
5c85640c10d9485c86bf6eb44778c002_r122,5c85640c10d9485c86bf6eb44778c002,original,vehicle,annotation,True,True,8,,0.05,0.7890385403439704
5c85640c10d9485c86bf6eb44778c002_r124,5c85640c10d9485c86bf6eb44778c002,original,vehicle,annotation,True,True,14,,0.05,0.8099545165529305
5c85640c10d9485c86bf6eb44778c002_r125,5c85640c10d9485c86bf6eb44778c002,original,vehicle,annotation,True,True,55,,0.05,0.8270962851870809
5c85640c10d9485c86bf6eb44778c002_r126,5c85640c10d9485c86bf6eb44778c002,original,vehicle,annotation,True,True,108,,0.05,0.835901755501532
5c85640c10d9485c86bf6eb44778c002_r127,5c85640c10d9485c86bf6eb44778c002,original,vehicle,annotation,True,True,168,,0.05,0.8349715450231954
5c85640c10d9485c86bf6eb44778c002_r133,5c85640c10d9485c86bf6eb44778c002,original,vehicle,annotation,True,True,318,,0.05,0.8386871971211144
5c85640c10d9485c86bf6eb44778c002_r134,5c85640c10d9485c86bf6eb44778c002,original,vehicle,annotation,True,True,191,,0.05,0.8352110992895986
5c85640c10d9485c86bf6eb44778c002_r135,5c85640c10d9485c86bf6eb44778c002,original,vehicle,annotation,True,True,121,,0.05,0.8295677952581479
5c85640c10d9485c86bf6eb44778c002_r136,5c85640c10d9485c86bf6eb44778c002,original,vehicle,annotation,True,True,106,,0.05,0.8274842929233461
5c85640c10d9485c86bf6eb44778c002_r137,5c85640c10d9485c86bf6eb44778c002,original,vehicle,annotation,True,True,37,,0.05,0.8243834349804529
5c85640c10d9485c86bf6eb44778c002_r138,5c85640c10d9485c86bf6eb44778c002,original,vehicle,annotation,True,True,53,,0.05,0.8179747346472628
5c85640c10d9485c86bf6eb44778c002_r140,5c85640c10d9485c86bf6eb44778c002,original,vehicle,annotation,True,True,7,,0.05,0.7996896272259107
5c85640c10d9485c86bf6eb44778c002_r141,5c85640c10d9485c86bf6eb44778c002,original,vehicle,annotation,True,True,21,,0.05,0.7914411901191937
5c85640c10d9485c86bf6eb44778c002_r143,5c85640c10d9485c86bf6eb44778c002,original,vehicle,annotation,True,True,17,,0.05,0.7979438287694998
5c85640c10d9485c86bf6eb44778c002_r144,5c85640c10d9485c86bf6eb44778c002,original,vehicle,annotation,True,True,5,,0.05,0.7959450488543466
5c85640c10d9485c86bf6eb44778c002_r147,5c85640c10d9485c86bf6eb44778c002,original,vehicle,annotation,True,True,3,,0.1,0.7419664736289722
5c85640c10d9485c86bf6eb44778c002_r148,5c85640c10d9485c86bf6eb44778c002,original,vehicle,annotation,True,True,2,,0.05,0.7540123358735941
5c85640c10d9485c86bf6eb44778c002_r194,5c85640c10d9485c86bf6eb44778c002,original,vehicle,annotation,True,True,4,,0.05,0.764974466780779
5c85640c10d9485c86bf6eb44778c002_r196,5c85640c10d9485c86bf6eb44778c002,original,vehicle,annotation,True,True,1,,0.1,0.7427870245785083
5c85640c10d9485c86bf6eb44778c002_r197,5c85640c10d9485c86bf6eb44778c002,original,vehicle,annotation,True,True,2,,0.1,0.7438079487181596
5c85640c10d9485c86bf6eb44778c002_r239,5c85640c10d9485c86bf6eb44778c002,original,pedestrian_vru,annotation,True,True,1,,0.1,0.7028785874587336
5c85640c10d9485c86bf6eb44778c002_r277,5c85640c10d9485c86bf6eb44778c002,original,vehicle,annotation,True,True,3,,0.1,0.737333294472332
5c85640c10d9485c86bf6eb44778c002_r281,5c85640c10d9485c86bf6eb44778c002,original,vehicle,annotation,True,True,6,,0.05,0.7701871102022867
5c85640c10d9485c86bf6eb44778c002_r282,5c85640c10d9485c86bf6eb44778c002,original,vehicle,annotation,True,True,8,,0.05,0.7796029472309088
5c85640c10d9485c86bf6eb44778c002_r286,5c85640c10d9485c86bf6eb44778c002,original,vehicle,annotation,True,True,4,,0.05,0.7991593640600652
5c85640c10d9485c86bf6eb44778c002_r287,5c85640c10d9485c86bf6eb44778c002,original,vehicle,annotation,True,True,29,,0.05,0.8118440241468425
5c85640c10d9485c86bf6eb44778c002_r288,5c85640c10d9485c86bf6eb44778c002,original,vehicle,annotation,True,True,48,,0.05,0.8176850672950886
5c85640c10d9485c86bf6eb44778c002_r289,5c85640c10d9485c86bf6eb44778c002,original,vehicle,annotation,True,True,52,,0.05,0.8253849822799516
5c85640c10d9485c86bf6eb44778c002_r298,5c85640c10d9485c86bf6eb44778c002,original,vehicle,annotation,True,True,138,,0.05,0.8338544015307594
5c85640c10d9485c86bf6eb44778c002_r311,5c85640c10d9485c86bf6eb44778c002,original,vehicle,annotation,True,True,1,,0.1,0.7201639938199298
5c85640c10d9485c86bf6eb44778c002_r312,5c85640c10d9485c86bf6eb44778c002,original,vehicle,annotation,True,True,5,,0.05,0.8000041355908094
5c85640c10d9485c86bf6eb44778c002_r313,5c85640c10d9485c86bf6eb44778c002,original,vehicle,annotation,True,True,3,,0.05,0.8098882079715125
5c85640c10d9485c86bf6eb44778c002_r314,5c85640c10d9485c86bf6eb44778c002,original,vehicle,annotation,True,True,21,,0.05,0.791551245170166
5c85640c10d9485c86bf6eb44778c002_r315,5c85640c10d9485c86bf6eb44778c002,original,vehicle,annotation,True,True,3,,0.05,0.7908281187396822
5c85640c10d9485c86bf6eb44778c002_r317,5c85640c10d9485c86bf6eb44778c002,original,vehicle,annotation,True,True,102,,0.05,0.8243977433811338
5c85640c10d9485c86bf6eb44778c002_r326,5c85640c10d9485c86bf6eb44778c002,original,vehicle,annotation,True,True,155,,0.05,0.837619712974922
5c85640c10d9485c86bf6eb44778c002_r328,5c85640c10d9485c86bf6eb44778c002,original,vehicle,annotation,True,True,18,,0.05,0.8259897734087274
5c85640c10d9485c86bf6eb44778c002_r332,5c85640c10d9485c86bf6eb44778c002,original,vehicle,annotation,True,True,13,,0.05,0.7963370600826034
5c85640c10d9485c86bf6eb44778c002_r335,5c85640c10d9485c86bf6eb44778c002,original,vehicle,annotation,True,True,11,,0.05,0.7623755960500713
5c85640c10d9485c86bf6eb44778c002_r342,5c85640c10d9485c86bf6eb44778c002,original,vehicle,annotation,True,True,83,,0.05,0.8192308698589513
5c85640c10d9485c86bf6eb44778c002_r350,5c85640c10d9485c86bf6eb44778c002,original,vehicle,annotation,True,True,53,,0.05,0.8298646305860147
5c85640c10d9485c86bf6eb44778c002_r351,5c85640c10d9485c86bf6eb44778c002,original,vehicle,annotation,True,True,3,,0.05,0.8053958032317916
5c85640c10d9485c86bf6eb44778c002_r353,5c85640c10d9485c86bf6eb44778c002,original,vehicle,annotation,True,True,10,,0.05,0.777684775006406
5c85640c10d9485c86bf6eb44778c002_r354,5c85640c10d9485c86bf6eb44778c002,original,vehicle,annotation,True,True,8,,0.05,0.7570685759019931
5c85640c10d9485c86bf6eb44778c002_r370,5c85640c10d9485c86bf6eb44778c002,original,vehicle,annotation,True,True,5,,0.05,0.8142281816869477
5c85640c10d9485c86bf6eb44778c002_r372,5c85640c10d9485c86bf6eb44778c002,original,vehicle,annotation,True,True,1,,0.05,0.7736249668923435
5c85640c10d9485c86bf6eb44778c002_r373,5c85640c10d9485c86bf6eb44778c002,original,vehicle,annotation,True,True,1,,0.1,0.7462196195661515
5c85640c10d9485c86bf6eb44778c002_r403,5c85640c10d9485c86bf6eb44778c002,original,vehicle,annotation,True,True,12,,0.05,0.7824850196178625
5c85640c10d9485c86bf6eb44778c002_r404,5c85640c10d9485c86bf6eb44778c002,original,vehicle,annotation,True,True,6,,0.05,0.7773461341411615
5c85640c10d9485c86bf6eb44778c002_r405,5c85640c10d9485c86bf6eb44778c002,original,vehicle,annotation,True,True,8,,0.05,0.7811171556671347
5c85640c10d9485c86bf6eb44778c002_r406,5c85640c10d9485c86bf6eb44778c002,original,vehicle,annotation,True,True,6,,0.05,0.782012161596652
5c85640c10d9485c86bf6eb44778c002_r407,5c85640c10d9485c86bf6eb44778c002,original,vehicle,annotation,True,True,7,,0.05,0.7926607545493852
5c85640c10d9485c86bf6eb44778c002_r411,5c85640c10d9485c86bf6eb44778c002,original,vehicle,annotation,True,True,78,,0.05,0.8139659146629151
5c85640c10d9485c86bf6eb44778c002_r413,5c85640c10d9485c86bf6eb44778c002,original,vehicle,annotation,True,True,4,,0.05,0.797716582945278
5c85640c10d9485c86bf6eb44778c002_r417,5c85640c10d9485c86bf6eb44778c002,original,vehicle,annotation,True,True,1,,0.05,0.7501830536277808
5c85640c10d9485c86bf6eb44778c002_r420,5c85640c10d9485c86bf6eb44778c002,original,vehicle,annotation,True,True,19,,0.05,0.7818866741668429
5c85640c10d9485c86bf6eb44778c002_r421,5c85640c10d9485c86bf6eb44778c002,original,vehicle,annotation,True,True,22,,0.05,0.7927633191685546
5c85640c10d9485c86bf6eb44778c002_r422,5c85640c10d9485c86bf6eb44778c002,original,vehicle,annotation,True,True,5,,0.05,0.7907294098017383
5c85640c10d9485c86bf6eb44778c002_r423,5c85640c10d9485c86bf6eb44778c002,original,vehicle,annotation,True,True,6,,0.05,0.794990920230726
5c85640c10d9485c86bf6eb44778c002_r424,5c85640c10d9485c86bf6eb44778c002,original,vehicle,annotation,True,True,28,,0.05,0.8060371519872129
5c85640c10d9485c86bf6eb44778c002_r425,5c85640c10d9485c86bf6eb44778c002,original,vehicle,annotation,True,True,30,,0.05,0.8093543350911456
5c85640c10d9485c86bf6eb44778c002_r426,5c85640c10d9485c86bf6eb44778c002,original,vehicle,annotation,True,True,2,,0.05,0.786780732726511
5c85640c10d9485c86bf6eb44778c002_r432,5c85640c10d9485c86bf6eb44778c002,original,vehicle,annotation,True,True,3,,0.05,0.7884114165434642
5c85640c10d9485c86bf6eb44778c002_r433,5c85640c10d9485c86bf6eb44778c002,original,vehicle,annotation,True,True,1,,0.05,0.7789145139157503
5c85640c10d9485c86bf6eb44778c002_r442,5c85640c10d9485c86bf6eb44778c002,original,vehicle,annotation,True,True,5,,0.05,0.7908959285257035
5c85640c10d9485c86bf6eb44778c002_r444,5c85640c10d9485c86bf6eb44778c002,original,vehicle,annotation,True,True,5,,0.05,0.7931887084588607
5c85640c10d9485c86bf6eb44778c002_r476,5c85640c10d9485c86bf6eb44778c002,original,vehicle,annotation,True,True,4,,0.05,0.7862479490603316
5c85640c10d9485c86bf6eb44778c002_r477,5c85640c10d9485c86bf6eb44778c002,original,vehicle,annotation,True,True,2,,0.05,0.7737846662186384
5c85640c10d9485c86bf6eb44778c002_r90,5c85640c10d9485c86bf6eb44778c002,dropout_5pct,vehicle,annotation,True,True,9,,0.05,0.7677823914366834
5c85640c10d9485c86bf6eb44778c002_r92,5c85640c10d9485c86bf6eb44778c002,dropout_5pct,vehicle,annotation,True,True,13,,0.05,0.7878427267360015
5c85640c10d9485c86bf6eb44778c002_r97,5c85640c10d9485c86bf6eb44778c002,dropout_5pct,vehicle,annotation,True,True,117,,0.05,0.8317062153252203
5c85640c10d9485c86bf6eb44778c002_r99,5c85640c10d9485c86bf6eb44778c002,dropout_5pct,vehicle,annotation,True,True,4,,0.05,0.818973074874179
5c85640c10d9485c86bf6eb44778c002_r100,5c85640c10d9485c86bf6eb44778c002,dropout_5pct,vehicle,annotation,True,True,27,,0.05,0.8426093552176882
5c85640c10d9485c86bf6eb44778c002_r103,5c85640c10d9485c86bf6eb44778c002,dropout_5pct,vehicle,annotation,True,True,28,,0.05,0.8353738717390071
5c85640c10d9485c86bf6eb44778c002_r104,5c85640c10d9485c86bf6eb44778c002,dropout_5pct,vehicle,annotation,True,True,4,,0.05,0.819876645936988
5c85640c10d9485c86bf6eb44778c002_r106,5c85640c10d9485c86bf6eb44778c002,dropout_5pct,vehicle,annotation,True,True,7,,0.05,0.8310868403780326
5c85640c10d9485c86bf6eb44778c002_r107,5c85640c10d9485c86bf6eb44778c002,dropout_5pct,vehicle,annotation,True,True,7,,0.05,0.812050883793412
5c85640c10d9485c86bf6eb44778c002_r110,5c85640c10d9485c86bf6eb44778c002,dropout_5pct,vehicle,annotation,True,True,1,,0.05,0.7753288295613339
5c85640c10d9485c86bf6eb44778c002_r111,5c85640c10d9485c86bf6eb44778c002,dropout_5pct,vehicle,annotation,True,True,1,,0.05,0.7718623258528171
5c85640c10d9485c86bf6eb44778c002_r121,5c85640c10d9485c86bf6eb44778c002,dropout_5pct,vehicle,annotation,True,True,6,,0.05,0.77930501957951
5c85640c10d9485c86bf6eb44778c002_r122,5c85640c10d9485c86bf6eb44778c002,dropout_5pct,vehicle,annotation,True,True,8,,0.05,0.7885927640997455
5c85640c10d9485c86bf6eb44778c002_r124,5c85640c10d9485c86bf6eb44778c002,dropout_5pct,vehicle,annotation,True,True,14,,0.05,0.8094742562530245
5c85640c10d9485c86bf6eb44778c002_r125,5c85640c10d9485c86bf6eb44778c002,dropout_5pct,vehicle,annotation,True,True,49,,0.05,0.8268913238297031
5c85640c10d9485c86bf6eb44778c002_r126,5c85640c10d9485c86bf6eb44778c002,dropout_5pct,vehicle,annotation,True,True,99,,0.05,0.834468659330452
5c85640c10d9485c86bf6eb44778c002_r127,5c85640c10d9485c86bf6eb44778c002,dropout_5pct,vehicle,annotation,True,True,162,,0.05,0.8341669363644274
5c85640c10d9485c86bf6eb44778c002_r133,5c85640c10d9485c86bf6eb44778c002,dropout_5pct,vehicle,annotation,True,True,301,,0.05,0.8381657102230905
5c85640c10d9485c86bf6eb44778c002_r134,5c85640c10d9485c86bf6eb44778c002,dropout_5pct,vehicle,annotation,True,True,183,,0.05,0.8347874636444522
5c85640c10d9485c86bf6eb44778c002_r135,5c85640c10d9485c86bf6eb44778c002,dropout_5pct,vehicle,annotation,True,True,115,,0.05,0.8291207575280033
5c85640c10d9485c86bf6eb44778c002_r136,5c85640c10d9485c86bf6eb44778c002,dropout_5pct,vehicle,annotation,True,True,102,,0.05,0.8268006248930144
5c85640c10d9485c86bf6eb44778c002_r137,5c85640c10d9485c86bf6eb44778c002,dropout_5pct,vehicle,annotation,True,True,36,,0.05,0.8230923372702091
5c85640c10d9485c86bf6eb44778c002_r138,5c85640c10d9485c86bf6eb44778c002,dropout_5pct,vehicle,annotation,True,True,51,,0.05,0.81727957474091
5c85640c10d9485c86bf6eb44778c002_r140,5c85640c10d9485c86bf6eb44778c002,dropout_5pct,vehicle,annotation,True,True,7,,0.05,0.7994114260555467
5c85640c10d9485c86bf6eb44778c002_r141,5c85640c10d9485c86bf6eb44778c002,dropout_5pct,vehicle,annotation,True,True,18,,0.05,0.7912331594213463
5c85640c10d9485c86bf6eb44778c002_r143,5c85640c10d9485c86bf6eb44778c002,dropout_5pct,vehicle,annotation,True,True,17,,0.05,0.7970713898431204
5c85640c10d9485c86bf6eb44778c002_r144,5c85640c10d9485c86bf6eb44778c002,dropout_5pct,vehicle,annotation,True,True,4,,0.05,0.7978570461998998
5c85640c10d9485c86bf6eb44778c002_r147,5c85640c10d9485c86bf6eb44778c002,dropout_5pct,vehicle,annotation,True,True,3,,0.1,0.7419663336465434
5c85640c10d9485c86bf6eb44778c002_r148,5c85640c10d9485c86bf6eb44778c002,dropout_5pct,vehicle,annotation,True,True,2,,0.05,0.7534431500471425
5c85640c10d9485c86bf6eb44778c002_r194,5c85640c10d9485c86bf6eb44778c002,dropout_5pct,vehicle,annotation,True,True,3,,0.05,0.7649441016968627
5c85640c10d9485c86bf6eb44778c002_r196,5c85640c10d9485c86bf6eb44778c002,dropout_5pct,vehicle,annotation,True,True,1,,0.1,0.7427870245785083
5c85640c10d9485c86bf6eb44778c002_r197,5c85640c10d9485c86bf6eb44778c002,dropout_5pct,vehicle,annotation,True,True,2,,0.1,0.7437964544846911
5c85640c10d9485c86bf6eb44778c002_r239,5c85640c10d9485c86bf6eb44778c002,dropout_5pct,pedestrian_vru,annotation,True,True,1,,0.1,0.7028785874587336
5c85640c10d9485c86bf6eb44778c002_r276,5c85640c10d9485c86bf6eb44778c002,dropout_5pct,vehicle,annotation,True,True,3,,0.1,0.7373324499408838
5c85640c10d9485c86bf6eb44778c002_r280,5c85640c10d9485c86bf6eb44778c002,dropout_5pct,vehicle,annotation,True,True,5,,0.05,0.7704994809864988
5c85640c10d9485c86bf6eb44778c002_r281,5c85640c10d9485c86bf6eb44778c002,dropout_5pct,vehicle,annotation,True,True,6,,0.05,0.7791762474945098
5c85640c10d9485c86bf6eb44778c002_r285,5c85640c10d9485c86bf6eb44778c002,dropout_5pct,vehicle,annotation,True,True,4,,0.05,0.798895915331508
5c85640c10d9485c86bf6eb44778c002_r286,5c85640c10d9485c86bf6eb44778c002,dropout_5pct,vehicle,annotation,True,True,27,,0.05,0.8113794583821654
5c85640c10d9485c86bf6eb44778c002_r287,5c85640c10d9485c86bf6eb44778c002,dropout_5pct,vehicle,annotation,True,True,45,,0.05,0.8172100634486131
5c85640c10d9485c86bf6eb44778c002_r288,5c85640c10d9485c86bf6eb44778c002,dropout_5pct,vehicle,annotation,True,True,46,,0.05,0.8244420807353425
5c85640c10d9485c86bf6eb44778c002_r297,5c85640c10d9485c86bf6eb44778c002,dropout_5pct,vehicle,annotation,True,True,131,,0.05,0.8332887571072745
5c85640c10d9485c86bf6eb44778c002_r310,5c85640c10d9485c86bf6eb44778c002,dropout_5pct,vehicle,annotation,True,True,1,,0.1,0.7201639938199298
5c85640c10d9485c86bf6eb44778c002_r311,5c85640c10d9485c86bf6eb44778c002,dropout_5pct,vehicle,annotation,True,True,5,,0.05,0.7991339261619056
5c85640c10d9485c86bf6eb44778c002_r312,5c85640c10d9485c86bf6eb44778c002,dropout_5pct,vehicle,annotation,True,True,3,,0.05,0.8088183736934
5c85640c10d9485c86bf6eb44778c002_r313,5c85640c10d9485c86bf6eb44778c002,dropout_5pct,vehicle,annotation,True,True,20,,0.05,0.7910722926089921
5c85640c10d9485c86bf6eb44778c002_r314,5c85640c10d9485c86bf6eb44778c002,dropout_5pct,vehicle,annotation,True,True,3,,0.05,0.790784318574011
5c85640c10d9485c86bf6eb44778c002_r316,5c85640c10d9485c86bf6eb44778c002,dropout_5pct,vehicle,annotation,True,True,92,,0.05,0.8234688393384709
5c85640c10d9485c86bf6eb44778c002_r325,5c85640c10d9485c86bf6eb44778c002,dropout_5pct,vehicle,annotation,True,True,146,,0.05,0.8367405555166836
5c85640c10d9485c86bf6eb44778c002_r327,5c85640c10d9485c86bf6eb44778c002,dropout_5pct,vehicle,annotation,True,True,17,,0.05,0.8250373006208237
5c85640c10d9485c86bf6eb44778c002_r331,5c85640c10d9485c86bf6eb44778c002,dropout_5pct,vehicle,annotation,True,True,13,,0.05,0.7957387792204069
5c85640c10d9485c86bf6eb44778c002_r334,5c85640c10d9485c86bf6eb44778c002,dropout_5pct,vehicle,annotation,True,True,11,,0.05,0.7619358164414816
5c85640c10d9485c86bf6eb44778c002_r341,5c85640c10d9485c86bf6eb44778c002,dropout_5pct,vehicle,annotation,True,True,78,,0.05,0.8186734333164302
5c85640c10d9485c86bf6eb44778c002_r349,5c85640c10d9485c86bf6eb44778c002,dropout_5pct,vehicle,annotation,True,True,51,,0.05,0.8295286593424248
5c85640c10d9485c86bf6eb44778c002_r350,5c85640c10d9485c86bf6eb44778c002,dropout_5pct,vehicle,annotation,True,True,3,,0.05,0.8053957590577328
5c85640c10d9485c86bf6eb44778c002_r352,5c85640c10d9485c86bf6eb44778c002,dropout_5pct,vehicle,annotation,True,True,10,,0.05,0.7776813825515131
5c85640c10d9485c86bf6eb44778c002_r353,5c85640c10d9485c86bf6eb44778c002,dropout_5pct,vehicle,annotation,True,True,8,,0.05,0.7567346434365921
5c85640c10d9485c86bf6eb44778c002_r369,5c85640c10d9485c86bf6eb44778c002,dropout_5pct,vehicle,annotation,True,True,5,,0.05,0.8140417336479937
5c85640c10d9485c86bf6eb44778c002_r371,5c85640c10d9485c86bf6eb44778c002,dropout_5pct,vehicle,annotation,True,True,1,,0.05,0.7736249668923435
5c85640c10d9485c86bf6eb44778c002_r372,5c85640c10d9485c86bf6eb44778c002,dropout_5pct,vehicle,annotation,True,True,1,,0.1,0.7462196195661515
5c85640c10d9485c86bf6eb44778c002_r401,5c85640c10d9485c86bf6eb44778c002,dropout_5pct,vehicle,annotation,True,True,12,,0.05,0.7820602914806573
5c85640c10d9485c86bf6eb44778c002_r402,5c85640c10d9485c86bf6eb44778c002,dropout_5pct,vehicle,annotation,True,True,6,,0.05,0.7773301428917853
5c85640c10d9485c86bf6eb44778c002_r403,5c85640c10d9485c86bf6eb44778c002,dropout_5pct,vehicle,annotation,True,True,8,,0.05,0.7810532167221276
5c85640c10d9485c86bf6eb44778c002_r404,5c85640c10d9485c86bf6eb44778c002,dropout_5pct,vehicle,annotation,True,True,5,,0.05,0.7820535224015184
5c85640c10d9485c86bf6eb44778c002_r405,5c85640c10d9485c86bf6eb44778c002,dropout_5pct,vehicle,annotation,True,True,7,,0.05,0.7923660008405204
5c85640c10d9485c86bf6eb44778c002_r409,5c85640c10d9485c86bf6eb44778c002,dropout_5pct,vehicle,annotation,True,True,75,,0.05,0.8133775816171415
5c85640c10d9485c86bf6eb44778c002_r411,5c85640c10d9485c86bf6eb44778c002,dropout_5pct,vehicle,annotation,True,True,4,,0.05,0.7974780501936282
5c85640c10d9485c86bf6eb44778c002_r415,5c85640c10d9485c86bf6eb44778c002,dropout_5pct,vehicle,annotation,True,True,1,,0.05,0.7501830536277808
5c85640c10d9485c86bf6eb44778c002_r418,5c85640c10d9485c86bf6eb44778c002,dropout_5pct,vehicle,annotation,True,True,17,,0.05,0.7818676138644607
5c85640c10d9485c86bf6eb44778c002_r419,5c85640c10d9485c86bf6eb44778c002,dropout_5pct,vehicle,annotation,True,True,22,,0.05,0.7922784848825986
5c85640c10d9485c86bf6eb44778c002_r420,5c85640c10d9485c86bf6eb44778c002,dropout_5pct,vehicle,annotation,True,True,5,,0.05,0.7904424847840945
5c85640c10d9485c86bf6eb44778c002_r421,5c85640c10d9485c86bf6eb44778c002,dropout_5pct,vehicle,annotation,True,True,6,,0.05,0.7946842227196701
5c85640c10d9485c86bf6eb44778c002_r422,5c85640c10d9485c86bf6eb44778c002,dropout_5pct,vehicle,annotation,True,True,25,,0.05,0.8054422939419936
5c85640c10d9485c86bf6eb44778c002_r423,5c85640c10d9485c86bf6eb44778c002,dropout_5pct,vehicle,annotation,True,True,29,,0.05,0.8088300482154098
5c85640c10d9485c86bf6eb44778c002_r424,5c85640c10d9485c86bf6eb44778c002,dropout_5pct,vehicle,annotation,True,True,2,,0.05,0.7867601997510845
5c85640c10d9485c86bf6eb44778c002_r430,5c85640c10d9485c86bf6eb44778c002,dropout_5pct,vehicle,annotation,True,True,3,,0.05,0.7880704530766719
5c85640c10d9485c86bf6eb44778c002_r431,5c85640c10d9485c86bf6eb44778c002,dropout_5pct,vehicle,annotation,True,True,1,,0.05,0.7789145139157503
5c85640c10d9485c86bf6eb44778c002_r440,5c85640c10d9485c86bf6eb44778c002,dropout_5pct,vehicle,annotation,True,True,5,,0.05,0.7905353692996082
5c85640c10d9485c86bf6eb44778c002_r442,5c85640c10d9485c86bf6eb44778c002,dropout_5pct,vehicle,annotation,True,True,4,,0.05,0.7938118848611757
5c85640c10d9485c86bf6eb44778c002_r474,5c85640c10d9485c86bf6eb44778c002,dropout_5pct,vehicle,annotation,True,True,4,,0.05,0.7859162215181176
5c85640c10d9485c86bf6eb44778c002_r475,5c85640c10d9485c86bf6eb44778c002,dropout_5pct,vehicle,annotation,True,True,2,,0.05,0.7737776682536234
5c85640c10d9485c86bf6eb44778c002_r89,5c85640c10d9485c86bf6eb44778c002,dropout_10pct,vehicle,annotation,True,True,8,,0.05,0.7678141571930638
5c85640c10d9485c86bf6eb44778c002_r91,5c85640c10d9485c86bf6eb44778c002,dropout_10pct,vehicle,annotation,True,True,13,,0.05,0.7878427267360015
5c85640c10d9485c86bf6eb44778c002_r96,5c85640c10d9485c86bf6eb44778c002,dropout_10pct,vehicle,annotation,True,True,111,,0.05,0.8317587526768777
5c85640c10d9485c86bf6eb44778c002_r98,5c85640c10d9485c86bf6eb44778c002,dropout_10pct,vehicle,annotation,True,True,4,,0.05,0.818973074874179
5c85640c10d9485c86bf6eb44778c002_r99,5c85640c10d9485c86bf6eb44778c002,dropout_10pct,vehicle,annotation,True,True,26,,0.05,0.8423729886958164
5c85640c10d9485c86bf6eb44778c002_r102,5c85640c10d9485c86bf6eb44778c002,dropout_10pct,vehicle,annotation,True,True,27,,0.05,0.8353424398765644
5c85640c10d9485c86bf6eb44778c002_r103,5c85640c10d9485c86bf6eb44778c002,dropout_10pct,vehicle,annotation,True,True,4,,0.05,0.819876645936988
5c85640c10d9485c86bf6eb44778c002_r105,5c85640c10d9485c86bf6eb44778c002,dropout_10pct,vehicle,annotation,True,True,7,,0.05,0.8310868403780326
5c85640c10d9485c86bf6eb44778c002_r106,5c85640c10d9485c86bf6eb44778c002,dropout_10pct,vehicle,annotation,True,True,7,,0.05,0.812050883793412
5c85640c10d9485c86bf6eb44778c002_r109,5c85640c10d9485c86bf6eb44778c002,dropout_10pct,vehicle,annotation,True,True,1,,0.05,0.7753288295613339
5c85640c10d9485c86bf6eb44778c002_r110,5c85640c10d9485c86bf6eb44778c002,dropout_10pct,vehicle,annotation,True,True,1,,0.05,0.7718623258528171
5c85640c10d9485c86bf6eb44778c002_r120,5c85640c10d9485c86bf6eb44778c002,dropout_10pct,vehicle,annotation,True,True,5,,0.05,0.7740847346637583
5c85640c10d9485c86bf6eb44778c002_r121,5c85640c10d9485c86bf6eb44778c002,dropout_10pct,vehicle,annotation,True,True,7,,0.05,0.7893098492781696
5c85640c10d9485c86bf6eb44778c002_r123,5c85640c10d9485c86bf6eb44778c002,dropout_10pct,vehicle,annotation,True,True,14,,0.05,0.8094742562530245
5c85640c10d9485c86bf6eb44778c002_r124,5c85640c10d9485c86bf6eb44778c002,dropout_10pct,vehicle,annotation,True,True,44,,0.05,0.8262864861954826
5c85640c10d9485c86bf6eb44778c002_r125,5c85640c10d9485c86bf6eb44778c002,dropout_10pct,vehicle,annotation,True,True,95,,0.05,0.8342830921361593
5c85640c10d9485c86bf6eb44778c002_r126,5c85640c10d9485c86bf6eb44778c002,dropout_10pct,vehicle,annotation,True,True,151,,0.05,0.8340134142975877
5c85640c10d9485c86bf6eb44778c002_r132,5c85640c10d9485c86bf6eb44778c002,dropout_10pct,vehicle,annotation,True,True,282,,0.05,0.8381845609133558
5c85640c10d9485c86bf6eb44778c002_r133,5c85640c10d9485c86bf6eb44778c002,dropout_10pct,vehicle,annotation,True,True,174,,0.05,0.8347381499223162
5c85640c10d9485c86bf6eb44778c002_r134,5c85640c10d9485c86bf6eb44778c002,dropout_10pct,vehicle,annotation,True,True,114,,0.05,0.8291346287414604
5c85640c10d9485c86bf6eb44778c002_r135,5c85640c10d9485c86bf6eb44778c002,dropout_10pct,vehicle,annotation,True,True,99,,0.05,0.8264262001932654
5c85640c10d9485c86bf6eb44778c002_r136,5c85640c10d9485c86bf6eb44778c002,dropout_10pct,vehicle,annotation,True,True,33,,0.05,0.823445503264088
5c85640c10d9485c86bf6eb44778c002_r137,5c85640c10d9485c86bf6eb44778c002,dropout_10pct,vehicle,annotation,True,True,46,,0.05,0.8171992430845758
5c85640c10d9485c86bf6eb44778c002_r139,5c85640c10d9485c86bf6eb44778c002,dropout_10pct,vehicle,annotation,True,True,7,,0.05,0.7994114260555467
5c85640c10d9485c86bf6eb44778c002_r140,5c85640c10d9485c86bf6eb44778c002,dropout_10pct,vehicle,annotation,True,True,16,,0.05,0.7912292373478496
5c85640c10d9485c86bf6eb44778c002_r142,5c85640c10d9485c86bf6eb44778c002,dropout_10pct,vehicle,annotation,True,True,17,,0.05,0.7970713898431204
5c85640c10d9485c86bf6eb44778c002_r143,5c85640c10d9485c86bf6eb44778c002,dropout_10pct,vehicle,annotation,True,True,4,,0.05,0.7978570461998998
5c85640c10d9485c86bf6eb44778c002_r146,5c85640c10d9485c86bf6eb44778c002,dropout_10pct,vehicle,annotation,True,True,3,,0.1,0.7419663336465434
5c85640c10d9485c86bf6eb44778c002_r147,5c85640c10d9485c86bf6eb44778c002,dropout_10pct,vehicle,annotation,True,True,1,,0.1,0.7385557492272787
5c85640c10d9485c86bf6eb44778c002_r193,5c85640c10d9485c86bf6eb44778c002,dropout_10pct,vehicle,annotation,True,True,3,,0.05,0.7649441016968627
5c85640c10d9485c86bf6eb44778c002_r195,5c85640c10d9485c86bf6eb44778c002,dropout_10pct,vehicle,annotation,True,True,1,,0.1,0.7427870245785083
5c85640c10d9485c86bf6eb44778c002_r196,5c85640c10d9485c86bf6eb44778c002,dropout_10pct,vehicle,annotation,True,True,2,,0.1,0.7437964544846911
5c85640c10d9485c86bf6eb44778c002_r238,5c85640c10d9485c86bf6eb44778c002,dropout_10pct,pedestrian_vru,annotation,True,True,1,,0.1,0.7028785874587336
5c85640c10d9485c86bf6eb44778c002_r275,5c85640c10d9485c86bf6eb44778c002,dropout_10pct,vehicle,annotation,True,True,3,,0.1,0.7373324499408838
5c85640c10d9485c86bf6eb44778c002_r279,5c85640c10d9485c86bf6eb44778c002,dropout_10pct,vehicle,annotation,True,True,4,,0.05,0.7712268776962128
5c85640c10d9485c86bf6eb44778c002_r280,5c85640c10d9485c86bf6eb44778c002,dropout_10pct,vehicle,annotation,True,True,6,,0.05,0.7791762474945098
5c85640c10d9485c86bf6eb44778c002_r284,5c85640c10d9485c86bf6eb44778c002,dropout_10pct,vehicle,annotation,True,True,4,,0.05,0.798895915331508
5c85640c10d9485c86bf6eb44778c002_r285,5c85640c10d9485c86bf6eb44778c002,dropout_10pct,vehicle,annotation,True,True,22,,0.05,0.8116759622696207
5c85640c10d9485c86bf6eb44778c002_r286,5c85640c10d9485c86bf6eb44778c002,dropout_10pct,vehicle,annotation,True,True,44,,0.05,0.8174152105536212
5c85640c10d9485c86bf6eb44778c002_r287,5c85640c10d9485c86bf6eb44778c002,dropout_10pct,vehicle,annotation,True,True,42,,0.05,0.8251157806171945
5c85640c10d9485c86bf6eb44778c002_r296,5c85640c10d9485c86bf6eb44778c002,dropout_10pct,vehicle,annotation,True,True,122,,0.05,0.8334587830148681
5c85640c10d9485c86bf6eb44778c002_r309,5c85640c10d9485c86bf6eb44778c002,dropout_10pct,vehicle,annotation,True,True,1,,0.1,0.7201639938199298
5c85640c10d9485c86bf6eb44778c002_r310,5c85640c10d9485c86bf6eb44778c002,dropout_10pct,vehicle,annotation,True,True,5,,0.05,0.7991339261619056
5c85640c10d9485c86bf6eb44778c002_r311,5c85640c10d9485c86bf6eb44778c002,dropout_10pct,vehicle,annotation,True,True,3,,0.05,0.8088183736934
5c85640c10d9485c86bf6eb44778c002_r312,5c85640c10d9485c86bf6eb44778c002,dropout_10pct,vehicle,annotation,True,True,20,,0.05,0.7910722926089921
5c85640c10d9485c86bf6eb44778c002_r313,5c85640c10d9485c86bf6eb44778c002,dropout_10pct,vehicle,annotation,True,True,2,,0.05,0.7899406210687695
5c85640c10d9485c86bf6eb44778c002_r315,5c85640c10d9485c86bf6eb44778c002,dropout_10pct,vehicle,annotation,True,True,89,,0.05,0.8235162305959488
5c85640c10d9485c86bf6eb44778c002_r324,5c85640c10d9485c86bf6eb44778c002,dropout_10pct,vehicle,annotation,True,True,140,,0.05,0.8369381897073097
5c85640c10d9485c86bf6eb44778c002_r326,5c85640c10d9485c86bf6eb44778c002,dropout_10pct,vehicle,annotation,True,True,16,,0.05,0.8254044072861134
5c85640c10d9485c86bf6eb44778c002_r330,5c85640c10d9485c86bf6eb44778c002,dropout_10pct,vehicle,annotation,True,True,13,,0.05,0.7957387792204069
5c85640c10d9485c86bf6eb44778c002_r333,5c85640c10d9485c86bf6eb44778c002,dropout_10pct,vehicle,annotation,True,True,11,,0.05,0.7619358164414816
5c85640c10d9485c86bf6eb44778c002_r339,5c85640c10d9485c86bf6eb44778c002,dropout_10pct,vehicle,annotation,True,True,75,,0.05,0.8186451325135613
5c85640c10d9485c86bf6eb44778c002_r347,5c85640c10d9485c86bf6eb44778c002,dropout_10pct,vehicle,annotation,True,True,49,,0.05,0.8294673628321442
5c85640c10d9485c86bf6eb44778c002_r348,5c85640c10d9485c86bf6eb44778c002,dropout_10pct,vehicle,annotation,True,True,3,,0.05,0.8053957590577328
5c85640c10d9485c86bf6eb44778c002_r350,5c85640c10d9485c86bf6eb44778c002,dropout_10pct,vehicle,annotation,True,True,10,,0.05,0.7776813825515131
5c85640c10d9485c86bf6eb44778c002_r351,5c85640c10d9485c86bf6eb44778c002,dropout_10pct,vehicle,annotation,True,True,8,,0.05,0.7567346434365921
5c85640c10d9485c86bf6eb44778c002_r367,5c85640c10d9485c86bf6eb44778c002,dropout_10pct,vehicle,annotation,True,True,5,,0.05,0.8140417336479937
5c85640c10d9485c86bf6eb44778c002_r368,5c85640c10d9485c86bf6eb44778c002,dropout_10pct,vehicle,annotation,True,True,1,,0.05,0.7736249668923435
5c85640c10d9485c86bf6eb44778c002_r369,5c85640c10d9485c86bf6eb44778c002,dropout_10pct,vehicle,annotation,True,True,1,,0.1,0.7462196195661515
5c85640c10d9485c86bf6eb44778c002_r398,5c85640c10d9485c86bf6eb44778c002,dropout_10pct,vehicle,annotation,True,True,12,,0.05,0.7820602914806573
5c85640c10d9485c86bf6eb44778c002_r399,5c85640c10d9485c86bf6eb44778c002,dropout_10pct,vehicle,annotation,True,True,6,,0.05,0.7773301428917853
5c85640c10d9485c86bf6eb44778c002_r400,5c85640c10d9485c86bf6eb44778c002,dropout_10pct,vehicle,annotation,True,True,8,,0.05,0.7810532167221276
5c85640c10d9485c86bf6eb44778c002_r401,5c85640c10d9485c86bf6eb44778c002,dropout_10pct,vehicle,annotation,True,True,4,,0.05,0.7820377895365698
5c85640c10d9485c86bf6eb44778c002_r402,5c85640c10d9485c86bf6eb44778c002,dropout_10pct,vehicle,annotation,True,True,7,,0.05,0.7923660008405204
5c85640c10d9485c86bf6eb44778c002_r406,5c85640c10d9485c86bf6eb44778c002,dropout_10pct,vehicle,annotation,True,True,73,,0.05,0.813509474293065
5c85640c10d9485c86bf6eb44778c002_r408,5c85640c10d9485c86bf6eb44778c002,dropout_10pct,vehicle,annotation,True,True,4,,0.05,0.7974780501936282
5c85640c10d9485c86bf6eb44778c002_r412,5c85640c10d9485c86bf6eb44778c002,dropout_10pct,vehicle,annotation,True,True,1,,0.05,0.7501830536277808
5c85640c10d9485c86bf6eb44778c002_r415,5c85640c10d9485c86bf6eb44778c002,dropout_10pct,vehicle,annotation,True,True,16,,0.05,0.7820457713413562
5c85640c10d9485c86bf6eb44778c002_r416,5c85640c10d9485c86bf6eb44778c002,dropout_10pct,vehicle,annotation,True,True,20,,0.05,0.7924422127666119
5c85640c10d9485c86bf6eb44778c002_r417,5c85640c10d9485c86bf6eb44778c002,dropout_10pct,vehicle,annotation,True,True,5,,0.05,0.7904424847840945
5c85640c10d9485c86bf6eb44778c002_r418,5c85640c10d9485c86bf6eb44778c002,dropout_10pct,vehicle,annotation,True,True,5,,0.05,0.7950302194730088
5c85640c10d9485c86bf6eb44778c002_r419,5c85640c10d9485c86bf6eb44778c002,dropout_10pct,vehicle,annotation,True,True,23,,0.05,0.8053158325551644
5c85640c10d9485c86bf6eb44778c002_r420,5c85640c10d9485c86bf6eb44778c002,dropout_10pct,vehicle,annotation,True,True,29,,0.05,0.8088300482154098
5c85640c10d9485c86bf6eb44778c002_r421,5c85640c10d9485c86bf6eb44778c002,dropout_10pct,vehicle,annotation,True,True,2,,0.05,0.7867601997510845
5c85640c10d9485c86bf6eb44778c002_r427,5c85640c10d9485c86bf6eb44778c002,dropout_10pct,vehicle,annotation,True,True,3,,0.05,0.7880704530766719
5c85640c10d9485c86bf6eb44778c002_r428,5c85640c10d9485c86bf6eb44778c002,dropout_10pct,vehicle,annotation,True,True,1,,0.05,0.7789145139157503
5c85640c10d9485c86bf6eb44778c002_r437,5c85640c10d9485c86bf6eb44778c002,dropout_10pct,vehicle,annotation,True,True,5,,0.05,0.7905353692996082
5c85640c10d9485c86bf6eb44778c002_r439,5c85640c10d9485c86bf6eb44778c002,dropout_10pct,vehicle,annotation,True,True,4,,0.05,0.7938118848611757
5c85640c10d9485c86bf6eb44778c002_r471,5c85640c10d9485c86bf6eb44778c002,dropout_10pct,vehicle,annotation,True,True,4,,0.05,0.7859162215181176
5c85640c10d9485c86bf6eb44778c002_r472,5c85640c10d9485c86bf6eb44778c002,dropout_10pct,vehicle,annotation,True,True,2,,0.05,0.7737776682536234
5c85640c10d9485c86bf6eb44778c002_r87,5c85640c10d9485c86bf6eb44778c002,dropout_20pct,vehicle,annotation,True,True,7,,0.05,0.7678384217592522
5c85640c10d9485c86bf6eb44778c002_r89,5c85640c10d9485c86bf6eb44778c002,dropout_20pct,vehicle,annotation,True,True,12,,0.05,0.788315812107127
5c85640c10d9485c86bf6eb44778c002_r94,5c85640c10d9485c86bf6eb44778c002,dropout_20pct,vehicle,annotation,True,True,99,,0.05,0.8314084552510541
5c85640c10d9485c86bf6eb44778c002_r96,5c85640c10d9485c86bf6eb44778c002,dropout_20pct,vehicle,annotation,True,True,4,,0.05,0.8190121906383218
5c85640c10d9485c86bf6eb44778c002_r97,5c85640c10d9485c86bf6eb44778c002,dropout_20pct,vehicle,annotation,True,True,20,,0.05,0.8422948868684511
5c85640c10d9485c86bf6eb44778c002_r100,5c85640c10d9485c86bf6eb44778c002,dropout_20pct,vehicle,annotation,True,True,23,,0.05,0.8367500792045219
5c85640c10d9485c86bf6eb44778c002_r101,5c85640c10d9485c86bf6eb44778c002,dropout_20pct,vehicle,annotation,True,True,4,,0.05,0.8199217617263447
5c85640c10d9485c86bf6eb44778c002_r103,5c85640c10d9485c86bf6eb44778c002,dropout_20pct,vehicle,annotation,True,True,7,,0.05,0.83133036784742
5c85640c10d9485c86bf6eb44778c002_r104,5c85640c10d9485c86bf6eb44778c002,dropout_20pct,vehicle,annotation,True,True,7,,0.05,0.8121987343990869
5c85640c10d9485c86bf6eb44778c002_r107,5c85640c10d9485c86bf6eb44778c002,dropout_20pct,vehicle,annotation,True,True,1,,0.05,0.7753288295613339
5c85640c10d9485c86bf6eb44778c002_r108,5c85640c10d9485c86bf6eb44778c002,dropout_20pct,vehicle,annotation,True,True,1,,0.05,0.7718623258528171
5c85640c10d9485c86bf6eb44778c002_r118,5c85640c10d9485c86bf6eb44778c002,dropout_20pct,vehicle,annotation,True,True,4,,0.05,0.7737215778820116
5c85640c10d9485c86bf6eb44778c002_r119,5c85640c10d9485c86bf6eb44778c002,dropout_20pct,vehicle,annotation,True,True,6,,0.05,0.7882069989868093
5c85640c10d9485c86bf6eb44778c002_r121,5c85640c10d9485c86bf6eb44778c002,dropout_20pct,vehicle,annotation,True,True,14,,0.05,0.8096144497077518
5c85640c10d9485c86bf6eb44778c002_r122,5c85640c10d9485c86bf6eb44778c002,dropout_20pct,vehicle,annotation,True,True,38,,0.05,0.8278820849926314
5c85640c10d9485c86bf6eb44778c002_r123,5c85640c10d9485c86bf6eb44778c002,dropout_20pct,vehicle,annotation,True,True,83,,0.05,0.8339645851745552
5c85640c10d9485c86bf6eb44778c002_r124,5c85640c10d9485c86bf6eb44778c002,dropout_20pct,vehicle,annotation,True,True,134,,0.05,0.8345657982655275
5c85640c10d9485c86bf6eb44778c002_r130,5c85640c10d9485c86bf6eb44778c002,dropout_20pct,vehicle,annotation,True,True,255,,0.05,0.8383745769954842
5c85640c10d9485c86bf6eb44778c002_r131,5c85640c10d9485c86bf6eb44778c002,dropout_20pct,vehicle,annotation,True,True,150,,0.05,0.8348195558306297
5c85640c10d9485c86bf6eb44778c002_r132,5c85640c10d9485c86bf6eb44778c002,dropout_20pct,vehicle,annotation,True,True,96,,0.05,0.8288559119848302
5c85640c10d9485c86bf6eb44778c002_r133,5c85640c10d9485c86bf6eb44778c002,dropout_20pct,vehicle,annotation,True,True,82,,0.05,0.8261605057652711
5c85640c10d9485c86bf6eb44778c002_r134,5c85640c10d9485c86bf6eb44778c002,dropout_20pct,vehicle,annotation,True,True,28,,0.05,0.8229509587187633
5c85640c10d9485c86bf6eb44778c002_r135,5c85640c10d9485c86bf6eb44778c002,dropout_20pct,vehicle,annotation,True,True,38,,0.05,0.8178102611527425
5c85640c10d9485c86bf6eb44778c002_r137,5c85640c10d9485c86bf6eb44778c002,dropout_20pct,vehicle,annotation,True,True,6,,0.05,0.7995785492818319
5c85640c10d9485c86bf6eb44778c002_r138,5c85640c10d9485c86bf6eb44778c002,dropout_20pct,vehicle,annotation,True,True,15,,0.05,0.7912469317465236
5c85640c10d9485c86bf6eb44778c002_r140,5c85640c10d9485c86bf6eb44778c002,dropout_20pct,vehicle,annotation,True,True,13,,0.05,0.7985797917343027
5c85640c10d9485c86bf6eb44778c002_r141,5c85640c10d9485c86bf6eb44778c002,dropout_20pct,vehicle,annotation,True,True,4,,0.05,0.7981608421246017
5c85640c10d9485c86bf6eb44778c002_r144,5c85640c10d9485c86bf6eb44778c002,dropout_20pct,vehicle,annotation,True,True,3,,0.1,0.7419663745090096
5c85640c10d9485c86bf6eb44778c002_r145,5c85640c10d9485c86bf6eb44778c002,dropout_20pct,vehicle,annotation,True,True,1,,0.1,0.7385557492272787
5c85640c10d9485c86bf6eb44778c002_r191,5c85640c10d9485c86bf6eb44778c002,dropout_20pct,vehicle,annotation,True,True,3,,0.05,0.7649467013199454
5c85640c10d9485c86bf6eb44778c002_r193,5c85640c10d9485c86bf6eb44778c002,dropout_20pct,vehicle,annotation,True,True,1,,0.1,0.7427870245785083
5c85640c10d9485c86bf6eb44778c002_r194,5c85640c10d9485c86bf6eb44778c002,dropout_20pct,vehicle,annotation,True,True,2,,0.1,0.7437998097824322
5c85640c10d9485c86bf6eb44778c002_r236,5c85640c10d9485c86bf6eb44778c002,dropout_20pct,pedestrian_vru,annotation,True,True,1,,0.1,0.7028785874587336
5c85640c10d9485c86bf6eb44778c002_r271,5c85640c10d9485c86bf6eb44778c002,dropout_20pct,vehicle,annotation,True,True,2,,0.1,0.7373404136183053
5c85640c10d9485c86bf6eb44778c002_r275,5c85640c10d9485c86bf6eb44778c002,dropout_20pct,vehicle,annotation,True,True,3,,0.05,0.7716961547664982
5c85640c10d9485c86bf6eb44778c002_r276,5c85640c10d9485c86bf6eb44778c002,dropout_20pct,vehicle,annotation,True,True,5,,0.05,0.7790518277676781
5c85640c10d9485c86bf6eb44778c002_r280,5c85640c10d9485c86bf6eb44778c002,dropout_20pct,vehicle,annotation,True,True,2,,0.05,0.7920898648045963
5c85640c10d9485c86bf6eb44778c002_r282,5c85640c10d9485c86bf6eb44778c002,dropout_20pct,vehicle,annotation,True,True,41,,0.05,0.8175886777893183
5c85640c10d9485c86bf6eb44778c002_r292,5c85640c10d9485c86bf6eb44778c002,dropout_20pct,vehicle,annotation,True,True,107,,0.05,0.8339643123221839
5c85640c10d9485c86bf6eb44778c002_r305,5c85640c10d9485c86bf6eb44778c002,dropout_20pct,vehicle,annotation,True,True,1,,0.1,0.7201639938199298
5c85640c10d9485c86bf6eb44778c002_r306,5c85640c10d9485c86bf6eb44778c002,dropout_20pct,vehicle,annotation,True,True,4,,0.05,0.8013536067302471
5c85640c10d9485c86bf6eb44778c002_r307,5c85640c10d9485c86bf6eb44778c002,dropout_20pct,vehicle,annotation,True,True,3,,0.05,0.8091306705113206
5c85640c10d9485c86bf6eb44778c002_r308,5c85640c10d9485c86bf6eb44778c002,dropout_20pct,vehicle,annotation,True,True,18,,0.05,0.7913583112694282
5c85640c10d9485c86bf6eb44778c002_r309,5c85640c10d9485c86bf6eb44778c002,dropout_20pct,vehicle,annotation,True,True,2,,0.05,0.7899517439135572
5c85640c10d9485c86bf6eb44778c002_r311,5c85640c10d9485c86bf6eb44778c002,dropout_20pct,vehicle,annotation,True,True,81,,0.05,0.8235009934799287
5c85640c10d9485c86bf6eb44778c002_r320,5c85640c10d9485c86bf6eb44778c002,dropout_20pct,vehicle,annotation,True,True,124,,0.05,0.83713197819043
5c85640c10d9485c86bf6eb44778c002_r322,5c85640c10d9485c86bf6eb44778c002,dropout_20pct,vehicle,annotation,True,True,14,,0.05,0.8256004915123846
5c85640c10d9485c86bf6eb44778c002_r326,5c85640c10d9485c86bf6eb44778c002,dropout_20pct,vehicle,annotation,True,True,12,,0.05,0.7946183075086789
5c85640c10d9485c86bf6eb44778c002_r328,5c85640c10d9485c86bf6eb44778c002,dropout_20pct,vehicle,annotation,True,True,9,,0.05,0.7629007481720653
5c85640c10d9485c86bf6eb44778c002_r334,5c85640c10d9485c86bf6eb44778c002,dropout_20pct,vehicle,annotation,True,True,67,,0.05,0.8187803139022617
5c85640c10d9485c86bf6eb44778c002_r342,5c85640c10d9485c86bf6eb44778c002,dropout_20pct,vehicle,annotation,True,True,43,,0.05,0.8292663854744874
5c85640c10d9485c86bf6eb44778c002_r343,5c85640c10d9485c86bf6eb44778c002,dropout_20pct,vehicle,annotation,True,True,2,,0.05,0.8053832529348828
5c85640c10d9485c86bf6eb44778c002_r345,5c85640c10d9485c86bf6eb44778c002,dropout_20pct,vehicle,annotation,True,True,8,,0.05,0.7776206408318688
5c85640c10d9485c86bf6eb44778c002_r346,5c85640c10d9485c86bf6eb44778c002,dropout_20pct,vehicle,annotation,True,True,8,,0.05,0.7568321221288332
5c85640c10d9485c86bf6eb44778c002_r362,5c85640c10d9485c86bf6eb44778c002,dropout_20pct,vehicle,annotation,True,True,5,,0.05,0.81409615995538
5c85640c10d9485c86bf6eb44778c002_r363,5c85640c10d9485c86bf6eb44778c002,dropout_20pct,vehicle,annotation,True,True,1,,0.05,0.7736249668923435
5c85640c10d9485c86bf6eb44778c002_r364,5c85640c10d9485c86bf6eb44778c002,dropout_20pct,vehicle,annotation,True,True,1,,0.1,0.7462196195661515
5c85640c10d9485c86bf6eb44778c002_r392,5c85640c10d9485c86bf6eb44778c002,dropout_20pct,vehicle,annotation,True,True,10,,0.05,0.7820358326861906
5c85640c10d9485c86bf6eb44778c002_r393,5c85640c10d9485c86bf6eb44778c002,dropout_20pct,vehicle,annotation,True,True,6,,0.05,0.777334810919719
5c85640c10d9485c86bf6eb44778c002_r394,5c85640c10d9485c86bf6eb44778c002,dropout_20pct,vehicle,annotation,True,True,8,,0.05,0.7810718812288417
5c85640c10d9485c86bf6eb44778c002_r395,5c85640c10d9485c86bf6eb44778c002,dropout_20pct,vehicle,annotation,True,True,4,,0.05,0.7820398574483078
5c85640c10d9485c86bf6eb44778c002_r396,5c85640c10d9485c86bf6eb44778c002,dropout_20pct,vehicle,annotation,True,True,7,,0.05,0.7924520428072362
5c85640c10d9485c86bf6eb44778c002_r400,5c85640c10d9485c86bf6eb44778c002,dropout_20pct,vehicle,annotation,True,True,68,,0.05,0.8142171294807081
5c85640c10d9485c86bf6eb44778c002_r402,5c85640c10d9485c86bf6eb44778c002,dropout_20pct,vehicle,annotation,True,True,4,,0.05,0.7975476806222227
5c85640c10d9485c86bf6eb44778c002_r406,5c85640c10d9485c86bf6eb44778c002,dropout_20pct,vehicle,annotation,True,True,1,,0.05,0.7501830536277808
5c85640c10d9485c86bf6eb44778c002_r409,5c85640c10d9485c86bf6eb44778c002,dropout_20pct,vehicle,annotation,True,True,14,,0.05,0.7825008703867752
5c85640c10d9485c86bf6eb44778c002_r410,5c85640c10d9485c86bf6eb44778c002,dropout_20pct,vehicle,annotation,True,True,19,,0.05,0.7927118404231905
5c85640c10d9485c86bf6eb44778c002_r411,5c85640c10d9485c86bf6eb44778c002,dropout_20pct,vehicle,annotation,True,True,3,,0.05,0.7916436307114768
5c85640c10d9485c86bf6eb44778c002_r412,5c85640c10d9485c86bf6eb44778c002,dropout_20pct,vehicle,annotation,True,True,5,,0.05,0.7951235638890862
5c85640c10d9485c86bf6eb44778c002_r413,5c85640c10d9485c86bf6eb44778c002,dropout_20pct,vehicle,annotation,True,True,19,,0.05,0.8069472199230117
5c85640c10d9485c86bf6eb44778c002_r414,5c85640c10d9485c86bf6eb44778c002,dropout_20pct,vehicle,annotation,True,True,26,,0.05,0.8092355229254345
5c85640c10d9485c86bf6eb44778c002_r415,5c85640c10d9485c86bf6eb44778c002,dropout_20pct,vehicle,annotation,True,True,1,,0.05,0.785766891589725
5c85640c10d9485c86bf6eb44778c002_r420,5c85640c10d9485c86bf6eb44778c002,dropout_20pct,vehicle,annotation,True,True,18,,0.05,0.793965797570226
5c85640c10d9485c86bf6eb44778c002_r421,5c85640c10d9485c86bf6eb44778c002,dropout_20pct,vehicle,annotation,True,True,2,,0.05,0.7885698709199236
5c85640c10d9485c86bf6eb44778c002_r422,5c85640c10d9485c86bf6eb44778c002,dropout_20pct,vehicle,annotation,True,True,1,,0.05,0.7789145139157503
5c85640c10d9485c86bf6eb44778c002_r431,5c85640c10d9485c86bf6eb44778c002,dropout_20pct,vehicle,annotation,True,True,5,,0.05,0.7906406206467422
5c85640c10d9485c86bf6eb44778c002_r433,5c85640c10d9485c86bf6eb44778c002,dropout_20pct,vehicle,annotation,True,True,4,,0.05,0.7940011951484988
5c85640c10d9485c86bf6eb44778c002_r465,5c85640c10d9485c86bf6eb44778c002,dropout_20pct,vehicle,annotation,True,True,4,,0.05,0.7860130565681525
5c85640c10d9485c86bf6eb44778c002_r466,5c85640c10d9485c86bf6eb44778c002,dropout_20pct,vehicle,annotation,True,True,1,,0.05,0.7738109831339874
5c85640c10d9485c86bf6eb44778c002_r86,5c85640c10d9485c86bf6eb44778c002,dropout_30pct,vehicle,annotation,True,True,7,,0.05,0.7678440072043842
5c85640c10d9485c86bf6eb44778c002_r87,5c85640c10d9485c86bf6eb44778c002,dropout_30pct,vehicle,annotation,True,True,4,,0.05,0.773624965486562
5c85640c10d9485c86bf6eb44778c002_r88,5c85640c10d9485c86bf6eb44778c002,dropout_30pct,vehicle,annotation,True,True,11,,0.05,0.7889334902335746
5c85640c10d9485c86bf6eb44778c002_r93,5c85640c10d9485c86bf6eb44778c002,dropout_30pct,vehicle,annotation,True,True,82,,0.05,0.8319033236178562
5c85640c10d9485c86bf6eb44778c002_r95,5c85640c10d9485c86bf6eb44778c002,dropout_30pct,vehicle,annotation,True,True,4,,0.05,0.8190733995392835
5c85640c10d9485c86bf6eb44778c002_r96,5c85640c10d9485c86bf6eb44778c002,dropout_30pct,vehicle,annotation,True,True,16,,0.05,0.8417558384689008
5c85640c10d9485c86bf6eb44778c002_r99,5c85640c10d9485c86bf6eb44778c002,dropout_30pct,vehicle,annotation,True,True,19,,0.05,0.8367160394032729
5c85640c10d9485c86bf6eb44778c002_r100,5c85640c10d9485c86bf6eb44778c002,dropout_30pct,vehicle,annotation,True,True,3,,0.05,0.8200414270249142
5c85640c10d9485c86bf6eb44778c002_r102,5c85640c10d9485c86bf6eb44778c002,dropout_30pct,vehicle,annotation,True,True,5,,0.05,0.8317436261218137
5c85640c10d9485c86bf6eb44778c002_r103,5c85640c10d9485c86bf6eb44778c002,dropout_30pct,vehicle,annotation,True,True,7,,0.05,0.8124300931179621
5c85640c10d9485c86bf6eb44778c002_r106,5c85640c10d9485c86bf6eb44778c002,dropout_30pct,vehicle,annotation,True,True,1,,0.05,0.7753288295613339
5c85640c10d9485c86bf6eb44778c002_r107,5c85640c10d9485c86bf6eb44778c002,dropout_30pct,vehicle,annotation,True,True,1,,0.05,0.7718623258528171
5c85640c10d9485c86bf6eb44778c002_r117,5c85640c10d9485c86bf6eb44778c002,dropout_30pct,vehicle,annotation,True,True,3,,0.05,0.7740201955235358
5c85640c10d9485c86bf6eb44778c002_r118,5c85640c10d9485c86bf6eb44778c002,dropout_30pct,vehicle,annotation,True,True,4,,0.05,0.7910169782348374
5c85640c10d9485c86bf6eb44778c002_r120,5c85640c10d9485c86bf6eb44778c002,dropout_30pct,vehicle,annotation,True,True,13,,0.05,0.8103190341085437
5c85640c10d9485c86bf6eb44778c002_r121,5c85640c10d9485c86bf6eb44778c002,dropout_30pct,vehicle,annotation,True,True,37,,0.05,0.8286420275034784
5c85640c10d9485c86bf6eb44778c002_r122,5c85640c10d9485c86bf6eb44778c002,dropout_30pct,vehicle,annotation,True,True,78,,0.05,0.834655905129451
5c85640c10d9485c86bf6eb44778c002_r123,5c85640c10d9485c86bf6eb44778c002,dropout_30pct,vehicle,annotation,True,True,115,,0.05,0.8349202440106177
5c85640c10d9485c86bf6eb44778c002_r129,5c85640c10d9485c86bf6eb44778c002,dropout_30pct,vehicle,annotation,True,True,222,,0.05,0.8384835014643619
5c85640c10d9485c86bf6eb44778c002_r130,5c85640c10d9485c86bf6eb44778c002,dropout_30pct,vehicle,annotation,True,True,126,,0.05,0.835279572362154
5c85640c10d9485c86bf6eb44778c002_r131,5c85640c10d9485c86bf6eb44778c002,dropout_30pct,vehicle,annotation,True,True,79,,0.05,0.828971820732246
5c85640c10d9485c86bf6eb44778c002_r132,5c85640c10d9485c86bf6eb44778c002,dropout_30pct,vehicle,annotation,True,True,69,,0.05,0.8263963294555728
5c85640c10d9485c86bf6eb44778c002_r133,5c85640c10d9485c86bf6eb44778c002,dropout_30pct,vehicle,annotation,True,True,24,,0.05,0.8242610330021256
5c85640c10d9485c86bf6eb44778c002_r134,5c85640c10d9485c86bf6eb44778c002,dropout_30pct,vehicle,annotation,True,True,31,,0.05,0.8177322071972611
5c85640c10d9485c86bf6eb44778c002_r136,5c85640c10d9485c86bf6eb44778c002,dropout_30pct,vehicle,annotation,True,True,5,,0.05,0.7994415026572673
5c85640c10d9485c86bf6eb44778c002_r137,5c85640c10d9485c86bf6eb44778c002,dropout_30pct,vehicle,annotation,True,True,15,,0.05,0.7913953815517425
5c85640c10d9485c86bf6eb44778c002_r139,5c85640c10d9485c86bf6eb44778c002,dropout_30pct,vehicle,annotation,True,True,12,,0.05,0.799988454053572
5c85640c10d9485c86bf6eb44778c002_r140,5c85640c10d9485c86bf6eb44778c002,dropout_30pct,vehicle,annotation,True,True,4,,0.05,0.7986362262842925
5c85640c10d9485c86bf6eb44778c002_r143,5c85640c10d9485c86bf6eb44778c002,dropout_30pct,vehicle,annotation,True,True,3,,0.1,0.7419664384511748
5c85640c10d9485c86bf6eb44778c002_r144,5c85640c10d9485c86bf6eb44778c002,dropout_30pct,vehicle,annotation,True,True,1,,0.1,0.7385557492272787
5c85640c10d9485c86bf6eb44778c002_r189,5c85640c10d9485c86bf6eb44778c002,dropout_30pct,vehicle,annotation,True,True,2,,0.05,0.7653208557487352
5c85640c10d9485c86bf6eb44778c002_r191,5c85640c10d9485c86bf6eb44778c002,dropout_30pct,vehicle,annotation,True,True,1,,0.1,0.7427870245785083
5c85640c10d9485c86bf6eb44778c002_r192,5c85640c10d9485c86bf6eb44778c002,dropout_30pct,vehicle,annotation,True,True,1,,0.1,0.7431149689000548
5c85640c10d9485c86bf6eb44778c002_r234,5c85640c10d9485c86bf6eb44778c002,dropout_30pct,pedestrian_vru,annotation,True,True,1,,0.1,0.7028785874587336
5c85640c10d9485c86bf6eb44778c002_r269,5c85640c10d9485c86bf6eb44778c002,dropout_30pct,vehicle,annotation,True,True,2,,0.1,0.7373408536683246
5c85640c10d9485c86bf6eb44778c002_r273,5c85640c10d9485c86bf6eb44778c002,dropout_30pct,vehicle,annotation,True,True,3,,0.05,0.7718824592824363
5c85640c10d9485c86bf6eb44778c002_r274,5c85640c10d9485c86bf6eb44778c002,dropout_30pct,vehicle,annotation,True,True,5,,0.05,0.7792332363239118
5c85640c10d9485c86bf6eb44778c002_r276,5c85640c10d9485c86bf6eb44778c002,dropout_30pct,vehicle,annotation,True,True,2,,0.05,0.7924808260735267
5c85640c10d9485c86bf6eb44778c002_r278,5c85640c10d9485c86bf6eb44778c002,dropout_30pct,vehicle,annotation,True,True,1,,0.05,0.7920605420718515
5c85640c10d9485c86bf6eb44778c002_r280,5c85640c10d9485c86bf6eb44778c002,dropout_30pct,vehicle,annotation,True,True,36,,0.05,0.8178061855000093
5c85640c10d9485c86bf6eb44778c002_r281,5c85640c10d9485c86bf6eb44778c002,dropout_30pct,vehicle,annotation,True,True,32,,0.05,0.8259650086881818
5c85640c10d9485c86bf6eb44778c002_r290,5c85640c10d9485c86bf6eb44778c002,dropout_30pct,vehicle,annotation,True,True,91,,0.05,0.8341377897497089
5c85640c10d9485c86bf6eb44778c002_r303,5c85640c10d9485c86bf6eb44778c002,dropout_30pct,vehicle,annotation,True,True,1,,0.1,0.7201639938199298
5c85640c10d9485c86bf6eb44778c002_r304,5c85640c10d9485c86bf6eb44778c002,dropout_30pct,vehicle,annotation,True,True,4,,0.05,0.8017838271798473
5c85640c10d9485c86bf6eb44778c002_r305,5c85640c10d9485c86bf6eb44778c002,dropout_30pct,vehicle,annotation,True,True,3,,0.05,0.809619356988952
5c85640c10d9485c86bf6eb44778c002_r306,5c85640c10d9485c86bf6eb44778c002,dropout_30pct,vehicle,annotation,True,True,16,,0.05,0.7909721926825037
5c85640c10d9485c86bf6eb44778c002_r307,5c85640c10d9485c86bf6eb44778c002,dropout_30pct,vehicle,annotation,True,True,1,,0.05,0.7877010769354702
5c85640c10d9485c86bf6eb44778c002_r309,5c85640c10d9485c86bf6eb44778c002,dropout_30pct,vehicle,annotation,True,True,70,,0.05,0.8239290894898678
5c85640c10d9485c86bf6eb44778c002_r318,5c85640c10d9485c86bf6eb44778c002,dropout_30pct,vehicle,annotation,True,True,106,,0.05,0.8376582048995276
5c85640c10d9485c86bf6eb44778c002_r320,5c85640c10d9485c86bf6eb44778c002,dropout_30pct,vehicle,annotation,True,True,12,,0.05,0.827042030424798
5c85640c10d9485c86bf6eb44778c002_r324,5c85640c10d9485c86bf6eb44778c002,dropout_30pct,vehicle,annotation,True,True,11,,0.05,0.7925646858860083
5c85640c10d9485c86bf6eb44778c002_r326,5c85640c10d9485c86bf6eb44778c002,dropout_30pct,vehicle,annotation,True,True,7,,0.05,0.7638276151044919
5c85640c10d9485c86bf6eb44778c002_r332,5c85640c10d9485c86bf6eb44778c002,dropout_30pct,vehicle,annotation,True,True,59,,0.05,0.8194081595899299
5c85640c10d9485c86bf6eb44778c002_r340,5c85640c10d9485c86bf6eb44778c002,dropout_30pct,vehicle,annotation,True,True,38,,0.05,0.8290815080828124
5c85640c10d9485c86bf6eb44778c002_r341,5c85640c10d9485c86bf6eb44778c002,dropout_30pct,vehicle,annotation,True,True,2,,0.05,0.8053832776390655
5c85640c10d9485c86bf6eb44778c002_r343,5c85640c10d9485c86bf6eb44778c002,dropout_30pct,vehicle,annotation,True,True,8,,0.05,0.7776216522138839
5c85640c10d9485c86bf6eb44778c002_r344,5c85640c10d9485c86bf6eb44778c002,dropout_30pct,vehicle,annotation,True,True,7,,0.05,0.7575041101126789
5c85640c10d9485c86bf6eb44778c002_r360,5c85640c10d9485c86bf6eb44778c002,dropout_30pct,vehicle,annotation,True,True,3,,0.05,0.8142844384193297
5c85640c10d9485c86bf6eb44778c002_r361,5c85640c10d9485c86bf6eb44778c002,dropout_30pct,vehicle,annotation,True,True,1,,0.05,0.7736249668923435
5c85640c10d9485c86bf6eb44778c002_r362,5c85640c10d9485c86bf6eb44778c002,dropout_30pct,vehicle,annotation,True,True,1,,0.1,0.7462196195661515
5c85640c10d9485c86bf6eb44778c002_r388,5c85640c10d9485c86bf6eb44778c002,dropout_30pct,vehicle,annotation,True,True,9,,0.05,0.7822701249251042
5c85640c10d9485c86bf6eb44778c002_r389,5c85640c10d9485c86bf6eb44778c002,dropout_30pct,vehicle,annotation,True,True,3,,0.05,0.7770269053244294
5c85640c10d9485c86bf6eb44778c002_r390,5c85640c10d9485c86bf6eb44778c002,dropout_30pct,vehicle,annotation,True,True,6,,0.05,0.7813481427765558
5c85640c10d9485c86bf6eb44778c002_r391,5c85640c10d9485c86bf6eb44778c002,dropout_30pct,vehicle,annotation,True,True,4,,0.05,0.782043093345843
5c85640c10d9485c86bf6eb44778c002_r392,5c85640c10d9485c86bf6eb44778c002,dropout_30pct,vehicle,annotation,True,True,6,,0.05,0.7929236593527389
5c85640c10d9485c86bf6eb44778c002_r396,5c85640c10d9485c86bf6eb44778c002,dropout_30pct,vehicle,annotation,True,True,54,,0.05,0.8139066151542665
5c85640c10d9485c86bf6eb44778c002_r398,5c85640c10d9485c86bf6eb44778c002,dropout_30pct,vehicle,annotation,True,True,4,,0.05,0.7976566393017008
5c85640c10d9485c86bf6eb44778c002_r402,5c85640c10d9485c86bf6eb44778c002,dropout_30pct,vehicle,annotation,True,True,1,,0.05,0.7501830536277808
5c85640c10d9485c86bf6eb44778c002_r405,5c85640c10d9485c86bf6eb44778c002,dropout_30pct,vehicle,annotation,True,True,13,,0.05,0.7827121362913277
5c85640c10d9485c86bf6eb44778c002_r406,5c85640c10d9485c86bf6eb44778c002,dropout_30pct,vehicle,annotation,True,True,19,,0.05,0.7929358216417958
5c85640c10d9485c86bf6eb44778c002_r407,5c85640c10d9485c86bf6eb44778c002,dropout_30pct,vehicle,annotation,True,True,2,,0.05,0.7856287394733609
5c85640c10d9485c86bf6eb44778c002_r408,5c85640c10d9485c86bf6eb44778c002,dropout_30pct,vehicle,annotation,True,True,5,,0.05,0.7952696305515747
5c85640c10d9485c86bf6eb44778c002_r409,5c85640c10d9485c86bf6eb44778c002,dropout_30pct,vehicle,annotation,True,True,15,,0.05,0.8074782524910635
5c85640c10d9485c86bf6eb44778c002_r410,5c85640c10d9485c86bf6eb44778c002,dropout_30pct,vehicle,annotation,True,True,25,,0.05,0.8097984982706478
5c85640c10d9485c86bf6eb44778c002_r411,5c85640c10d9485c86bf6eb44778c002,dropout_30pct,vehicle,annotation,True,True,1,,0.05,0.785766891589725
5c85640c10d9485c86bf6eb44778c002_r416,5c85640c10d9485c86bf6eb44778c002,dropout_30pct,vehicle,annotation,True,True,15,,0.05,0.7942417345410853
5c85640c10d9485c86bf6eb44778c002_r417,5c85640c10d9485c86bf6eb44778c002,dropout_30pct,vehicle,annotation,True,True,2,,0.05,0.7887348695306377
5c85640c10d9485c86bf6eb44778c002_r418,5c85640c10d9485c86bf6eb44778c002,dropout_30pct,vehicle,annotation,True,True,1,,0.05,0.7789145139157503
5c85640c10d9485c86bf6eb44778c002_r426,5c85640c10d9485c86bf6eb44778c002,dropout_30pct,vehicle,annotation,True,True,5,,0.05,0.7908053194433529
5c85640c10d9485c86bf6eb44778c002_r428,5c85640c10d9485c86bf6eb44778c002,dropout_30pct,vehicle,annotation,True,True,4,,0.05,0.7942974305635995
5c85640c10d9485c86bf6eb44778c002_r460,5c85640c10d9485c86bf6eb44778c002,dropout_30pct,vehicle,annotation,True,True,4,,0.05,0.7861645854240272
5c85640c10d9485c86bf6eb44778c002_r461,5c85640c10d9485c86bf6eb44778c002,dropout_30pct,vehicle,annotation,True,True,1,,0.05,0.7738109831339874
5c85640c10d9485c86bf6eb44778c002_r88,5c85640c10d9485c86bf6eb44778c002,sparse_75pct,vehicle,annotation,True,True,7,,0.05,0.7678269363748096
5c85640c10d9485c86bf6eb44778c002_r90,5c85640c10d9485c86bf6eb44778c002,sparse_75pct,vehicle,annotation,True,True,11,,0.05,0.787886872140661
5c85640c10d9485c86bf6eb44778c002_r95,5c85640c10d9485c86bf6eb44778c002,sparse_75pct,vehicle,annotation,True,True,95,,0.05,0.8319394643862943
5c85640c10d9485c86bf6eb44778c002_r97,5c85640c10d9485c86bf6eb44778c002,sparse_75pct,vehicle,annotation,True,True,4,,0.05,0.8189822630210956
5c85640c10d9485c86bf6eb44778c002_r98,5c85640c10d9485c86bf6eb44778c002,sparse_75pct,vehicle,annotation,True,True,21,,0.05,0.8422698745676916
5c85640c10d9485c86bf6eb44778c002_r101,5c85640c10d9485c86bf6eb44778c002,sparse_75pct,vehicle,annotation,True,True,18,,0.05,0.8345147468573207
5c85640c10d9485c86bf6eb44778c002_r102,5c85640c10d9485c86bf6eb44778c002,sparse_75pct,vehicle,annotation,True,True,3,,0.05,0.8194265101695469
5c85640c10d9485c86bf6eb44778c002_r104,5c85640c10d9485c86bf6eb44778c002,sparse_75pct,vehicle,annotation,True,True,7,,0.05,0.8311440440711215
5c85640c10d9485c86bf6eb44778c002_r105,5c85640c10d9485c86bf6eb44778c002,sparse_75pct,vehicle,annotation,True,True,6,,0.05,0.8122800266691448
5c85640c10d9485c86bf6eb44778c002_r108,5c85640c10d9485c86bf6eb44778c002,sparse_75pct,vehicle,annotation,True,True,1,,0.05,0.7753288295613339
5c85640c10d9485c86bf6eb44778c002_r109,5c85640c10d9485c86bf6eb44778c002,sparse_75pct,vehicle,annotation,True,True,1,,0.05,0.7718623258528171
5c85640c10d9485c86bf6eb44778c002_r119,5c85640c10d9485c86bf6eb44778c002,sparse_75pct,vehicle,annotation,True,True,4,,0.05,0.78041840395795
5c85640c10d9485c86bf6eb44778c002_r120,5c85640c10d9485c86bf6eb44778c002,sparse_75pct,vehicle,annotation,True,True,8,,0.05,0.7886233304850427
5c85640c10d9485c86bf6eb44778c002_r122,5c85640c10d9485c86bf6eb44778c002,sparse_75pct,vehicle,annotation,True,True,11,,0.05,0.8105335299161621
5c85640c10d9485c86bf6eb44778c002_r123,5c85640c10d9485c86bf6eb44778c002,sparse_75pct,vehicle,annotation,True,True,38,,0.05,0.8260849849487178
5c85640c10d9485c86bf6eb44778c002_r124,5c85640c10d9485c86bf6eb44778c002,sparse_75pct,vehicle,annotation,True,True,80,,0.05,0.8359078686109968
5c85640c10d9485c86bf6eb44778c002_r125,5c85640c10d9485c86bf6eb44778c002,sparse_75pct,vehicle,annotation,True,True,124,,0.05,0.8340991054994517
5c85640c10d9485c86bf6eb44778c002_r128,5c85640c10d9485c86bf6eb44778c002,sparse_75pct,vehicle,annotation,True,True,244,,0.05,0.837813317989763
5c85640c10d9485c86bf6eb44778c002_r131,5c85640c10d9485c86bf6eb44778c002,sparse_75pct,vehicle,annotation,True,True,236,,0.05,0.8383157852282173
5c85640c10d9485c86bf6eb44778c002_r132,5c85640c10d9485c86bf6eb44778c002,sparse_75pct,vehicle,annotation,True,True,136,,0.05,0.8345266760114814
5c85640c10d9485c86bf6eb44778c002_r133,5c85640c10d9485c86bf6eb44778c002,sparse_75pct,vehicle,annotation,True,True,94,,0.05,0.8287683335201635
5c85640c10d9485c86bf6eb44778c002_r134,5c85640c10d9485c86bf6eb44778c002,sparse_75pct,vehicle,annotation,True,True,86,,0.05,0.8267200359838152
5c85640c10d9485c86bf6eb44778c002_r135,5c85640c10d9485c86bf6eb44778c002,sparse_75pct,vehicle,annotation,True,True,25,,0.05,0.8246213605434078
5c85640c10d9485c86bf6eb44778c002_r136,5c85640c10d9485c86bf6eb44778c002,sparse_75pct,vehicle,annotation,True,True,38,,0.05,0.8177830536087001
5c85640c10d9485c86bf6eb44778c002_r138,5c85640c10d9485c86bf6eb44778c002,sparse_75pct,vehicle,annotation,True,True,5,,0.05,0.799499766832985
5c85640c10d9485c86bf6eb44778c002_r139,5c85640c10d9485c86bf6eb44778c002,sparse_75pct,vehicle,annotation,True,True,14,,0.05,0.7910779424223809
5c85640c10d9485c86bf6eb44778c002_r141,5c85640c10d9485c86bf6eb44778c002,sparse_75pct,vehicle,annotation,True,True,16,,0.05,0.7964026540343063
5c85640c10d9485c86bf6eb44778c002_r142,5c85640c10d9485c86bf6eb44778c002,sparse_75pct,vehicle,annotation,True,True,4,,0.05,0.787645660053107
5c85640c10d9485c86bf6eb44778c002_r145,5c85640c10d9485c86bf6eb44778c002,sparse_75pct,vehicle,annotation,True,True,2,,0.1,0.7422439528550518
5c85640c10d9485c86bf6eb44778c002_r146,5c85640c10d9485c86bf6eb44778c002,sparse_75pct,vehicle,annotation,True,True,2,,0.05,0.7534821784913505
5c85640c10d9485c86bf6eb44778c002_r192,5c85640c10d9485c86bf6eb44778c002,sparse_75pct,vehicle,annotation,True,True,2,,0.05,0.7653207173010717
5c85640c10d9485c86bf6eb44778c002_r194,5c85640c10d9485c86bf6eb44778c002,sparse_75pct,vehicle,annotation,True,True,1,,0.1,0.7427870245785083
5c85640c10d9485c86bf6eb44778c002_r195,5c85640c10d9485c86bf6eb44778c002,sparse_75pct,vehicle,annotation,True,True,2,,0.1,0.7437972426316
5c85640c10d9485c86bf6eb44778c002_r272,5c85640c10d9485c86bf6eb44778c002,sparse_75pct,vehicle,annotation,True,True,1,,0.1,0.7373438770135796
5c85640c10d9485c86bf6eb44778c002_r276,5c85640c10d9485c86bf6eb44778c002,sparse_75pct,vehicle,annotation,True,True,4,,0.05,0.7712188069054909
5c85640c10d9485c86bf6eb44778c002_r277,5c85640c10d9485c86bf6eb44778c002,sparse_75pct,vehicle,annotation,True,True,8,,0.05,0.7792236652753397
5c85640c10d9485c86bf6eb44778c002_r281,5c85640c10d9485c86bf6eb44778c002,sparse_75pct,vehicle,annotation,True,True,3,,0.05,0.7996423585286707
5c85640c10d9485c86bf6eb44778c002_r282,5c85640c10d9485c86bf6eb44778c002,sparse_75pct,vehicle,annotation,True,True,25,,0.05,0.811843739327704
5c85640c10d9485c86bf6eb44778c002_r283,5c85640c10d9485c86bf6eb44778c002,sparse_75pct,vehicle,annotation,True,True,37,,0.05,0.8174697230818129
5c85640c10d9485c86bf6eb44778c002_r284,5c85640c10d9485c86bf6eb44778c002,sparse_75pct,vehicle,annotation,True,True,39,,0.05,0.8257822128423004
5c85640c10d9485c86bf6eb44778c002_r293,5c85640c10d9485c86bf6eb44778c002,sparse_75pct,vehicle,annotation,True,True,102,,0.05,0.8331555563830337
5c85640c10d9485c86bf6eb44778c002_r305,5c85640c10d9485c86bf6eb44778c002,sparse_75pct,vehicle,annotation,True,True,1,,0.1,0.7201639938199298
5c85640c10d9485c86bf6eb44778c002_r306,5c85640c10d9485c86bf6eb44778c002,sparse_75pct,vehicle,annotation,True,True,4,,0.05,0.8011554361028921
5c85640c10d9485c86bf6eb44778c002_r307,5c85640c10d9485c86bf6eb44778c002,sparse_75pct,vehicle,annotation,True,True,3,,0.05,0.8088917310496355
5c85640c10d9485c86bf6eb44778c002_r308,5c85640c10d9485c86bf6eb44778c002,sparse_75pct,vehicle,annotation,True,True,17,,0.05,0.7917080031477018
5c85640c10d9485c86bf6eb44778c002_r309,5c85640c10d9485c86bf6eb44778c002,sparse_75pct,vehicle,annotation,True,True,2,,0.05,0.7899432337834711
5c85640c10d9485c86bf6eb44778c002_r311,5c85640c10d9485c86bf6eb44778c002,sparse_75pct,vehicle,annotation,True,True,78,,0.05,0.8239975931493574
5c85640c10d9485c86bf6eb44778c002_r320,5c85640c10d9485c86bf6eb44778c002,sparse_75pct,vehicle,annotation,True,True,109,,0.05,0.8364519634864607
5c85640c10d9485c86bf6eb44778c002_r321,5c85640c10d9485c86bf6eb44778c002,sparse_75pct,vehicle,annotation,True,True,37,,0.05,0.8252035316778324
5c85640c10d9485c86bf6eb44778c002_r322,5c85640c10d9485c86bf6eb44778c002,sparse_75pct,vehicle,annotation,True,True,16,,0.05,0.8249333152087948
5c85640c10d9485c86bf6eb44778c002_r326,5c85640c10d9485c86bf6eb44778c002,sparse_75pct,vehicle,annotation,True,True,12,,0.05,0.7960044598228502
5c85640c10d9485c86bf6eb44778c002_r329,5c85640c10d9485c86bf6eb44778c002,sparse_75pct,vehicle,annotation,True,True,9,,0.05,0.7610633268536334
5c85640c10d9485c86bf6eb44778c002_r336,5c85640c10d9485c86bf6eb44778c002,sparse_75pct,vehicle,annotation,True,True,58,,0.05,0.8173289663261379
5c85640c10d9485c86bf6eb44778c002_r344,5c85640c10d9485c86bf6eb44778c002,sparse_75pct,vehicle,annotation,True,True,34,,0.05,0.827397277985618
5c85640c10d9485c86bf6eb44778c002_r345,5c85640c10d9485c86bf6eb44778c002,sparse_75pct,vehicle,annotation,True,True,3,,0.05,0.8053957620866992
5c85640c10d9485c86bf6eb44778c002_r347,5c85640c10d9485c86bf6eb44778c002,sparse_75pct,vehicle,annotation,True,True,10,,0.05,0.7776816151684026
5c85640c10d9485c86bf6eb44778c002_r348,5c85640c10d9485c86bf6eb44778c002,sparse_75pct,vehicle,annotation,True,True,6,,0.05,0.7582030520218315
5c85640c10d9485c86bf6eb44778c002_r363,5c85640c10d9485c86bf6eb44778c002,sparse_75pct,vehicle,annotation,True,True,3,,0.05,0.8138328750949507
5c85640c10d9485c86bf6eb44778c002_r365,5c85640c10d9485c86bf6eb44778c002,sparse_75pct,vehicle,annotation,True,True,1,,0.05,0.7736249668923435
5c85640c10d9485c86bf6eb44778c002_r366,5c85640c10d9485c86bf6eb44778c002,sparse_75pct,vehicle,annotation,True,True,1,,0.1,0.7462196195661515
5c85640c10d9485c86bf6eb44778c002_r394,5c85640c10d9485c86bf6eb44778c002,sparse_75pct,vehicle,annotation,True,True,7,,0.05,0.7812842473894714
5c85640c10d9485c86bf6eb44778c002_r395,5c85640c10d9485c86bf6eb44778c002,sparse_75pct,vehicle,annotation,True,True,6,,0.05,0.7773312393941137
5c85640c10d9485c86bf6eb44778c002_r396,5c85640c10d9485c86bf6eb44778c002,sparse_75pct,vehicle,annotation,True,True,6,,0.05,0.7810766394914959
5c85640c10d9485c86bf6eb44778c002_r397,5c85640c10d9485c86bf6eb44778c002,sparse_75pct,vehicle,annotation,True,True,5,,0.05,0.7819496633953893
5c85640c10d9485c86bf6eb44778c002_r398,5c85640c10d9485c86bf6eb44778c002,sparse_75pct,vehicle,annotation,True,True,6,,0.05,0.7924945553143573
5c85640c10d9485c86bf6eb44778c002_r402,5c85640c10d9485c86bf6eb44778c002,sparse_75pct,vehicle,annotation,True,True,66,,0.05,0.8136173866191074
5c85640c10d9485c86bf6eb44778c002_r404,5c85640c10d9485c86bf6eb44778c002,sparse_75pct,vehicle,annotation,True,True,4,,0.05,0.7974944061212654
5c85640c10d9485c86bf6eb44778c002_r408,5c85640c10d9485c86bf6eb44778c002,sparse_75pct,vehicle,annotation,True,True,1,,0.05,0.7501830536277808
5c85640c10d9485c86bf6eb44778c002_r411,5c85640c10d9485c86bf6eb44778c002,sparse_75pct,vehicle,annotation,True,True,17,,0.05,0.7801947330821378
5c85640c10d9485c86bf6eb44778c002_r412,5c85640c10d9485c86bf6eb44778c002,sparse_75pct,vehicle,annotation,True,True,19,,0.05,0.7925861424837495
5c85640c10d9485c86bf6eb44778c002_r413,5c85640c10d9485c86bf6eb44778c002,sparse_75pct,vehicle,annotation,True,True,3,,0.05,0.7908892183905779
5c85640c10d9485c86bf6eb44778c002_r415,5c85640c10d9485c86bf6eb44778c002,sparse_75pct,vehicle,annotation,True,True,21,,0.05,0.8052973399511543
5c85640c10d9485c86bf6eb44778c002_r416,5c85640c10d9485c86bf6eb44778c002,sparse_75pct,vehicle,annotation,True,True,26,,0.05,0.8082937869527995
5c85640c10d9485c86bf6eb44778c002_r417,5c85640c10d9485c86bf6eb44778c002,sparse_75pct,vehicle,annotation,True,True,1,,0.05,0.785766891589725
5c85640c10d9485c86bf6eb44778c002_r420,5c85640c10d9485c86bf6eb44778c002,sparse_75pct,vehicle,annotation,True,True,12,,0.05,0.7978628625749802
5c85640c10d9485c86bf6eb44778c002_r422,5c85640c10d9485c86bf6eb44778c002,sparse_75pct,vehicle,annotation,True,True,21,,0.05,0.7977528260256345
5c85640c10d9485c86bf6eb44778c002_r423,5c85640c10d9485c86bf6eb44778c002,sparse_75pct,vehicle,annotation,True,True,3,,0.05,0.7880938325654474
5c85640c10d9485c86bf6eb44778c002_r430,5c85640c10d9485c86bf6eb44778c002,sparse_75pct,vehicle,annotation,True,True,4,,0.05,0.7907794710683129
5c85640c10d9485c86bf6eb44778c002_r432,5c85640c10d9485c86bf6eb44778c002,sparse_75pct,vehicle,annotation,True,True,5,,0.05,0.7926363018252593
5c85640c10d9485c86bf6eb44778c002_r463,5c85640c10d9485c86bf6eb44778c002,sparse_75pct,vehicle,annotation,True,True,4,,0.05,0.7859389677097336
5c85640c10d9485c86bf6eb44778c002_r464,5c85640c10d9485c86bf6eb44778c002,sparse_75pct,vehicle,annotation,True,True,2,,0.05,0.7737781480963645
5c85640c10d9485c86bf6eb44778c002_r82,5c85640c10d9485c86bf6eb44778c002,sparse_50pct,vehicle,annotation,True,True,4,,0.05,0.7677378573851311
5c85640c10d9485c86bf6eb44778c002_r84,5c85640c10d9485c86bf6eb44778c002,sparse_50pct,vehicle,annotation,True,True,6,,0.05,0.7764376347433202
5c85640c10d9485c86bf6eb44778c002_r89,5c85640c10d9485c86bf6eb44778c002,sparse_50pct,vehicle,annotation,True,True,61,,0.05,0.8287978751876761
5c85640c10d9485c86bf6eb44778c002_r91,5c85640c10d9485c86bf6eb44778c002,sparse_50pct,vehicle,annotation,True,True,3,,0.05,0.8186090271361477
5c85640c10d9485c86bf6eb44778c002_r92,5c85640c10d9485c86bf6eb44778c002,sparse_50pct,vehicle,annotation,True,True,13,,0.05,0.8404687511196809
5c85640c10d9485c86bf6eb44778c002_r95,5c85640c10d9485c86bf6eb44778c002,sparse_50pct,vehicle,annotation,True,True,14,,0.05,0.830353398527879
5c85640c10d9485c86bf6eb44778c002_r97,5c85640c10d9485c86bf6eb44778c002,sparse_50pct,vehicle,annotation,True,True,5,,0.05,0.8247915092512461
5c85640c10d9485c86bf6eb44778c002_r98,5c85640c10d9485c86bf6eb44778c002,sparse_50pct,vehicle,annotation,True,True,5,,0.05,0.8105168184237552
5c85640c10d9485c86bf6eb44778c002_r101,5c85640c10d9485c86bf6eb44778c002,sparse_50pct,vehicle,annotation,True,True,1,,0.05,0.7718623258528171
5c85640c10d9485c86bf6eb44778c002_r110,5c85640c10d9485c86bf6eb44778c002,sparse_50pct,vehicle,annotation,True,True,3,,0.05,0.7739342799312218
5c85640c10d9485c86bf6eb44778c002_r111,5c85640c10d9485c86bf6eb44778c002,sparse_50pct,vehicle,annotation,True,True,7,,0.05,0.7878855458138704
5c85640c10d9485c86bf6eb44778c002_r113,5c85640c10d9485c86bf6eb44778c002,sparse_50pct,vehicle,annotation,True,True,8,,0.05,0.8052308181212178
5c85640c10d9485c86bf6eb44778c002_r115,5c85640c10d9485c86bf6eb44778c002,sparse_50pct,vehicle,annotation,True,True,49,,0.05,0.8325161432916253
5c85640c10d9485c86bf6eb44778c002_r116,5c85640c10d9485c86bf6eb44778c002,sparse_50pct,vehicle,annotation,True,True,77,,0.05,0.8313927276982688
5c85640c10d9485c86bf6eb44778c002_r122,5c85640c10d9485c86bf6eb44778c002,sparse_50pct,vehicle,annotation,True,True,164,,0.05,0.8362997199004246
5c85640c10d9485c86bf6eb44778c002_r123,5c85640c10d9485c86bf6eb44778c002,sparse_50pct,vehicle,annotation,True,True,89,,0.05,0.8321754882158812
5c85640c10d9485c86bf6eb44778c002_r124,5c85640c10d9485c86bf6eb44778c002,sparse_50pct,vehicle,annotation,True,True,63,,0.05,0.8278314707113631
5c85640c10d9485c86bf6eb44778c002_r125,5c85640c10d9485c86bf6eb44778c002,sparse_50pct,vehicle,annotation,True,True,61,,0.05,0.8251056628248581
5c85640c10d9485c86bf6eb44778c002_r126,5c85640c10d9485c86bf6eb44778c002,sparse_50pct,vehicle,annotation,True,True,14,,0.05,0.822772093046626
5c85640c10d9485c86bf6eb44778c002_r127,5c85640c10d9485c86bf6eb44778c002,sparse_50pct,vehicle,annotation,True,True,30,,0.05,0.8160403615570584
5c85640c10d9485c86bf6eb44778c002_r129,5c85640c10d9485c86bf6eb44778c002,sparse_50pct,vehicle,annotation,True,True,3,,0.05,0.7980482395871294
5c85640c10d9485c86bf6eb44778c002_r130,5c85640c10d9485c86bf6eb44778c002,sparse_50pct,vehicle,annotation,True,True,10,,0.05,0.7897771040251861
5c85640c10d9485c86bf6eb44778c002_r131,5c85640c10d9485c86bf6eb44778c002,sparse_50pct,vehicle,annotation,True,True,13,,0.05,0.8031897619569699
5c85640c10d9485c86bf6eb44778c002_r132,5c85640c10d9485c86bf6eb44778c002,sparse_50pct,vehicle,annotation,True,True,9,,0.05,0.79541130539163
5c85640c10d9485c86bf6eb44778c002_r133,5c85640c10d9485c86bf6eb44778c002,sparse_50pct,vehicle,annotation,True,True,2,,0.05,0.7885961769307474
5c85640c10d9485c86bf6eb44778c002_r135,5c85640c10d9485c86bf6eb44778c002,sparse_50pct,vehicle,annotation,True,True,1,,0.1,0.7479756193595272
5c85640c10d9485c86bf6eb44778c002_r136,5c85640c10d9485c86bf6eb44778c002,sparse_50pct,vehicle,annotation,True,True,2,,0.05,0.7516866274055648
5c85640c10d9485c86bf6eb44778c002_r180,5c85640c10d9485c86bf6eb44778c002,sparse_50pct,vehicle,annotation,True,True,1,,0.05,0.7652970755435047
5c85640c10d9485c86bf6eb44778c002_r182,5c85640c10d9485c86bf6eb44778c002,sparse_50pct,vehicle,annotation,True,True,1,,0.1,0.7427870245785083
5c85640c10d9485c86bf6eb44778c002_r183,5c85640c10d9485c86bf6eb44778c002,sparse_50pct,vehicle,annotation,True,True,2,,0.1,0.7437609829736371
5c85640c10d9485c86bf6eb44778c002_r261,5c85640c10d9485c86bf6eb44778c002,sparse_50pct,vehicle,annotation,True,True,3,,0.05,0.770259023336278
5c85640c10d9485c86bf6eb44778c002_r262,5c85640c10d9485c86bf6eb44778c002,sparse_50pct,vehicle,annotation,True,True,7,,0.05,0.7778450190708799
5c85640c10d9485c86bf6eb44778c002_r266,5c85640c10d9485c86bf6eb44778c002,sparse_50pct,vehicle,annotation,True,True,3,,0.05,0.7987289721248605
5c85640c10d9485c86bf6eb44778c002_r267,5c85640c10d9485c86bf6eb44778c002,sparse_50pct,vehicle,annotation,True,True,15,,0.05,0.8089254705823974
5c85640c10d9485c86bf6eb44778c002_r268,5c85640c10d9485c86bf6eb44778c002,sparse_50pct,vehicle,annotation,True,True,24,,0.05,0.8154023388184658
5c85640c10d9485c86bf6eb44778c002_r269,5c85640c10d9485c86bf6eb44778c002,sparse_50pct,vehicle,annotation,True,True,22,,0.05,0.8239306491776414
5c85640c10d9485c86bf6eb44778c002_r278,5c85640c10d9485c86bf6eb44778c002,sparse_50pct,vehicle,annotation,True,True,63,,0.05,0.8305635695290071
5c85640c10d9485c86bf6eb44778c002_r288,5c85640c10d9485c86bf6eb44778c002,sparse_50pct,vehicle,annotation,True,True,1,,0.1,0.7201639938199298
5c85640c10d9485c86bf6eb44778c002_r289,5c85640c10d9485c86bf6eb44778c002,sparse_50pct,vehicle,annotation,True,True,3,,0.05,0.8003099005114461
5c85640c10d9485c86bf6eb44778c002_r290,5c85640c10d9485c86bf6eb44778c002,sparse_50pct,vehicle,annotation,True,True,3,,0.05,0.8055168365768569
5c85640c10d9485c86bf6eb44778c002_r291,5c85640c10d9485c86bf6eb44778c002,sparse_50pct,vehicle,annotation,True,True,13,,0.05,0.7907771043522551
5c85640c10d9485c86bf6eb44778c002_r292,5c85640c10d9485c86bf6eb44778c002,sparse_50pct,vehicle,annotation,True,True,1,,0.05,0.7877010769354702
5c85640c10d9485c86bf6eb44778c002_r294,5c85640c10d9485c86bf6eb44778c002,sparse_50pct,vehicle,annotation,True,True,46,,0.05,0.8213221064699342
5c85640c10d9485c86bf6eb44778c002_r303,5c85640c10d9485c86bf6eb44778c002,sparse_50pct,vehicle,annotation,True,True,77,,0.05,0.833485936384461
5c85640c10d9485c86bf6eb44778c002_r304,5c85640c10d9485c86bf6eb44778c002,sparse_50pct,vehicle,annotation,True,True,30,,0.05,0.8237667432066835
5c85640c10d9485c86bf6eb44778c002_r305,5c85640c10d9485c86bf6eb44778c002,sparse_50pct,vehicle,annotation,True,True,9,,0.05,0.824373875375165
5c85640c10d9485c86bf6eb44778c002_r309,5c85640c10d9485c86bf6eb44778c002,sparse_50pct,vehicle,annotation,True,True,8,,0.05,0.7951664217452187
5c85640c10d9485c86bf6eb44778c002_r312,5c85640c10d9485c86bf6eb44778c002,sparse_50pct,vehicle,annotation,True,True,9,,0.05,0.7597657573213605
5c85640c10d9485c86bf6eb44778c002_r316,5c85640c10d9485c86bf6eb44778c002,sparse_50pct,vehicle,annotation,True,True,36,,0.05,0.8152032423784653
5c85640c10d9485c86bf6eb44778c002_r324,5c85640c10d9485c86bf6eb44778c002,sparse_50pct,vehicle,annotation,True,True,26,,0.05,0.8268586285206245
5c85640c10d9485c86bf6eb44778c002_r325,5c85640c10d9485c86bf6eb44778c002,sparse_50pct,vehicle,annotation,True,True,2,,0.05,0.8053830702475817
5c85640c10d9485c86bf6eb44778c002_r327,5c85640c10d9485c86bf6eb44778c002,sparse_50pct,vehicle,annotation,True,True,7,,0.05,0.7775897446335276
5c85640c10d9485c86bf6eb44778c002_r328,5c85640c10d9485c86bf6eb44778c002,sparse_50pct,vehicle,annotation,True,True,4,,0.05,0.7588927914871311
5c85640c10d9485c86bf6eb44778c002_r343,5c85640c10d9485c86bf6eb44778c002,sparse_50pct,vehicle,annotation,True,True,2,,0.05,0.8138692603132525
5c85640c10d9485c86bf6eb44778c002_r345,5c85640c10d9485c86bf6eb44778c002,sparse_50pct,vehicle,annotation,True,True,1,,0.05,0.7736249668923435
5c85640c10d9485c86bf6eb44778c002_r372,5c85640c10d9485c86bf6eb44778c002,sparse_50pct,vehicle,annotation,True,True,6,,0.05,0.7805377303456761
5c85640c10d9485c86bf6eb44778c002_r373,5c85640c10d9485c86bf6eb44778c002,sparse_50pct,vehicle,annotation,True,True,5,,0.05,0.7773335197271308
5c85640c10d9485c86bf6eb44778c002_r374,5c85640c10d9485c86bf6eb44778c002,sparse_50pct,vehicle,annotation,True,True,5,,0.05,0.7807265577225867
5c85640c10d9485c86bf6eb44778c002_r375,5c85640c10d9485c86bf6eb44778c002,sparse_50pct,vehicle,annotation,True,True,4,,0.05,0.7818701135421668
5c85640c10d9485c86bf6eb44778c002_r376,5c85640c10d9485c86bf6eb44778c002,sparse_50pct,vehicle,annotation,True,True,4,,0.05,0.7921027743627632
5c85640c10d9485c86bf6eb44778c002_r380,5c85640c10d9485c86bf6eb44778c002,sparse_50pct,vehicle,annotation,True,True,44,,0.05,0.8109751566878005
5c85640c10d9485c86bf6eb44778c002_r381,5c85640c10d9485c86bf6eb44778c002,sparse_50pct,vehicle,annotation,True,True,4,,0.05,0.8040032041295527
5c85640c10d9485c86bf6eb44778c002_r385,5c85640c10d9485c86bf6eb44778c002,sparse_50pct,vehicle,annotation,True,True,1,,0.05,0.7501830536277808
5c85640c10d9485c86bf6eb44778c002_r388,5c85640c10d9485c86bf6eb44778c002,sparse_50pct,vehicle,annotation,True,True,13,,0.05,0.7802803480793828
5c85640c10d9485c86bf6eb44778c002_r389,5c85640c10d9485c86bf6eb44778c002,sparse_50pct,vehicle,annotation,True,True,17,,0.05,0.7912797554703732
5c85640c10d9485c86bf6eb44778c002_r390,5c85640c10d9485c86bf6eb44778c002,sparse_50pct,vehicle,annotation,True,True,2,,0.05,0.7849650380998501
5c85640c10d9485c86bf6eb44778c002_r391,5c85640c10d9485c86bf6eb44778c002,sparse_50pct,vehicle,annotation,True,True,3,,0.05,0.7867053519699232
5c85640c10d9485c86bf6eb44778c002_r392,5c85640c10d9485c86bf6eb44778c002,sparse_50pct,vehicle,annotation,True,True,13,,0.05,0.8034798791367849
5c85640c10d9485c86bf6eb44778c002_r393,5c85640c10d9485c86bf6eb44778c002,sparse_50pct,vehicle,annotation,True,True,11,,0.05,0.8025536212758981
5c85640c10d9485c86bf6eb44778c002_r394,5c85640c10d9485c86bf6eb44778c002,sparse_50pct,vehicle,annotation,True,True,1,,0.05,0.785766891589725
5c85640c10d9485c86bf6eb44778c002_r397,5c85640c10d9485c86bf6eb44778c002,sparse_50pct,vehicle,annotation,True,True,9,,0.05,0.7971475998957038
5c85640c10d9485c86bf6eb44778c002_r400,5c85640c10d9485c86bf6eb44778c002,sparse_50pct,vehicle,annotation,True,True,1,,0.05,0.7791278053805383
5c85640c10d9485c86bf6eb44778c002_r407,5c85640c10d9485c86bf6eb44778c002,sparse_50pct,vehicle,annotation,True,True,1,,0.05,0.7785782492178234
5c85640c10d9485c86bf6eb44778c002_r409,5c85640c10d9485c86bf6eb44778c002,sparse_50pct,vehicle,annotation,True,True,3,,0.05,0.7938720540363184
5c85640c10d9485c86bf6eb44778c002_r440,5c85640c10d9485c86bf6eb44778c002,sparse_50pct,vehicle,annotation,True,True,3,,0.05,0.7857569666189017
5c85640c10d9485c86bf6eb44778c002_r441,5c85640c10d9485c86bf6eb44778c002,sparse_50pct,vehicle,annotation,True,True,1,,0.05,0.7733639192373469
5c85640c10d9485c86bf6eb44778c002_r73,5c85640c10d9485c86bf6eb44778c002,sparse_25pct,vehicle,annotation,True,True,1,,0.05,0.7673006971010946
5c85640c10d9485c86bf6eb44778c002_r74,5c85640c10d9485c86bf6eb44778c002,sparse_25pct,vehicle,annotation,True,True,1,,0.05,0.7722997835580981
5c85640c10d9485c86bf6eb44778c002_r75,5c85640c10d9485c86bf6eb44778c002,sparse_25pct,vehicle,annotation,True,True,3,,0.05,0.7766878653442326
5c85640c10d9485c86bf6eb44778c002_r80,5c85640c10d9485c86bf6eb44778c002,sparse_25pct,vehicle,annotation,True,True,34,,0.05,0.8283350030030835
5c85640c10d9485c86bf6eb44778c002_r82,5c85640c10d9485c86bf6eb44778c002,sparse_25pct,vehicle,annotation,True,True,3,,0.05,0.8183811535082842
5c85640c10d9485c86bf6eb44778c002_r83,5c85640c10d9485c86bf6eb44778c002,sparse_25pct,vehicle,annotation,True,True,8,,0.05,0.8383094762559753
5c85640c10d9485c86bf6eb44778c002_r86,5c85640c10d9485c86bf6eb44778c002,sparse_25pct,vehicle,annotation,True,True,4,,0.05,0.8220271863570339
5c85640c10d9485c86bf6eb44778c002_r88,5c85640c10d9485c86bf6eb44778c002,sparse_25pct,vehicle,annotation,True,True,3,,0.05,0.808589255357692
5c85640c10d9485c86bf6eb44778c002_r89,5c85640c10d9485c86bf6eb44778c002,sparse_25pct,vehicle,annotation,True,True,5,,0.05,0.8096111281940379
5c85640c10d9485c86bf6eb44778c002_r99,5c85640c10d9485c86bf6eb44778c002,sparse_25pct,vehicle,annotation,True,True,1,,0.05,0.7723354553128196
5c85640c10d9485c86bf6eb44778c002_r100,5c85640c10d9485c86bf6eb44778c002,sparse_25pct,vehicle,annotation,True,True,3,,0.05,0.7770727266068369
5c85640c10d9485c86bf6eb44778c002_r102,5c85640c10d9485c86bf6eb44778c002,sparse_25pct,vehicle,annotation,True,True,4,,0.05,0.8067862771681736
5c85640c10d9485c86bf6eb44778c002_r104,5c85640c10d9485c86bf6eb44778c002,sparse_25pct,vehicle,annotation,True,True,30,,0.05,0.82929939309896
5c85640c10d9485c86bf6eb44778c002_r105,5c85640c10d9485c86bf6eb44778c002,sparse_25pct,vehicle,annotation,True,True,35,,0.05,0.8291858346129092
5c85640c10d9485c86bf6eb44778c002_r111,5c85640c10d9485c86bf6eb44778c002,sparse_25pct,vehicle,annotation,True,True,92,,0.05,0.835421048882317
5c85640c10d9485c86bf6eb44778c002_r112,5c85640c10d9485c86bf6eb44778c002,sparse_25pct,vehicle,annotation,True,True,50,,0.05,0.8310747141854159
5c85640c10d9485c86bf6eb44778c002_r113,5c85640c10d9485c86bf6eb44778c002,sparse_25pct,vehicle,annotation,True,True,31,,0.05,0.8268148061039331
5c85640c10d9485c86bf6eb44778c002_r114,5c85640c10d9485c86bf6eb44778c002,sparse_25pct,vehicle,annotation,True,True,29,,0.05,0.8241446266317384
5c85640c10d9485c86bf6eb44778c002_r115,5c85640c10d9485c86bf6eb44778c002,sparse_25pct,vehicle,annotation,True,True,4,,0.05,0.8225121655658132
5c85640c10d9485c86bf6eb44778c002_r116,5c85640c10d9485c86bf6eb44778c002,sparse_25pct,vehicle,annotation,True,True,13,,0.05,0.8171031913672598
5c85640c10d9485c86bf6eb44778c002_r118,5c85640c10d9485c86bf6eb44778c002,sparse_25pct,vehicle,annotation,True,True,1,,0.05,0.790915558053425
5c85640c10d9485c86bf6eb44778c002_r119,5c85640c10d9485c86bf6eb44778c002,sparse_25pct,vehicle,annotation,True,True,6,,0.05,0.7894184299506589
5c85640c10d9485c86bf6eb44778c002_r120,5c85640c10d9485c86bf6eb44778c002,sparse_25pct,vehicle,annotation,True,True,8,,0.05,0.8016168828340098
5c85640c10d9485c86bf6eb44778c002_r121,5c85640c10d9485c86bf6eb44778c002,sparse_25pct,vehicle,annotation,True,True,7,,0.05,0.7948075319631855
5c85640c10d9485c86bf6eb44778c002_r124,5c85640c10d9485c86bf6eb44778c002,sparse_25pct,vehicle,annotation,True,True,1,,0.1,0.7385557492272787
5c85640c10d9485c86bf6eb44778c002_r166,5c85640c10d9485c86bf6eb44778c002,sparse_25pct,vehicle,annotation,True,True,1,,0.1,0.7427870245785083
5c85640c10d9485c86bf6eb44778c002_r240,5c85640c10d9485c86bf6eb44778c002,sparse_25pct,vehicle,annotation,True,True,1,,0.05,0.7610002766851489
5c85640c10d9485c86bf6eb44778c002_r241,5c85640c10d9485c86bf6eb44778c002,sparse_25pct,vehicle,annotation,True,True,1,,0.05,0.7682738541420387
5c85640c10d9485c86bf6eb44778c002_r244,5c85640c10d9485c86bf6eb44778c002,sparse_25pct,vehicle,annotation,True,True,2,,0.05,0.7984835121392513
5c85640c10d9485c86bf6eb44778c002_r245,5c85640c10d9485c86bf6eb44778c002,sparse_25pct,vehicle,annotation,True,True,12,,0.05,0.8086151844291068
5c85640c10d9485c86bf6eb44778c002_r247,5c85640c10d9485c86bf6eb44778c002,sparse_25pct,vehicle,annotation,True,True,10,,0.05,0.8197497196727039
5c85640c10d9485c86bf6eb44778c002_r256,5c85640c10d9485c86bf6eb44778c002,sparse_25pct,vehicle,annotation,True,True,28,,0.05,0.8304083597508879
5c85640c10d9485c86bf6eb44778c002_r264,5c85640c10d9485c86bf6eb44778c002,sparse_25pct,vehicle,annotation,True,True,2,,0.05,0.8037026806550347
5c85640c10d9485c86bf6eb44778c002_r265,5c85640c10d9485c86bf6eb44778c002,sparse_25pct,vehicle,annotation,True,True,5,,0.05,0.7885212847299798
5c85640c10d9485c86bf6eb44778c002_r267,5c85640c10d9485c86bf6eb44778c002,sparse_25pct,vehicle,annotation,True,True,20,,0.05,0.8193270860024927
5c85640c10d9485c86bf6eb44778c002_r276,5c85640c10d9485c86bf6eb44778c002,sparse_25pct,vehicle,annotation,True,True,42,,0.05,0.8317800855160854
5c85640c10d9485c86bf6eb44778c002_r277,5c85640c10d9485c86bf6eb44778c002,sparse_25pct,vehicle,annotation,True,True,17,,0.05,0.8224433400465221
5c85640c10d9485c86bf6eb44778c002_r278,5c85640c10d9485c86bf6eb44778c002,sparse_25pct,vehicle,annotation,True,True,5,,0.05,0.8236718332719809
5c85640c10d9485c86bf6eb44778c002_r284,5c85640c10d9485c86bf6eb44778c002,sparse_25pct,vehicle,annotation,True,True,4,,0.05,0.7596122069630017
5c85640c10d9485c86bf6eb44778c002_r294,5c85640c10d9485c86bf6eb44778c002,sparse_25pct,vehicle,annotation,True,True,12,,0.05,0.8259322759831204
5c85640c10d9485c86bf6eb44778c002_r295,5c85640c10d9485c86bf6eb44778c002,sparse_25pct,vehicle,annotation,True,True,1,,0.05,0.8056742064465788
5c85640c10d9485c86bf6eb44778c002_r297,5c85640c10d9485c86bf6eb44778c002,sparse_25pct,vehicle,annotation,True,True,3,,0.05,0.7775223390070443
5c85640c10d9485c86bf6eb44778c002_r311,5c85640c10d9485c86bf6eb44778c002,sparse_25pct,vehicle,annotation,True,True,2,,0.05,0.8135180168507199
5c85640c10d9485c86bf6eb44778c002_r336,5c85640c10d9485c86bf6eb44778c002,sparse_25pct,vehicle,annotation,True,True,2,,0.05,0.7772358490427773
5c85640c10d9485c86bf6eb44778c002_r337,5c85640c10d9485c86bf6eb44778c002,sparse_25pct,vehicle,annotation,True,True,3,,0.05,0.7810246742738916
5c85640c10d9485c86bf6eb44778c002_r338,5c85640c10d9485c86bf6eb44778c002,sparse_25pct,vehicle,annotation,True,True,2,,0.05,0.7820156268196246
5c85640c10d9485c86bf6eb44778c002_r339,5c85640c10d9485c86bf6eb44778c002,sparse_25pct,vehicle,annotation,True,True,3,,0.05,0.7910138311817597
5c85640c10d9485c86bf6eb44778c002_r343,5c85640c10d9485c86bf6eb44778c002,sparse_25pct,vehicle,annotation,True,True,27,,0.05,0.8101653027494441
5c85640c10d9485c86bf6eb44778c002_r344,5c85640c10d9485c86bf6eb44778c002,sparse_25pct,vehicle,annotation,True,True,3,,0.05,0.8018344557147645
5c85640c10d9485c86bf6eb44778c002_r348,5c85640c10d9485c86bf6eb44778c002,sparse_25pct,vehicle,annotation,True,True,1,,0.05,0.7501830536277808
5c85640c10d9485c86bf6eb44778c002_r349,5c85640c10d9485c86bf6eb44778c002,sparse_25pct,vehicle,annotation,True,True,1,,0.05,0.771310087009189
5c85640c10d9485c86bf6eb44778c002_r351,5c85640c10d9485c86bf6eb44778c002,sparse_25pct,vehicle,annotation,True,True,4,,0.05,0.7759514368247729
5c85640c10d9485c86bf6eb44778c002_r352,5c85640c10d9485c86bf6eb44778c002,sparse_25pct,vehicle,annotation,True,True,4,,0.05,0.7881659607922595
5c85640c10d9485c86bf6eb44778c002_r353,5c85640c10d9485c86bf6eb44778c002,sparse_25pct,vehicle,annotation,True,True,2,,0.05,0.7867214209921911
5c85640c10d9485c86bf6eb44778c002_r354,5c85640c10d9485c86bf6eb44778c002,sparse_25pct,vehicle,annotation,True,True,7,,0.05,0.7966128320116784
5c85640c10d9485c86bf6eb44778c002_r355,5c85640c10d9485c86bf6eb44778c002,sparse_25pct,vehicle,annotation,True,True,5,,0.05,0.798527374789452
5c85640c10d9485c86bf6eb44778c002_r358,5c85640c10d9485c86bf6eb44778c002,sparse_25pct,vehicle,annotation,True,True,1,,0.05,0.7882919999056618
5c85640c10d9485c86bf6eb44778c002_r360,5c85640c10d9485c86bf6eb44778c002,sparse_25pct,vehicle,annotation,True,True,7,,0.05,0.7999600911905388
5c85640c10d9485c86bf6eb44778c002_r361,5c85640c10d9485c86bf6eb44778c002,sparse_25pct,vehicle,annotation,True,True,1,,0.05,0.7791278053805383
5c85640c10d9485c86bf6eb44778c002_r367,5c85640c10d9485c86bf6eb44778c002,sparse_25pct,vehicle,annotation,True,True,2,,0.05,0.7936618426180405
5c85640c10d9485c86bf6eb44778c002_r395,5c85640c10d9485c86bf6eb44778c002,sparse_25pct,vehicle,annotation,True,True,1,,0.05,0.7777341215375358
5c85640c10d9485c86bf6eb44778c002_r396,5c85640c10d9485c86bf6eb44778c002,sparse_25pct,vehicle,annotation,True,True,1,,0.05,0.7733639192373469
5c85640c10d9485c86bf6eb44778c002_r89,5c85640c10d9485c86bf6eb44778c002,noise_low,vehicle,annotation,True,True,9,,0.05,0.7678806025110645
5c85640c10d9485c86bf6eb44778c002_r91,5c85640c10d9485c86bf6eb44778c002,noise_low,vehicle,annotation,True,True,13,,0.05,0.7881637090040305
5c85640c10d9485c86bf6eb44778c002_r96,5c85640c10d9485c86bf6eb44778c002,noise_low,vehicle,annotation,True,True,127,,0.05,0.8328817512692716
5c85640c10d9485c86bf6eb44778c002_r98,5c85640c10d9485c86bf6eb44778c002,noise_low,vehicle,annotation,True,True,4,,0.05,0.8191284351552653
5c85640c10d9485c86bf6eb44778c002_r99,5c85640c10d9485c86bf6eb44778c002,noise_low,vehicle,annotation,True,True,27,,0.05,0.8434764700917541
5c85640c10d9485c86bf6eb44778c002_r102,5c85640c10d9485c86bf6eb44778c002,noise_low,vehicle,annotation,True,True,31,,0.05,0.8353774675805112
5c85640c10d9485c86bf6eb44778c002_r103,5c85640c10d9485c86bf6eb44778c002,noise_low,vehicle,annotation,True,True,4,,0.05,0.8196307673512199
5c85640c10d9485c86bf6eb44778c002_r105,5c85640c10d9485c86bf6eb44778c002,noise_low,vehicle,annotation,True,True,7,,0.05,0.8316760276129352
5c85640c10d9485c86bf6eb44778c002_r109,5c85640c10d9485c86bf6eb44778c002,noise_low,vehicle,annotation,True,True,1,,0.05,0.7753099731751153
5c85640c10d9485c86bf6eb44778c002_r110,5c85640c10d9485c86bf6eb44778c002,noise_low,vehicle,annotation,True,True,1,,0.05,0.7718117552637055
5c85640c10d9485c86bf6eb44778c002_r120,5c85640c10d9485c86bf6eb44778c002,noise_low,vehicle,annotation,True,True,6,,0.05,0.7796837015181566
5c85640c10d9485c86bf6eb44778c002_r121,5c85640c10d9485c86bf6eb44778c002,noise_low,vehicle,annotation,True,True,8,,0.05,0.78919454059927
5c85640c10d9485c86bf6eb44778c002_r123,5c85640c10d9485c86bf6eb44778c002,noise_low,vehicle,annotation,True,True,14,,0.05,0.809872413379553
5c85640c10d9485c86bf6eb44778c002_r124,5c85640c10d9485c86bf6eb44778c002,noise_low,vehicle,annotation,True,True,55,,0.05,0.8271058451614612
5c85640c10d9485c86bf6eb44778c002_r125,5c85640c10d9485c86bf6eb44778c002,noise_low,vehicle,annotation,True,True,109,,0.05,0.8358052212537133
5c85640c10d9485c86bf6eb44778c002_r126,5c85640c10d9485c86bf6eb44778c002,noise_low,vehicle,annotation,True,True,164,,0.05,0.8349816024702752
5c85640c10d9485c86bf6eb44778c002_r132,5c85640c10d9485c86bf6eb44778c002,noise_low,vehicle,annotation,True,True,318,,0.05,0.838676427859574
5c85640c10d9485c86bf6eb44778c002_r133,5c85640c10d9485c86bf6eb44778c002,noise_low,vehicle,annotation,True,True,192,,0.05,0.835226306171528
5c85640c10d9485c86bf6eb44778c002_r134,5c85640c10d9485c86bf6eb44778c002,noise_low,vehicle,annotation,True,True,122,,0.05,0.8295228477467813
5c85640c10d9485c86bf6eb44778c002_r135,5c85640c10d9485c86bf6eb44778c002,noise_low,vehicle,annotation,True,True,104,,0.05,0.8274223452762398
5c85640c10d9485c86bf6eb44778c002_r136,5c85640c10d9485c86bf6eb44778c002,noise_low,vehicle,annotation,True,True,38,,0.05,0.8244456150685266
5c85640c10d9485c86bf6eb44778c002_r137,5c85640c10d9485c86bf6eb44778c002,noise_low,vehicle,annotation,True,True,53,,0.05,0.8179351133997093
5c85640c10d9485c86bf6eb44778c002_r139,5c85640c10d9485c86bf6eb44778c002,noise_low,vehicle,annotation,True,True,6,,0.05,0.7998082340777056
5c85640c10d9485c86bf6eb44778c002_r140,5c85640c10d9485c86bf6eb44778c002,noise_low,vehicle,annotation,True,True,21,,0.05,0.7912885583209319
5c85640c10d9485c86bf6eb44778c002_r142,5c85640c10d9485c86bf6eb44778c002,noise_low,vehicle,annotation,True,True,17,,0.05,0.7979242357009318
5c85640c10d9485c86bf6eb44778c002_r143,5c85640c10d9485c86bf6eb44778c002,noise_low,vehicle,annotation,True,True,5,,0.05,0.795862930946614
5c85640c10d9485c86bf6eb44778c002_r146,5c85640c10d9485c86bf6eb44778c002,noise_low,vehicle,annotation,True,True,3,,0.1,0.7423456218904372
5c85640c10d9485c86bf6eb44778c002_r147,5c85640c10d9485c86bf6eb44778c002,noise_low,vehicle,annotation,True,True,2,,0.05,0.7545237756195301
5c85640c10d9485c86bf6eb44778c002_r193,5c85640c10d9485c86bf6eb44778c002,noise_low,vehicle,annotation,True,True,4,,0.05,0.7650717528474834
5c85640c10d9485c86bf6eb44778c002_r195,5c85640c10d9485c86bf6eb44778c002,noise_low,vehicle,annotation,True,True,1,,0.1,0.7427742906422119
5c85640c10d9485c86bf6eb44778c002_r196,5c85640c10d9485c86bf6eb44778c002,noise_low,vehicle,annotation,True,True,2,,0.1,0.7443104432940331
5c85640c10d9485c86bf6eb44778c002_r238,5c85640c10d9485c86bf6eb44778c002,noise_low,pedestrian_vru,annotation,True,True,1,,0.1,0.7028771325912663
5c85640c10d9485c86bf6eb44778c002_r276,5c85640c10d9485c86bf6eb44778c002,noise_low,vehicle,annotation,True,True,3,,0.1,0.7375290005909613
5c85640c10d9485c86bf6eb44778c002_r280,5c85640c10d9485c86bf6eb44778c002,noise_low,vehicle,annotation,True,True,6,,0.05,0.770061353063309
5c85640c10d9485c86bf6eb44778c002_r281,5c85640c10d9485c86bf6eb44778c002,noise_low,vehicle,annotation,True,True,8,,0.05,0.7794687901351275
5c85640c10d9485c86bf6eb44778c002_r285,5c85640c10d9485c86bf6eb44778c002,noise_low,vehicle,annotation,True,True,4,,0.05,0.7993746530142988
5c85640c10d9485c86bf6eb44778c002_r286,5c85640c10d9485c86bf6eb44778c002,noise_low,vehicle,annotation,True,True,29,,0.05,0.8117908318089374
5c85640c10d9485c86bf6eb44778c002_r287,5c85640c10d9485c86bf6eb44778c002,noise_low,vehicle,annotation,True,True,48,,0.05,0.8176561286632438
5c85640c10d9485c86bf6eb44778c002_r288,5c85640c10d9485c86bf6eb44778c002,noise_low,vehicle,annotation,True,True,52,,0.05,0.825492603623873
5c85640c10d9485c86bf6eb44778c002_r297,5c85640c10d9485c86bf6eb44778c002,noise_low,vehicle,annotation,True,True,137,,0.05,0.8338341790924216
5c85640c10d9485c86bf6eb44778c002_r310,5c85640c10d9485c86bf6eb44778c002,noise_low,vehicle,annotation,True,True,1,,0.1,0.7201021222785429
5c85640c10d9485c86bf6eb44778c002_r311,5c85640c10d9485c86bf6eb44778c002,noise_low,vehicle,annotation,True,True,5,,0.05,0.7999200879904816
5c85640c10d9485c86bf6eb44778c002_r312,5c85640c10d9485c86bf6eb44778c002,noise_low,vehicle,annotation,True,True,3,,0.05,0.8102163739729303
5c85640c10d9485c86bf6eb44778c002_r313,5c85640c10d9485c86bf6eb44778c002,noise_low,vehicle,annotation,True,True,21,,0.05,0.7915423172213257
5c85640c10d9485c86bf6eb44778c002_r314,5c85640c10d9485c86bf6eb44778c002,noise_low,vehicle,annotation,True,True,3,,0.05,0.7909714698034401
5c85640c10d9485c86bf6eb44778c002_r316,5c85640c10d9485c86bf6eb44778c002,noise_low,vehicle,annotation,True,True,101,,0.05,0.8242328821792133
5c85640c10d9485c86bf6eb44778c002_r325,5c85640c10d9485c86bf6eb44778c002,noise_low,vehicle,annotation,True,True,156,,0.05,0.8375744237861341
5c85640c10d9485c86bf6eb44778c002_r327,5c85640c10d9485c86bf6eb44778c002,noise_low,vehicle,annotation,True,True,18,,0.05,0.826068309001438
5c85640c10d9485c86bf6eb44778c002_r331,5c85640c10d9485c86bf6eb44778c002,noise_low,vehicle,annotation,True,True,13,,0.05,0.7964296077540528
5c85640c10d9485c86bf6eb44778c002_r334,5c85640c10d9485c86bf6eb44778c002,noise_low,vehicle,annotation,True,True,11,,0.05,0.7624340204814881
5c85640c10d9485c86bf6eb44778c002_r341,5c85640c10d9485c86bf6eb44778c002,noise_low,vehicle,annotation,True,True,83,,0.05,0.8193061594268441
5c85640c10d9485c86bf6eb44778c002_r349,5c85640c10d9485c86bf6eb44778c002,noise_low,vehicle,annotation,True,True,53,,0.05,0.8298632657368111
5c85640c10d9485c86bf6eb44778c002_r350,5c85640c10d9485c86bf6eb44778c002,noise_low,vehicle,annotation,True,True,3,,0.05,0.8056169945993243
5c85640c10d9485c86bf6eb44778c002_r352,5c85640c10d9485c86bf6eb44778c002,noise_low,vehicle,annotation,True,True,10,,0.05,0.7779375711768278
5c85640c10d9485c86bf6eb44778c002_r353,5c85640c10d9485c86bf6eb44778c002,noise_low,vehicle,annotation,True,True,9,,0.05,0.761110573699228
5c85640c10d9485c86bf6eb44778c002_r369,5c85640c10d9485c86bf6eb44778c002,noise_low,vehicle,annotation,True,True,5,,0.05,0.8140972242193883
5c85640c10d9485c86bf6eb44778c002_r371,5c85640c10d9485c86bf6eb44778c002,noise_low,vehicle,annotation,True,True,1,,0.05,0.7736177761258719
5c85640c10d9485c86bf6eb44778c002_r401,5c85640c10d9485c86bf6eb44778c002,noise_low,vehicle,annotation,True,True,14,,0.05,0.7824710057504528
5c85640c10d9485c86bf6eb44778c002_r402,5c85640c10d9485c86bf6eb44778c002,noise_low,vehicle,annotation,True,True,6,,0.05,0.7774202608320985
5c85640c10d9485c86bf6eb44778c002_r403,5c85640c10d9485c86bf6eb44778c002,noise_low,vehicle,annotation,True,True,8,,0.05,0.7812552215991609
5c85640c10d9485c86bf6eb44778c002_r404,5c85640c10d9485c86bf6eb44778c002,noise_low,vehicle,annotation,True,True,6,,0.05,0.7822187015965427
5c85640c10d9485c86bf6eb44778c002_r405,5c85640c10d9485c86bf6eb44778c002,noise_low,vehicle,annotation,True,True,7,,0.05,0.7927464796688785
5c85640c10d9485c86bf6eb44778c002_r409,5c85640c10d9485c86bf6eb44778c002,noise_low,vehicle,annotation,True,True,78,,0.05,0.8140202076137217
5c85640c10d9485c86bf6eb44778c002_r411,5c85640c10d9485c86bf6eb44778c002,noise_low,vehicle,annotation,True,True,3,,0.05,0.7914003371641347
5c85640c10d9485c86bf6eb44778c002_r415,5c85640c10d9485c86bf6eb44778c002,noise_low,vehicle,annotation,True,True,1,,0.05,0.7501969261923018
5c85640c10d9485c86bf6eb44778c002_r418,5c85640c10d9485c86bf6eb44778c002,noise_low,vehicle,annotation,True,True,19,,0.05,0.7819386927289473
5c85640c10d9485c86bf6eb44778c002_r419,5c85640c10d9485c86bf6eb44778c002,noise_low,vehicle,annotation,True,True,22,,0.05,0.7928019864624575
5c85640c10d9485c86bf6eb44778c002_r420,5c85640c10d9485c86bf6eb44778c002,noise_low,vehicle,annotation,True,True,5,,0.05,0.7908147002897024
5c85640c10d9485c86bf6eb44778c002_r421,5c85640c10d9485c86bf6eb44778c002,noise_low,vehicle,annotation,True,True,6,,0.05,0.7946789164421165
5c85640c10d9485c86bf6eb44778c002_r422,5c85640c10d9485c86bf6eb44778c002,noise_low,vehicle,annotation,True,True,28,,0.05,0.8060411103681113
5c85640c10d9485c86bf6eb44778c002_r423,5c85640c10d9485c86bf6eb44778c002,noise_low,vehicle,annotation,True,True,33,,0.05,0.8085265928022819
5c85640c10d9485c86bf6eb44778c002_r427,5c85640c10d9485c86bf6eb44778c002,noise_low,vehicle,annotation,True,True,15,,0.05,0.7973586365009292
5c85640c10d9485c86bf6eb44778c002_r430,5c85640c10d9485c86bf6eb44778c002,noise_low,vehicle,annotation,True,True,3,,0.05,0.7885159177806587
5c85640c10d9485c86bf6eb44778c002_r431,5c85640c10d9485c86bf6eb44778c002,noise_low,vehicle,annotation,True,True,1,,0.05,0.7789019452089772
5c85640c10d9485c86bf6eb44778c002_r440,5c85640c10d9485c86bf6eb44778c002,noise_low,vehicle,annotation,True,True,5,,0.05,0.7909464370476513
5c85640c10d9485c86bf6eb44778c002_r442,5c85640c10d9485c86bf6eb44778c002,noise_low,vehicle,annotation,True,True,5,,0.05,0.7929460603616947
5c85640c10d9485c86bf6eb44778c002_r474,5c85640c10d9485c86bf6eb44778c002,noise_low,vehicle,annotation,True,True,2,,0.05,0.7739646311373203
5c85640c10d9485c86bf6eb44778c002_r90,5c85640c10d9485c86bf6eb44778c002,noise_medium,vehicle,annotation,True,True,9,,0.05,0.7685141332447484
5c85640c10d9485c86bf6eb44778c002_r92,5c85640c10d9485c86bf6eb44778c002,noise_medium,vehicle,annotation,True,True,14,,0.05,0.7876463110638179
5c85640c10d9485c86bf6eb44778c002_r97,5c85640c10d9485c86bf6eb44778c002,noise_medium,vehicle,annotation,True,True,127,,0.05,0.8310707882605439
5c85640c10d9485c86bf6eb44778c002_r99,5c85640c10d9485c86bf6eb44778c002,noise_medium,vehicle,annotation,True,True,4,,0.05,0.8189584416014822
5c85640c10d9485c86bf6eb44778c002_r100,5c85640c10d9485c86bf6eb44778c002,noise_medium,vehicle,annotation,True,True,27,,0.05,0.8423799583241689
5c85640c10d9485c86bf6eb44778c002_r103,5c85640c10d9485c86bf6eb44778c002,noise_medium,vehicle,annotation,True,True,30,,0.05,0.8332867440503691
5c85640c10d9485c86bf6eb44778c002_r104,5c85640c10d9485c86bf6eb44778c002,noise_medium,vehicle,annotation,True,True,4,,0.05,0.8186569805189732
5c85640c10d9485c86bf6eb44778c002_r106,5c85640c10d9485c86bf6eb44778c002,noise_medium,vehicle,annotation,True,True,6,,0.05,0.8289260811954088
5c85640c10d9485c86bf6eb44778c002_r107,5c85640c10d9485c86bf6eb44778c002,noise_medium,vehicle,annotation,True,True,7,,0.05,0.8122373437183705
5c85640c10d9485c86bf6eb44778c002_r110,5c85640c10d9485c86bf6eb44778c002,noise_medium,vehicle,annotation,True,True,1,,0.05,0.7752722588812242
5c85640c10d9485c86bf6eb44778c002_r111,5c85640c10d9485c86bf6eb44778c002,noise_medium,vehicle,annotation,True,True,1,,0.05,0.7717105046210243
5c85640c10d9485c86bf6eb44778c002_r122,5c85640c10d9485c86bf6eb44778c002,noise_medium,vehicle,annotation,True,True,6,,0.05,0.7795721924423753
5c85640c10d9485c86bf6eb44778c002_r123,5c85640c10d9485c86bf6eb44778c002,noise_medium,vehicle,annotation,True,True,8,,0.05,0.788782552807752
5c85640c10d9485c86bf6eb44778c002_r125,5c85640c10d9485c86bf6eb44778c002,noise_medium,vehicle,annotation,True,True,14,,0.05,0.8089900072062975
5c85640c10d9485c86bf6eb44778c002_r127,5c85640c10d9485c86bf6eb44778c002,noise_medium,vehicle,annotation,True,True,109,,0.05,0.8341740537683289
5c85640c10d9485c86bf6eb44778c002_r128,5c85640c10d9485c86bf6eb44778c002,noise_medium,vehicle,annotation,True,True,162,,0.05,0.8337351321791789
5c85640c10d9485c86bf6eb44778c002_r134,5c85640c10d9485c86bf6eb44778c002,noise_medium,vehicle,annotation,True,True,322,,0.05,0.8377528163118113
5c85640c10d9485c86bf6eb44778c002_r135,5c85640c10d9485c86bf6eb44778c002,noise_medium,vehicle,annotation,True,True,192,,0.05,0.8343273880321738
5c85640c10d9485c86bf6eb44778c002_r136,5c85640c10d9485c86bf6eb44778c002,noise_medium,vehicle,annotation,True,True,122,,0.05,0.8285520341757787
5c85640c10d9485c86bf6eb44778c002_r137,5c85640c10d9485c86bf6eb44778c002,noise_medium,vehicle,annotation,True,True,104,,0.05,0.8264255668742456
5c85640c10d9485c86bf6eb44778c002_r138,5c85640c10d9485c86bf6eb44778c002,noise_medium,vehicle,annotation,True,True,41,,0.05,0.8235726376292947
5c85640c10d9485c86bf6eb44778c002_r139,5c85640c10d9485c86bf6eb44778c002,noise_medium,vehicle,annotation,True,True,52,,0.05,0.8168890400837486
5c85640c10d9485c86bf6eb44778c002_r141,5c85640c10d9485c86bf6eb44778c002,noise_medium,vehicle,annotation,True,True,6,,0.05,0.7996593023480447
5c85640c10d9485c86bf6eb44778c002_r142,5c85640c10d9485c86bf6eb44778c002,noise_medium,vehicle,annotation,True,True,21,,0.05,0.7905066755165455
5c85640c10d9485c86bf6eb44778c002_r144,5c85640c10d9485c86bf6eb44778c002,noise_medium,vehicle,annotation,True,True,17,,0.05,0.7965199516420104
5c85640c10d9485c86bf6eb44778c002_r145,5c85640c10d9485c86bf6eb44778c002,noise_medium,vehicle,annotation,True,True,5,,0.05,0.7942297274139265
5c85640c10d9485c86bf6eb44778c002_r148,5c85640c10d9485c86bf6eb44778c002,noise_medium,vehicle,annotation,True,True,3,,0.1,0.7430482764150915
5c85640c10d9485c86bf6eb44778c002_r149,5c85640c10d9485c86bf6eb44778c002,noise_medium,vehicle,annotation,True,True,2,,0.05,0.7545503067084788
5c85640c10d9485c86bf6eb44778c002_r195,5c85640c10d9485c86bf6eb44778c002,noise_medium,vehicle,annotation,True,True,4,,0.05,0.7652745788260731
5c85640c10d9485c86bf6eb44778c002_r197,5c85640c10d9485c86bf6eb44778c002,noise_medium,vehicle,annotation,True,True,1,,0.1,0.742748822558307
5c85640c10d9485c86bf6eb44778c002_r198,5c85640c10d9485c86bf6eb44778c002,noise_medium,vehicle,annotation,True,True,2,,0.1,0.7452117222564582
5c85640c10d9485c86bf6eb44778c002_r240,5c85640c10d9485c86bf6eb44778c002,noise_medium,pedestrian_vru,annotation,True,True,1,,0.1,0.7028742070578186
5c85640c10d9485c86bf6eb44778c002_r277,5c85640c10d9485c86bf6eb44778c002,noise_medium,vehicle,annotation,True,True,3,,0.1,0.7378838374420573
5c85640c10d9485c86bf6eb44778c002_r281,5c85640c10d9485c86bf6eb44778c002,noise_medium,vehicle,annotation,True,True,6,,0.05,0.7693475340827646
5c85640c10d9485c86bf6eb44778c002_r282,5c85640c10d9485c86bf6eb44778c002,noise_medium,vehicle,annotation,True,True,8,,0.05,0.7786049239039637
5c85640c10d9485c86bf6eb44778c002_r286,5c85640c10d9485c86bf6eb44778c002,noise_medium,vehicle,annotation,True,True,4,,0.05,0.7994038470977756
5c85640c10d9485c86bf6eb44778c002_r287,5c85640c10d9485c86bf6eb44778c002,noise_medium,vehicle,annotation,True,True,29,,0.05,0.8109478365318364
5c85640c10d9485c86bf6eb44778c002_r288,5c85640c10d9485c86bf6eb44778c002,noise_medium,vehicle,annotation,True,True,49,,0.05,0.8168021219755993
5c85640c10d9485c86bf6eb44778c002_r289,5c85640c10d9485c86bf6eb44778c002,noise_medium,vehicle,annotation,True,True,51,,0.05,0.8250031352695557
5c85640c10d9485c86bf6eb44778c002_r298,5c85640c10d9485c86bf6eb44778c002,noise_medium,vehicle,annotation,True,True,137,,0.05,0.833141515635722
5c85640c10d9485c86bf6eb44778c002_r310,5c85640c10d9485c86bf6eb44778c002,noise_medium,vehicle,annotation,True,True,1,,0.1,0.7199782887422023
5c85640c10d9485c86bf6eb44778c002_r311,5c85640c10d9485c86bf6eb44778c002,noise_medium,vehicle,annotation,True,True,6,,0.05,0.8027933279671272
5c85640c10d9485c86bf6eb44778c002_r312,5c85640c10d9485c86bf6eb44778c002,noise_medium,vehicle,annotation,True,True,2,,0.05,0.7820540052188778
5c85640c10d9485c86bf6eb44778c002_r313,5c85640c10d9485c86bf6eb44778c002,noise_medium,vehicle,annotation,True,True,20,,0.05,0.791131819894119
5c85640c10d9485c86bf6eb44778c002_r314,5c85640c10d9485c86bf6eb44778c002,noise_medium,vehicle,annotation,True,True,3,,0.05,0.7912087890139384
5c85640c10d9485c86bf6eb44778c002_r316,5c85640c10d9485c86bf6eb44778c002,noise_medium,vehicle,annotation,True,True,101,,0.05,0.8230127278217153
5c85640c10d9485c86bf6eb44778c002_r325,5c85640c10d9485c86bf6eb44778c002,noise_medium,vehicle,annotation,True,True,156,,0.05,0.8363710030324871
5c85640c10d9485c86bf6eb44778c002_r327,5c85640c10d9485c86bf6eb44778c002,noise_medium,vehicle,annotation,True,True,18,,0.05,0.8252121087514187
5c85640c10d9485c86bf6eb44778c002_r331,5c85640c10d9485c86bf6eb44778c002,noise_medium,vehicle,annotation,True,True,13,,0.05,0.7956798594407681
5c85640c10d9485c86bf6eb44778c002_r334,5c85640c10d9485c86bf6eb44778c002,noise_medium,vehicle,annotation,True,True,10,,0.05,0.7605488291293848
5c85640c10d9485c86bf6eb44778c002_r341,5c85640c10d9485c86bf6eb44778c002,noise_medium,vehicle,annotation,True,True,82,,0.05,0.8186063651268194
5c85640c10d9485c86bf6eb44778c002_r349,5c85640c10d9485c86bf6eb44778c002,noise_medium,vehicle,annotation,True,True,53,,0.05,0.8288650014007977
5c85640c10d9485c86bf6eb44778c002_r350,5c85640c10d9485c86bf6eb44778c002,noise_medium,vehicle,annotation,True,True,3,,0.05,0.8060199217311194
5c85640c10d9485c86bf6eb44778c002_r352,5c85640c10d9485c86bf6eb44778c002,noise_medium,vehicle,annotation,True,True,10,,0.05,0.7784547395301042
5c85640c10d9485c86bf6eb44778c002_r353,5c85640c10d9485c86bf6eb44778c002,noise_medium,vehicle,annotation,True,True,9,,0.05,0.7603050423941514
5c85640c10d9485c86bf6eb44778c002_r369,5c85640c10d9485c86bf6eb44778c002,noise_medium,vehicle,annotation,True,True,5,,0.05,0.8135909336140781
5c85640c10d9485c86bf6eb44778c002_r371,5c85640c10d9485c86bf6eb44778c002,noise_medium,vehicle,annotation,True,True,1,,0.05,0.7736033840397956
5c85640c10d9485c86bf6eb44778c002_r401,5c85640c10d9485c86bf6eb44778c002,noise_medium,vehicle,annotation,True,True,12,,0.05,0.7818235634322979
5c85640c10d9485c86bf6eb44778c002_r402,5c85640c10d9485c86bf6eb44778c002,noise_medium,vehicle,annotation,True,True,6,,0.05,0.7780580500815434
5c85640c10d9485c86bf6eb44778c002_r403,5c85640c10d9485c86bf6eb44778c002,noise_medium,vehicle,annotation,True,True,8,,0.05,0.7814938912732892
5c85640c10d9485c86bf6eb44778c002_r404,5c85640c10d9485c86bf6eb44778c002,noise_medium,vehicle,annotation,True,True,6,,0.05,0.7829074143907808
5c85640c10d9485c86bf6eb44778c002_r405,5c85640c10d9485c86bf6eb44778c002,noise_medium,vehicle,annotation,True,True,7,,0.05,0.7924953303320663
5c85640c10d9485c86bf6eb44778c002_r409,5c85640c10d9485c86bf6eb44778c002,noise_medium,vehicle,annotation,True,True,79,,0.05,0.813044429606378
5c85640c10d9485c86bf6eb44778c002_r411,5c85640c10d9485c86bf6eb44778c002,noise_medium,vehicle,annotation,True,True,3,,0.05,0.7923343703828067
5c85640c10d9485c86bf6eb44778c002_r415,5c85640c10d9485c86bf6eb44778c002,noise_medium,vehicle,annotation,True,True,1,,0.05,0.750224654143334
5c85640c10d9485c86bf6eb44778c002_r418,5c85640c10d9485c86bf6eb44778c002,noise_medium,vehicle,annotation,True,True,19,,0.05,0.7817076533732352
5c85640c10d9485c86bf6eb44778c002_r419,5c85640c10d9485c86bf6eb44778c002,noise_medium,vehicle,annotation,True,True,22,,0.05,0.792134335934727
5c85640c10d9485c86bf6eb44778c002_r420,5c85640c10d9485c86bf6eb44778c002,noise_medium,vehicle,annotation,True,True,5,,0.05,0.790537424569837
5c85640c10d9485c86bf6eb44778c002_r421,5c85640c10d9485c86bf6eb44778c002,noise_medium,vehicle,annotation,True,True,7,,0.05,0.7939744819198464
5c85640c10d9485c86bf6eb44778c002_r422,5c85640c10d9485c86bf6eb44778c002,noise_medium,vehicle,annotation,True,True,27,,0.05,0.8052749151443578
5c85640c10d9485c86bf6eb44778c002_r423,5c85640c10d9485c86bf6eb44778c002,noise_medium,vehicle,annotation,True,True,33,,0.05,0.8077001813033454
5c85640c10d9485c86bf6eb44778c002_r427,5c85640c10d9485c86bf6eb44778c002,noise_medium,vehicle,annotation,True,True,15,,0.05,0.7968642371915992
5c85640c10d9485c86bf6eb44778c002_r429,5c85640c10d9485c86bf6eb44778c002,noise_medium,vehicle,annotation,True,True,25,,0.05,0.7972071915942892
5c85640c10d9485c86bf6eb44778c002_r430,5c85640c10d9485c86bf6eb44778c002,noise_medium,vehicle,annotation,True,True,3,,0.05,0.7881659145408383
5c85640c10d9485c86bf6eb44778c002_r431,5c85640c10d9485c86bf6eb44778c002,noise_medium,vehicle,annotation,True,True,1,,0.05,0.7788767820884006
5c85640c10d9485c86bf6eb44778c002_r433,5c85640c10d9485c86bf6eb44778c002,noise_medium,vehicle,annotation,True,True,3,,0.1,0.7341138776312294
5c85640c10d9485c86bf6eb44778c002_r440,5c85640c10d9485c86bf6eb44778c002,noise_medium,vehicle,annotation,True,True,5,,0.05,0.7904869452088497
5c85640c10d9485c86bf6eb44778c002_r442,5c85640c10d9485c86bf6eb44778c002,noise_medium,vehicle,annotation,True,True,5,,0.05,0.7915639981059815
5c85640c10d9485c86bf6eb44778c002_r474,5c85640c10d9485c86bf6eb44778c002,noise_medium,vehicle,annotation,True,True,2,,0.05,0.7742906296565919
5c85640c10d9485c86bf6eb44778c002_r93,5c85640c10d9485c86bf6eb44778c002,noise_high,vehicle,annotation,True,True,14,,0.05,0.7876152698467119
5c85640c10d9485c86bf6eb44778c002_r98,5c85640c10d9485c86bf6eb44778c002,noise_high,vehicle,annotation,True,True,126,,0.05,0.8309786674407577
5c85640c10d9485c86bf6eb44778c002_r100,5c85640c10d9485c86bf6eb44778c002,noise_high,vehicle,annotation,True,True,4,,0.05,0.8189968346250089
5c85640c10d9485c86bf6eb44778c002_r101,5c85640c10d9485c86bf6eb44778c002,noise_high,vehicle,annotation,True,True,27,,0.05,0.8424761801140755
5c85640c10d9485c86bf6eb44778c002_r104,5c85640c10d9485c86bf6eb44778c002,noise_high,vehicle,annotation,True,True,30,,0.05,0.8335366060612057
5c85640c10d9485c86bf6eb44778c002_r105,5c85640c10d9485c86bf6eb44778c002,noise_high,vehicle,annotation,True,True,4,,0.05,0.8179028414052195
5c85640c10d9485c86bf6eb44778c002_r107,5c85640c10d9485c86bf6eb44778c002,noise_high,vehicle,annotation,True,True,6,,0.05,0.8284691080829963
5c85640c10d9485c86bf6eb44778c002_r108,5c85640c10d9485c86bf6eb44778c002,noise_high,vehicle,annotation,True,True,7,,0.05,0.8125760409651638
5c85640c10d9485c86bf6eb44778c002_r111,5c85640c10d9485c86bf6eb44778c002,noise_high,vehicle,annotation,True,True,1,,0.05,0.7752345425614696
5c85640c10d9485c86bf6eb44778c002_r112,5c85640c10d9485c86bf6eb44778c002,noise_high,vehicle,annotation,True,True,1,,0.05,0.7716091085292173
5c85640c10d9485c86bf6eb44778c002_r123,5c85640c10d9485c86bf6eb44778c002,noise_high,vehicle,annotation,True,True,6,,0.05,0.7799089465534136
5c85640c10d9485c86bf6eb44778c002_r124,5c85640c10d9485c86bf6eb44778c002,noise_high,vehicle,annotation,True,True,8,,0.05,0.7890823187822664
5c85640c10d9485c86bf6eb44778c002_r126,5c85640c10d9485c86bf6eb44778c002,noise_high,vehicle,annotation,True,True,14,,0.05,0.8088907533631549
5c85640c10d9485c86bf6eb44778c002_r127,5c85640c10d9485c86bf6eb44778c002,noise_high,vehicle,annotation,True,True,57,,0.05,0.8266544156098118
5c85640c10d9485c86bf6eb44778c002_r128,5c85640c10d9485c86bf6eb44778c002,noise_high,vehicle,annotation,True,True,108,,0.05,0.834406605764902
5c85640c10d9485c86bf6eb44778c002_r129,5c85640c10d9485c86bf6eb44778c002,noise_high,vehicle,annotation,True,True,162,,0.05,0.8337904253518178
5c85640c10d9485c86bf6eb44778c002_r132,5c85640c10d9485c86bf6eb44778c002,noise_high,vehicle,annotation,True,True,323,,0.05,0.8375010386445182
5c85640c10d9485c86bf6eb44778c002_r135,5c85640c10d9485c86bf6eb44778c002,noise_high,vehicle,annotation,True,True,322,,0.05,0.8378402311159557
5c85640c10d9485c86bf6eb44778c002_r136,5c85640c10d9485c86bf6eb44778c002,noise_high,vehicle,annotation,True,True,191,,0.05,0.834220937652238
5c85640c10d9485c86bf6eb44778c002_r137,5c85640c10d9485c86bf6eb44778c002,noise_high,vehicle,annotation,True,True,121,,0.05,0.8286017722137891
5c85640c10d9485c86bf6eb44778c002_r138,5c85640c10d9485c86bf6eb44778c002,noise_high,vehicle,annotation,True,True,103,,0.05,0.8264966273674077
5c85640c10d9485c86bf6eb44778c002_r139,5c85640c10d9485c86bf6eb44778c002,noise_high,vehicle,annotation,True,True,41,,0.05,0.8234550014822415
5c85640c10d9485c86bf6eb44778c002_r140,5c85640c10d9485c86bf6eb44778c002,noise_high,vehicle,annotation,True,True,53,,0.05,0.816940156509477
5c85640c10d9485c86bf6eb44778c002_r142,5c85640c10d9485c86bf6eb44778c002,noise_high,vehicle,annotation,True,True,7,,0.05,0.8071562088505395
5c85640c10d9485c86bf6eb44778c002_r143,5c85640c10d9485c86bf6eb44778c002,noise_high,vehicle,annotation,True,True,21,,0.05,0.7902749106772556
5c85640c10d9485c86bf6eb44778c002_r145,5c85640c10d9485c86bf6eb44778c002,noise_high,vehicle,annotation,True,True,17,,0.05,0.7964950992627036
5c85640c10d9485c86bf6eb44778c002_r146,5c85640c10d9485c86bf6eb44778c002,noise_high,vehicle,annotation,True,True,5,,0.05,0.7940460081132564
5c85640c10d9485c86bf6eb44778c002_r149,5c85640c10d9485c86bf6eb44778c002,noise_high,vehicle,annotation,True,True,3,,0.1,0.7437705009657415
5c85640c10d9485c86bf6eb44778c002_r150,5c85640c10d9485c86bf6eb44778c002,noise_high,vehicle,annotation,True,True,2,,0.05,0.7554859803659261
5c85640c10d9485c86bf6eb44778c002_r196,5c85640c10d9485c86bf6eb44778c002,noise_high,vehicle,annotation,True,True,4,,0.05,0.7655072961289648
5c85640c10d9485c86bf6eb44778c002_r198,5c85640c10d9485c86bf6eb44778c002,noise_high,vehicle,annotation,True,True,1,,0.1,0.7427233541928284
5c85640c10d9485c86bf6eb44778c002_r199,5c85640c10d9485c86bf6eb44778c002,noise_high,vehicle,annotation,True,True,2,,0.1,0.7461560342218597
5c85640c10d9485c86bf6eb44778c002_r241,5c85640c10d9485c86bf6eb44778c002,noise_high,pedestrian_vru,annotation,True,True,1,,0.1,0.7028712604606232
5c85640c10d9485c86bf6eb44778c002_r279,5c85640c10d9485c86bf6eb44778c002,noise_high,vehicle,annotation,True,True,3,,0.1,0.7382503774194495
5c85640c10d9485c86bf6eb44778c002_r283,5c85640c10d9485c86bf6eb44778c002,noise_high,vehicle,annotation,True,True,6,,0.05,0.769131208858509
5c85640c10d9485c86bf6eb44778c002_r284,5c85640c10d9485c86bf6eb44778c002,noise_high,vehicle,annotation,True,True,8,,0.05,0.7784101403155222
5c85640c10d9485c86bf6eb44778c002_r288,5c85640c10d9485c86bf6eb44778c002,noise_high,vehicle,annotation,True,True,4,,0.05,0.7999105723653204
5c85640c10d9485c86bf6eb44778c002_r289,5c85640c10d9485c86bf6eb44778c002,noise_high,vehicle,annotation,True,True,29,,0.05,0.8108750888452939
5c85640c10d9485c86bf6eb44778c002_r290,5c85640c10d9485c86bf6eb44778c002,noise_high,vehicle,annotation,True,True,48,,0.05,0.816719058129163
5c85640c10d9485c86bf6eb44778c002_r291,5c85640c10d9485c86bf6eb44778c002,noise_high,vehicle,annotation,True,True,53,,0.05,0.8250444215437294
5c85640c10d9485c86bf6eb44778c002_r300,5c85640c10d9485c86bf6eb44778c002,noise_high,vehicle,annotation,True,True,135,,0.05,0.8330908382641377
5c85640c10d9485c86bf6eb44778c002_r312,5c85640c10d9485c86bf6eb44778c002,noise_high,vehicle,annotation,True,True,1,,0.1,0.7198543348994929
5c85640c10d9485c86bf6eb44778c002_r313,5c85640c10d9485c86bf6eb44778c002,noise_high,vehicle,annotation,True,True,6,,0.05,0.8028358468082908
5c85640c10d9485c86bf6eb44778c002_r314,5c85640c10d9485c86bf6eb44778c002,noise_high,vehicle,annotation,True,True,2,,0.05,0.7821821301566765
5c85640c10d9485c86bf6eb44778c002_r315,5c85640c10d9485c86bf6eb44778c002,noise_high,vehicle,annotation,True,True,20,,0.05,0.7912058774378052
5c85640c10d9485c86bf6eb44778c002_r316,5c85640c10d9485c86bf6eb44778c002,noise_high,vehicle,annotation,True,True,3,,0.05,0.7915562200859677
5c85640c10d9485c86bf6eb44778c002_r318,5c85640c10d9485c86bf6eb44778c002,noise_high,vehicle,annotation,True,True,101,,0.05,0.8234514728581899
5c85640c10d9485c86bf6eb44778c002_r327,5c85640c10d9485c86bf6eb44778c002,noise_high,vehicle,annotation,True,True,157,,0.05,0.8362643024788194
5c85640c10d9485c86bf6eb44778c002_r329,5c85640c10d9485c86bf6eb44778c002,noise_high,vehicle,annotation,True,True,20,,0.05,0.826114955875506
5c85640c10d9485c86bf6eb44778c002_r333,5c85640c10d9485c86bf6eb44778c002,noise_high,vehicle,annotation,True,True,13,,0.05,0.7959053688140182
5c85640c10d9485c86bf6eb44778c002_r336,5c85640c10d9485c86bf6eb44778c002,noise_high,vehicle,annotation,True,True,10,,0.05,0.7608040485315524
5c85640c10d9485c86bf6eb44778c002_r344,5c85640c10d9485c86bf6eb44778c002,noise_high,vehicle,annotation,True,True,81,,0.05,0.8187697167586747
5c85640c10d9485c86bf6eb44778c002_r352,5c85640c10d9485c86bf6eb44778c002,noise_high,vehicle,annotation,True,True,53,,0.05,0.8288741258184258
5c85640c10d9485c86bf6eb44778c002_r353,5c85640c10d9485c86bf6eb44778c002,noise_high,vehicle,annotation,True,True,2,,0.05,0.8065469704887901
5c85640c10d9485c86bf6eb44778c002_r355,5c85640c10d9485c86bf6eb44778c002,noise_high,vehicle,annotation,True,True,10,,0.05,0.778994869209529
5c85640c10d9485c86bf6eb44778c002_r356,5c85640c10d9485c86bf6eb44778c002,noise_high,vehicle,annotation,True,True,9,,0.05,0.7602843054512716
5c85640c10d9485c86bf6eb44778c002_r372,5c85640c10d9485c86bf6eb44778c002,noise_high,vehicle,annotation,True,True,5,,0.05,0.8134091271844376
5c85640c10d9485c86bf6eb44778c002_r374,5c85640c10d9485c86bf6eb44778c002,noise_high,vehicle,annotation,True,True,1,,0.05,0.7735889778899657
5c85640c10d9485c86bf6eb44778c002_r404,5c85640c10d9485c86bf6eb44778c002,noise_high,vehicle,annotation,True,True,12,,0.05,0.781927764641338
5c85640c10d9485c86bf6eb44778c002_r405,5c85640c10d9485c86bf6eb44778c002,noise_high,vehicle,annotation,True,True,6,,0.05,0.7788352904200864
5c85640c10d9485c86bf6eb44778c002_r406,5c85640c10d9485c86bf6eb44778c002,noise_high,vehicle,annotation,True,True,7,,0.05,0.7818011164254173
5c85640c10d9485c86bf6eb44778c002_r407,5c85640c10d9485c86bf6eb44778c002,noise_high,vehicle,annotation,True,True,7,,0.05,0.783553453980901
5c85640c10d9485c86bf6eb44778c002_r408,5c85640c10d9485c86bf6eb44778c002,noise_high,vehicle,annotation,True,True,8,,0.05,0.793330581613191
5c85640c10d9485c86bf6eb44778c002_r412,5c85640c10d9485c86bf6eb44778c002,noise_high,vehicle,annotation,True,True,79,,0.05,0.8131412843014278
5c85640c10d9485c86bf6eb44778c002_r414,5c85640c10d9485c86bf6eb44778c002,noise_high,vehicle,annotation,True,True,4,,0.05,0.8050664450550425
5c85640c10d9485c86bf6eb44778c002_r418,5c85640c10d9485c86bf6eb44778c002,noise_high,vehicle,annotation,True,True,1,,0.05,0.7502523591735977
5c85640c10d9485c86bf6eb44778c002_r421,5c85640c10d9485c86bf6eb44778c002,noise_high,vehicle,annotation,True,True,19,,0.05,0.7818899115137977
5c85640c10d9485c86bf6eb44778c002_r422,5c85640c10d9485c86bf6eb44778c002,noise_high,vehicle,annotation,True,True,23,,0.05,0.7921651857668973
5c85640c10d9485c86bf6eb44778c002_r423,5c85640c10d9485c86bf6eb44778c002,noise_high,vehicle,annotation,True,True,3,,0.05,0.7901975732829382
5c85640c10d9485c86bf6eb44778c002_r424,5c85640c10d9485c86bf6eb44778c002,noise_high,vehicle,annotation,True,True,6,,0.05,0.7937182679990796
5c85640c10d9485c86bf6eb44778c002_r425,5c85640c10d9485c86bf6eb44778c002,noise_high,vehicle,annotation,True,True,28,,0.05,0.8061998698232462
5c85640c10d9485c86bf6eb44778c002_r426,5c85640c10d9485c86bf6eb44778c002,noise_high,vehicle,annotation,True,True,29,,0.05,0.8075389845249688
5c85640c10d9485c86bf6eb44778c002_r430,5c85640c10d9485c86bf6eb44778c002,noise_high,vehicle,annotation,True,True,15,,0.05,0.7968942087443212
5c85640c10d9485c86bf6eb44778c002_r433,5c85640c10d9485c86bf6eb44778c002,noise_high,vehicle,annotation,True,True,3,,0.05,0.788352931200823
5c85640c10d9485c86bf6eb44778c002_r434,5c85640c10d9485c86bf6eb44778c002,noise_high,vehicle,annotation,True,True,1,,0.05,0.7788515847243865
5c85640c10d9485c86bf6eb44778c002_r436,5c85640c10d9485c86bf6eb44778c002,noise_high,vehicle,annotation,True,True,3,,0.1,0.735399844307789
5c85640c10d9485c86bf6eb44778c002_r443,5c85640c10d9485c86bf6eb44778c002,noise_high,vehicle,annotation,True,True,5,,0.05,0.7906169138857673
5c85640c10d9485c86bf6eb44778c002_r445,5c85640c10d9485c86bf6eb44778c002,noise_high,vehicle,annotation,True,True,6,,0.05,0.7899024403768231
5c85640c10d9485c86bf6eb44778c002_r480,5c85640c10d9485c86bf6eb44778c002,noise_high,vehicle,annotation,True,True,1,,0.05,0.7735442092086487
858a1ece22cf45d9bc71e42336604b78_r303,858a1ece22cf45d9bc71e42336604b78,original,pedestrian_vru,annotation,True,True,378,,0.05,0.8739945582202723
858a1ece22cf45d9bc71e42336604b78_r308,858a1ece22cf45d9bc71e42336604b78,original,pedestrian_vru,annotation,True,True,7,,0.05,0.8465030220461315
858a1ece22cf45d9bc71e42336604b78_r310,858a1ece22cf45d9bc71e42336604b78,original,pedestrian_vru,annotation,True,True,29,,0.05,0.8352380823571313
858a1ece22cf45d9bc71e42336604b78_r311,858a1ece22cf45d9bc71e42336604b78,original,pedestrian_vru,annotation,True,True,10,,0.05,0.8290132325528671
858a1ece22cf45d9bc71e42336604b78_r340,858a1ece22cf45d9bc71e42336604b78,original,pedestrian_vru,annotation,True,True,26,,0.05,0.8381900735375036
858a1ece22cf45d9bc71e42336604b78_r342,858a1ece22cf45d9bc71e42336604b78,original,pedestrian_vru,annotation,True,True,3,,0.05,0.8202109810696634
858a1ece22cf45d9bc71e42336604b78_r359,858a1ece22cf45d9bc71e42336604b78,original,vehicle,annotation,True,True,19,,0.05,0.8150969667688664
858a1ece22cf45d9bc71e42336604b78_r360,858a1ece22cf45d9bc71e42336604b78,original,vehicle,annotation,True,True,49,,0.05,0.8253786088006699
858a1ece22cf45d9bc71e42336604b78_r393,858a1ece22cf45d9bc71e42336604b78,original,vehicle,annotation,True,True,2,,0.05,0.7926416437474815
858a1ece22cf45d9bc71e42336604b78_r394,858a1ece22cf45d9bc71e42336604b78,original,vehicle,annotation,True,True,122,,0.05,0.8274320076156838
858a1ece22cf45d9bc71e42336604b78_r421,858a1ece22cf45d9bc71e42336604b78,original,vehicle,annotation,True,True,1,,0.05,0.7845912260692003
858a1ece22cf45d9bc71e42336604b78_r423,858a1ece22cf45d9bc71e42336604b78,original,vehicle,annotation,True,True,69,,0.05,0.8245602175735016
858a1ece22cf45d9bc71e42336604b78_r449,858a1ece22cf45d9bc71e42336604b78,original,vehicle,annotation,True,True,1,,0.05,0.7810232532505235
858a1ece22cf45d9bc71e42336604b78_r450,858a1ece22cf45d9bc71e42336604b78,original,vehicle,annotation,True,True,51,,0.05,0.8080622619769721
858a1ece22cf45d9bc71e42336604b78_r451,858a1ece22cf45d9bc71e42336604b78,original,vehicle,annotation,True,True,16,,0.05,0.8026156988436602
858a1ece22cf45d9bc71e42336604b78_r497,858a1ece22cf45d9bc71e42336604b78,original,vehicle,annotation,True,True,44,,0.05,0.8038004564538762
858a1ece22cf45d9bc71e42336604b78_r527,858a1ece22cf45d9bc71e42336604b78,original,vehicle,annotation,True,True,42,,0.05,0.8012197903354061
858a1ece22cf45d9bc71e42336604b78_r528,858a1ece22cf45d9bc71e42336604b78,original,vehicle,annotation,True,True,7,,0.05,0.7960012521013234
858a1ece22cf45d9bc71e42336604b78_r550,858a1ece22cf45d9bc71e42336604b78,original,vehicle,annotation,True,True,51,,0.05,0.8268404748423175
858a1ece22cf45d9bc71e42336604b78_r551,858a1ece22cf45d9bc71e42336604b78,original,vehicle,annotation,True,True,23,,0.05,0.8299333214808802
858a1ece22cf45d9bc71e42336604b78_r556,858a1ece22cf45d9bc71e42336604b78,original,vehicle,annotation,True,True,28,,0.05,0.8181620738015519
858a1ece22cf45d9bc71e42336604b78_r557,858a1ece22cf45d9bc71e42336604b78,original,vehicle,annotation,True,True,8,,0.05,0.8549943923812255
858a1ece22cf45d9bc71e42336604b78_r570,858a1ece22cf45d9bc71e42336604b78,original,vehicle,annotation,True,True,74,,0.05,0.8186460928406528
858a1ece22cf45d9bc71e42336604b78_r571,858a1ece22cf45d9bc71e42336604b78,original,vehicle,annotation,True,True,114,,0.05,0.8259941468975565
858a1ece22cf45d9bc71e42336604b78_r572,858a1ece22cf45d9bc71e42336604b78,original,vehicle,annotation,True,True,52,,0.05,0.8165881046497871
858a1ece22cf45d9bc71e42336604b78_r584,858a1ece22cf45d9bc71e42336604b78,original,vehicle,annotation,True,True,26,,0.05,0.849269379893939
858a1ece22cf45d9bc71e42336604b78_r585,858a1ece22cf45d9bc71e42336604b78,original,vehicle,annotation,True,True,11,,0.05,0.8316767377612995
858a1ece22cf45d9bc71e42336604b78_r599,858a1ece22cf45d9bc71e42336604b78,original,vehicle,annotation,True,True,3,,0.05,0.7877009710533934
858a1ece22cf45d9bc71e42336604b78_r600,858a1ece22cf45d9bc71e42336604b78,original,vehicle,annotation,True,True,10,,0.05,0.8223694926124588
858a1ece22cf45d9bc71e42336604b78_r601,858a1ece22cf45d9bc71e42336604b78,original,vehicle,annotation,True,True,37,,0.05,0.8179393788267088
858a1ece22cf45d9bc71e42336604b78_r605,858a1ece22cf45d9bc71e42336604b78,original,vehicle,annotation,True,True,75,,0.05,0.8193068537659997
858a1ece22cf45d9bc71e42336604b78_r606,858a1ece22cf45d9bc71e42336604b78,original,vehicle,annotation,True,True,118,,0.05,0.8213423291845379
858a1ece22cf45d9bc71e42336604b78_r609,858a1ece22cf45d9bc71e42336604b78,original,vehicle,annotation,True,True,25,,0.05,0.8164307654683163
858a1ece22cf45d9bc71e42336604b78_r610,858a1ece22cf45d9bc71e42336604b78,original,vehicle,annotation,True,True,22,,0.05,0.816580160988729
858a1ece22cf45d9bc71e42336604b78_r613,858a1ece22cf45d9bc71e42336604b78,original,vehicle,annotation,True,True,29,,0.05,0.8249534367088198
858a1ece22cf45d9bc71e42336604b78_r615,858a1ece22cf45d9bc71e42336604b78,original,vehicle,annotation,True,True,3,,0.05,0.7822898517513971
858a1ece22cf45d9bc71e42336604b78_r627,858a1ece22cf45d9bc71e42336604b78,original,vehicle,annotation,True,True,16,,0.05,0.7944920753360408
858a1ece22cf45d9bc71e42336604b78_r628,858a1ece22cf45d9bc71e42336604b78,original,vehicle,annotation,True,True,15,,0.05,0.794362545314981
858a1ece22cf45d9bc71e42336604b78_r631,858a1ece22cf45d9bc71e42336604b78,original,vehicle,annotation,True,True,2,,0.05,0.7981281885047593
858a1ece22cf45d9bc71e42336604b78_r632,858a1ece22cf45d9bc71e42336604b78,original,vehicle,annotation,True,True,10,,0.05,0.805970539380838
858a1ece22cf45d9bc71e42336604b78_r659,858a1ece22cf45d9bc71e42336604b78,original,vehicle,annotation,True,True,12,,0.05,0.8289209452801171
858a1ece22cf45d9bc71e42336604b78_r677,858a1ece22cf45d9bc71e42336604b78,original,vehicle,annotation,True,True,3,,0.05,0.7752502291461743
858a1ece22cf45d9bc71e42336604b78_r678,858a1ece22cf45d9bc71e42336604b78,original,vehicle,annotation,True,True,16,,0.05,0.7857284610440388
858a1ece22cf45d9bc71e42336604b78_r679,858a1ece22cf45d9bc71e42336604b78,original,vehicle,annotation,True,True,12,,0.05,0.7866505399609117
858a1ece22cf45d9bc71e42336604b78_r682,858a1ece22cf45d9bc71e42336604b78,original,vehicle,annotation,True,True,4,,0.05,0.7959883742173578
858a1ece22cf45d9bc71e42336604b78_r683,858a1ece22cf45d9bc71e42336604b78,original,vehicle,annotation,True,True,1,,0.05,0.7842993176878527
858a1ece22cf45d9bc71e42336604b78_r692,858a1ece22cf45d9bc71e42336604b78,original,pedestrian_vru,annotation,True,True,2,,0.05,0.7533871578017313
858a1ece22cf45d9bc71e42336604b78_r700,858a1ece22cf45d9bc71e42336604b78,original,vehicle,annotation,True,True,1,,0.05,0.7721041810439355
858a1ece22cf45d9bc71e42336604b78_r701,858a1ece22cf45d9bc71e42336604b78,original,vehicle,annotation,True,True,4,,0.05,0.7726668433972211
858a1ece22cf45d9bc71e42336604b78_r705,858a1ece22cf45d9bc71e42336604b78,original,vehicle,annotation,True,True,1,,0.05,0.7791251113062798
858a1ece22cf45d9bc71e42336604b78_r706,858a1ece22cf45d9bc71e42336604b78,original,vehicle,annotation,True,True,8,,0.05,0.7790292866839239
858a1ece22cf45d9bc71e42336604b78_r710,858a1ece22cf45d9bc71e42336604b78,original,vehicle,annotation,True,True,9,,0.05,0.7737594052560005
858a1ece22cf45d9bc71e42336604b78_r725,858a1ece22cf45d9bc71e42336604b78,original,vehicle,annotation,True,True,6,,0.05,0.7748584237037165
858a1ece22cf45d9bc71e42336604b78_r728,858a1ece22cf45d9bc71e42336604b78,original,vehicle,annotation,True,True,1,,0.05,0.778966414884876
858a1ece22cf45d9bc71e42336604b78_r731,858a1ece22cf45d9bc71e42336604b78,original,vehicle,annotation,True,True,16,,0.05,0.7873146311650924
858a1ece22cf45d9bc71e42336604b78_r747,858a1ece22cf45d9bc71e42336604b78,original,vehicle,annotation,True,True,1,,0.05,0.7597902537443039
858a1ece22cf45d9bc71e42336604b78_r748,858a1ece22cf45d9bc71e42336604b78,original,vehicle,annotation,True,True,4,,0.05,0.7700530619976526
858a1ece22cf45d9bc71e42336604b78_r749,858a1ece22cf45d9bc71e42336604b78,original,vehicle,annotation,True,True,4,,0.05,0.7771599288742516
858a1ece22cf45d9bc71e42336604b78_r750,858a1ece22cf45d9bc71e42336604b78,original,vehicle,annotation,True,True,12,,0.05,0.7802138424296199
858a1ece22cf45d9bc71e42336604b78_r751,858a1ece22cf45d9bc71e42336604b78,original,vehicle,annotation,True,True,3,,0.05,0.7677477959590513
858a1ece22cf45d9bc71e42336604b78_r760,858a1ece22cf45d9bc71e42336604b78,original,vehicle,annotation,True,True,1,,0.05,0.7593395143274528
858a1ece22cf45d9bc71e42336604b78_r763,858a1ece22cf45d9bc71e42336604b78,original,vehicle,annotation,True,True,8,,0.05,0.7746941478148182
858a1ece22cf45d9bc71e42336604b78_r764,858a1ece22cf45d9bc71e42336604b78,original,vehicle,annotation,True,True,13,,0.05,0.7700142088325977
858a1ece22cf45d9bc71e42336604b78_r765,858a1ece22cf45d9bc71e42336604b78,original,vehicle,annotation,True,True,9,,0.05,0.7747818678882179
858a1ece22cf45d9bc71e42336604b78_r766,858a1ece22cf45d9bc71e42336604b78,original,vehicle,annotation,True,True,10,,0.05,0.7626071417178748
858a1ece22cf45d9bc71e42336604b78_r767,858a1ece22cf45d9bc71e42336604b78,original,vehicle,annotation,True,True,9,,0.05,0.7583921538012036
858a1ece22cf45d9bc71e42336604b78_r778,858a1ece22cf45d9bc71e42336604b78,original,vehicle,annotation,True,True,1,,0.1,0.74826134923257
858a1ece22cf45d9bc71e42336604b78_r797,858a1ece22cf45d9bc71e42336604b78,original,vehicle,annotation,True,True,6,,0.05,0.7581188178064455
858a1ece22cf45d9bc71e42336604b78_r799,858a1ece22cf45d9bc71e42336604b78,original,vehicle,annotation,True,True,1,,0.1,0.7486695204041997
858a1ece22cf45d9bc71e42336604b78_r813,858a1ece22cf45d9bc71e42336604b78,original,vehicle,annotation,True,True,2,,0.1,0.7473653080983735
858a1ece22cf45d9bc71e42336604b78_r814,858a1ece22cf45d9bc71e42336604b78,original,vehicle,annotation,True,True,3,,0.05,0.7594213990951718
858a1ece22cf45d9bc71e42336604b78_r939,858a1ece22cf45d9bc71e42336604b78,original,vehicle,annotation,True,True,3,,0.1,0.7056835892950013
858a1ece22cf45d9bc71e42336604b78_r940,858a1ece22cf45d9bc71e42336604b78,original,vehicle,annotation,True,True,1,,0.1,0.7055752634090008
858a1ece22cf45d9bc71e42336604b78_r954,858a1ece22cf45d9bc71e42336604b78,original,vehicle,annotation,True,True,1,,0.1,0.6901537398724807
858a1ece22cf45d9bc71e42336604b78_r962,858a1ece22cf45d9bc71e42336604b78,original,vehicle,annotation,True,True,2,,0.1,0.6903741031818016
858a1ece22cf45d9bc71e42336604b78_r963,858a1ece22cf45d9bc71e42336604b78,original,vehicle,annotation,True,True,1,,0.1,0.6896982908272167
858a1ece22cf45d9bc71e42336604b78_r1038,858a1ece22cf45d9bc71e42336604b78,original,vehicle,annotation,True,True,1,,0.1,0.6228380228827427
858a1ece22cf45d9bc71e42336604b78_r1047,858a1ece22cf45d9bc71e42336604b78,original,vehicle,annotation,True,True,1,,0.1,0.613370434635803
858a1ece22cf45d9bc71e42336604b78_r302,858a1ece22cf45d9bc71e42336604b78,dropout_5pct,pedestrian_vru,annotation,True,True,355,,0.05,0.8743789972396814
858a1ece22cf45d9bc71e42336604b78_r307,858a1ece22cf45d9bc71e42336604b78,dropout_5pct,pedestrian_vru,annotation,True,True,7,,0.05,0.8465030220461315
858a1ece22cf45d9bc71e42336604b78_r309,858a1ece22cf45d9bc71e42336604b78,dropout_5pct,pedestrian_vru,annotation,True,True,28,,0.05,0.8351523586028686
858a1ece22cf45d9bc71e42336604b78_r310,858a1ece22cf45d9bc71e42336604b78,dropout_5pct,pedestrian_vru,annotation,True,True,10,,0.05,0.8290132325528671
858a1ece22cf45d9bc71e42336604b78_r339,858a1ece22cf45d9bc71e42336604b78,dropout_5pct,pedestrian_vru,annotation,True,True,26,,0.05,0.8381900735375036
858a1ece22cf45d9bc71e42336604b78_r341,858a1ece22cf45d9bc71e42336604b78,dropout_5pct,pedestrian_vru,annotation,True,True,3,,0.05,0.8202109810696634
858a1ece22cf45d9bc71e42336604b78_r357,858a1ece22cf45d9bc71e42336604b78,dropout_5pct,vehicle,annotation,True,True,19,,0.05,0.8150969667688664
858a1ece22cf45d9bc71e42336604b78_r358,858a1ece22cf45d9bc71e42336604b78,dropout_5pct,vehicle,annotation,True,True,45,,0.05,0.8261614220250794
858a1ece22cf45d9bc71e42336604b78_r391,858a1ece22cf45d9bc71e42336604b78,dropout_5pct,vehicle,annotation,True,True,2,,0.05,0.7926416437474815
858a1ece22cf45d9bc71e42336604b78_r392,858a1ece22cf45d9bc71e42336604b78,dropout_5pct,vehicle,annotation,True,True,115,,0.05,0.8276745900714169
858a1ece22cf45d9bc71e42336604b78_r419,858a1ece22cf45d9bc71e42336604b78,dropout_5pct,vehicle,annotation,True,True,1,,0.05,0.7845912260692003
858a1ece22cf45d9bc71e42336604b78_r421,858a1ece22cf45d9bc71e42336604b78,dropout_5pct,vehicle,annotation,True,True,64,,0.05,0.8252431379892022
858a1ece22cf45d9bc71e42336604b78_r422,858a1ece22cf45d9bc71e42336604b78,dropout_5pct,vehicle,annotation,True,True,32,,0.05,0.810580043957189
858a1ece22cf45d9bc71e42336604b78_r447,858a1ece22cf45d9bc71e42336604b78,dropout_5pct,vehicle,annotation,True,True,1,,0.05,0.7810232532505235
858a1ece22cf45d9bc71e42336604b78_r448,858a1ece22cf45d9bc71e42336604b78,dropout_5pct,vehicle,annotation,True,True,45,,0.05,0.808722595671515
858a1ece22cf45d9bc71e42336604b78_r449,858a1ece22cf45d9bc71e42336604b78,dropout_5pct,vehicle,annotation,True,True,15,,0.05,0.8024805350939671
858a1ece22cf45d9bc71e42336604b78_r495,858a1ece22cf45d9bc71e42336604b78,dropout_5pct,vehicle,annotation,True,True,43,,0.05,0.8037219059261125
858a1ece22cf45d9bc71e42336604b78_r525,858a1ece22cf45d9bc71e42336604b78,dropout_5pct,vehicle,annotation,True,True,41,,0.05,0.8012266222467714
858a1ece22cf45d9bc71e42336604b78_r526,858a1ece22cf45d9bc71e42336604b78,dropout_5pct,vehicle,annotation,True,True,7,,0.05,0.7960012521013234
858a1ece22cf45d9bc71e42336604b78_r548,858a1ece22cf45d9bc71e42336604b78,dropout_5pct,vehicle,annotation,True,True,50,,0.05,0.8268885608541339
858a1ece22cf45d9bc71e42336604b78_r549,858a1ece22cf45d9bc71e42336604b78,dropout_5pct,vehicle,annotation,True,True,22,,0.05,0.8303767590547962
858a1ece22cf45d9bc71e42336604b78_r554,858a1ece22cf45d9bc71e42336604b78,dropout_5pct,vehicle,annotation,True,True,24,,0.05,0.8201074737302352
858a1ece22cf45d9bc71e42336604b78_r555,858a1ece22cf45d9bc71e42336604b78,dropout_5pct,vehicle,annotation,True,True,7,,0.05,0.8569352408350602
858a1ece22cf45d9bc71e42336604b78_r568,858a1ece22cf45d9bc71e42336604b78,dropout_5pct,vehicle,annotation,True,True,69,,0.05,0.8182296666812857
858a1ece22cf45d9bc71e42336604b78_r569,858a1ece22cf45d9bc71e42336604b78,dropout_5pct,vehicle,annotation,True,True,107,,0.05,0.8259413840292059
858a1ece22cf45d9bc71e42336604b78_r570,858a1ece22cf45d9bc71e42336604b78,dropout_5pct,vehicle,annotation,True,True,51,,0.05,0.8165580980971099
858a1ece22cf45d9bc71e42336604b78_r582,858a1ece22cf45d9bc71e42336604b78,dropout_5pct,vehicle,annotation,True,True,26,,0.05,0.849269379893939
858a1ece22cf45d9bc71e42336604b78_r583,858a1ece22cf45d9bc71e42336604b78,dropout_5pct,vehicle,annotation,True,True,10,,0.05,0.8333241123434821
858a1ece22cf45d9bc71e42336604b78_r597,858a1ece22cf45d9bc71e42336604b78,dropout_5pct,vehicle,annotation,True,True,3,,0.05,0.7877009710533934
858a1ece22cf45d9bc71e42336604b78_r598,858a1ece22cf45d9bc71e42336604b78,dropout_5pct,vehicle,annotation,True,True,10,,0.05,0.8223694926124588
858a1ece22cf45d9bc71e42336604b78_r599,858a1ece22cf45d9bc71e42336604b78,dropout_5pct,vehicle,annotation,True,True,35,,0.05,0.8167583444546817
858a1ece22cf45d9bc71e42336604b78_r603,858a1ece22cf45d9bc71e42336604b78,dropout_5pct,vehicle,annotation,True,True,71,,0.05,0.8188876157644932
858a1ece22cf45d9bc71e42336604b78_r604,858a1ece22cf45d9bc71e42336604b78,dropout_5pct,vehicle,annotation,True,True,113,,0.05,0.8213764924995357
858a1ece22cf45d9bc71e42336604b78_r607,858a1ece22cf45d9bc71e42336604b78,dropout_5pct,vehicle,annotation,True,True,22,,0.05,0.8169039634325251
858a1ece22cf45d9bc71e42336604b78_r608,858a1ece22cf45d9bc71e42336604b78,dropout_5pct,vehicle,annotation,True,True,19,,0.05,0.8165324031959881
858a1ece22cf45d9bc71e42336604b78_r613,858a1ece22cf45d9bc71e42336604b78,dropout_5pct,vehicle,annotation,True,True,3,,0.05,0.7822898517513971
858a1ece22cf45d9bc71e42336604b78_r625,858a1ece22cf45d9bc71e42336604b78,dropout_5pct,vehicle,annotation,True,True,15,,0.05,0.7946419916049984
858a1ece22cf45d9bc71e42336604b78_r626,858a1ece22cf45d9bc71e42336604b78,dropout_5pct,vehicle,annotation,True,True,15,,0.05,0.794362545314981
858a1ece22cf45d9bc71e42336604b78_r629,858a1ece22cf45d9bc71e42336604b78,dropout_5pct,vehicle,annotation,True,True,2,,0.05,0.7981281885047593
858a1ece22cf45d9bc71e42336604b78_r630,858a1ece22cf45d9bc71e42336604b78,dropout_5pct,vehicle,annotation,True,True,10,,0.05,0.805970539380838
858a1ece22cf45d9bc71e42336604b78_r657,858a1ece22cf45d9bc71e42336604b78,dropout_5pct,vehicle,annotation,True,True,12,,0.05,0.8289209452801171
858a1ece22cf45d9bc71e42336604b78_r675,858a1ece22cf45d9bc71e42336604b78,dropout_5pct,vehicle,annotation,True,True,3,,0.05,0.7752502291461743
858a1ece22cf45d9bc71e42336604b78_r676,858a1ece22cf45d9bc71e42336604b78,dropout_5pct,vehicle,annotation,True,True,16,,0.05,0.7857284610440388
858a1ece22cf45d9bc71e42336604b78_r677,858a1ece22cf45d9bc71e42336604b78,dropout_5pct,vehicle,annotation,True,True,12,,0.05,0.7866505399609117
858a1ece22cf45d9bc71e42336604b78_r680,858a1ece22cf45d9bc71e42336604b78,dropout_5pct,vehicle,annotation,True,True,4,,0.05,0.7959883742173578
858a1ece22cf45d9bc71e42336604b78_r681,858a1ece22cf45d9bc71e42336604b78,dropout_5pct,vehicle,annotation,True,True,1,,0.05,0.7842993176878527
858a1ece22cf45d9bc71e42336604b78_r690,858a1ece22cf45d9bc71e42336604b78,dropout_5pct,pedestrian_vru,annotation,True,True,2,,0.05,0.7533871578017313
858a1ece22cf45d9bc71e42336604b78_r698,858a1ece22cf45d9bc71e42336604b78,dropout_5pct,vehicle,annotation,True,True,1,,0.05,0.7721041810439355
858a1ece22cf45d9bc71e42336604b78_r699,858a1ece22cf45d9bc71e42336604b78,dropout_5pct,vehicle,annotation,True,True,4,,0.05,0.7726668433972211
858a1ece22cf45d9bc71e42336604b78_r703,858a1ece22cf45d9bc71e42336604b78,dropout_5pct,vehicle,annotation,True,True,1,,0.05,0.7791251113062798
858a1ece22cf45d9bc71e42336604b78_r704,858a1ece22cf45d9bc71e42336604b78,dropout_5pct,vehicle,annotation,True,True,8,,0.05,0.7790292866839239
858a1ece22cf45d9bc71e42336604b78_r708,858a1ece22cf45d9bc71e42336604b78,dropout_5pct,vehicle,annotation,True,True,9,,0.05,0.7737594052560005
858a1ece22cf45d9bc71e42336604b78_r723,858a1ece22cf45d9bc71e42336604b78,dropout_5pct,vehicle,annotation,True,True,5,,0.05,0.7752460769289004
858a1ece22cf45d9bc71e42336604b78_r726,858a1ece22cf45d9bc71e42336604b78,dropout_5pct,vehicle,annotation,True,True,1,,0.05,0.778966414884876
858a1ece22cf45d9bc71e42336604b78_r729,858a1ece22cf45d9bc71e42336604b78,dropout_5pct,vehicle,annotation,True,True,15,,0.05,0.7876447982413978
858a1ece22cf45d9bc71e42336604b78_r745,858a1ece22cf45d9bc71e42336604b78,dropout_5pct,vehicle,annotation,True,True,1,,0.05,0.7597902537443039
858a1ece22cf45d9bc71e42336604b78_r746,858a1ece22cf45d9bc71e42336604b78,dropout_5pct,vehicle,annotation,True,True,4,,0.05,0.7700530619976526
858a1ece22cf45d9bc71e42336604b78_r747,858a1ece22cf45d9bc71e42336604b78,dropout_5pct,vehicle,annotation,True,True,3,,0.05,0.7778202357183431
858a1ece22cf45d9bc71e42336604b78_r748,858a1ece22cf45d9bc71e42336604b78,dropout_5pct,vehicle,annotation,True,True,12,,0.05,0.7802138424296199
858a1ece22cf45d9bc71e42336604b78_r749,858a1ece22cf45d9bc71e42336604b78,dropout_5pct,vehicle,annotation,True,True,3,,0.05,0.7677477959590513
858a1ece22cf45d9bc71e42336604b78_r760,858a1ece22cf45d9bc71e42336604b78,dropout_5pct,vehicle,annotation,True,True,7,,0.05,0.7746499840514449
858a1ece22cf45d9bc71e42336604b78_r761,858a1ece22cf45d9bc71e42336604b78,dropout_5pct,vehicle,annotation,True,True,12,,0.05,0.7645757627817495
858a1ece22cf45d9bc71e42336604b78_r762,858a1ece22cf45d9bc71e42336604b78,dropout_5pct,vehicle,annotation,True,True,7,,0.05,0.7747213545380373
858a1ece22cf45d9bc71e42336604b78_r763,858a1ece22cf45d9bc71e42336604b78,dropout_5pct,vehicle,annotation,True,True,10,,0.05,0.7626071417178748
858a1ece22cf45d9bc71e42336604b78_r764,858a1ece22cf45d9bc71e42336604b78,dropout_5pct,vehicle,annotation,True,True,8,,0.05,0.7563306138754577
858a1ece22cf45d9bc71e42336604b78_r775,858a1ece22cf45d9bc71e42336604b78,dropout_5pct,vehicle,annotation,True,True,1,,0.1,0.74826134923257
858a1ece22cf45d9bc71e42336604b78_r794,858a1ece22cf45d9bc71e42336604b78,dropout_5pct,vehicle,annotation,True,True,5,,0.05,0.7585681420177908
858a1ece22cf45d9bc71e42336604b78_r796,858a1ece22cf45d9bc71e42336604b78,dropout_5pct,vehicle,annotation,True,True,1,,0.1,0.7486695204041997
858a1ece22cf45d9bc71e42336604b78_r810,858a1ece22cf45d9bc71e42336604b78,dropout_5pct,vehicle,annotation,True,True,2,,0.1,0.7473653080983735
858a1ece22cf45d9bc71e42336604b78_r811,858a1ece22cf45d9bc71e42336604b78,dropout_5pct,vehicle,annotation,True,True,3,,0.05,0.7594213990951718
858a1ece22cf45d9bc71e42336604b78_r931,858a1ece22cf45d9bc71e42336604b78,dropout_5pct,vehicle,annotation,True,True,3,,0.1,0.7056835892950013
858a1ece22cf45d9bc71e42336604b78_r932,858a1ece22cf45d9bc71e42336604b78,dropout_5pct,vehicle,annotation,True,True,1,,0.1,0.7055752634090008
858a1ece22cf45d9bc71e42336604b78_r946,858a1ece22cf45d9bc71e42336604b78,dropout_5pct,vehicle,annotation,True,True,1,,0.1,0.6901537398724807
858a1ece22cf45d9bc71e42336604b78_r954,858a1ece22cf45d9bc71e42336604b78,dropout_5pct,vehicle,annotation,True,True,2,,0.1,0.6903741031818016
858a1ece22cf45d9bc71e42336604b78_r955,858a1ece22cf45d9bc71e42336604b78,dropout_5pct,vehicle,annotation,True,True,1,,0.1,0.6896982908272167
858a1ece22cf45d9bc71e42336604b78_r1027,858a1ece22cf45d9bc71e42336604b78,dropout_5pct,vehicle,annotation,True,True,1,,0.1,0.6228380228827427
858a1ece22cf45d9bc71e42336604b78_r1036,858a1ece22cf45d9bc71e42336604b78,dropout_5pct,vehicle,annotation,True,True,1,,0.1,0.613370434635803
858a1ece22cf45d9bc71e42336604b78_r299,858a1ece22cf45d9bc71e42336604b78,dropout_10pct,pedestrian_vru,annotation,True,True,343,,0.05,0.8742037810403697
858a1ece22cf45d9bc71e42336604b78_r304,858a1ece22cf45d9bc71e42336604b78,dropout_10pct,pedestrian_vru,annotation,True,True,7,,0.05,0.8465030220461315
858a1ece22cf45d9bc71e42336604b78_r306,858a1ece22cf45d9bc71e42336604b78,dropout_10pct,pedestrian_vru,annotation,True,True,27,,0.05,0.8353570250843554
858a1ece22cf45d9bc71e42336604b78_r307,858a1ece22cf45d9bc71e42336604b78,dropout_10pct,pedestrian_vru,annotation,True,True,9,,0.05,0.8293799500932943
858a1ece22cf45d9bc71e42336604b78_r336,858a1ece22cf45d9bc71e42336604b78,dropout_10pct,pedestrian_vru,annotation,True,True,25,,0.05,0.8385041094595532
858a1ece22cf45d9bc71e42336604b78_r338,858a1ece22cf45d9bc71e42336604b78,dropout_10pct,pedestrian_vru,annotation,True,True,3,,0.05,0.8202109810696634
858a1ece22cf45d9bc71e42336604b78_r354,858a1ece22cf45d9bc71e42336604b78,dropout_10pct,vehicle,annotation,True,True,19,,0.05,0.8150969667688664
858a1ece22cf45d9bc71e42336604b78_r355,858a1ece22cf45d9bc71e42336604b78,dropout_10pct,vehicle,annotation,True,True,44,,0.05,0.8247993901479264
858a1ece22cf45d9bc71e42336604b78_r388,858a1ece22cf45d9bc71e42336604b78,dropout_10pct,vehicle,annotation,True,True,2,,0.05,0.7926416437474815
858a1ece22cf45d9bc71e42336604b78_r389,858a1ece22cf45d9bc71e42336604b78,dropout_10pct,vehicle,annotation,True,True,111,,0.05,0.8268058598727658
858a1ece22cf45d9bc71e42336604b78_r416,858a1ece22cf45d9bc71e42336604b78,dropout_10pct,vehicle,annotation,True,True,1,,0.05,0.7845912260692003
858a1ece22cf45d9bc71e42336604b78_r418,858a1ece22cf45d9bc71e42336604b78,dropout_10pct,vehicle,annotation,True,True,63,,0.05,0.8252481387894361
858a1ece22cf45d9bc71e42336604b78_r419,858a1ece22cf45d9bc71e42336604b78,dropout_10pct,vehicle,annotation,True,True,31,,0.05,0.810693315942214
858a1ece22cf45d9bc71e42336604b78_r444,858a1ece22cf45d9bc71e42336604b78,dropout_10pct,vehicle,annotation,True,True,1,,0.05,0.7810232532505235
858a1ece22cf45d9bc71e42336604b78_r445,858a1ece22cf45d9bc71e42336604b78,dropout_10pct,vehicle,annotation,True,True,44,,0.05,0.8085598541759955
858a1ece22cf45d9bc71e42336604b78_r446,858a1ece22cf45d9bc71e42336604b78,dropout_10pct,vehicle,annotation,True,True,14,,0.05,0.8022620342931283
858a1ece22cf45d9bc71e42336604b78_r492,858a1ece22cf45d9bc71e42336604b78,dropout_10pct,vehicle,annotation,True,True,41,,0.05,0.8038230248214381
858a1ece22cf45d9bc71e42336604b78_r493,858a1ece22cf45d9bc71e42336604b78,dropout_10pct,vehicle,annotation,True,True,3,,0.05,0.7993204987678034
858a1ece22cf45d9bc71e42336604b78_r521,858a1ece22cf45d9bc71e42336604b78,dropout_10pct,vehicle,annotation,True,True,35,,0.05,0.8010840859766445
858a1ece22cf45d9bc71e42336604b78_r522,858a1ece22cf45d9bc71e42336604b78,dropout_10pct,vehicle,annotation,True,True,7,,0.05,0.7960012521013234
858a1ece22cf45d9bc71e42336604b78_r544,858a1ece22cf45d9bc71e42336604b78,dropout_10pct,vehicle,annotation,True,True,50,,0.05,0.8268885608541339
858a1ece22cf45d9bc71e42336604b78_r545,858a1ece22cf45d9bc71e42336604b78,dropout_10pct,vehicle,annotation,True,True,22,,0.05,0.8303767590547962
858a1ece22cf45d9bc71e42336604b78_r550,858a1ece22cf45d9bc71e42336604b78,dropout_10pct,vehicle,annotation,True,True,20,,0.05,0.8216416913932745
858a1ece22cf45d9bc71e42336604b78_r551,858a1ece22cf45d9bc71e42336604b78,dropout_10pct,vehicle,annotation,True,True,7,,0.05,0.8569352408350602
858a1ece22cf45d9bc71e42336604b78_r564,858a1ece22cf45d9bc71e42336604b78,dropout_10pct,vehicle,annotation,True,True,65,,0.05,0.8185194223364747
858a1ece22cf45d9bc71e42336604b78_r565,858a1ece22cf45d9bc71e42336604b78,dropout_10pct,vehicle,annotation,True,True,102,,0.05,0.8257968399153155
858a1ece22cf45d9bc71e42336604b78_r566,858a1ece22cf45d9bc71e42336604b78,dropout_10pct,vehicle,annotation,True,True,50,,0.05,0.8165336289610207
858a1ece22cf45d9bc71e42336604b78_r578,858a1ece22cf45d9bc71e42336604b78,dropout_10pct,vehicle,annotation,True,True,25,,0.05,0.8499342075823111
858a1ece22cf45d9bc71e42336604b78_r579,858a1ece22cf45d9bc71e42336604b78,dropout_10pct,vehicle,annotation,True,True,10,,0.05,0.8333241123434821
858a1ece22cf45d9bc71e42336604b78_r593,858a1ece22cf45d9bc71e42336604b78,dropout_10pct,vehicle,annotation,True,True,3,,0.05,0.7877009710533934
858a1ece22cf45d9bc71e42336604b78_r594,858a1ece22cf45d9bc71e42336604b78,dropout_10pct,vehicle,annotation,True,True,9,,0.05,0.8226806960846033
858a1ece22cf45d9bc71e42336604b78_r595,858a1ece22cf45d9bc71e42336604b78,dropout_10pct,vehicle,annotation,True,True,33,,0.05,0.8164042795024763
858a1ece22cf45d9bc71e42336604b78_r599,858a1ece22cf45d9bc71e42336604b78,dropout_10pct,vehicle,annotation,True,True,70,,0.05,0.8189611868918419
858a1ece22cf45d9bc71e42336604b78_r600,858a1ece22cf45d9bc71e42336604b78,dropout_10pct,vehicle,annotation,True,True,109,,0.05,0.8216017302743891
858a1ece22cf45d9bc71e42336604b78_r603,858a1ece22cf45d9bc71e42336604b78,dropout_10pct,vehicle,annotation,True,True,21,,0.05,0.8172615599622864
858a1ece22cf45d9bc71e42336604b78_r604,858a1ece22cf45d9bc71e42336604b78,dropout_10pct,vehicle,annotation,True,True,17,,0.05,0.8153361202758088
858a1ece22cf45d9bc71e42336604b78_r607,858a1ece22cf45d9bc71e42336604b78,dropout_10pct,vehicle,annotation,True,True,24,,0.05,0.8228173344639289
858a1ece22cf45d9bc71e42336604b78_r609,858a1ece22cf45d9bc71e42336604b78,dropout_10pct,vehicle,annotation,True,True,3,,0.05,0.7822898517513971
858a1ece22cf45d9bc71e42336604b78_r621,858a1ece22cf45d9bc71e42336604b78,dropout_10pct,vehicle,annotation,True,True,15,,0.05,0.7946419916049984
858a1ece22cf45d9bc71e42336604b78_r622,858a1ece22cf45d9bc71e42336604b78,dropout_10pct,vehicle,annotation,True,True,14,,0.05,0.794326147250478
858a1ece22cf45d9bc71e42336604b78_r625,858a1ece22cf45d9bc71e42336604b78,dropout_10pct,vehicle,annotation,True,True,2,,0.05,0.7981281885047593
858a1ece22cf45d9bc71e42336604b78_r626,858a1ece22cf45d9bc71e42336604b78,dropout_10pct,vehicle,annotation,True,True,10,,0.05,0.805970539380838
858a1ece22cf45d9bc71e42336604b78_r653,858a1ece22cf45d9bc71e42336604b78,dropout_10pct,vehicle,annotation,True,True,11,,0.05,0.829450297574116
858a1ece22cf45d9bc71e42336604b78_r671,858a1ece22cf45d9bc71e42336604b78,dropout_10pct,vehicle,annotation,True,True,3,,0.05,0.7752502291461743
858a1ece22cf45d9bc71e42336604b78_r672,858a1ece22cf45d9bc71e42336604b78,dropout_10pct,vehicle,annotation,True,True,14,,0.05,0.7854795403433626
858a1ece22cf45d9bc71e42336604b78_r673,858a1ece22cf45d9bc71e42336604b78,dropout_10pct,vehicle,annotation,True,True,12,,0.05,0.7866505399609117
858a1ece22cf45d9bc71e42336604b78_r676,858a1ece22cf45d9bc71e42336604b78,dropout_10pct,vehicle,annotation,True,True,4,,0.05,0.7959883742173578
858a1ece22cf45d9bc71e42336604b78_r677,858a1ece22cf45d9bc71e42336604b78,dropout_10pct,vehicle,annotation,True,True,1,,0.05,0.7842993176878527
858a1ece22cf45d9bc71e42336604b78_r686,858a1ece22cf45d9bc71e42336604b78,dropout_10pct,pedestrian_vru,annotation,True,True,2,,0.05,0.7533871578017313
858a1ece22cf45d9bc71e42336604b78_r694,858a1ece22cf45d9bc71e42336604b78,dropout_10pct,vehicle,annotation,True,True,1,,0.05,0.7721041810439355
858a1ece22cf45d9bc71e42336604b78_r695,858a1ece22cf45d9bc71e42336604b78,dropout_10pct,vehicle,annotation,True,True,3,,0.05,0.7727197920297522
858a1ece22cf45d9bc71e42336604b78_r699,858a1ece22cf45d9bc71e42336604b78,dropout_10pct,vehicle,annotation,True,True,1,,0.05,0.7791251113062798
858a1ece22cf45d9bc71e42336604b78_r700,858a1ece22cf45d9bc71e42336604b78,dropout_10pct,vehicle,annotation,True,True,8,,0.05,0.7790292866839239
858a1ece22cf45d9bc71e42336604b78_r704,858a1ece22cf45d9bc71e42336604b78,dropout_10pct,vehicle,annotation,True,True,9,,0.05,0.7737594052560005
858a1ece22cf45d9bc71e42336604b78_r719,858a1ece22cf45d9bc71e42336604b78,dropout_10pct,vehicle,annotation,True,True,5,,0.05,0.7752460769289004
858a1ece22cf45d9bc71e42336604b78_r722,858a1ece22cf45d9bc71e42336604b78,dropout_10pct,vehicle,annotation,True,True,1,,0.05,0.778966414884876
858a1ece22cf45d9bc71e42336604b78_r725,858a1ece22cf45d9bc71e42336604b78,dropout_10pct,vehicle,annotation,True,True,14,,0.05,0.7879973239262064
858a1ece22cf45d9bc71e42336604b78_r741,858a1ece22cf45d9bc71e42336604b78,dropout_10pct,vehicle,annotation,True,True,1,,0.05,0.7597902537443039
858a1ece22cf45d9bc71e42336604b78_r742,858a1ece22cf45d9bc71e42336604b78,dropout_10pct,vehicle,annotation,True,True,3,,0.05,0.7611320863730443
858a1ece22cf45d9bc71e42336604b78_r743,858a1ece22cf45d9bc71e42336604b78,dropout_10pct,vehicle,annotation,True,True,3,,0.05,0.7778202357183431
858a1ece22cf45d9bc71e42336604b78_r744,858a1ece22cf45d9bc71e42336604b78,dropout_10pct,vehicle,annotation,True,True,12,,0.05,0.7802138424296199
858a1ece22cf45d9bc71e42336604b78_r745,858a1ece22cf45d9bc71e42336604b78,dropout_10pct,vehicle,annotation,True,True,3,,0.05,0.7677477959590513
858a1ece22cf45d9bc71e42336604b78_r756,858a1ece22cf45d9bc71e42336604b78,dropout_10pct,vehicle,annotation,True,True,7,,0.05,0.7746499840514449
858a1ece22cf45d9bc71e42336604b78_r757,858a1ece22cf45d9bc71e42336604b78,dropout_10pct,vehicle,annotation,True,True,10,,0.05,0.7645770032216082
858a1ece22cf45d9bc71e42336604b78_r758,858a1ece22cf45d9bc71e42336604b78,dropout_10pct,vehicle,annotation,True,True,6,,0.05,0.7742408336441712
858a1ece22cf45d9bc71e42336604b78_r759,858a1ece22cf45d9bc71e42336604b78,dropout_10pct,vehicle,annotation,True,True,9,,0.05,0.7621035710865753
858a1ece22cf45d9bc71e42336604b78_r760,858a1ece22cf45d9bc71e42336604b78,dropout_10pct,vehicle,annotation,True,True,8,,0.05,0.7563306138754577
858a1ece22cf45d9bc71e42336604b78_r771,858a1ece22cf45d9bc71e42336604b78,dropout_10pct,vehicle,annotation,True,True,1,,0.1,0.74826134923257
858a1ece22cf45d9bc71e42336604b78_r790,858a1ece22cf45d9bc71e42336604b78,dropout_10pct,vehicle,annotation,True,True,5,,0.05,0.7585681420177908
858a1ece22cf45d9bc71e42336604b78_r792,858a1ece22cf45d9bc71e42336604b78,dropout_10pct,vehicle,annotation,True,True,1,,0.1,0.7486695204041997
858a1ece22cf45d9bc71e42336604b78_r806,858a1ece22cf45d9bc71e42336604b78,dropout_10pct,vehicle,annotation,True,True,2,,0.1,0.7473653080983735
858a1ece22cf45d9bc71e42336604b78_r807,858a1ece22cf45d9bc71e42336604b78,dropout_10pct,vehicle,annotation,True,True,3,,0.05,0.7594213990951718
858a1ece22cf45d9bc71e42336604b78_r881,858a1ece22cf45d9bc71e42336604b78,dropout_10pct,vehicle,annotation,True,True,12,,0.05,0.7925797842689731
858a1ece22cf45d9bc71e42336604b78_r924,858a1ece22cf45d9bc71e42336604b78,dropout_10pct,vehicle,annotation,True,True,3,,0.1,0.7056835892950013
858a1ece22cf45d9bc71e42336604b78_r925,858a1ece22cf45d9bc71e42336604b78,dropout_10pct,vehicle,annotation,True,True,1,,0.1,0.7055752634090008
858a1ece22cf45d9bc71e42336604b78_r939,858a1ece22cf45d9bc71e42336604b78,dropout_10pct,vehicle,annotation,True,True,1,,0.1,0.6901537398724807
858a1ece22cf45d9bc71e42336604b78_r947,858a1ece22cf45d9bc71e42336604b78,dropout_10pct,vehicle,annotation,True,True,2,,0.1,0.6903741031818016
858a1ece22cf45d9bc71e42336604b78_r948,858a1ece22cf45d9bc71e42336604b78,dropout_10pct,vehicle,annotation,True,True,1,,0.1,0.6896982908272167
858a1ece22cf45d9bc71e42336604b78_r1018,858a1ece22cf45d9bc71e42336604b78,dropout_10pct,vehicle,annotation,True,True,1,,0.1,0.6228380228827427
858a1ece22cf45d9bc71e42336604b78_r1027,858a1ece22cf45d9bc71e42336604b78,dropout_10pct,vehicle,annotation,True,True,1,,0.1,0.613370434635803
858a1ece22cf45d9bc71e42336604b78_r290,858a1ece22cf45d9bc71e42336604b78,dropout_20pct,pedestrian_vru,annotation,True,True,297,,0.05,0.8745422144046655
858a1ece22cf45d9bc71e42336604b78_r295,858a1ece22cf45d9bc71e42336604b78,dropout_20pct,pedestrian_vru,annotation,True,True,6,,0.05,0.8465409219630416
858a1ece22cf45d9bc71e42336604b78_r297,858a1ece22cf45d9bc71e42336604b78,dropout_20pct,pedestrian_vru,annotation,True,True,21,,0.05,0.8348171435689302
858a1ece22cf45d9bc71e42336604b78_r298,858a1ece22cf45d9bc71e42336604b78,dropout_20pct,pedestrian_vru,annotation,True,True,6,,0.05,0.8305258736807561
858a1ece22cf45d9bc71e42336604b78_r327,858a1ece22cf45d9bc71e42336604b78,dropout_20pct,pedestrian_vru,annotation,True,True,24,,0.05,0.8386879132011468
858a1ece22cf45d9bc71e42336604b78_r329,858a1ece22cf45d9bc71e42336604b78,dropout_20pct,pedestrian_vru,annotation,True,True,3,,0.05,0.8202109810696634
858a1ece22cf45d9bc71e42336604b78_r345,858a1ece22cf45d9bc71e42336604b78,dropout_20pct,vehicle,annotation,True,True,17,,0.05,0.8151961305539495
858a1ece22cf45d9bc71e42336604b78_r346,858a1ece22cf45d9bc71e42336604b78,dropout_20pct,vehicle,annotation,True,True,39,,0.05,0.8254688173221532
858a1ece22cf45d9bc71e42336604b78_r378,858a1ece22cf45d9bc71e42336604b78,dropout_20pct,vehicle,annotation,True,True,2,,0.05,0.7926416437474815
858a1ece22cf45d9bc71e42336604b78_r379,858a1ece22cf45d9bc71e42336604b78,dropout_20pct,vehicle,annotation,True,True,100,,0.05,0.8266351255518228
858a1ece22cf45d9bc71e42336604b78_r406,858a1ece22cf45d9bc71e42336604b78,dropout_20pct,vehicle,annotation,True,True,1,,0.05,0.7845912260692003
858a1ece22cf45d9bc71e42336604b78_r408,858a1ece22cf45d9bc71e42336604b78,dropout_20pct,vehicle,annotation,True,True,58,,0.05,0.8250681234356187
858a1ece22cf45d9bc71e42336604b78_r409,858a1ece22cf45d9bc71e42336604b78,dropout_20pct,vehicle,annotation,True,True,27,,0.05,0.8111228116841953
858a1ece22cf45d9bc71e42336604b78_r434,858a1ece22cf45d9bc71e42336604b78,dropout_20pct,vehicle,annotation,True,True,1,,0.05,0.7810232532505235
858a1ece22cf45d9bc71e42336604b78_r435,858a1ece22cf45d9bc71e42336604b78,dropout_20pct,vehicle,annotation,True,True,39,,0.05,0.8089698630294064
858a1ece22cf45d9bc71e42336604b78_r436,858a1ece22cf45d9bc71e42336604b78,dropout_20pct,vehicle,annotation,True,True,14,,0.05,0.8022620342931283
858a1ece22cf45d9bc71e42336604b78_r482,858a1ece22cf45d9bc71e42336604b78,dropout_20pct,vehicle,annotation,True,True,33,,0.05,0.8039454755610342
858a1ece22cf45d9bc71e42336604b78_r483,858a1ece22cf45d9bc71e42336604b78,dropout_20pct,vehicle,annotation,True,True,3,,0.05,0.7993204987678034
858a1ece22cf45d9bc71e42336604b78_r511,858a1ece22cf45d9bc71e42336604b78,dropout_20pct,vehicle,annotation,True,True,30,,0.05,0.8008397113763341
858a1ece22cf45d9bc71e42336604b78_r512,858a1ece22cf45d9bc71e42336604b78,dropout_20pct,vehicle,annotation,True,True,6,,0.05,0.7928720268170625
858a1ece22cf45d9bc71e42336604b78_r534,858a1ece22cf45d9bc71e42336604b78,dropout_20pct,vehicle,annotation,True,True,44,,0.05,0.8266195085394581
858a1ece22cf45d9bc71e42336604b78_r535,858a1ece22cf45d9bc71e42336604b78,dropout_20pct,vehicle,annotation,True,True,18,,0.05,0.8308387162586244
858a1ece22cf45d9bc71e42336604b78_r540,858a1ece22cf45d9bc71e42336604b78,dropout_20pct,vehicle,annotation,True,True,19,,0.05,0.8226697700394733
858a1ece22cf45d9bc71e42336604b78_r554,858a1ece22cf45d9bc71e42336604b78,dropout_20pct,vehicle,annotation,True,True,59,,0.05,0.8181738232739314
858a1ece22cf45d9bc71e42336604b78_r555,858a1ece22cf45d9bc71e42336604b78,dropout_20pct,vehicle,annotation,True,True,88,,0.05,0.8265125514677142
858a1ece22cf45d9bc71e42336604b78_r556,858a1ece22cf45d9bc71e42336604b78,dropout_20pct,vehicle,annotation,True,True,46,,0.05,0.816599412257724
858a1ece22cf45d9bc71e42336604b78_r568,858a1ece22cf45d9bc71e42336604b78,dropout_20pct,vehicle,annotation,True,True,23,,0.05,0.8514959545510026
858a1ece22cf45d9bc71e42336604b78_r569,858a1ece22cf45d9bc71e42336604b78,dropout_20pct,vehicle,annotation,True,True,8,,0.05,0.8374963273378535
858a1ece22cf45d9bc71e42336604b78_r583,858a1ece22cf45d9bc71e42336604b78,dropout_20pct,vehicle,annotation,True,True,2,,0.05,0.7871376543213856
858a1ece22cf45d9bc71e42336604b78_r584,858a1ece22cf45d9bc71e42336604b78,dropout_20pct,vehicle,annotation,True,True,8,,0.05,0.8205478499662899
858a1ece22cf45d9bc71e42336604b78_r585,858a1ece22cf45d9bc71e42336604b78,dropout_20pct,vehicle,annotation,True,True,30,,0.05,0.8152910529621401
858a1ece22cf45d9bc71e42336604b78_r589,858a1ece22cf45d9bc71e42336604b78,dropout_20pct,vehicle,annotation,True,True,64,,0.05,0.8190758440135494
858a1ece22cf45d9bc71e42336604b78_r590,858a1ece22cf45d9bc71e42336604b78,dropout_20pct,vehicle,annotation,True,True,91,,0.05,0.8212908047037527
858a1ece22cf45d9bc71e42336604b78_r593,858a1ece22cf45d9bc71e42336604b78,dropout_20pct,vehicle,annotation,True,True,18,,0.05,0.8167941045094141
858a1ece22cf45d9bc71e42336604b78_r594,858a1ece22cf45d9bc71e42336604b78,dropout_20pct,vehicle,annotation,True,True,14,,0.05,0.8157089166727
858a1ece22cf45d9bc71e42336604b78_r599,858a1ece22cf45d9bc71e42336604b78,dropout_20pct,vehicle,annotation,True,True,3,,0.05,0.7822898517513971
858a1ece22cf45d9bc71e42336604b78_r609,858a1ece22cf45d9bc71e42336604b78,dropout_20pct,vehicle,annotation,True,True,14,,0.05,0.7946204337298066
858a1ece22cf45d9bc71e42336604b78_r610,858a1ece22cf45d9bc71e42336604b78,dropout_20pct,vehicle,annotation,True,True,9,,0.05,0.7940188061411341
858a1ece22cf45d9bc71e42336604b78_r613,858a1ece22cf45d9bc71e42336604b78,dropout_20pct,vehicle,annotation,True,True,2,,0.05,0.7981281885047593
858a1ece22cf45d9bc71e42336604b78_r614,858a1ece22cf45d9bc71e42336604b78,dropout_20pct,vehicle,annotation,True,True,10,,0.05,0.805970539380838
858a1ece22cf45d9bc71e42336604b78_r641,858a1ece22cf45d9bc71e42336604b78,dropout_20pct,vehicle,annotation,True,True,9,,0.05,0.8320951344352104
858a1ece22cf45d9bc71e42336604b78_r659,858a1ece22cf45d9bc71e42336604b78,dropout_20pct,vehicle,annotation,True,True,3,,0.05,0.7752502291461743
858a1ece22cf45d9bc71e42336604b78_r660,858a1ece22cf45d9bc71e42336604b78,dropout_20pct,vehicle,annotation,True,True,14,,0.05,0.7854795403433626
858a1ece22cf45d9bc71e42336604b78_r661,858a1ece22cf45d9bc71e42336604b78,dropout_20pct,vehicle,annotation,True,True,11,,0.05,0.786835322553362
858a1ece22cf45d9bc71e42336604b78_r664,858a1ece22cf45d9bc71e42336604b78,dropout_20pct,vehicle,annotation,True,True,4,,0.05,0.7959883742173578
858a1ece22cf45d9bc71e42336604b78_r665,858a1ece22cf45d9bc71e42336604b78,dropout_20pct,vehicle,annotation,True,True,1,,0.05,0.7842993176878527
858a1ece22cf45d9bc71e42336604b78_r674,858a1ece22cf45d9bc71e42336604b78,dropout_20pct,pedestrian_vru,annotation,True,True,2,,0.05,0.7533871578017313
858a1ece22cf45d9bc71e42336604b78_r682,858a1ece22cf45d9bc71e42336604b78,dropout_20pct,vehicle,annotation,True,True,1,,0.05,0.7721041810439355
858a1ece22cf45d9bc71e42336604b78_r683,858a1ece22cf45d9bc71e42336604b78,dropout_20pct,vehicle,annotation,True,True,3,,0.05,0.7727197920297522
858a1ece22cf45d9bc71e42336604b78_r687,858a1ece22cf45d9bc71e42336604b78,dropout_20pct,vehicle,annotation,True,True,1,,0.05,0.7791251113062798
858a1ece22cf45d9bc71e42336604b78_r688,858a1ece22cf45d9bc71e42336604b78,dropout_20pct,vehicle,annotation,True,True,8,,0.05,0.7790292866839239
858a1ece22cf45d9bc71e42336604b78_r692,858a1ece22cf45d9bc71e42336604b78,dropout_20pct,vehicle,annotation,True,True,8,,0.05,0.773718347859018
858a1ece22cf45d9bc71e42336604b78_r707,858a1ece22cf45d9bc71e42336604b78,dropout_20pct,vehicle,annotation,True,True,5,,0.05,0.7752460769289004
858a1ece22cf45d9bc71e42336604b78_r710,858a1ece22cf45d9bc71e42336604b78,dropout_20pct,vehicle,annotation,True,True,1,,0.05,0.778966414884876
858a1ece22cf45d9bc71e42336604b78_r713,858a1ece22cf45d9bc71e42336604b78,dropout_20pct,vehicle,annotation,True,True,14,,0.05,0.7879973239262064
858a1ece22cf45d9bc71e42336604b78_r729,858a1ece22cf45d9bc71e42336604b78,dropout_20pct,vehicle,annotation,True,True,1,,0.05,0.7597902537443039
858a1ece22cf45d9bc71e42336604b78_r730,858a1ece22cf45d9bc71e42336604b78,dropout_20pct,vehicle,annotation,True,True,3,,0.05,0.7611320863730443
858a1ece22cf45d9bc71e42336604b78_r731,858a1ece22cf45d9bc71e42336604b78,dropout_20pct,vehicle,annotation,True,True,3,,0.05,0.7778202357183431
858a1ece22cf45d9bc71e42336604b78_r732,858a1ece22cf45d9bc71e42336604b78,dropout_20pct,vehicle,annotation,True,True,10,,0.05,0.7810795927178708
858a1ece22cf45d9bc71e42336604b78_r733,858a1ece22cf45d9bc71e42336604b78,dropout_20pct,vehicle,annotation,True,True,3,,0.05,0.7677477959590513
858a1ece22cf45d9bc71e42336604b78_r744,858a1ece22cf45d9bc71e42336604b78,dropout_20pct,vehicle,annotation,True,True,5,,0.05,0.7745487458820701
858a1ece22cf45d9bc71e42336604b78_r745,858a1ece22cf45d9bc71e42336604b78,dropout_20pct,vehicle,annotation,True,True,10,,0.05,0.7645770032216082
858a1ece22cf45d9bc71e42336604b78_r746,858a1ece22cf45d9bc71e42336604b78,dropout_20pct,vehicle,annotation,True,True,5,,0.05,0.772738958732985
858a1ece22cf45d9bc71e42336604b78_r747,858a1ece22cf45d9bc71e42336604b78,dropout_20pct,vehicle,annotation,True,True,9,,0.05,0.7621035710865753
858a1ece22cf45d9bc71e42336604b78_r748,858a1ece22cf45d9bc71e42336604b78,dropout_20pct,vehicle,annotation,True,True,7,,0.05,0.756723556438361
858a1ece22cf45d9bc71e42336604b78_r759,858a1ece22cf45d9bc71e42336604b78,dropout_20pct,vehicle,annotation,True,True,1,,0.1,0.74826134923257
858a1ece22cf45d9bc71e42336604b78_r777,858a1ece22cf45d9bc71e42336604b78,dropout_20pct,vehicle,annotation,True,True,5,,0.05,0.7585681420177908
858a1ece22cf45d9bc71e42336604b78_r779,858a1ece22cf45d9bc71e42336604b78,dropout_20pct,vehicle,annotation,True,True,1,,0.1,0.7486695204041997
858a1ece22cf45d9bc71e42336604b78_r792,858a1ece22cf45d9bc71e42336604b78,dropout_20pct,vehicle,annotation,True,True,2,,0.1,0.7473653080983735
858a1ece22cf45d9bc71e42336604b78_r793,858a1ece22cf45d9bc71e42336604b78,dropout_20pct,vehicle,annotation,True,True,3,,0.05,0.7594213990951718
858a1ece22cf45d9bc71e42336604b78_r867,858a1ece22cf45d9bc71e42336604b78,dropout_20pct,vehicle,annotation,True,True,12,,0.05,0.7925797842689731
858a1ece22cf45d9bc71e42336604b78_r909,858a1ece22cf45d9bc71e42336604b78,dropout_20pct,vehicle,annotation,True,True,3,,0.1,0.7056835892950013
858a1ece22cf45d9bc71e42336604b78_r910,858a1ece22cf45d9bc71e42336604b78,dropout_20pct,vehicle,annotation,True,True,1,,0.1,0.7055752634090008
858a1ece22cf45d9bc71e42336604b78_r923,858a1ece22cf45d9bc71e42336604b78,dropout_20pct,vehicle,annotation,True,True,1,,0.1,0.6901537398724807
858a1ece22cf45d9bc71e42336604b78_r931,858a1ece22cf45d9bc71e42336604b78,dropout_20pct,vehicle,annotation,True,True,1,,0.1,0.6903566103107717
858a1ece22cf45d9bc71e42336604b78_r932,858a1ece22cf45d9bc71e42336604b78,dropout_20pct,vehicle,annotation,True,True,1,,0.1,0.6896982908272167
858a1ece22cf45d9bc71e42336604b78_r998,858a1ece22cf45d9bc71e42336604b78,dropout_20pct,vehicle,annotation,True,True,1,,0.1,0.6228380228827427
858a1ece22cf45d9bc71e42336604b78_r280,858a1ece22cf45d9bc71e42336604b78,dropout_30pct,pedestrian_vru,annotation,True,True,266,,0.05,0.8741283449841282
858a1ece22cf45d9bc71e42336604b78_r285,858a1ece22cf45d9bc71e42336604b78,dropout_30pct,pedestrian_vru,annotation,True,True,5,,0.05,0.8477929646439791
858a1ece22cf45d9bc71e42336604b78_r287,858a1ece22cf45d9bc71e42336604b78,dropout_30pct,pedestrian_vru,annotation,True,True,15,,0.05,0.8346526969068673
858a1ece22cf45d9bc71e42336604b78_r288,858a1ece22cf45d9bc71e42336604b78,dropout_30pct,pedestrian_vru,annotation,True,True,6,,0.05,0.8305258736807561
858a1ece22cf45d9bc71e42336604b78_r317,858a1ece22cf45d9bc71e42336604b78,dropout_30pct,pedestrian_vru,annotation,True,True,23,,0.05,0.8385389389084864
858a1ece22cf45d9bc71e42336604b78_r319,858a1ece22cf45d9bc71e42336604b78,dropout_30pct,pedestrian_vru,annotation,True,True,3,,0.05,0.8202109810696634
858a1ece22cf45d9bc71e42336604b78_r335,858a1ece22cf45d9bc71e42336604b78,dropout_30pct,vehicle,annotation,True,True,16,,0.05,0.8157621013923813
858a1ece22cf45d9bc71e42336604b78_r336,858a1ece22cf45d9bc71e42336604b78,dropout_30pct,vehicle,annotation,True,True,30,,0.05,0.8233804834607581
858a1ece22cf45d9bc71e42336604b78_r367,858a1ece22cf45d9bc71e42336604b78,dropout_30pct,vehicle,annotation,True,True,2,,0.05,0.7926416437474815
858a1ece22cf45d9bc71e42336604b78_r368,858a1ece22cf45d9bc71e42336604b78,dropout_30pct,vehicle,annotation,True,True,88,,0.05,0.8262254304581309
858a1ece22cf45d9bc71e42336604b78_r395,858a1ece22cf45d9bc71e42336604b78,dropout_30pct,vehicle,annotation,True,True,1,,0.05,0.7845912260692003
858a1ece22cf45d9bc71e42336604b78_r397,858a1ece22cf45d9bc71e42336604b78,dropout_30pct,vehicle,annotation,True,True,46,,0.05,0.8256162781145997
858a1ece22cf45d9bc71e42336604b78_r398,858a1ece22cf45d9bc71e42336604b78,dropout_30pct,vehicle,annotation,True,True,24,,0.05,0.8118090922085158
858a1ece22cf45d9bc71e42336604b78_r422,858a1ece22cf45d9bc71e42336604b78,dropout_30pct,vehicle,annotation,True,True,29,,0.05,0.8098573099607627
858a1ece22cf45d9bc71e42336604b78_r423,858a1ece22cf45d9bc71e42336604b78,dropout_30pct,vehicle,annotation,True,True,13,,0.05,0.8026659122778902
858a1ece22cf45d9bc71e42336604b78_r469,858a1ece22cf45d9bc71e42336604b78,dropout_30pct,vehicle,annotation,True,True,30,,0.05,0.8042509010820059
858a1ece22cf45d9bc71e42336604b78_r498,858a1ece22cf45d9bc71e42336604b78,dropout_30pct,vehicle,annotation,True,True,29,,0.05,0.800751026927285
858a1ece22cf45d9bc71e42336604b78_r499,858a1ece22cf45d9bc71e42336604b78,dropout_30pct,vehicle,annotation,True,True,6,,0.05,0.7928720268170625
858a1ece22cf45d9bc71e42336604b78_r521,858a1ece22cf45d9bc71e42336604b78,dropout_30pct,vehicle,annotation,True,True,39,,0.05,0.8260409756851241
858a1ece22cf45d9bc71e42336604b78_r522,858a1ece22cf45d9bc71e42336604b78,dropout_30pct,vehicle,annotation,True,True,17,,0.05,0.8311341818415523
858a1ece22cf45d9bc71e42336604b78_r527,858a1ece22cf45d9bc71e42336604b78,dropout_30pct,vehicle,annotation,True,True,15,,0.05,0.8256822770604483
858a1ece22cf45d9bc71e42336604b78_r541,858a1ece22cf45d9bc71e42336604b78,dropout_30pct,vehicle,annotation,True,True,52,,0.05,0.8183588821730341
858a1ece22cf45d9bc71e42336604b78_r542,858a1ece22cf45d9bc71e42336604b78,dropout_30pct,vehicle,annotation,True,True,76,,0.05,0.8275488733573194
858a1ece22cf45d9bc71e42336604b78_r543,858a1ece22cf45d9bc71e42336604b78,dropout_30pct,vehicle,annotation,True,True,39,,0.05,0.8168151752715749
858a1ece22cf45d9bc71e42336604b78_r555,858a1ece22cf45d9bc71e42336604b78,dropout_30pct,vehicle,annotation,True,True,22,,0.05,0.852154024558992
858a1ece22cf45d9bc71e42336604b78_r556,858a1ece22cf45d9bc71e42336604b78,dropout_30pct,vehicle,annotation,True,True,8,,0.05,0.8374963273378535
858a1ece22cf45d9bc71e42336604b78_r570,858a1ece22cf45d9bc71e42336604b78,dropout_30pct,vehicle,annotation,True,True,2,,0.05,0.7871376543213856
858a1ece22cf45d9bc71e42336604b78_r571,858a1ece22cf45d9bc71e42336604b78,dropout_30pct,vehicle,annotation,True,True,8,,0.05,0.8205478499662899
858a1ece22cf45d9bc71e42336604b78_r572,858a1ece22cf45d9bc71e42336604b78,dropout_30pct,vehicle,annotation,True,True,27,,0.05,0.8159642435702072
858a1ece22cf45d9bc71e42336604b78_r576,858a1ece22cf45d9bc71e42336604b78,dropout_30pct,vehicle,annotation,True,True,48,,0.05,0.8182760219814014
858a1ece22cf45d9bc71e42336604b78_r577,858a1ece22cf45d9bc71e42336604b78,dropout_30pct,vehicle,annotation,True,True,83,,0.05,0.8211229526891655
858a1ece22cf45d9bc71e42336604b78_r580,858a1ece22cf45d9bc71e42336604b78,dropout_30pct,vehicle,annotation,True,True,15,,0.05,0.8171889939743415
858a1ece22cf45d9bc71e42336604b78_r581,858a1ece22cf45d9bc71e42336604b78,dropout_30pct,vehicle,annotation,True,True,13,,0.05,0.8161552394486251
858a1ece22cf45d9bc71e42336604b78_r584,858a1ece22cf45d9bc71e42336604b78,dropout_30pct,vehicle,annotation,True,True,19,,0.05,0.8182078946818265
858a1ece22cf45d9bc71e42336604b78_r586,858a1ece22cf45d9bc71e42336604b78,dropout_30pct,vehicle,annotation,True,True,2,,0.05,0.7741121590476788
858a1ece22cf45d9bc71e42336604b78_r596,858a1ece22cf45d9bc71e42336604b78,dropout_30pct,vehicle,annotation,True,True,11,,0.05,0.7952548356950546
858a1ece22cf45d9bc71e42336604b78_r597,858a1ece22cf45d9bc71e42336604b78,dropout_30pct,vehicle,annotation,True,True,9,,0.05,0.7940188061411341
858a1ece22cf45d9bc71e42336604b78_r600,858a1ece22cf45d9bc71e42336604b78,dropout_30pct,vehicle,annotation,True,True,2,,0.05,0.7981281885047593
858a1ece22cf45d9bc71e42336604b78_r601,858a1ece22cf45d9bc71e42336604b78,dropout_30pct,vehicle,annotation,True,True,10,,0.05,0.805970539380838
858a1ece22cf45d9bc71e42336604b78_r628,858a1ece22cf45d9bc71e42336604b78,dropout_30pct,vehicle,annotation,True,True,7,,0.05,0.80803506684817
858a1ece22cf45d9bc71e42336604b78_r646,858a1ece22cf45d9bc71e42336604b78,dropout_30pct,vehicle,annotation,True,True,3,,0.05,0.7752502291461743
858a1ece22cf45d9bc71e42336604b78_r647,858a1ece22cf45d9bc71e42336604b78,dropout_30pct,vehicle,annotation,True,True,12,,0.05,0.7854116743600048
858a1ece22cf45d9bc71e42336604b78_r648,858a1ece22cf45d9bc71e42336604b78,dropout_30pct,vehicle,annotation,True,True,9,,0.05,0.7863737875925852
858a1ece22cf45d9bc71e42336604b78_r651,858a1ece22cf45d9bc71e42336604b78,dropout_30pct,vehicle,annotation,True,True,4,,0.05,0.7959883742173578
858a1ece22cf45d9bc71e42336604b78_r652,858a1ece22cf45d9bc71e42336604b78,dropout_30pct,vehicle,annotation,True,True,1,,0.05,0.7842993176878527
858a1ece22cf45d9bc71e42336604b78_r661,858a1ece22cf45d9bc71e42336604b78,dropout_30pct,pedestrian_vru,annotation,True,True,2,,0.05,0.7533871578017313
858a1ece22cf45d9bc71e42336604b78_r669,858a1ece22cf45d9bc71e42336604b78,dropout_30pct,vehicle,annotation,True,True,1,,0.05,0.7721041810439355
858a1ece22cf45d9bc71e42336604b78_r670,858a1ece22cf45d9bc71e42336604b78,dropout_30pct,vehicle,annotation,True,True,3,,0.05,0.7727197920297522
858a1ece22cf45d9bc71e42336604b78_r674,858a1ece22cf45d9bc71e42336604b78,dropout_30pct,vehicle,annotation,True,True,1,,0.05,0.7791251113062798
858a1ece22cf45d9bc71e42336604b78_r675,858a1ece22cf45d9bc71e42336604b78,dropout_30pct,vehicle,annotation,True,True,7,,0.05,0.7790245556891988
858a1ece22cf45d9bc71e42336604b78_r679,858a1ece22cf45d9bc71e42336604b78,dropout_30pct,vehicle,annotation,True,True,8,,0.05,0.773718347859018
858a1ece22cf45d9bc71e42336604b78_r696,858a1ece22cf45d9bc71e42336604b78,dropout_30pct,vehicle,annotation,True,True,1,,0.05,0.778966414884876
858a1ece22cf45d9bc71e42336604b78_r699,858a1ece22cf45d9bc71e42336604b78,dropout_30pct,vehicle,annotation,True,True,12,,0.05,0.7881964525710478
858a1ece22cf45d9bc71e42336604b78_r714,858a1ece22cf45d9bc71e42336604b78,dropout_30pct,vehicle,annotation,True,True,1,,0.05,0.7597902537443039
858a1ece22cf45d9bc71e42336604b78_r715,858a1ece22cf45d9bc71e42336604b78,dropout_30pct,vehicle,annotation,True,True,2,,0.05,0.76100683720026
858a1ece22cf45d9bc71e42336604b78_r716,858a1ece22cf45d9bc71e42336604b78,dropout_30pct,vehicle,annotation,True,True,3,,0.05,0.7778202357183431
858a1ece22cf45d9bc71e42336604b78_r717,858a1ece22cf45d9bc71e42336604b78,dropout_30pct,vehicle,annotation,True,True,6,,0.05,0.7836524721875552
858a1ece22cf45d9bc71e42336604b78_r718,858a1ece22cf45d9bc71e42336604b78,dropout_30pct,vehicle,annotation,True,True,3,,0.05,0.7677477959590513
858a1ece22cf45d9bc71e42336604b78_r729,858a1ece22cf45d9bc71e42336604b78,dropout_30pct,vehicle,annotation,True,True,5,,0.05,0.7745487458820701
858a1ece22cf45d9bc71e42336604b78_r730,858a1ece22cf45d9bc71e42336604b78,dropout_30pct,vehicle,annotation,True,True,10,,0.05,0.7645770032216082
858a1ece22cf45d9bc71e42336604b78_r731,858a1ece22cf45d9bc71e42336604b78,dropout_30pct,vehicle,annotation,True,True,3,,0.05,0.7742367453071787
858a1ece22cf45d9bc71e42336604b78_r732,858a1ece22cf45d9bc71e42336604b78,dropout_30pct,vehicle,annotation,True,True,8,,0.05,0.7611284560066748
858a1ece22cf45d9bc71e42336604b78_r733,858a1ece22cf45d9bc71e42336604b78,dropout_30pct,vehicle,annotation,True,True,7,,0.05,0.756723556438361
858a1ece22cf45d9bc71e42336604b78_r744,858a1ece22cf45d9bc71e42336604b78,dropout_30pct,vehicle,annotation,True,True,1,,0.1,0.74826134923257
858a1ece22cf45d9bc71e42336604b78_r762,858a1ece22cf45d9bc71e42336604b78,dropout_30pct,vehicle,annotation,True,True,5,,0.05,0.7585681420177908
858a1ece22cf45d9bc71e42336604b78_r764,858a1ece22cf45d9bc71e42336604b78,dropout_30pct,vehicle,annotation,True,True,1,,0.1,0.7486695204041997
858a1ece22cf45d9bc71e42336604b78_r774,858a1ece22cf45d9bc71e42336604b78,dropout_30pct,vehicle,annotation,True,True,2,,0.1,0.7473653080983735
858a1ece22cf45d9bc71e42336604b78_r775,858a1ece22cf45d9bc71e42336604b78,dropout_30pct,vehicle,annotation,True,True,2,,0.05,0.7601142886439871
858a1ece22cf45d9bc71e42336604b78_r829,858a1ece22cf45d9bc71e42336604b78,dropout_30pct,vehicle,annotation,True,True,4,,0.1,0.7393574531122067
858a1ece22cf45d9bc71e42336604b78_r848,858a1ece22cf45d9bc71e42336604b78,dropout_30pct,vehicle,annotation,True,True,12,,0.05,0.7925797842689731
858a1ece22cf45d9bc71e42336604b78_r888,858a1ece22cf45d9bc71e42336604b78,dropout_30pct,vehicle,annotation,True,True,3,,0.1,0.7056835892950013
858a1ece22cf45d9bc71e42336604b78_r889,858a1ece22cf45d9bc71e42336604b78,dropout_30pct,vehicle,annotation,True,True,1,,0.1,0.7055752634090008
858a1ece22cf45d9bc71e42336604b78_r901,858a1ece22cf45d9bc71e42336604b78,dropout_30pct,vehicle,annotation,True,True,1,,0.1,0.6901537398724807
858a1ece22cf45d9bc71e42336604b78_r909,858a1ece22cf45d9bc71e42336604b78,dropout_30pct,vehicle,annotation,True,True,1,,0.1,0.6903566103107717
858a1ece22cf45d9bc71e42336604b78_r910,858a1ece22cf45d9bc71e42336604b78,dropout_30pct,vehicle,annotation,True,True,1,,0.1,0.6896982908272167
858a1ece22cf45d9bc71e42336604b78_r972,858a1ece22cf45d9bc71e42336604b78,dropout_30pct,vehicle,annotation,True,True,1,,0.1,0.6228380228827427
858a1ece22cf45d9bc71e42336604b78_r281,858a1ece22cf45d9bc71e42336604b78,sparse_75pct,pedestrian_vru,annotation,True,True,289,,0.05,0.8759718110579905
858a1ece22cf45d9bc71e42336604b78_r286,858a1ece22cf45d9bc71e42336604b78,sparse_75pct,pedestrian_vru,annotation,True,True,5,,0.05,0.8450745250207973
858a1ece22cf45d9bc71e42336604b78_r288,858a1ece22cf45d9bc71e42336604b78,sparse_75pct,pedestrian_vru,annotation,True,True,22,,0.05,0.8366033856706134
858a1ece22cf45d9bc71e42336604b78_r289,858a1ece22cf45d9bc71e42336604b78,sparse_75pct,pedestrian_vru,annotation,True,True,8,,0.05,0.830549360395128
858a1ece22cf45d9bc71e42336604b78_r318,858a1ece22cf45d9bc71e42336604b78,sparse_75pct,pedestrian_vru,annotation,True,True,17,,0.05,0.8394062232133689
858a1ece22cf45d9bc71e42336604b78_r320,858a1ece22cf45d9bc71e42336604b78,sparse_75pct,pedestrian_vru,annotation,True,True,1,,0.05,0.8142494743760136
858a1ece22cf45d9bc71e42336604b78_r337,858a1ece22cf45d9bc71e42336604b78,sparse_75pct,vehicle,annotation,True,True,15,,0.05,0.8176690240993696
858a1ece22cf45d9bc71e42336604b78_r338,858a1ece22cf45d9bc71e42336604b78,sparse_75pct,vehicle,annotation,True,True,37,,0.05,0.8261987162945185
858a1ece22cf45d9bc71e42336604b78_r371,858a1ece22cf45d9bc71e42336604b78,sparse_75pct,vehicle,annotation,True,True,1,,0.05,0.7928384389546964
858a1ece22cf45d9bc71e42336604b78_r372,858a1ece22cf45d9bc71e42336604b78,sparse_75pct,vehicle,annotation,True,True,94,,0.05,0.8288127781494777
858a1ece22cf45d9bc71e42336604b78_r398,858a1ece22cf45d9bc71e42336604b78,sparse_75pct,vehicle,annotation,True,True,1,,0.05,0.7845912260692003
858a1ece22cf45d9bc71e42336604b78_r400,858a1ece22cf45d9bc71e42336604b78,sparse_75pct,vehicle,annotation,True,True,58,,0.05,0.826636298140491
858a1ece22cf45d9bc71e42336604b78_r401,858a1ece22cf45d9bc71e42336604b78,sparse_75pct,vehicle,annotation,True,True,27,,0.05,0.8119229731706717
858a1ece22cf45d9bc71e42336604b78_r425,858a1ece22cf45d9bc71e42336604b78,sparse_75pct,vehicle,annotation,True,True,38,,0.05,0.808021232598961
858a1ece22cf45d9bc71e42336604b78_r426,858a1ece22cf45d9bc71e42336604b78,sparse_75pct,vehicle,annotation,True,True,11,,0.05,0.802971192246434
858a1ece22cf45d9bc71e42336604b78_r454,858a1ece22cf45d9bc71e42336604b78,sparse_75pct,vehicle,annotation,True,True,21,,0.05,0.8067927941795039
858a1ece22cf45d9bc71e42336604b78_r472,858a1ece22cf45d9bc71e42336604b78,sparse_75pct,vehicle,annotation,True,True,37,,0.05,0.8049203577530851
858a1ece22cf45d9bc71e42336604b78_r503,858a1ece22cf45d9bc71e42336604b78,sparse_75pct,vehicle,annotation,True,True,5,,0.05,0.7985695126912928
858a1ece22cf45d9bc71e42336604b78_r525,858a1ece22cf45d9bc71e42336604b78,sparse_75pct,vehicle,annotation,True,True,35,,0.05,0.8273987158375824
858a1ece22cf45d9bc71e42336604b78_r526,858a1ece22cf45d9bc71e42336604b78,sparse_75pct,vehicle,annotation,True,True,17,,0.05,0.8297637640736756
858a1ece22cf45d9bc71e42336604b78_r545,858a1ece22cf45d9bc71e42336604b78,sparse_75pct,vehicle,annotation,True,True,60,,0.05,0.820850465714576
858a1ece22cf45d9bc71e42336604b78_r546,858a1ece22cf45d9bc71e42336604b78,sparse_75pct,vehicle,annotation,True,True,81,,0.05,0.8275723848764804
858a1ece22cf45d9bc71e42336604b78_r547,858a1ece22cf45d9bc71e42336604b78,sparse_75pct,vehicle,annotation,True,True,41,,0.05,0.8174948864384051
858a1ece22cf45d9bc71e42336604b78_r559,858a1ece22cf45d9bc71e42336604b78,sparse_75pct,vehicle,annotation,True,True,17,,0.05,0.8555564386001793
858a1ece22cf45d9bc71e42336604b78_r560,858a1ece22cf45d9bc71e42336604b78,sparse_75pct,vehicle,annotation,True,True,11,,0.05,0.8360393006537066
858a1ece22cf45d9bc71e42336604b78_r573,858a1ece22cf45d9bc71e42336604b78,sparse_75pct,vehicle,annotation,True,True,2,,0.05,0.7877919418000244
858a1ece22cf45d9bc71e42336604b78_r574,858a1ece22cf45d9bc71e42336604b78,sparse_75pct,vehicle,annotation,True,True,7,,0.05,0.8249552754143766
858a1ece22cf45d9bc71e42336604b78_r575,858a1ece22cf45d9bc71e42336604b78,sparse_75pct,vehicle,annotation,True,True,27,,0.05,0.8177192250948059
858a1ece22cf45d9bc71e42336604b78_r579,858a1ece22cf45d9bc71e42336604b78,sparse_75pct,vehicle,annotation,True,True,56,,0.05,0.8200433405549612
858a1ece22cf45d9bc71e42336604b78_r580,858a1ece22cf45d9bc71e42336604b78,sparse_75pct,vehicle,annotation,True,True,96,,0.05,0.8228994720352126
858a1ece22cf45d9bc71e42336604b78_r584,858a1ece22cf45d9bc71e42336604b78,sparse_75pct,vehicle,annotation,True,True,15,,0.05,0.818941070583007
858a1ece22cf45d9bc71e42336604b78_r587,858a1ece22cf45d9bc71e42336604b78,sparse_75pct,vehicle,annotation,True,True,23,,0.05,0.8280954407717479
858a1ece22cf45d9bc71e42336604b78_r589,858a1ece22cf45d9bc71e42336604b78,sparse_75pct,vehicle,annotation,True,True,2,,0.05,0.7831126039657356
858a1ece22cf45d9bc71e42336604b78_r601,858a1ece22cf45d9bc71e42336604b78,sparse_75pct,vehicle,annotation,True,True,13,,0.05,0.7935843847716508
858a1ece22cf45d9bc71e42336604b78_r602,858a1ece22cf45d9bc71e42336604b78,sparse_75pct,vehicle,annotation,True,True,12,,0.05,0.7945755359014393
858a1ece22cf45d9bc71e42336604b78_r605,858a1ece22cf45d9bc71e42336604b78,sparse_75pct,vehicle,annotation,True,True,1,,0.05,0.7982017017119748
858a1ece22cf45d9bc71e42336604b78_r606,858a1ece22cf45d9bc71e42336604b78,sparse_75pct,vehicle,annotation,True,True,8,,0.05,0.8055521046353186
858a1ece22cf45d9bc71e42336604b78_r607,858a1ece22cf45d9bc71e42336604b78,sparse_75pct,vehicle,annotation,True,True,19,,0.05,0.8140098020826158
858a1ece22cf45d9bc71e42336604b78_r630,858a1ece22cf45d9bc71e42336604b78,sparse_75pct,vehicle,annotation,True,True,10,,0.05,0.835750874600317
858a1ece22cf45d9bc71e42336604b78_r648,858a1ece22cf45d9bc71e42336604b78,sparse_75pct,vehicle,annotation,True,True,2,,0.05,0.7753832708808835
858a1ece22cf45d9bc71e42336604b78_r649,858a1ece22cf45d9bc71e42336604b78,sparse_75pct,vehicle,annotation,True,True,13,,0.05,0.7864499659820798
858a1ece22cf45d9bc71e42336604b78_r650,858a1ece22cf45d9bc71e42336604b78,sparse_75pct,vehicle,annotation,True,True,9,,0.05,0.7869564105320042
858a1ece22cf45d9bc71e42336604b78_r653,858a1ece22cf45d9bc71e42336604b78,sparse_75pct,vehicle,annotation,True,True,2,,0.05,0.7886089095306491
858a1ece22cf45d9bc71e42336604b78_r654,858a1ece22cf45d9bc71e42336604b78,sparse_75pct,vehicle,annotation,True,True,1,,0.05,0.7842993176878527
858a1ece22cf45d9bc71e42336604b78_r663,858a1ece22cf45d9bc71e42336604b78,sparse_75pct,pedestrian_vru,annotation,True,True,2,,0.05,0.753400078388476
858a1ece22cf45d9bc71e42336604b78_r670,858a1ece22cf45d9bc71e42336604b78,sparse_75pct,vehicle,annotation,True,True,1,,0.05,0.7721041810439355
858a1ece22cf45d9bc71e42336604b78_r671,858a1ece22cf45d9bc71e42336604b78,sparse_75pct,vehicle,annotation,True,True,4,,0.05,0.7726920165306506
858a1ece22cf45d9bc71e42336604b78_r675,858a1ece22cf45d9bc71e42336604b78,sparse_75pct,vehicle,annotation,True,True,5,,0.05,0.7790212640631584
858a1ece22cf45d9bc71e42336604b78_r679,858a1ece22cf45d9bc71e42336604b78,sparse_75pct,vehicle,annotation,True,True,7,,0.05,0.7744464336401921
858a1ece22cf45d9bc71e42336604b78_r694,858a1ece22cf45d9bc71e42336604b78,sparse_75pct,vehicle,annotation,True,True,5,,0.05,0.7761668194843407
858a1ece22cf45d9bc71e42336604b78_r697,858a1ece22cf45d9bc71e42336604b78,sparse_75pct,vehicle,annotation,True,True,1,,0.05,0.778966414884876
858a1ece22cf45d9bc71e42336604b78_r700,858a1ece22cf45d9bc71e42336604b78,sparse_75pct,vehicle,annotation,True,True,15,,0.05,0.788618228406242
858a1ece22cf45d9bc71e42336604b78_r714,858a1ece22cf45d9bc71e42336604b78,sparse_75pct,vehicle,annotation,True,True,1,,0.05,0.7597902537443039
858a1ece22cf45d9bc71e42336604b78_r715,858a1ece22cf45d9bc71e42336604b78,sparse_75pct,vehicle,annotation,True,True,2,,0.05,0.7610033086455664
858a1ece22cf45d9bc71e42336604b78_r716,858a1ece22cf45d9bc71e42336604b78,sparse_75pct,vehicle,annotation,True,True,4,,0.05,0.7778365179357883
858a1ece22cf45d9bc71e42336604b78_r717,858a1ece22cf45d9bc71e42336604b78,sparse_75pct,vehicle,annotation,True,True,9,,0.05,0.7817431339647076
858a1ece22cf45d9bc71e42336604b78_r718,858a1ece22cf45d9bc71e42336604b78,sparse_75pct,vehicle,annotation,True,True,3,,0.05,0.7677501749346853
858a1ece22cf45d9bc71e42336604b78_r727,858a1ece22cf45d9bc71e42336604b78,sparse_75pct,vehicle,annotation,True,True,1,,0.05,0.7593395143274528
858a1ece22cf45d9bc71e42336604b78_r730,858a1ece22cf45d9bc71e42336604b78,sparse_75pct,vehicle,annotation,True,True,7,,0.05,0.7754312078391282
858a1ece22cf45d9bc71e42336604b78_r731,858a1ece22cf45d9bc71e42336604b78,sparse_75pct,vehicle,annotation,True,True,10,,0.05,0.7712025186537084
858a1ece22cf45d9bc71e42336604b78_r732,858a1ece22cf45d9bc71e42336604b78,sparse_75pct,vehicle,annotation,True,True,6,,0.05,0.7756778372321127
858a1ece22cf45d9bc71e42336604b78_r733,858a1ece22cf45d9bc71e42336604b78,sparse_75pct,vehicle,annotation,True,True,7,,0.05,0.7637493684753932
858a1ece22cf45d9bc71e42336604b78_r734,858a1ece22cf45d9bc71e42336604b78,sparse_75pct,vehicle,annotation,True,True,6,,0.05,0.76101431432472
858a1ece22cf45d9bc71e42336604b78_r762,858a1ece22cf45d9bc71e42336604b78,sparse_75pct,vehicle,annotation,True,True,4,,0.05,0.7599446885283849
858a1ece22cf45d9bc71e42336604b78_r773,858a1ece22cf45d9bc71e42336604b78,sparse_75pct,vehicle,annotation,True,True,1,,0.1,0.7478443688983418
858a1ece22cf45d9bc71e42336604b78_r825,858a1ece22cf45d9bc71e42336604b78,sparse_75pct,vehicle,annotation,True,True,6,,0.1,0.7387744516652442
858a1ece22cf45d9bc71e42336604b78_r892,858a1ece22cf45d9bc71e42336604b78,sparse_75pct,vehicle,annotation,True,True,1,,0.1,0.6901537398724807
858a1ece22cf45d9bc71e42336604b78_r899,858a1ece22cf45d9bc71e42336604b78,sparse_75pct,vehicle,annotation,True,True,1,,0.1,0.6903849803119002
858a1ece22cf45d9bc71e42336604b78_r900,858a1ece22cf45d9bc71e42336604b78,sparse_75pct,vehicle,annotation,True,True,1,,0.1,0.6896982908272167
858a1ece22cf45d9bc71e42336604b78_r966,858a1ece22cf45d9bc71e42336604b78,sparse_75pct,vehicle,annotation,True,True,1,,0.1,0.6228380228827427
858a1ece22cf45d9bc71e42336604b78_r971,858a1ece22cf45d9bc71e42336604b78,sparse_75pct,vehicle,annotation,True,True,1,,0.1,0.613370434635803
858a1ece22cf45d9bc71e42336604b78_r257,858a1ece22cf45d9bc71e42336604b78,sparse_50pct,pedestrian_vru,annotation,True,True,4,,0.05,0.8463145687070308
858a1ece22cf45d9bc71e42336604b78_r259,858a1ece22cf45d9bc71e42336604b78,sparse_50pct,pedestrian_vru,annotation,True,True,15,,0.05,0.8363114227179412
858a1ece22cf45d9bc71e42336604b78_r260,858a1ece22cf45d9bc71e42336604b78,sparse_50pct,pedestrian_vru,annotation,True,True,4,,0.05,0.8339394857987528
858a1ece22cf45d9bc71e42336604b78_r304,858a1ece22cf45d9bc71e42336604b78,sparse_50pct,vehicle,annotation,True,True,9,,0.05,0.8177797898925308
858a1ece22cf45d9bc71e42336604b78_r305,858a1ece22cf45d9bc71e42336604b78,sparse_50pct,vehicle,annotation,True,True,24,,0.05,0.8306834210728306
858a1ece22cf45d9bc71e42336604b78_r336,858a1ece22cf45d9bc71e42336604b78,sparse_50pct,vehicle,annotation,True,True,64,,0.05,0.8279081534422591
858a1ece22cf45d9bc71e42336604b78_r362,858a1ece22cf45d9bc71e42336604b78,sparse_50pct,vehicle,annotation,True,True,36,,0.05,0.8285087836476586
858a1ece22cf45d9bc71e42336604b78_r363,858a1ece22cf45d9bc71e42336604b78,sparse_50pct,vehicle,annotation,True,True,18,,0.05,0.8127251185318422
858a1ece22cf45d9bc71e42336604b78_r387,858a1ece22cf45d9bc71e42336604b78,sparse_50pct,vehicle,annotation,True,True,24,,0.05,0.8071409767922139
858a1ece22cf45d9bc71e42336604b78_r388,858a1ece22cf45d9bc71e42336604b78,sparse_50pct,vehicle,annotation,True,True,8,,0.05,0.8040063724322564
858a1ece22cf45d9bc71e42336604b78_r433,858a1ece22cf45d9bc71e42336604b78,sparse_50pct,vehicle,annotation,True,True,24,,0.05,0.8046638413663924
858a1ece22cf45d9bc71e42336604b78_r463,858a1ece22cf45d9bc71e42336604b78,sparse_50pct,vehicle,annotation,True,True,20,,0.05,0.8011647570695039
858a1ece22cf45d9bc71e42336604b78_r464,858a1ece22cf45d9bc71e42336604b78,sparse_50pct,vehicle,annotation,True,True,4,,0.05,0.7991979143722684
858a1ece22cf45d9bc71e42336604b78_r485,858a1ece22cf45d9bc71e42336604b78,sparse_50pct,vehicle,annotation,True,True,10,,0.05,0.8293634651362327
858a1ece22cf45d9bc71e42336604b78_r491,858a1ece22cf45d9bc71e42336604b78,sparse_50pct,vehicle,annotation,True,True,5,,0.05,0.8637061594318163
858a1ece22cf45d9bc71e42336604b78_r503,858a1ece22cf45d9bc71e42336604b78,sparse_50pct,vehicle,annotation,True,True,43,,0.05,0.8218119404165805
858a1ece22cf45d9bc71e42336604b78_r504,858a1ece22cf45d9bc71e42336604b78,sparse_50pct,vehicle,annotation,True,True,51,,0.05,0.8225830961696697
858a1ece22cf45d9bc71e42336604b78_r505,858a1ece22cf45d9bc71e42336604b78,sparse_50pct,vehicle,annotation,True,True,27,,0.05,0.8180086503606426
858a1ece22cf45d9bc71e42336604b78_r518,858a1ece22cf45d9bc71e42336604b78,sparse_50pct,vehicle,annotation,True,True,8,,0.05,0.8377835467632834
858a1ece22cf45d9bc71e42336604b78_r531,858a1ece22cf45d9bc71e42336604b78,sparse_50pct,vehicle,annotation,True,True,6,,0.05,0.8205252630587737
858a1ece22cf45d9bc71e42336604b78_r535,858a1ece22cf45d9bc71e42336604b78,sparse_50pct,vehicle,annotation,True,True,37,,0.05,0.8189435218425443
858a1ece22cf45d9bc71e42336604b78_r536,858a1ece22cf45d9bc71e42336604b78,sparse_50pct,vehicle,annotation,True,True,64,,0.05,0.8233389420107081
858a1ece22cf45d9bc71e42336604b78_r539,858a1ece22cf45d9bc71e42336604b78,sparse_50pct,vehicle,annotation,True,True,15,,0.05,0.8195413998495877
858a1ece22cf45d9bc71e42336604b78_r540,858a1ece22cf45d9bc71e42336604b78,sparse_50pct,vehicle,annotation,True,True,12,,0.05,0.8175819812004529
858a1ece22cf45d9bc71e42336604b78_r543,858a1ece22cf45d9bc71e42336604b78,sparse_50pct,vehicle,annotation,True,True,13,,0.05,0.8389349645164701
858a1ece22cf45d9bc71e42336604b78_r556,858a1ece22cf45d9bc71e42336604b78,sparse_50pct,vehicle,annotation,True,True,7,,0.05,0.7936094805188431
858a1ece22cf45d9bc71e42336604b78_r557,858a1ece22cf45d9bc71e42336604b78,sparse_50pct,vehicle,annotation,True,True,8,,0.05,0.7948305652158387
858a1ece22cf45d9bc71e42336604b78_r560,858a1ece22cf45d9bc71e42336604b78,sparse_50pct,vehicle,annotation,True,True,1,,0.05,0.7982017017119748
858a1ece22cf45d9bc71e42336604b78_r561,858a1ece22cf45d9bc71e42336604b78,sparse_50pct,vehicle,annotation,True,True,8,,0.05,0.8055839536324302
858a1ece22cf45d9bc71e42336604b78_r585,858a1ece22cf45d9bc71e42336604b78,sparse_50pct,vehicle,annotation,True,True,7,,0.05,0.838395878299535
858a1ece22cf45d9bc71e42336604b78_r601,858a1ece22cf45d9bc71e42336604b78,sparse_50pct,vehicle,annotation,True,True,2,,0.05,0.775383647449829
858a1ece22cf45d9bc71e42336604b78_r602,858a1ece22cf45d9bc71e42336604b78,sparse_50pct,vehicle,annotation,True,True,9,,0.05,0.786466453948624
858a1ece22cf45d9bc71e42336604b78_r603,858a1ece22cf45d9bc71e42336604b78,sparse_50pct,vehicle,annotation,True,True,6,,0.05,0.7865001777170448
858a1ece22cf45d9bc71e42336604b78_r606,858a1ece22cf45d9bc71e42336604b78,sparse_50pct,vehicle,annotation,True,True,1,,0.05,0.7879618801803698
858a1ece22cf45d9bc71e42336604b78_r607,858a1ece22cf45d9bc71e42336604b78,sparse_50pct,vehicle,annotation,True,True,1,,0.05,0.7842993176878527
858a1ece22cf45d9bc71e42336604b78_r621,858a1ece22cf45d9bc71e42336604b78,sparse_50pct,vehicle,annotation,True,True,2,,0.05,0.7725454723723835
858a1ece22cf45d9bc71e42336604b78_r625,858a1ece22cf45d9bc71e42336604b78,sparse_50pct,vehicle,annotation,True,True,3,,0.05,0.7790112975343005
858a1ece22cf45d9bc71e42336604b78_r629,858a1ece22cf45d9bc71e42336604b78,sparse_50pct,vehicle,annotation,True,True,5,,0.05,0.7742614940265711
858a1ece22cf45d9bc71e42336604b78_r643,858a1ece22cf45d9bc71e42336604b78,sparse_50pct,vehicle,annotation,True,True,2,,0.05,0.7779641630909278
858a1ece22cf45d9bc71e42336604b78_r648,858a1ece22cf45d9bc71e42336604b78,sparse_50pct,vehicle,annotation,True,True,11,,0.05,0.7889960610561793
858a1ece22cf45d9bc71e42336604b78_r662,858a1ece22cf45d9bc71e42336604b78,sparse_50pct,vehicle,annotation,True,True,2,,0.05,0.7610052736442519
858a1ece22cf45d9bc71e42336604b78_r663,858a1ece22cf45d9bc71e42336604b78,sparse_50pct,vehicle,annotation,True,True,3,,0.05,0.7792675071948632
858a1ece22cf45d9bc71e42336604b78_r664,858a1ece22cf45d9bc71e42336604b78,sparse_50pct,vehicle,annotation,True,True,7,,0.05,0.7685690617292229
858a1ece22cf45d9bc71e42336604b78_r665,858a1ece22cf45d9bc71e42336604b78,sparse_50pct,vehicle,annotation,True,True,2,,0.05,0.7677444766191829
858a1ece22cf45d9bc71e42336604b78_r676,858a1ece22cf45d9bc71e42336604b78,sparse_50pct,vehicle,annotation,True,True,3,,0.05,0.7643084676513616
858a1ece22cf45d9bc71e42336604b78_r677,858a1ece22cf45d9bc71e42336604b78,sparse_50pct,vehicle,annotation,True,True,6,,0.05,0.7728932948484255
858a1ece22cf45d9bc71e42336604b78_r678,858a1ece22cf45d9bc71e42336604b78,sparse_50pct,vehicle,annotation,True,True,5,,0.05,0.7755715789195394
858a1ece22cf45d9bc71e42336604b78_r679,858a1ece22cf45d9bc71e42336604b78,sparse_50pct,vehicle,annotation,True,True,3,,0.05,0.7631997852046086
858a1ece22cf45d9bc71e42336604b78_r680,858a1ece22cf45d9bc71e42336604b78,sparse_50pct,vehicle,annotation,True,True,4,,0.05,0.7601321696135381
858a1ece22cf45d9bc71e42336604b78_r714,858a1ece22cf45d9bc71e42336604b78,sparse_50pct,vehicle,annotation,True,True,1,,0.1,0.7478443688983418
858a1ece22cf45d9bc71e42336604b78_r760,858a1ece22cf45d9bc71e42336604b78,sparse_50pct,vehicle,annotation,True,True,5,,0.1,0.7401586118230141
858a1ece22cf45d9bc71e42336604b78_r817,858a1ece22cf45d9bc71e42336604b78,sparse_50pct,vehicle,annotation,True,True,1,,0.1,0.6901537398724807
858a1ece22cf45d9bc71e42336604b78_r823,858a1ece22cf45d9bc71e42336604b78,sparse_50pct,vehicle,annotation,True,True,1,,0.1,0.6903849803119002
858a1ece22cf45d9bc71e42336604b78_r875,858a1ece22cf45d9bc71e42336604b78,sparse_50pct,vehicle,annotation,True,True,1,,0.1,0.6228380228827427
858a1ece22cf45d9bc71e42336604b78_r880,858a1ece22cf45d9bc71e42336604b78,sparse_50pct,vehicle,annotation,True,True,1,,0.1,0.613370434635803
858a1ece22cf45d9bc71e42336604b78_r215,858a1ece22cf45d9bc71e42336604b78,sparse_25pct,pedestrian_vru,annotation,True,True,91,,0.05,0.874756152712886
858a1ece22cf45d9bc71e42336604b78_r220,858a1ece22cf45d9bc71e42336604b78,sparse_25pct,pedestrian_vru,annotation,True,True,2,,0.05,0.8450946259418336
858a1ece22cf45d9bc71e42336604b78_r223,858a1ece22cf45d9bc71e42336604b78,sparse_25pct,pedestrian_vru,annotation,True,True,3,,0.05,0.8352015386644113
858a1ece22cf45d9bc71e42336604b78_r250,858a1ece22cf45d9bc71e42336604b78,sparse_25pct,pedestrian_vru,annotation,True,True,4,,0.05,0.8366460439163809
858a1ece22cf45d9bc71e42336604b78_r263,858a1ece22cf45d9bc71e42336604b78,sparse_25pct,vehicle,annotation,True,True,6,,0.05,0.8058185763562727
858a1ece22cf45d9bc71e42336604b78_r264,858a1ece22cf45d9bc71e42336604b78,sparse_25pct,vehicle,annotation,True,True,11,,0.05,0.8299526365928825
858a1ece22cf45d9bc71e42336604b78_r288,858a1ece22cf45d9bc71e42336604b78,sparse_25pct,vehicle,annotation,True,True,39,,0.05,0.8277031156596929
858a1ece22cf45d9bc71e42336604b78_r314,858a1ece22cf45d9bc71e42336604b78,sparse_25pct,vehicle,annotation,True,True,12,,0.05,0.826717757659947
858a1ece22cf45d9bc71e42336604b78_r315,858a1ece22cf45d9bc71e42336604b78,sparse_25pct,vehicle,annotation,True,True,12,,0.05,0.8127421289418044
858a1ece22cf45d9bc71e42336604b78_r338,858a1ece22cf45d9bc71e42336604b78,sparse_25pct,vehicle,annotation,True,True,9,,0.05,0.8070533359075694
858a1ece22cf45d9bc71e42336604b78_r339,858a1ece22cf45d9bc71e42336604b78,sparse_25pct,vehicle,annotation,True,True,4,,0.05,0.805549393160475
858a1ece22cf45d9bc71e42336604b78_r382,858a1ece22cf45d9bc71e42336604b78,sparse_25pct,vehicle,annotation,True,True,10,,0.05,0.8054191596543911
858a1ece22cf45d9bc71e42336604b78_r408,858a1ece22cf45d9bc71e42336604b78,sparse_25pct,vehicle,annotation,True,True,15,,0.05,0.8006164888040385
858a1ece22cf45d9bc71e42336604b78_r409,858a1ece22cf45d9bc71e42336604b78,sparse_25pct,vehicle,annotation,True,True,3,,0.05,0.7928986523794448
858a1ece22cf45d9bc71e42336604b78_r429,858a1ece22cf45d9bc71e42336604b78,sparse_25pct,vehicle,annotation,True,True,4,,0.05,0.8262932091959295
858a1ece22cf45d9bc71e42336604b78_r434,858a1ece22cf45d9bc71e42336604b78,sparse_25pct,vehicle,annotation,True,True,8,,0.05,0.8027596771178266
858a1ece22cf45d9bc71e42336604b78_r446,858a1ece22cf45d9bc71e42336604b78,sparse_25pct,vehicle,annotation,True,True,19,,0.05,0.8204738475862604
858a1ece22cf45d9bc71e42336604b78_r447,858a1ece22cf45d9bc71e42336604b78,sparse_25pct,vehicle,annotation,True,True,25,,0.05,0.8175967770849428
858a1ece22cf45d9bc71e42336604b78_r448,858a1ece22cf45d9bc71e42336604b78,sparse_25pct,vehicle,annotation,True,True,14,,0.05,0.8144309081197348
858a1ece22cf45d9bc71e42336604b78_r460,858a1ece22cf45d9bc71e42336604b78,sparse_25pct,vehicle,annotation,True,True,4,,0.05,0.7860517895027146
858a1ece22cf45d9bc71e42336604b78_r471,858a1ece22cf45d9bc71e42336604b78,sparse_25pct,vehicle,annotation,True,True,1,,0.05,0.7929247026211004
858a1ece22cf45d9bc71e42336604b78_r475,858a1ece22cf45d9bc71e42336604b78,sparse_25pct,vehicle,annotation,True,True,22,,0.05,0.8194342332141887
858a1ece22cf45d9bc71e42336604b78_r476,858a1ece22cf45d9bc71e42336604b78,sparse_25pct,vehicle,annotation,True,True,35,,0.05,0.8236693162041627
858a1ece22cf45d9bc71e42336604b78_r479,858a1ece22cf45d9bc71e42336604b78,sparse_25pct,vehicle,annotation,True,True,5,,0.05,0.8192044557536075
858a1ece22cf45d9bc71e42336604b78_r480,858a1ece22cf45d9bc71e42336604b78,sparse_25pct,vehicle,annotation,True,True,7,,0.05,0.810185348285125
858a1ece22cf45d9bc71e42336604b78_r482,858a1ece22cf45d9bc71e42336604b78,sparse_25pct,vehicle,annotation,True,True,6,,0.05,0.8440423944505492
858a1ece22cf45d9bc71e42336604b78_r493,858a1ece22cf45d9bc71e42336604b78,sparse_25pct,vehicle,annotation,True,True,3,,0.05,0.7929537836426345
858a1ece22cf45d9bc71e42336604b78_r494,858a1ece22cf45d9bc71e42336604b78,sparse_25pct,vehicle,annotation,True,True,3,,0.05,0.7874202228374809
858a1ece22cf45d9bc71e42336604b78_r497,858a1ece22cf45d9bc71e42336604b78,sparse_25pct,vehicle,annotation,True,True,5,,0.05,0.8062839840238875
858a1ece22cf45d9bc71e42336604b78_r520,858a1ece22cf45d9bc71e42336604b78,sparse_25pct,vehicle,annotation,True,True,2,,0.05,0.8120623349205305
858a1ece22cf45d9bc71e42336604b78_r535,858a1ece22cf45d9bc71e42336604b78,sparse_25pct,vehicle,annotation,True,True,2,,0.05,0.7753824868835277
858a1ece22cf45d9bc71e42336604b78_r536,858a1ece22cf45d9bc71e42336604b78,sparse_25pct,vehicle,annotation,True,True,3,,0.05,0.7769767130028595
858a1ece22cf45d9bc71e42336604b78_r537,858a1ece22cf45d9bc71e42336604b78,sparse_25pct,vehicle,annotation,True,True,4,,0.05,0.7801436216264436
858a1ece22cf45d9bc71e42336604b78_r540,858a1ece22cf45d9bc71e42336604b78,sparse_25pct,vehicle,annotation,True,True,1,,0.05,0.7842993176878527
858a1ece22cf45d9bc71e42336604b78_r557,858a1ece22cf45d9bc71e42336604b78,sparse_25pct,vehicle,annotation,True,True,2,,0.05,0.7738697544910484
858a1ece22cf45d9bc71e42336604b78_r570,858a1ece22cf45d9bc71e42336604b78,sparse_25pct,vehicle,annotation,True,True,1,,0.05,0.7670438018868052
858a1ece22cf45d9bc71e42336604b78_r584,858a1ece22cf45d9bc71e42336604b78,sparse_25pct,vehicle,annotation,True,True,2,,0.05,0.7609992176184331
858a1ece22cf45d9bc71e42336604b78_r585,858a1ece22cf45d9bc71e42336604b78,sparse_25pct,vehicle,annotation,True,True,3,,0.05,0.7790240509744293
858a1ece22cf45d9bc71e42336604b78_r586,858a1ece22cf45d9bc71e42336604b78,sparse_25pct,vehicle,annotation,True,True,5,,0.05,0.7685511302875325
858a1ece22cf45d9bc71e42336604b78_r587,858a1ece22cf45d9bc71e42336604b78,sparse_25pct,vehicle,annotation,True,True,1,,0.05,0.7678256267839948
858a1ece22cf45d9bc71e42336604b78_r596,858a1ece22cf45d9bc71e42336604b78,sparse_25pct,vehicle,annotation,True,True,1,,0.05,0.7645623400009485
858a1ece22cf45d9bc71e42336604b78_r597,858a1ece22cf45d9bc71e42336604b78,sparse_25pct,vehicle,annotation,True,True,2,,0.05,0.7755361471784326
858a1ece22cf45d9bc71e42336604b78_r598,858a1ece22cf45d9bc71e42336604b78,sparse_25pct,vehicle,annotation,True,True,2,,0.05,0.7633947682369564
858a1ece22cf45d9bc71e42336604b78_r599,858a1ece22cf45d9bc71e42336604b78,sparse_25pct,vehicle,annotation,True,True,3,,0.05,0.7606181563856261
858a1ece22cf45d9bc71e42336604b78_r626,858a1ece22cf45d9bc71e42336604b78,sparse_25pct,vehicle,annotation,True,True,1,,0.1,0.7478443688983418
858a1ece22cf45d9bc71e42336604b78_r666,858a1ece22cf45d9bc71e42336604b78,sparse_25pct,vehicle,annotation,True,True,3,,0.1,0.7421723340662032
858a1ece22cf45d9bc71e42336604b78_r675,858a1ece22cf45d9bc71e42336604b78,sparse_25pct,vehicle,annotation,True,True,4,,0.05,0.8058192381219175
858a1ece22cf45d9bc71e42336604b78_r743,858a1ece22cf45d9bc71e42336604b78,sparse_25pct,vehicle,annotation,True,True,1,,0.1,0.6228380228827427
858a1ece22cf45d9bc71e42336604b78_r301,858a1ece22cf45d9bc71e42336604b78,noise_low,pedestrian_vru,annotation,True,True,378,,0.05,0.8739458114742732
858a1ece22cf45d9bc71e42336604b78_r306,858a1ece22cf45d9bc71e42336604b78,noise_low,pedestrian_vru,annotation,True,True,7,,0.05,0.8463393324493329
858a1ece22cf45d9bc71e42336604b78_r308,858a1ece22cf45d9bc71e42336604b78,noise_low,pedestrian_vru,annotation,True,True,29,,0.05,0.8352054496162679
858a1ece22cf45d9bc71e42336604b78_r309,858a1ece22cf45d9bc71e42336604b78,noise_low,pedestrian_vru,annotation,True,True,10,,0.05,0.8289684314659882
858a1ece22cf45d9bc71e42336604b78_r338,858a1ece22cf45d9bc71e42336604b78,noise_low,pedestrian_vru,annotation,True,True,24,,0.05,0.8378695327191884
858a1ece22cf45d9bc71e42336604b78_r340,858a1ece22cf45d9bc71e42336604b78,noise_low,pedestrian_vru,annotation,True,True,3,,0.05,0.8201087891077068
858a1ece22cf45d9bc71e42336604b78_r357,858a1ece22cf45d9bc71e42336604b78,noise_low,vehicle,annotation,True,True,19,,0.05,0.815139667397088
858a1ece22cf45d9bc71e42336604b78_r358,858a1ece22cf45d9bc71e42336604b78,noise_low,vehicle,annotation,True,True,49,,0.05,0.8252272466245959
858a1ece22cf45d9bc71e42336604b78_r391,858a1ece22cf45d9bc71e42336604b78,noise_low,vehicle,annotation,True,True,2,,0.05,0.7927119552015279
858a1ece22cf45d9bc71e42336604b78_r392,858a1ece22cf45d9bc71e42336604b78,noise_low,vehicle,annotation,True,True,122,,0.05,0.8274166494072878
858a1ece22cf45d9bc71e42336604b78_r419,858a1ece22cf45d9bc71e42336604b78,noise_low,vehicle,annotation,True,True,1,,0.05,0.7845953621685982
858a1ece22cf45d9bc71e42336604b78_r421,858a1ece22cf45d9bc71e42336604b78,noise_low,vehicle,annotation,True,True,69,,0.05,0.8245525315681052
858a1ece22cf45d9bc71e42336604b78_r447,858a1ece22cf45d9bc71e42336604b78,noise_low,vehicle,annotation,True,True,1,,0.05,0.7809893840530496
858a1ece22cf45d9bc71e42336604b78_r448,858a1ece22cf45d9bc71e42336604b78,noise_low,vehicle,annotation,True,True,51,,0.05,0.8079417827700323
858a1ece22cf45d9bc71e42336604b78_r449,858a1ece22cf45d9bc71e42336604b78,noise_low,vehicle,annotation,True,True,16,,0.05,0.8026275651787366
858a1ece22cf45d9bc71e42336604b78_r495,858a1ece22cf45d9bc71e42336604b78,noise_low,vehicle,annotation,True,True,43,,0.05,0.803873455950308
858a1ece22cf45d9bc71e42336604b78_r525,858a1ece22cf45d9bc71e42336604b78,noise_low,vehicle,annotation,True,True,43,,0.05,0.8010716896632889
858a1ece22cf45d9bc71e42336604b78_r526,858a1ece22cf45d9bc71e42336604b78,noise_low,vehicle,annotation,True,True,7,,0.05,0.7958880669385536
858a1ece22cf45d9bc71e42336604b78_r548,858a1ece22cf45d9bc71e42336604b78,noise_low,vehicle,annotation,True,True,51,,0.05,0.826881500368117
858a1ece22cf45d9bc71e42336604b78_r549,858a1ece22cf45d9bc71e42336604b78,noise_low,vehicle,annotation,True,True,23,,0.05,0.8298737119819941
858a1ece22cf45d9bc71e42336604b78_r554,858a1ece22cf45d9bc71e42336604b78,noise_low,vehicle,annotation,True,True,29,,0.05,0.8176438921292914
858a1ece22cf45d9bc71e42336604b78_r555,858a1ece22cf45d9bc71e42336604b78,noise_low,vehicle,annotation,True,True,8,,0.05,0.8548013917182836
858a1ece22cf45d9bc71e42336604b78_r568,858a1ece22cf45d9bc71e42336604b78,noise_low,vehicle,annotation,True,True,74,,0.05,0.818846815990545
858a1ece22cf45d9bc71e42336604b78_r569,858a1ece22cf45d9bc71e42336604b78,noise_low,vehicle,annotation,True,True,113,,0.05,0.8259518477829801
858a1ece22cf45d9bc71e42336604b78_r570,858a1ece22cf45d9bc71e42336604b78,noise_low,vehicle,annotation,True,True,51,,0.05,0.8165004847632372
858a1ece22cf45d9bc71e42336604b78_r582,858a1ece22cf45d9bc71e42336604b78,noise_low,vehicle,annotation,True,True,22,,0.05,0.8533518293464688
858a1ece22cf45d9bc71e42336604b78_r583,858a1ece22cf45d9bc71e42336604b78,noise_low,vehicle,annotation,True,True,12,,0.05,0.8308879056823314
858a1ece22cf45d9bc71e42336604b78_r597,858a1ece22cf45d9bc71e42336604b78,noise_low,vehicle,annotation,True,True,3,,0.05,0.7878634198121515
858a1ece22cf45d9bc71e42336604b78_r598,858a1ece22cf45d9bc71e42336604b78,noise_low,vehicle,annotation,True,True,11,,0.05,0.8219117391460452
858a1ece22cf45d9bc71e42336604b78_r599,858a1ece22cf45d9bc71e42336604b78,noise_low,vehicle,annotation,True,True,37,,0.05,0.8177877155298506
858a1ece22cf45d9bc71e42336604b78_r602,858a1ece22cf45d9bc71e42336604b78,noise_low,vehicle,annotation,True,True,75,,0.05,0.819299254378145
858a1ece22cf45d9bc71e42336604b78_r603,858a1ece22cf45d9bc71e42336604b78,noise_low,vehicle,annotation,True,True,118,,0.05,0.8213440336035304
858a1ece22cf45d9bc71e42336604b78_r606,858a1ece22cf45d9bc71e42336604b78,noise_low,vehicle,annotation,True,True,24,,0.05,0.8161764505680456
858a1ece22cf45d9bc71e42336604b78_r607,858a1ece22cf45d9bc71e42336604b78,noise_low,vehicle,annotation,True,True,23,,0.05,0.8163707893218919
858a1ece22cf45d9bc71e42336604b78_r610,858a1ece22cf45d9bc71e42336604b78,noise_low,vehicle,annotation,True,True,31,,0.05,0.8235450409877069
858a1ece22cf45d9bc71e42336604b78_r612,858a1ece22cf45d9bc71e42336604b78,noise_low,vehicle,annotation,True,True,3,,0.05,0.7826868925363664
858a1ece22cf45d9bc71e42336604b78_r624,858a1ece22cf45d9bc71e42336604b78,noise_low,vehicle,annotation,True,True,16,,0.05,0.7944513302146827
858a1ece22cf45d9bc71e42336604b78_r625,858a1ece22cf45d9bc71e42336604b78,noise_low,vehicle,annotation,True,True,15,,0.05,0.7943245057409808
858a1ece22cf45d9bc71e42336604b78_r628,858a1ece22cf45d9bc71e42336604b78,noise_low,vehicle,annotation,True,True,2,,0.05,0.7981187014515967
858a1ece22cf45d9bc71e42336604b78_r629,858a1ece22cf45d9bc71e42336604b78,noise_low,vehicle,annotation,True,True,10,,0.05,0.8059376955822867
858a1ece22cf45d9bc71e42336604b78_r655,858a1ece22cf45d9bc71e42336604b78,noise_low,vehicle,annotation,True,True,12,,0.05,0.8290617964907756
858a1ece22cf45d9bc71e42336604b78_r673,858a1ece22cf45d9bc71e42336604b78,noise_low,vehicle,annotation,True,True,3,,0.05,0.7753409050123663
858a1ece22cf45d9bc71e42336604b78_r674,858a1ece22cf45d9bc71e42336604b78,noise_low,vehicle,annotation,True,True,16,,0.05,0.7857232032871835
858a1ece22cf45d9bc71e42336604b78_r675,858a1ece22cf45d9bc71e42336604b78,noise_low,vehicle,annotation,True,True,12,,0.05,0.786614305027676
858a1ece22cf45d9bc71e42336604b78_r678,858a1ece22cf45d9bc71e42336604b78,noise_low,vehicle,annotation,True,True,4,,0.05,0.7960030225166841
858a1ece22cf45d9bc71e42336604b78_r679,858a1ece22cf45d9bc71e42336604b78,noise_low,vehicle,annotation,True,True,1,,0.05,0.7842998389365564
858a1ece22cf45d9bc71e42336604b78_r688,858a1ece22cf45d9bc71e42336604b78,noise_low,pedestrian_vru,annotation,True,True,2,,0.05,0.7533841302944477
858a1ece22cf45d9bc71e42336604b78_r696,858a1ece22cf45d9bc71e42336604b78,noise_low,vehicle,annotation,True,True,1,,0.05,0.7721266583086867
858a1ece22cf45d9bc71e42336604b78_r697,858a1ece22cf45d9bc71e42336604b78,noise_low,vehicle,annotation,True,True,4,,0.05,0.7726459798854711
858a1ece22cf45d9bc71e42336604b78_r701,858a1ece22cf45d9bc71e42336604b78,noise_low,vehicle,annotation,True,True,1,,0.05,0.779109726360126
858a1ece22cf45d9bc71e42336604b78_r702,858a1ece22cf45d9bc71e42336604b78,noise_low,vehicle,annotation,True,True,8,,0.05,0.7792607302925708
858a1ece22cf45d9bc71e42336604b78_r721,858a1ece22cf45d9bc71e42336604b78,noise_low,vehicle,annotation,True,True,6,,0.05,0.7751065911151974
858a1ece22cf45d9bc71e42336604b78_r724,858a1ece22cf45d9bc71e42336604b78,noise_low,vehicle,annotation,True,True,1,,0.05,0.7789613868186961
858a1ece22cf45d9bc71e42336604b78_r727,858a1ece22cf45d9bc71e42336604b78,noise_low,vehicle,annotation,True,True,16,,0.05,0.7872858516989574
858a1ece22cf45d9bc71e42336604b78_r743,858a1ece22cf45d9bc71e42336604b78,noise_low,vehicle,annotation,True,True,1,,0.05,0.7598178569618151
858a1ece22cf45d9bc71e42336604b78_r744,858a1ece22cf45d9bc71e42336604b78,noise_low,vehicle,annotation,True,True,4,,0.05,0.7699847017567963
858a1ece22cf45d9bc71e42336604b78_r745,858a1ece22cf45d9bc71e42336604b78,noise_low,vehicle,annotation,True,True,4,,0.05,0.7773077343155781
858a1ece22cf45d9bc71e42336604b78_r746,858a1ece22cf45d9bc71e42336604b78,noise_low,vehicle,annotation,True,True,12,,0.05,0.7803086241992288
858a1ece22cf45d9bc71e42336604b78_r747,858a1ece22cf45d9bc71e42336604b78,noise_low,vehicle,annotation,True,True,3,,0.05,0.7679695863529218
858a1ece22cf45d9bc71e42336604b78_r756,858a1ece22cf45d9bc71e42336604b78,noise_low,vehicle,annotation,True,True,1,,0.05,0.7593688805600304
858a1ece22cf45d9bc71e42336604b78_r759,858a1ece22cf45d9bc71e42336604b78,noise_low,vehicle,annotation,True,True,8,,0.05,0.7748118870652377
858a1ece22cf45d9bc71e42336604b78_r760,858a1ece22cf45d9bc71e42336604b78,noise_low,vehicle,annotation,True,True,13,,0.05,0.7699387055839779
858a1ece22cf45d9bc71e42336604b78_r761,858a1ece22cf45d9bc71e42336604b78,noise_low,vehicle,annotation,True,True,9,,0.05,0.7748334736615323
858a1ece22cf45d9bc71e42336604b78_r762,858a1ece22cf45d9bc71e42336604b78,noise_low,vehicle,annotation,True,True,10,,0.05,0.7627064181294644
858a1ece22cf45d9bc71e42336604b78_r763,858a1ece22cf45d9bc71e42336604b78,noise_low,vehicle,annotation,True,True,9,,0.05,0.7585366713797559
858a1ece22cf45d9bc71e42336604b78_r774,858a1ece22cf45d9bc71e42336604b78,noise_low,vehicle,annotation,True,True,1,,0.1,0.7482338824004388
858a1ece22cf45d9bc71e42336604b78_r793,858a1ece22cf45d9bc71e42336604b78,noise_low,vehicle,annotation,True,True,6,,0.05,0.7579982661837248
858a1ece22cf45d9bc71e42336604b78_r795,858a1ece22cf45d9bc71e42336604b78,noise_low,vehicle,annotation,True,True,1,,0.1,0.7487342575346823
858a1ece22cf45d9bc71e42336604b78_r808,858a1ece22cf45d9bc71e42336604b78,noise_low,vehicle,annotation,True,True,2,,0.1,0.7474054488464172
858a1ece22cf45d9bc71e42336604b78_r809,858a1ece22cf45d9bc71e42336604b78,noise_low,vehicle,annotation,True,True,3,,0.05,0.7593400250454339
858a1ece22cf45d9bc71e42336604b78_r886,858a1ece22cf45d9bc71e42336604b78,noise_low,vehicle,annotation,True,True,14,,0.05,0.7978538121985929
858a1ece22cf45d9bc71e42336604b78_r936,858a1ece22cf45d9bc71e42336604b78,noise_low,vehicle,annotation,True,True,1,,0.1,0.7056049055203403
858a1ece22cf45d9bc71e42336604b78_r950,858a1ece22cf45d9bc71e42336604b78,noise_low,vehicle,annotation,True,True,1,,0.1,0.6901248509100882
858a1ece22cf45d9bc71e42336604b78_r958,858a1ece22cf45d9bc71e42336604b78,noise_low,vehicle,annotation,True,True,2,,0.1,0.6904345406275747
858a1ece22cf45d9bc71e42336604b78_r959,858a1ece22cf45d9bc71e42336604b78,noise_low,vehicle,annotation,True,True,1,,0.1,0.6896864379250885
858a1ece22cf45d9bc71e42336604b78_r1034,858a1ece22cf45d9bc71e42336604b78,noise_low,vehicle,annotation,True,True,1,,0.1,0.6228588347002457
858a1ece22cf45d9bc71e42336604b78_r1043,858a1ece22cf45d9bc71e42336604b78,noise_low,vehicle,annotation,True,True,1,,0.1,0.6133584222480077
858a1ece22cf45d9bc71e42336604b78_r300,858a1ece22cf45d9bc71e42336604b78,noise_medium,pedestrian_vru,annotation,True,True,379,,0.05,0.8738638714306203
858a1ece22cf45d9bc71e42336604b78_r305,858a1ece22cf45d9bc71e42336604b78,noise_medium,pedestrian_vru,annotation,True,True,7,,0.05,0.8460220977702962
858a1ece22cf45d9bc71e42336604b78_r307,858a1ece22cf45d9bc71e42336604b78,noise_medium,pedestrian_vru,annotation,True,True,29,,0.05,0.8351784356565868
858a1ece22cf45d9bc71e42336604b78_r308,858a1ece22cf45d9bc71e42336604b78,noise_medium,pedestrian_vru,annotation,True,True,10,,0.05,0.8289084951278629
858a1ece22cf45d9bc71e42336604b78_r336,858a1ece22cf45d9bc71e42336604b78,noise_medium,pedestrian_vru,annotation,True,True,24,,0.05,0.8380348206505267
858a1ece22cf45d9bc71e42336604b78_r338,858a1ece22cf45d9bc71e42336604b78,noise_medium,pedestrian_vru,annotation,True,True,3,,0.05,0.8199062316598772
858a1ece22cf45d9bc71e42336604b78_r355,858a1ece22cf45d9bc71e42336604b78,noise_medium,vehicle,annotation,True,True,19,,0.05,0.8152424006251394
858a1ece22cf45d9bc71e42336604b78_r356,858a1ece22cf45d9bc71e42336604b78,noise_medium,vehicle,annotation,True,True,50,,0.05,0.8266872312659076
858a1ece22cf45d9bc71e42336604b78_r389,858a1ece22cf45d9bc71e42336604b78,noise_medium,vehicle,annotation,True,True,5,,0.05,0.8238634144114607
858a1ece22cf45d9bc71e42336604b78_r390,858a1ece22cf45d9bc71e42336604b78,noise_medium,vehicle,annotation,True,True,118,,0.05,0.8267440806890992
858a1ece22cf45d9bc71e42336604b78_r417,858a1ece22cf45d9bc71e42336604b78,noise_medium,vehicle,annotation,True,True,1,,0.05,0.7846035209735417
858a1ece22cf45d9bc71e42336604b78_r418,858a1ece22cf45d9bc71e42336604b78,noise_medium,vehicle,annotation,True,True,12,,0.05,0.8153492305385622
858a1ece22cf45d9bc71e42336604b78_r419,858a1ece22cf45d9bc71e42336604b78,noise_medium,vehicle,annotation,True,True,68,,0.05,0.8246925062616087
858a1ece22cf45d9bc71e42336604b78_r420,858a1ece22cf45d9bc71e42336604b78,noise_medium,vehicle,annotation,True,True,35,,0.05,0.8111003824095724
858a1ece22cf45d9bc71e42336604b78_r445,858a1ece22cf45d9bc71e42336604b78,noise_medium,vehicle,annotation,True,True,1,,0.05,0.7809216032222799
858a1ece22cf45d9bc71e42336604b78_r446,858a1ece22cf45d9bc71e42336604b78,noise_medium,vehicle,annotation,True,True,50,,0.05,0.8077375064262433
858a1ece22cf45d9bc71e42336604b78_r447,858a1ece22cf45d9bc71e42336604b78,noise_medium,vehicle,annotation,True,True,16,,0.05,0.8026806724969325
858a1ece22cf45d9bc71e42336604b78_r493,858a1ece22cf45d9bc71e42336604b78,noise_medium,vehicle,annotation,True,True,43,,0.05,0.8037832894434916
858a1ece22cf45d9bc71e42336604b78_r523,858a1ece22cf45d9bc71e42336604b78,noise_medium,vehicle,annotation,True,True,43,,0.05,0.8009346257897593
858a1ece22cf45d9bc71e42336604b78_r524,858a1ece22cf45d9bc71e42336604b78,noise_medium,vehicle,annotation,True,True,7,,0.05,0.7956905308737426
858a1ece22cf45d9bc71e42336604b78_r546,858a1ece22cf45d9bc71e42336604b78,noise_medium,vehicle,annotation,True,True,52,,0.05,0.827100501150384
858a1ece22cf45d9bc71e42336604b78_r547,858a1ece22cf45d9bc71e42336604b78,noise_medium,vehicle,annotation,True,True,20,,0.05,0.8298430378113333
858a1ece22cf45d9bc71e42336604b78_r552,858a1ece22cf45d9bc71e42336604b78,noise_medium,vehicle,annotation,True,True,30,,0.05,0.8172574487735323
858a1ece22cf45d9bc71e42336604b78_r553,858a1ece22cf45d9bc71e42336604b78,noise_medium,vehicle,annotation,True,True,8,,0.05,0.8544205241061659
858a1ece22cf45d9bc71e42336604b78_r566,858a1ece22cf45d9bc71e42336604b78,noise_medium,vehicle,annotation,True,True,76,,0.05,0.8183222387875467
858a1ece22cf45d9bc71e42336604b78_r567,858a1ece22cf45d9bc71e42336604b78,noise_medium,vehicle,annotation,True,True,113,,0.05,0.8258745777856421
858a1ece22cf45d9bc71e42336604b78_r568,858a1ece22cf45d9bc71e42336604b78,noise_medium,vehicle,annotation,True,True,52,,0.05,0.8163012014866375
858a1ece22cf45d9bc71e42336604b78_r580,858a1ece22cf45d9bc71e42336604b78,noise_medium,vehicle,annotation,True,True,21,,0.05,0.8543424973271331
858a1ece22cf45d9bc71e42336604b78_r581,858a1ece22cf45d9bc71e42336604b78,noise_medium,vehicle,annotation,True,True,11,,0.05,0.8325936249740802
858a1ece22cf45d9bc71e42336604b78_r595,858a1ece22cf45d9bc71e42336604b78,noise_medium,vehicle,annotation,True,True,3,,0.05,0.7881892733150806
858a1ece22cf45d9bc71e42336604b78_r596,858a1ece22cf45d9bc71e42336604b78,noise_medium,vehicle,annotation,True,True,11,,0.05,0.8218472069353228
858a1ece22cf45d9bc71e42336604b78_r597,858a1ece22cf45d9bc71e42336604b78,noise_medium,vehicle,annotation,True,True,36,,0.05,0.8176666451229374
858a1ece22cf45d9bc71e42336604b78_r600,858a1ece22cf45d9bc71e42336604b78,noise_medium,vehicle,annotation,True,True,75,,0.05,0.819305413931556
858a1ece22cf45d9bc71e42336604b78_r601,858a1ece22cf45d9bc71e42336604b78,noise_medium,vehicle,annotation,True,True,117,,0.05,0.821419323199897
858a1ece22cf45d9bc71e42336604b78_r604,858a1ece22cf45d9bc71e42336604b78,noise_medium,vehicle,annotation,True,True,24,,0.05,0.8161987419848094
858a1ece22cf45d9bc71e42336604b78_r605,858a1ece22cf45d9bc71e42336604b78,noise_medium,vehicle,annotation,True,True,23,,0.05,0.8160718432474345
858a1ece22cf45d9bc71e42336604b78_r608,858a1ece22cf45d9bc71e42336604b78,noise_medium,vehicle,annotation,True,True,32,,0.05,0.8228678657166589
858a1ece22cf45d9bc71e42336604b78_r609,858a1ece22cf45d9bc71e42336604b78,noise_medium,vehicle,annotation,True,True,20,,0.05,0.8178305856626524
858a1ece22cf45d9bc71e42336604b78_r610,858a1ece22cf45d9bc71e42336604b78,noise_medium,vehicle,annotation,True,True,3,,0.05,0.7834766449291357
858a1ece22cf45d9bc71e42336604b78_r622,858a1ece22cf45d9bc71e42336604b78,noise_medium,vehicle,annotation,True,True,15,,0.05,0.7943471667273608
858a1ece22cf45d9bc71e42336604b78_r623,858a1ece22cf45d9bc71e42336604b78,noise_medium,vehicle,annotation,True,True,16,,0.05,0.7943756677448768
858a1ece22cf45d9bc71e42336604b78_r626,858a1ece22cf45d9bc71e42336604b78,noise_medium,vehicle,annotation,True,True,2,,0.05,0.7980997505323841
858a1ece22cf45d9bc71e42336604b78_r627,858a1ece22cf45d9bc71e42336604b78,noise_medium,vehicle,annotation,True,True,9,,0.05,0.805190897754053
858a1ece22cf45d9bc71e42336604b78_r628,858a1ece22cf45d9bc71e42336604b78,noise_medium,vehicle,annotation,True,True,23,,0.05,0.8130766541193469
858a1ece22cf45d9bc71e42336604b78_r653,858a1ece22cf45d9bc71e42336604b78,noise_medium,vehicle,annotation,True,True,12,,0.05,0.82934844090685
858a1ece22cf45d9bc71e42336604b78_r671,858a1ece22cf45d9bc71e42336604b78,noise_medium,vehicle,annotation,True,True,3,,0.05,0.775615532870843
858a1ece22cf45d9bc71e42336604b78_r672,858a1ece22cf45d9bc71e42336604b78,noise_medium,vehicle,annotation,True,True,16,,0.05,0.7857599593989745
858a1ece22cf45d9bc71e42336604b78_r673,858a1ece22cf45d9bc71e42336604b78,noise_medium,vehicle,annotation,True,True,12,,0.05,0.7865899858030081
858a1ece22cf45d9bc71e42336604b78_r676,858a1ece22cf45d9bc71e42336604b78,noise_medium,vehicle,annotation,True,True,4,,0.05,0.7960355276748927
858a1ece22cf45d9bc71e42336604b78_r677,858a1ece22cf45d9bc71e42336604b78,noise_medium,vehicle,annotation,True,True,1,,0.05,0.7843008539045566
858a1ece22cf45d9bc71e42336604b78_r686,858a1ece22cf45d9bc71e42336604b78,noise_medium,pedestrian_vru,annotation,True,True,2,,0.05,0.7533781033127003
858a1ece22cf45d9bc71e42336604b78_r694,858a1ece22cf45d9bc71e42336604b78,noise_medium,vehicle,annotation,True,True,1,,0.05,0.7721715993259735
858a1ece22cf45d9bc71e42336604b78_r695,858a1ece22cf45d9bc71e42336604b78,noise_medium,vehicle,annotation,True,True,4,,0.05,0.7730188369555393
858a1ece22cf45d9bc71e42336604b78_r699,858a1ece22cf45d9bc71e42336604b78,noise_medium,vehicle,annotation,True,True,1,,0.05,0.7790789560906218
858a1ece22cf45d9bc71e42336604b78_r700,858a1ece22cf45d9bc71e42336604b78,noise_medium,vehicle,annotation,True,True,6,,0.05,0.7796307110752824
858a1ece22cf45d9bc71e42336604b78_r704,858a1ece22cf45d9bc71e42336604b78,noise_medium,vehicle,annotation,True,True,9,,0.05,0.7736859342875448
858a1ece22cf45d9bc71e42336604b78_r719,858a1ece22cf45d9bc71e42336604b78,noise_medium,vehicle,annotation,True,True,7,,0.05,0.7751296139907295
858a1ece22cf45d9bc71e42336604b78_r722,858a1ece22cf45d9bc71e42336604b78,noise_medium,vehicle,annotation,True,True,3,,0.05,0.7797189452376797
858a1ece22cf45d9bc71e42336604b78_r725,858a1ece22cf45d9bc71e42336604b78,noise_medium,vehicle,annotation,True,True,16,,0.05,0.7872500115250116
858a1ece22cf45d9bc71e42336604b78_r741,858a1ece22cf45d9bc71e42336604b78,noise_medium,vehicle,annotation,True,True,1,,0.05,0.7598730532254991
858a1ece22cf45d9bc71e42336604b78_r742,858a1ece22cf45d9bc71e42336604b78,noise_medium,vehicle,annotation,True,True,4,,0.05,0.7698495040473965
858a1ece22cf45d9bc71e42336604b78_r743,858a1ece22cf45d9bc71e42336604b78,noise_medium,vehicle,annotation,True,True,4,,0.05,0.7776200688752799
858a1ece22cf45d9bc71e42336604b78_r744,858a1ece22cf45d9bc71e42336604b78,noise_medium,vehicle,annotation,True,True,12,,0.05,0.7805340266673709
858a1ece22cf45d9bc71e42336604b78_r745,858a1ece22cf45d9bc71e42336604b78,noise_medium,vehicle,annotation,True,True,3,,0.05,0.768453449743301
858a1ece22cf45d9bc71e42336604b78_r754,858a1ece22cf45d9bc71e42336604b78,noise_medium,vehicle,annotation,True,True,1,,0.05,0.7594275664536349
858a1ece22cf45d9bc71e42336604b78_r757,858a1ece22cf45d9bc71e42336604b78,noise_medium,vehicle,annotation,True,True,8,,0.05,0.7750534714502338
858a1ece22cf45d9bc71e42336604b78_r758,858a1ece22cf45d9bc71e42336604b78,noise_medium,vehicle,annotation,True,True,13,,0.05,0.769828446463133
858a1ece22cf45d9bc71e42336604b78_r759,858a1ece22cf45d9bc71e42336604b78,noise_medium,vehicle,annotation,True,True,9,,0.05,0.7749503226961203
858a1ece22cf45d9bc71e42336604b78_r760,858a1ece22cf45d9bc71e42336604b78,noise_medium,vehicle,annotation,True,True,10,,0.05,0.7629160405574474
858a1ece22cf45d9bc71e42336604b78_r761,858a1ece22cf45d9bc71e42336604b78,noise_medium,vehicle,annotation,True,True,9,,0.05,0.7588483336864128
858a1ece22cf45d9bc71e42336604b78_r772,858a1ece22cf45d9bc71e42336604b78,noise_medium,vehicle,annotation,True,True,1,,0.1,0.7481789183590752
858a1ece22cf45d9bc71e42336604b78_r773,858a1ece22cf45d9bc71e42336604b78,noise_medium,vehicle,annotation,True,True,1,,0.05,0.7531285046083859
858a1ece22cf45d9bc71e42336604b78_r792,858a1ece22cf45d9bc71e42336604b78,noise_medium,vehicle,annotation,True,True,6,,0.05,0.7577925326565417
858a1ece22cf45d9bc71e42336604b78_r794,858a1ece22cf45d9bc71e42336604b78,noise_medium,vehicle,annotation,True,True,1,,0.1,0.7488636892076761
858a1ece22cf45d9bc71e42336604b78_r807,858a1ece22cf45d9bc71e42336604b78,noise_medium,vehicle,annotation,True,True,2,,0.1,0.7474850825741078
858a1ece22cf45d9bc71e42336604b78_r808,858a1ece22cf45d9bc71e42336604b78,noise_medium,vehicle,annotation,True,True,3,,0.05,0.7592037888436077
858a1ece22cf45d9bc71e42336604b78_r866,858a1ece22cf45d9bc71e42336604b78,noise_medium,vehicle,annotation,True,True,1,,0.1,0.7268228262511061
858a1ece22cf45d9bc71e42336604b78_r888,858a1ece22cf45d9bc71e42336604b78,noise_medium,vehicle,annotation,True,True,14,,0.05,0.7976963809117852
858a1ece22cf45d9bc71e42336604b78_r951,858a1ece22cf45d9bc71e42336604b78,noise_medium,vehicle,annotation,True,True,1,,0.1,0.6900670451934612
858a1ece22cf45d9bc71e42336604b78_r959,858a1ece22cf45d9bc71e42336604b78,noise_medium,vehicle,annotation,True,True,2,,0.1,0.6905653774791932
858a1ece22cf45d9bc71e42336604b78_r960,858a1ece22cf45d9bc71e42336604b78,noise_medium,vehicle,annotation,True,True,1,,0.1,0.6896627258290895
858a1ece22cf45d9bc71e42336604b78_r1035,858a1ece22cf45d9bc71e42336604b78,noise_medium,vehicle,annotation,True,True,1,,0.1,0.6229004288735025
858a1ece22cf45d9bc71e42336604b78_r1044,858a1ece22cf45d9bc71e42336604b78,noise_medium,vehicle,annotation,True,True,1,,0.1,0.6133343835189387
858a1ece22cf45d9bc71e42336604b78_r298,858a1ece22cf45d9bc71e42336604b78,noise_high,pedestrian_vru,annotation,True,True,386,,0.05,0.8738154452681267
858a1ece22cf45d9bc71e42336604b78_r303,858a1ece22cf45d9bc71e42336604b78,noise_high,pedestrian_vru,annotation,True,True,7,,0.05,0.8457190758890297
858a1ece22cf45d9bc71e42336604b78_r305,858a1ece22cf45d9bc71e42336604b78,noise_high,pedestrian_vru,annotation,True,True,29,,0.05,0.8352015220175688
858a1ece22cf45d9bc71e42336604b78_r306,858a1ece22cf45d9bc71e42336604b78,noise_high,pedestrian_vru,annotation,True,True,10,,0.05,0.8288875902622124
858a1ece22cf45d9bc71e42336604b78_r334,858a1ece22cf45d9bc71e42336604b78,noise_high,pedestrian_vru,annotation,True,True,26,,0.05,0.8383858779267342
858a1ece22cf45d9bc71e42336604b78_r336,858a1ece22cf45d9bc71e42336604b78,noise_high,pedestrian_vru,annotation,True,True,3,,0.05,0.8197061437979924
858a1ece22cf45d9bc71e42336604b78_r354,858a1ece22cf45d9bc71e42336604b78,noise_high,vehicle,annotation,True,True,20,,0.05,0.8196108397333471
858a1ece22cf45d9bc71e42336604b78_r355,858a1ece22cf45d9bc71e42336604b78,noise_high,vehicle,annotation,True,True,48,,0.05,0.8267349603312912
858a1ece22cf45d9bc71e42336604b78_r388,858a1ece22cf45d9bc71e42336604b78,noise_high,vehicle,annotation,True,True,6,,0.05,0.8227437856698335
858a1ece22cf45d9bc71e42336604b78_r389,858a1ece22cf45d9bc71e42336604b78,noise_high,vehicle,annotation,True,True,118,,0.05,0.8265661678347282
858a1ece22cf45d9bc71e42336604b78_r416,858a1ece22cf45d9bc71e42336604b78,noise_high,vehicle,annotation,True,True,1,,0.05,0.7846115285357333
858a1ece22cf45d9bc71e42336604b78_r417,858a1ece22cf45d9bc71e42336604b78,noise_high,vehicle,annotation,True,True,12,,0.05,0.8153901323106176
858a1ece22cf45d9bc71e42336604b78_r418,858a1ece22cf45d9bc71e42336604b78,noise_high,vehicle,annotation,True,True,69,,0.05,0.8247628956259666
858a1ece22cf45d9bc71e42336604b78_r419,858a1ece22cf45d9bc71e42336604b78,noise_high,vehicle,annotation,True,True,34,,0.05,0.8113149758920216
858a1ece22cf45d9bc71e42336604b78_r444,858a1ece22cf45d9bc71e42336604b78,noise_high,vehicle,annotation,True,True,1,,0.05,0.7808537659598974
858a1ece22cf45d9bc71e42336604b78_r445,858a1ece22cf45d9bc71e42336604b78,noise_high,vehicle,annotation,True,True,50,,0.05,0.807589910503397
858a1ece22cf45d9bc71e42336604b78_r446,858a1ece22cf45d9bc71e42336604b78,noise_high,vehicle,annotation,True,True,15,,0.05,0.8023229588673921
858a1ece22cf45d9bc71e42336604b78_r492,858a1ece22cf45d9bc71e42336604b78,noise_high,vehicle,annotation,True,True,43,,0.05,0.803719910007022
858a1ece22cf45d9bc71e42336604b78_r522,858a1ece22cf45d9bc71e42336604b78,noise_high,vehicle,annotation,True,True,43,,0.05,0.8008463021564652
858a1ece22cf45d9bc71e42336604b78_r523,858a1ece22cf45d9bc71e42336604b78,noise_high,vehicle,annotation,True,True,7,,0.05,0.7955326933821361
858a1ece22cf45d9bc71e42336604b78_r545,858a1ece22cf45d9bc71e42336604b78,noise_high,vehicle,annotation,True,True,49,,0.05,0.8253672952847291
858a1ece22cf45d9bc71e42336604b78_r546,858a1ece22cf45d9bc71e42336604b78,noise_high,vehicle,annotation,True,True,18,,0.05,0.8308589480254339
858a1ece22cf45d9bc71e42336604b78_r551,858a1ece22cf45d9bc71e42336604b78,noise_high,vehicle,annotation,True,True,30,,0.05,0.817412700789474
858a1ece22cf45d9bc71e42336604b78_r552,858a1ece22cf45d9bc71e42336604b78,noise_high,vehicle,annotation,True,True,8,,0.05,0.8540464427802994
858a1ece22cf45d9bc71e42336604b78_r565,858a1ece22cf45d9bc71e42336604b78,noise_high,vehicle,annotation,True,True,74,,0.05,0.8180678929246303
858a1ece22cf45d9bc71e42336604b78_r566,858a1ece22cf45d9bc71e42336604b78,noise_high,vehicle,annotation,True,True,113,,0.05,0.8254677751386349
858a1ece22cf45d9bc71e42336604b78_r567,858a1ece22cf45d9bc71e42336604b78,noise_high,vehicle,annotation,True,True,53,,0.05,0.8181567277788773
858a1ece22cf45d9bc71e42336604b78_r579,858a1ece22cf45d9bc71e42336604b78,noise_high,vehicle,annotation,True,True,21,,0.05,0.8542432909491887
858a1ece22cf45d9bc71e42336604b78_r580,858a1ece22cf45d9bc71e42336604b78,noise_high,vehicle,annotation,True,True,11,,0.05,0.832463275286892
858a1ece22cf45d9bc71e42336604b78_r594,858a1ece22cf45d9bc71e42336604b78,noise_high,vehicle,annotation,True,True,3,,0.05,0.7885146671919195
858a1ece22cf45d9bc71e42336604b78_r595,858a1ece22cf45d9bc71e42336604b78,noise_high,vehicle,annotation,True,True,11,,0.05,0.8217972964331364
858a1ece22cf45d9bc71e42336604b78_r596,858a1ece22cf45d9bc71e42336604b78,noise_high,vehicle,annotation,True,True,36,,0.05,0.8173808127462971
858a1ece22cf45d9bc71e42336604b78_r600,858a1ece22cf45d9bc71e42336604b78,noise_high,vehicle,annotation,True,True,72,,0.05,0.8192960794454885
858a1ece22cf45d9bc71e42336604b78_r601,858a1ece22cf45d9bc71e42336604b78,noise_high,vehicle,annotation,True,True,116,,0.05,0.8215250333721322
858a1ece22cf45d9bc71e42336604b78_r604,858a1ece22cf45d9bc71e42336604b78,noise_high,vehicle,annotation,True,True,27,,0.05,0.8161744214367942
858a1ece22cf45d9bc71e42336604b78_r605,858a1ece22cf45d9bc71e42336604b78,noise_high,vehicle,annotation,True,True,22,,0.05,0.8160040357102132
858a1ece22cf45d9bc71e42336604b78_r608,858a1ece22cf45d9bc71e42336604b78,noise_high,vehicle,annotation,True,True,31,,0.05,0.8230577575752082
858a1ece22cf45d9bc71e42336604b78_r609,858a1ece22cf45d9bc71e42336604b78,noise_high,vehicle,annotation,True,True,20,,0.05,0.8175220950010992
858a1ece22cf45d9bc71e42336604b78_r610,858a1ece22cf45d9bc71e42336604b78,noise_high,vehicle,annotation,True,True,3,,0.05,0.7842604407332161
858a1ece22cf45d9bc71e42336604b78_r621,858a1ece22cf45d9bc71e42336604b78,noise_high,vehicle,annotation,True,True,15,,0.05,0.7942534410412628
858a1ece22cf45d9bc71e42336604b78_r622,858a1ece22cf45d9bc71e42336604b78,noise_high,vehicle,annotation,True,True,16,,0.05,0.7944971894510463
858a1ece22cf45d9bc71e42336604b78_r626,858a1ece22cf45d9bc71e42336604b78,noise_high,vehicle,annotation,True,True,2,,0.05,0.7980808301769711
858a1ece22cf45d9bc71e42336604b78_r627,858a1ece22cf45d9bc71e42336604b78,noise_high,vehicle,annotation,True,True,9,,0.05,0.8053935422783394
858a1ece22cf45d9bc71e42336604b78_r628,858a1ece22cf45d9bc71e42336604b78,noise_high,vehicle,annotation,True,True,25,,0.05,0.8135139229635996
858a1ece22cf45d9bc71e42336604b78_r653,858a1ece22cf45d9bc71e42336604b78,noise_high,vehicle,annotation,True,True,11,,0.05,0.8095615190931827
858a1ece22cf45d9bc71e42336604b78_r671,858a1ece22cf45d9bc71e42336604b78,noise_high,vehicle,annotation,True,True,3,,0.05,0.7758938946297045
858a1ece22cf45d9bc71e42336604b78_r672,858a1ece22cf45d9bc71e42336604b78,noise_high,vehicle,annotation,True,True,16,,0.05,0.7858577205785394
858a1ece22cf45d9bc71e42336604b78_r673,858a1ece22cf45d9bc71e42336604b78,noise_high,vehicle,annotation,True,True,12,,0.05,0.7866286950431867
858a1ece22cf45d9bc71e42336604b78_r676,858a1ece22cf45d9bc71e42336604b78,noise_high,vehicle,annotation,True,True,5,,0.05,0.8389822970732058
858a1ece22cf45d9bc71e42336604b78_r677,858a1ece22cf45d9bc71e42336604b78,noise_high,vehicle,annotation,True,True,1,,0.05,0.784301832165153
858a1ece22cf45d9bc71e42336604b78_r686,858a1ece22cf45d9bc71e42336604b78,noise_high,pedestrian_vru,annotation,True,True,2,,0.05,0.7533721133016716
858a1ece22cf45d9bc71e42336604b78_r694,858a1ece22cf45d9bc71e42336604b78,noise_high,vehicle,annotation,True,True,1,,0.05,0.7722165222991636
858a1ece22cf45d9bc71e42336604b78_r695,858a1ece22cf45d9bc71e42336604b78,noise_high,vehicle,annotation,True,True,4,,0.05,0.7734897047103625
858a1ece22cf45d9bc71e42336604b78_r699,858a1ece22cf45d9bc71e42336604b78,noise_high,vehicle,annotation,True,True,1,,0.05,0.7790481853187758
858a1ece22cf45d9bc71e42336604b78_r700,858a1ece22cf45d9bc71e42336604b78,noise_high,vehicle,annotation,True,True,6,,0.05,0.7800348388389995
858a1ece22cf45d9bc71e42336604b78_r704,858a1ece22cf45d9bc71e42336604b78,noise_high,vehicle,annotation,True,True,9,,0.05,0.7736809940939473
858a1ece22cf45d9bc71e42336604b78_r719,858a1ece22cf45d9bc71e42336604b78,noise_high,vehicle,annotation,True,True,7,,0.05,0.7756089774607684
858a1ece22cf45d9bc71e42336604b78_r722,858a1ece22cf45d9bc71e42336604b78,noise_high,vehicle,annotation,True,True,3,,0.05,0.7801793788778207
858a1ece22cf45d9bc71e42336604b78_r725,858a1ece22cf45d9bc71e42336604b78,noise_high,vehicle,annotation,True,True,16,,0.05,0.7872428252103234
858a1ece22cf45d9bc71e42336604b78_r741,858a1ece22cf45d9bc71e42336604b78,noise_high,vehicle,annotation,True,True,1,,0.05,0.7599282359054013
858a1ece22cf45d9bc71e42336604b78_r742,858a1ece22cf45d9bc71e42336604b78,noise_high,vehicle,annotation,True,True,4,,0.05,0.7697163339002427
858a1ece22cf45d9bc71e42336604b78_r743,858a1ece22cf45d9bc71e42336604b78,noise_high,vehicle,annotation,True,True,4,,0.05,0.7779521280446996
858a1ece22cf45d9bc71e42336604b78_r744,858a1ece22cf45d9bc71e42336604b78,noise_high,vehicle,annotation,True,True,12,,0.05,0.7808039740044971
858a1ece22cf45d9bc71e42336604b78_r745,858a1ece22cf45d9bc71e42336604b78,noise_high,vehicle,annotation,True,True,3,,0.05,0.7689343076251354
858a1ece22cf45d9bc71e42336604b78_r754,858a1ece22cf45d9bc71e42336604b78,noise_high,vehicle,annotation,True,True,1,,0.05,0.7594861901453162
858a1ece22cf45d9bc71e42336604b78_r757,858a1ece22cf45d9bc71e42336604b78,noise_high,vehicle,annotation,True,True,8,,0.05,0.7753025104419449
858a1ece22cf45d9bc71e42336604b78_r758,858a1ece22cf45d9bc71e42336604b78,noise_high,vehicle,annotation,True,True,13,,0.05,0.7697737458297564
858a1ece22cf45d9bc71e42336604b78_r759,858a1ece22cf45d9bc71e42336604b78,noise_high,vehicle,annotation,True,True,9,,0.05,0.7750844580595488
858a1ece22cf45d9bc71e42336604b78_r760,858a1ece22cf45d9bc71e42336604b78,noise_high,vehicle,annotation,True,True,10,,0.05,0.763139407089451
858a1ece22cf45d9bc71e42336604b78_r761,858a1ece22cf45d9bc71e42336604b78,noise_high,vehicle,annotation,True,True,9,,0.05,0.7591871164791932
858a1ece22cf45d9bc71e42336604b78_r773,858a1ece22cf45d9bc71e42336604b78,noise_high,vehicle,annotation,True,True,1,,0.05,0.7531854098895909
858a1ece22cf45d9bc71e42336604b78_r793,858a1ece22cf45d9bc71e42336604b78,noise_high,vehicle,annotation,True,True,6,,0.05,0.7576353181341351
858a1ece22cf45d9bc71e42336604b78_r808,858a1ece22cf45d9bc71e42336604b78,noise_high,vehicle,annotation,True,True,2,,0.1,0.7475638608987983
858a1ece22cf45d9bc71e42336604b78_r809,858a1ece22cf45d9bc71e42336604b78,noise_high,vehicle,annotation,True,True,3,,0.05,0.759103448124296
858a1ece22cf45d9bc71e42336604b78_r866,858a1ece22cf45d9bc71e42336604b78,noise_high,vehicle,annotation,True,True,1,,0.1,0.726834324264522
858a1ece22cf45d9bc71e42336604b78_r951,858a1ece22cf45d9bc71e42336604b78,noise_high,vehicle,annotation,True,True,1,,0.1,0.6900092024555987
858a1ece22cf45d9bc71e42336604b78_r959,858a1ece22cf45d9bc71e42336604b78,noise_high,vehicle,annotation,True,True,2,,0.1,0.6906952841081344
858a1ece22cf45d9bc71e42336604b78_r960,858a1ece22cf45d9bc71e42336604b78,noise_high,vehicle,annotation,True,True,1,,0.1,0.6896390053473012
858a1ece22cf45d9bc71e42336604b78_r1041,858a1ece22cf45d9bc71e42336604b78,noise_high,vehicle,annotation,True,True,1,,0.1,0.6133103261900575
