x,y,elevation,occupancy,semantic_class,confidence,importance,resolution,point_count,region_id,semantic_source
-74.72784932454427,43.20618184407552,14.180669466654459,1.0,unknown,0.0,0.3474825769253626,0.2,3,0,fallback
-70.10873413085938,44.940181732177734,11.702390670776367,1.0,unknown,0.0,0.35517267799543184,0.2,1,1,fallback
-69.60887400309245,45.026083628336586,12.962902704874674,1.0,unknown,0.0,0.3774286140408043,0.2,3,2,fallback
-66.92581176757812,-0.5040507167577744,-2.2615336092712823e-07,1.0,unknown,0.0,0.4042168865471875,0.2,2,3,fallback
-67.18770599365234,45.88417053222656,11.433215141296387,1.0,unknown,0.0,0.36091824222388263,0.2,1,4,fallback
-65.3059196472168,-0.5585289001464844,9.954101085662842,1.0,unknown,0.0,0.4266681666229549,0.2,2,5,fallback
-65.65285746256511,0.34833063433567685,0.507356402908196,1.0,unknown,0.0,0.42432223567530025,0.2,3,6,fallback
-64.28584289550781,36.17919158935547,12.118465423583984,1.0,unknown,0.0,0.3836983246615453,0.2,1,7,fallback
-61.35925038655599,33.135300954182945,11.456122080485025,1.0,unknown,0.0,0.39671126449507954,0.2,3,8,fallback
-60.886178970336914,48.300676345825195,5.433304786682129,1.0,unknown,0.0,0.3720740515233934,0.2,2,9,fallback
-58.093204498291016,-22.055944442749023,1.4427063465118408,1.0,unknown,0.0,0.4185822812947304,0.2,1,10,fallback
-58.857662200927734,34.78060531616211,-0.000969787361100316,1.0,unknown,0.0,0.3999018913952289,0.2,1,11,fallback
-59.963191986083984,61.79093933105469,1.9974818229675293,1.0,unknown,0.0,0.3466913838270848,0.2,1,12,fallback
-56.69981384277344,2.713642120361328,1.3177036046981812,1.0,unknown,0.0,0.4347058583207777,0.2,1,13,fallback
-55.159119606018066,3.1918854117393494,0.6428884065280727,1.0,unknown,0.0,0.4538391902115191,0.1,4,14,fallback
-54.167823791503906,4.558420181274414,8.930659294128418,1.0,unknown,0.0,0.4419221322198864,0.2,1,15,fallback
-54.74391174316406,6.111475467681885,-0.00027805284480564296,1.0,unknown,0.0,0.43974802861079476,0.2,1,16,fallback
-53.9730167388916,3.8879191875457764,5.098306753621728,1.0,unknown,0.0,0.5583488797632172,0.1,2,17,fallback
-52.66130828857422,6.317032814025879,9.992752075195312,1.0,unknown,0.0,0.4458834871921219,0.2,1,18,fallback
-53.18363380432129,51.10832977294922,0.8542590257129632,1.0,unknown,0.0,0.4031328429117559,0.2,2,19,fallback
-51.35026931762695,-5.496840953826904,8.484731674194336,1.0,unknown,0.0,0.4500690838625796,0.1,1,20,fallback
-48.70090866088867,-0.40344224870204926,7.422573804855347,1.0,unknown,0.0,0.4718249551465076,0.1,2,21,fallback
-48.218753814697266,7.9566650390625,1.1343291997909546,1.0,unknown,0.0,0.45838754949910976,0.1,1,22,fallback
-48.371734619140625,8.277116775512695,1.139060378074646,1.0,unknown,0.0,0.4577756190380806,0.1,1,23,fallback
-49.419898986816406,27.461868286132812,10.651392936706543,1.0,unknown,0.0,0.4353877196937427,0.2,1,24,fallback
-49.51371765136719,31.362041473388672,9.628446578979492,1.0,unknown,0.0,0.42916862359254315,0.2,1,25,fallback
-49.144596099853516,51.950992584228516,8.361533164978027,1.0,unknown,0.0,0.39046125616397687,0.2,1,26,fallback
-48.50321006774902,52.16807746887207,8.328775405883789,1.0,unknown,0.0,0.3915607504159875,0.2,2,27,fallback
-47.073455810546875,-2.590656280517578,6.62574577331543,1.0,unknown,0.0,0.46356593169535976,0.1,1,28,fallback
-47.60731887817383,4.483457565307617,-0.0002261020999867469,1.0,unknown,0.0,0.46154609164413696,0.1,1,29,fallback
-46.20939636230469,11.521387100219727,-0.00038608178147114813,1.0,unknown,0.0,0.4621278331656751,0.1,1,30,fallback
-46.41779708862305,12.715873718261719,-0.0004240867856424302,1.0,unknown,0.0,0.460615970485603,0.1,1,31,fallback
-46.81730270385742,14.896343231201172,-0.00047358687152154744,1.0,unknown,0.0,0.45760987866502956,0.1,1,32,fallback
-47.90226745605469,29.712553024291992,9.7129913965861,1.0,unknown,0.0,0.4502890590466283,0.1,3,33,fallback
-47.74711481730143,52.584303538004555,4.417475620905559,1.0,unknown,0.0,0.45594067414848716,0.1,3,34,fallback
-44.90155792236328,-22.318593978881836,1.1641957759857178,1.0,unknown,0.0,0.4545725228907773,0.1,1,35,fallback
-44.29316711425781,-2.790228486061096,8.36183500289917,1.0,unknown,0.0,0.47234438818960134,0.1,2,36,fallback
-45.64727592468262,-0.7569334805011749,8.601609706878662,1.0,unknown,0.0,0.4680435116018812,0.1,2,37,fallback
-45.297821044921875,0.6722408533096313,6.366753101348877,1.0,unknown,0.0,0.46909157313601335,0.1,1,38,fallback
-44.10414276123047,29.048974990844727,9.949645805358887,1.0,unknown,0.0,0.44773575473371574,0.2,5,39,fallback
-42.154842376708984,-21.266260147094727,1.0962293148040771,1.0,unknown,0.0,0.4633540999250533,0.1,1,40,fallback
-42.34079360961914,2.041295289993286,1.9766565561294556,1.0,unknown,0.0,0.4778300852812277,0.1,1,41,fallback
-42.62321090698242,10.880374908447266,-0.00037048576632514596,1.0,unknown,0.0,0.47302998069438174,0.1,1,42,fallback
-43.10762405395508,17.381654739379883,-0.0005277165910229087,1.0,unknown,0.0,0.46556003959587045,0.1,1,43,fallback
-43.0902099609375,29.692710876464844,1.2141340970993042,1.0,unknown,0.0,0.44801016127456184,0.2,1,44,fallback
-42.64907264709473,30.59392547607422,7.375903367996216,1.0,unknown,0.0,0.4484218973258277,0.2,2,45,fallback
-42.81901168823242,57.154197692871094,1.656629204750061,1.0,unknown,0.0,0.3907556752610353,0.2,1,46,fallback
-42.445682525634766,59.550758361816406,5.11224889755249,1.0,unknown,0.0,0.3856113971082139,0.2,1,47,fallback
-42.70854377746582,60.971092224121094,1.7505587305640802,1.0,unknown,0.0,0.4214305176082136,0.2,2,48,fallback
-41.05200386047363,-11.000717639923096,0.9867359399795532,1.0,unknown,0.0,0.47764633615309215,0.1,2,49,fallback
-41.05724334716797,1.2593401968479156,0.9672578701283783,1.0,unknown,0.0,0.5037206747746635,0.1,2,50,fallback
-41.177090644836426,2.9796535968780518,0.7282570060669968,1.0,unknown,0.0,0.4994592595167292,0.1,4,51,fallback
-41.55086612701416,4.403491258621216,0.48290070968141663,1.0,unknown,0.0,0.4906112381211887,0.1,4,52,fallback
-40.16806983947754,10.142128944396973,0.9615100622177124,1.0,unknown,0.0,0.4807780010512329,0.1,2,53,fallback
-40.429945373535155,32.95669250488281,3.6766953229904176,1.0,unknown,0.0,0.5261395062587453,0.1,5,54,fallback
-40.79808044433594,51.705543518066406,7.700901746749878,1.0,unknown,0.0,0.4076057917386071,0.2,2,55,fallback
-40.95723915100098,56.68386650085449,1.6095109937596135,1.0,unknown,0.0,0.4317548031197167,0.2,2,56,fallback
-41.52505683898926,61.45945739746094,-0.0014920370886102319,1.0,unknown,0.0,0.38248190724499687,0.2,2,57,fallback
-38.25032043457031,-18.950010299682617,5.495499849319458,1.0,unknown,0.0,0.4883116025287828,0.1,2,58,fallback
-38.335121154785156,-15.309703826904297,1.9250236749649048,1.0,unknown,0.0,0.4811625383537911,0.1,1,59,fallback
-38.2131462097168,-12.033923149108887,0.93015056848526,1.0,unknown,0.0,0.4848104054152995,0.1,1,60,fallback
-38.68651580810547,-11.13160490989685,1.877476543188095,1.0,unknown,0.0,0.4846482940158018,0.1,4,61,fallback
-39.043588638305664,-9.248331546783447,0.9317456781864166,1.0,unknown,0.0,0.48488134191334364,0.1,2,62,fallback
-38.140804290771484,-5.4213995933532715,7.258331775665283,1.0,unknown,0.0,0.4894274568529372,0.1,1,63,fallback
-38.74516677856445,-2.7439185976982117,5.687000751495361,1.0,unknown,0.0,0.496415800136929,0.1,4,64,fallback
-38.595359802246094,-1.7690114974975586,6.3476643562316895,1.0,unknown,0.0,0.4896882828079132,0.1,2,65,fallback
-39.71012878417969,0.9705415368080139,-0.00013055479212198406,1.0,unknown,0.0,0.48583403795388025,0.1,1,66,fallback
-39.501014709472656,20.760836601257324,8.140169143676758,1.0,unknown,0.0,0.4824731741772552,0.1,4,67,fallback
-39.753034591674805,32.92757701873779,6.9698402881622314,1.0,unknown,0.0,0.5134832176737477,0.1,4,68,fallback
-39.681888580322266,34.295183181762695,9.880849838256836,1.0,unknown,0.0,0.44777725888650866,0.2,2,69,fallback
-39.90851974487305,37.90493583679199,0.6373386011691764,1.0,unknown,0.0,0.4543617789460094,0.1,2,70,fallback
-38.68118667602539,43.921775817871094,11.025811195373535,1.0,unknown,0.0,0.42942036182134424,0.2,1,71,fallback
-38.66599655151367,48.3856201171875,5.05184531211853,1.0,unknown,0.0,0.4679233854682655,0.1,2,72,fallback
-38.316707611083984,50.49871826171875,-0.0012515498092398047,1.0,unknown,0.0,0.4148300348265591,0.2,1,73,fallback
-39.65167744954427,52.36047871907552,5.103918940178119,1.0,unknown,0.0,0.4898710424939279,0.1,3,74,fallback
-37.80975341796875,-12.259571552276611,1.8536072969436646,1.0,unknown,0.0,0.4857581801024484,0.1,2,75,fallback
-37.85405921936035,-11.790440082550049,1.848945677280426,1.0,unknown,0.0,0.4861359541996936,0.1,2,76,fallback
-36.84040832519531,-9.04924742380778,2.0521034002304077,1.0,unknown,0.0,0.5383941670592068,0.1,3,77,fallback
-37.60269546508789,-6.319472312927246,-1.2551084864753648e-06,1.0,unknown,0.0,0.49060993955335996,0.1,1,78,fallback
-36.20123291015625,-4.502694129943848,6.8732099533081055,1.0,unknown,0.0,0.49555946058343414,0.1,1,79,fallback
-36.86400394439697,-2.9571406483650207,6.080281734466553,1.0,unknown,0.0,0.512714821296524,0.1,20,80,fallback
-36.71622212727865,-1.5678592920303345,6.924070358276367,1.0,unknown,0.0,0.49571827679035785,0.1,3,81,fallback
-37.37057876586914,6.616410732269287,0.8808753490447998,1.0,unknown,0.0,0.49114468201060146,0.1,1,82,fallback
-36.64455108642578,44.5706428527832,2.1522129031363875,1.0,unknown,0.0,0.4563305301119539,0.1,5,83,fallback
-34.03030014038086,-13.138008117675781,1.7011444568634033,1.0,unknown,0.0,0.4955650089573692,0.1,1,84,fallback
-35.323585510253906,-10.724800825119019,5.625057697296143,1.0,unknown,0.0,0.5106025868763862,0.1,4,85,fallback
-34.72879305752841,-8.906895810907537,2.206368164666442,1.0,unknown,0.0,0.5368661386873659,0.1,11,86,fallback
-34.71415901184082,-7.777156233787537,2.8991111516952515,1.0,unknown,0.0,0.5261093358492663,0.1,4,87,fallback
-35.66798973083496,-4.437841892242432,6.772118330001831,1.0,unknown,0.0,0.4982632371053314,0.1,2,88,fallback
-35.458194732666016,-3.8928112983703613,6.7208311557769775,1.0,unknown,0.0,0.4981586011651029,0.1,2,89,fallback
-34.69864273071289,-1.8670591711997986,-4.1865397406581906e-06,1.0,unknown,0.0,0.500753524338139,0.1,2,90,fallback
-35.43391418457031,48.06160354614258,11.249024391174316,1.0,unknown,0.0,0.4258650785335403,0.2,1,91,fallback
-35.195783615112305,58.877899169921875,2.394485831260681,1.0,unknown,0.0,0.41744808948302103,0.2,2,92,fallback
-33.96895980834961,-13.339608192443848,1.7018920183181763,1.0,unknown,0.0,0.4955170406195436,0.1,1,93,fallback
-33.71426773071289,-10.766051292419434,5.814619064331055,1.0,unknown,0.0,0.49882543910407373,0.1,1,94,fallback
-33.75011374733665,-9.258125045082785,2.525961935520172,1.0,unknown,0.0,0.5268977719365637,0.1,11,95,fallback
-32.916404724121094,-5.928468704223633,-8.989309208118357e-08,1.0,unknown,0.0,0.5046619315999561,0.1,1,96,fallback
-32.78629112243652,17.253385543823242,-0.0004992159374523908,1.0,unknown,0.0,0.49385334889176136,0.1,2,97,fallback
-32.184940338134766,25.08244514465332,2.852639675140381,1.0,unknown,0.0,0.48258678604401184,0.1,1,98,fallback
-32.46012306213379,31.90959644317627,0.5260802360426169,1.0,unknown,0.0,0.480401968365037,0.1,2,99,fallback
-32.99795913696289,59.84981918334961,2.3859391808509827,1.0,vehicle,0.0,0.6581541210420969,0.1,2,100,annotation
-30.72031307220459,9.014811515808105,1.4927445650100708,1.0,unknown,0.0,0.5090449102129735,0.1,2,101,fallback
-30.60304069519043,10.729093551635742,0.7525708079338074,1.0,unknown,0.0,0.5077120976992457,0.1,1,102,fallback
-30.21432940165202,22.697668711344402,1.4707870880762737,1.0,unknown,0.0,0.5013511661139342,0.1,3,103,fallback
-31.39600435892741,25.046268145243328,2.0320109327634177,1.0,unknown,0.0,0.5105901786191316,0.1,6,104,fallback
-31.737513542175293,33.63782501220703,-0.0008594318642280996,1.0,unknown,0.0,0.4662593889597688,0.1,2,105,fallback
-30.493572235107422,34.86935806274414,-0.0008852682076394558,1.0,unknown,0.0,0.46603392243324215,0.1,1,106,fallback
-29.94666290283203,-8.859180450439453,0.7250630259513855,1.0,unknown,0.0,0.5113112105136173,0.1,1,107,fallback
-28.421988487243652,-5.6922736167907715,1.3517532348632812,1.0,unknown,0.0,0.5180725543063461,0.1,2,108,fallback
-28.95794677734375,9.225021362304688,0.7053064107894897,1.0,unknown,0.0,0.5138244917412025,0.1,1,109,fallback
-29.9766845703125,10.13496208190918,1.475342869758606,1.0,unknown,0.0,0.5100691216301685,0.1,1,110,fallback
-29.279720306396484,12.826067447662354,1.4903287887573242,1.0,unknown,0.0,0.509183932643399,0.1,2,111,fallback
-28.783777236938477,14.831046104431152,-0.00043322626152075827,1.0,unknown,0.0,0.5078599369714167,0.1,1,112,fallback
-29.241275787353516,20.658077239990234,0.8306533098220825,1.0,unknown,0.0,0.4975929458353445,0.1,1,113,fallback
-28.871750259399413,23.333638000488282,0.8770733934710734,1.0,unknown,0.0,0.511585694992544,0.1,5,114,fallback
-28.77219009399414,24.314401626586914,-0.0006511543761007488,1.0,unknown,0.0,0.4919899940563882,0.1,1,115,fallback
-28.0256404876709,26.317890167236328,0.8919020891189575,1.0,unknown,0.0,0.48966305531881804,0.1,1,116,fallback
-28.55948766072591,30.948956807454426,7.933712959289551,1.0,unknown,0.0,0.4792103268966249,0.1,3,117,fallback
-28.8607660929362,32.2564811706543,1.0107575081832085,1.0,unknown,0.0,0.4940046108717253,0.1,3,118,fallback
-27.423447608947754,-12.550931453704834,1.406460165977478,1.0,unknown,0.0,0.5150617842392325,0.1,2,119,fallback
-26.929393768310547,-5.4935526847839355,-4.852965048485203e-06,1.0,unknown,0.0,0.5225479392103328,0.1,1,120,fallback
-26.8890438079834,-3.525636911392212,3.1713786125183105,1.0,unknown,0.0,0.5236424119528633,0.1,1,121,fallback
-26.13890552520752,0.869595468044281,0.3039187831673189,1.0,unknown,0.0,0.5334380902628263,0.1,2,122,fallback
-26.297447204589844,13.99449634552002,4.186193466186523,1.0,unknown,0.0,0.5156321371130166,0.1,1,123,fallback
-26.391173934936525,15.28331356048584,3.7073991775512694,1.0,unknown,0.0,0.5190327956594323,0.1,5,124,fallback
-26.91046870838512,16.706377896395598,0.7281200642517599,1.0,unknown,0.0,0.534506309572676,0.1,11,125,fallback
-26.188093185424805,19.971799850463867,5.410390853881836,1.0,unknown,0.0,0.5061961482248828,0.1,1,126,fallback
-26.98370122909546,20.98078441619873,3.3601232022047043,1.0,unknown,0.0,0.5515345146886175,0.1,4,127,fallback
-27.79551887512207,26.46942901611328,4.487834930419922,1.0,unknown,0.0,0.48985229538637365,0.1,1,128,fallback
-27.24088478088379,28.930736541748047,2.751940906047821,1.0,unknown,0.0,0.5269516615030984,0.1,2,129,fallback
-27.25981903076172,35.96565246582031,2.1036481857299805,1.0,unknown,0.0,0.46961302493246104,0.1,1,130,fallback
-26.942637761433918,36.263100941975914,1.9263741985099234,1.0,unknown,0.0,0.4949054458144433,0.1,6,131,fallback
-26.903711795806885,45.26526069641113,-0.0010897851607296616,1.0,vehicle,0.0,0.6870292325488091,0.1,4,132,annotation
-25.29242515563965,-12.02058219909668,1.3059313297271729,1.0,unknown,0.0,0.5209892239059187,0.1,1,133,fallback
-25.249755859375,-4.239011287689209,0.5944204926490784,1.0,unknown,0.0,0.5281906614473423,0.1,1,134,fallback
-24.678997198740642,-2.6339651942253113,0.766032609439776,1.0,unknown,0.0,0.5402438956152278,0.1,12,135,fallback
-24.490290208296344,-1.0694379891184242,2.9245499249913407,1.0,unknown,0.0,0.5636002468107421,0.1,11,136,fallback
-24.754513104756672,0.7505217908571163,2.319713854799071,1.0,unknown,0.0,0.5530547486255719,0.1,12,137,fallback
-24.106103897094727,2.130279302597046,-0.00011910616012755781,1.0,unknown,0.0,0.5323998552684542,0.1,1,138,fallback
-24.240978240966797,8.872694396972657,0.001219057710841298,1.0,unknown,0.0,0.5361544180799797,0.1,5,139,fallback
-25.80139923095703,10.408726215362549,0.3225395400368143,1.0,unknown,0.0,0.5288602931374968,0.1,2,140,fallback
-24.893944422403973,13.506889979044596,0.4379019922247001,1.0,unknown,0.0,0.5270658866304558,0.1,3,141,fallback
-24.583103942871094,15.33615239461263,3.249573032061259,1.0,unknown,0.0,0.5453150387679155,0.1,15,142,fallback
-25.067754994268004,17.24730516516644,2.8595672081852253,1.0,unknown,0.0,0.5555371654578097,0.1,23,143,fallback
-25.446115221296036,18.893451690673828,3.926863919943571,1.0,unknown,0.0,0.5469795289940264,0.1,7,144,fallback
-24.10145330429077,21.330991744995117,2.420440152287483,1.0,unknown,0.0,0.5562359872188123,0.1,4,145,fallback
-24.48563241958618,22.98878351847331,3.085963412445077,1.0,unknown,0.0,0.5726844244909497,0.1,12,146,fallback
-24.320545196533203,24.896282196044922,-0.8087807595729828,1.0,unknown,0.0,0.5008144421110056,0.1,2,147,fallback
-24.5957768758138,27.586398124694824,3.43963760137558,1.0,unknown,0.0,0.5379316612606226,0.1,6,148,fallback
-24.208380381266277,30.901654561360676,0.30217230525643873,1.0,unknown,0.0,0.49695615246095404,0.1,3,149,fallback
-25.958232879638672,33.41703796386719,0.9815844297409058,1.0,unknown,0.0,0.4780560969380221,0.1,1,150,fallback
-25.994991302490234,55.34254837036133,7.14894437789917,1.0,unknown,0.0,0.4215692634903274,0.2,1,151,fallback
-22.723199367523193,-22.6644549369812,3.753381848335266,1.0,unknown,0.0,0.5094528488066433,0.1,4,152,fallback
-23.38150978088379,-21.758346557617188,3.7351757685343423,1.0,unknown,0.0,0.5093909233998454,0.1,3,153,fallback
-22.316898345947266,-13.072345733642578,2.41298246383667,1.0,unknown,0.0,0.52740894656683,0.1,1,154,fallback
-22.99137020111084,-11.139201641082764,1.0440232753753662,1.0,unknown,0.0,0.5343783877997561,0.1,4,155,fallback
-23.442062377929688,-8.741334915161133,1.166731834411621,1.0,unknown,0.0,0.529943547767911,0.1,1,156,fallback
-22.348793029785156,-5.510070323944092,-1.940415359058534e-06,1.0,unknown,0.0,0.5359459282607691,0.1,1,157,fallback
-23.783069610595703,-2.030521869659424,0.5541810393333435,1.0,unknown,0.0,0.5333912241936056,0.1,1,158,fallback
-23.125107498168944,-0.8279536312818527,1.215530898218468,1.0,unknown,0.0,0.5614152258761946,0.1,25,159,fallback
-23.230208004222195,0.8192136228522834,1.5110828105141134,1.0,unknown,0.0,0.552563777064818,0.1,17,160,fallback
-22.76018352508545,2.7995523691177366,1.5426250159740449,1.0,unknown,0.0,0.552544382258414,0.1,10,161,fallback
-22.588936233520506,5.058354282379151,1.0889046788215637,1.0,unknown,0.0,0.5495851704585839,0.1,5,162,fallback
-22.95359230041504,6.6346940994262695,0.7626018615313418,1.0,unknown,0.0,0.5577986497278311,0.1,3,163,fallback
-23.859792709350586,8.523072719573975,0.58805051445961,1.0,unknown,0.0,0.5290216678138415,0.1,2,164,fallback
-22.698495546976726,13.417141278584799,1.3303739031155903,1.0,unknown,0.0,0.5308221753722002,0.1,6,165,fallback
-22.960501010601337,15.360322071955753,2.0304054455348077,1.0,unknown,0.0,0.5647531606578715,0.1,13,166,fallback
-22.697504650462758,16.969108191403475,3.543526267463511,1.0,unknown,0.0,0.5497654986513038,0.1,44,167,fallback
-22.724242437453498,18.754351570492698,3.1931245178372287,1.0,unknown,0.0,0.5551273557785058,0.1,21,168,fallback
-22.516936798095703,20.927511901855468,3.915129098384641,1.0,unknown,0.0,0.5568497000756639,0.1,25,169,fallback
-23.858121871948242,23.29048728942871,6.281230926513672,1.0,unknown,0.0,0.5049754480293864,0.1,1,170,fallback
-22.424458185831707,27.397111256917317,-0.26928945382436115,1.0,unknown,0.0,0.5164154920031905,0.1,3,171,fallback
-23.02440940009223,28.989775622332537,1.9598142674313512,1.0,unknown,0.0,0.534048941691221,0.1,27,172,fallback
-23.211332321166992,32.68093681335449,-0.931469202041626,1.0,unknown,0.0,0.484877723843283,0.1,2,173,fallback
-20.54209327697754,-24.188167572021484,0.00011076774535467848,1.0,unknown,0.0,0.5097980807954475,0.1,1,174,fallback
-20.27942180633545,-23.58009624481201,1.112928867340088,1.0,unknown,0.0,0.5531230560184557,0.1,2,175,fallback
-20.23842938741048,-21.644594192504883,-0.9200886458808478,1.0,unknown,0.0,0.5308670935053329,0.1,3,176,fallback
-20.067111015319824,-18.13854694366455,3.481982469558716,1.0,unknown,0.0,0.5309599665502237,0.1,2,177,fallback
-20.262400007247926,-16.789151072502136,1.80538174856174,1.0,unknown,0.0,0.5751059420371916,0.1,80,178,fallback
-20.615634088930875,-15.222032733585523,0.6765274999211808,1.0,unknown,0.0,0.5665662292202472,0.1,46,179,fallback
-21.402377605438232,-12.96291208267212,1.9099886268377304,1.0,unknown,0.0,0.5718690323909581,0.1,8,180,fallback
-21.390630340576173,-10.89954776763916,2.0244144678115843,1.0,unknown,0.0,0.5437072996146848,0.1,5,181,fallback
-21.455768585205078,-8.13737678527832,1.0701225996017456,1.0,unknown,0.0,0.5361588628889155,0.1,1,182,fallback
-20.67727279663086,-6.2455666065216064,0.5015613436698914,1.0,unknown,0.0,0.5404071287913235,0.1,2,183,fallback
-20.67715040842692,-5.6085900863011675,-0.1636981974118458,1.0,unknown,0.0,0.5478002428632401,0.1,12,184,fallback
-21.785805172390408,1.1420311596658494,0.619314922285816,1.0,unknown,0.0,0.5485930951358179,0.1,9,185,fallback
-21.710377883911132,3.5624703884124758,1.0293981075286864,1.0,unknown,0.0,0.5519897650192553,0.1,5,186,fallback
-20.910932540893555,5.866022109985352,0.5040240287780762,1.0,unknown,0.0,0.5398456000248506,0.1,1,187,fallback
-21.114813486735027,6.979682366053264,1.0368178685506184,1.0,unknown,0.0,0.5500742099422462,0.1,6,188,fallback
-21.701361656188965,13.882699330647787,1.5009852051734924,1.0,unknown,0.0,0.534516926986835,0.1,6,189,fallback
-21.29480288578914,14.366505696223332,1.7967632550459642,1.0,unknown,0.0,0.5420289605589937,0.1,13,190,fallback
-21.350251756865404,18.785053845109612,2.7968854965834784,1.0,unknown,0.0,0.5382651192548283,0.1,29,191,fallback
-21.119255563487176,21.062832210374914,3.3887971719124597,1.0,unknown,0.0,0.5524480381650676,0.1,23,192,fallback
-20.707031049226458,22.41959742495888,4.032578537795129,1.0,unknown,0.0,0.5555172595570373,0.1,19,193,fallback
-21.19786728752984,25.306006749471027,2.1125464952007555,1.0,unknown,0.0,0.5703599448161241,0.1,9,194,fallback
-21.68194516499837,27.12000783284505,-0.806841254234314,1.0,unknown,0.0,0.5012055783064083,0.1,3,195,fallback
-21.928464889526367,29.580577850341797,-0.8556373715400696,1.0,unknown,0.0,0.49453365478417466,0.1,1,196,fallback
-19.743340492248535,-22.925954818725586,-0.8761903650301974,1.0,unknown,0.0,0.527385714384217,0.1,4,197,fallback
-18.922189962668497,-20.96734950581535,3.279788556788785,1.0,unknown,0.0,0.5627284034644073,0.1,61,198,fallback
-19.525670463388618,-18.9374520778656,2.534897974996842,1.0,unknown,0.0,0.5694288242205398,0.1,88,199,fallback
-19.51332850069613,-17.232569771843988,1.8379263542669217,1.0,unknown,0.0,0.5672544379941562,0.1,37,200,fallback
-19.429555257161457,-14.790640830993652,1.3374632596969604,1.0,unknown,0.0,0.5389690056101962,0.1,3,201,fallback
-19.338120142618816,-12.988327582677206,1.086681326230367,1.0,unknown,0.0,0.5353451510732675,0.1,12,202,fallback
-19.85991923014323,-11.545251846313477,1.0713478326797485,1.0,unknown,0.0,0.5361257557378286,0.1,3,203,fallback
-18.421847661336262,-8.33481502532959,-0.007143100102742513,1.0,unknown,0.0,0.5595437648371279,0.1,3,204,fallback
-19.457117557525635,-6.624698897202809,0.0806630918570832,1.0,unknown,0.0,0.5680851295276587,0.1,24,205,fallback
-19.92184003194173,-5.863219261169434,-0.1606482163395242,1.0,unknown,0.0,0.547854907721387,0.1,3,206,fallback
-18.20003843307495,-2.7202571630477905,1.3961663246154785,1.0,unknown,0.0,0.5625183662913275,0.1,4,207,fallback
-18.15974235534668,-1.3622743089993794,1.7082453966140747,1.0,unknown,0.0,0.5665529841197128,0.1,3,208,fallback
-18.315810203552246,0.08792994916439056,0.8541216850280762,1.0,unknown,0.0,0.550063181817281,0.1,2,209,fallback
-19.083624839782715,9.068984190622965,1.1534829734737286,1.0,unknown,0.0,0.5789516061187335,0.1,12,210,fallback
-18.688012504577635,15.233157062530518,-0.7294086015434005,1.0,unknown,0.0,0.5426744622441882,0.1,10,211,fallback
-18.76356029510498,16.500085830688477,-1.165963739156723,1.0,unknown,0.0,0.5301393956801664,0.1,4,212,fallback
-19.310866991678875,19.4905268351237,2.2542224129041037,1.0,unknown,0.0,0.5397312107357036,0.1,6,213,fallback
-19.244062589562457,21.116926607878312,1.4761184924180903,1.0,unknown,0.0,0.5471046867215293,0.1,23,214,fallback
-19.06990604400635,22.77612907409668,3.4187324667163193,1.0,unknown,0.0,0.5593624429468086,0.1,50,215,fallback
-18.919652303059895,25.558752695719402,5.99174435933431,1.0,unknown,0.0,0.5102000423418317,0.1,3,216,fallback
-18.11509895324707,71.4330062866211,6.873715877532959,1.0,unknown,0.0,0.3839174797161172,0.2,1,217,fallback
-19.02243995666504,78.68949127197266,3.7735612392425537,1.0,unknown,0.0,0.3621317160950795,0.2,1,218,fallback
-16.450254440307617,-42.290822982788086,-1.0532293319702148,1.0,unknown,0.0,0.4688673446217124,0.1,2,219,fallback
-17.889205932617188,-30.761371612548828,5.8465752601623535,1.0,unknown,0.0,0.4982452762100702,0.1,1,220,fallback
-16.372426350911457,-28.905903657277424,2.9623890121777854,1.0,unknown,0.0,0.5750753297093374,0.1,12,221,fallback
-16.773157755533855,-27.6987730662028,-0.8722924192746481,1.0,unknown,0.0,0.5635954688023365,0.1,6,222,fallback
-16.87288983662923,-20.650911331176758,1.7856800076609942,1.0,unknown,0.0,0.5852614129329485,0.1,45,223,fallback
-17.263208891216077,-18.939942008570622,-0.4867389620979482,1.0,unknown,0.0,0.5533403274855614,0.1,19,224,fallback
-17.535151221535422,-17.199520457874645,-0.8661549145525153,1.0,unknown,0.0,0.5561841757779523,0.1,11,225,fallback
-17.001074473063152,-15.008292304144966,-1.5859175788031683,1.0,unknown,0.0,0.5377997359846427,0.1,9,226,fallback
-16.361064195632935,-13.032529711723328,-1.4628063887357712,1.0,unknown,0.0,0.5429877676193601,0.1,8,227,fallback
-16.046436309814453,-11.999874114990234,-1.401096224784851,1.0,unknown,0.0,0.5448887209154147,0.1,1,228,fallback
-17.686735153198242,-9.042927742004395,0.9263721704483032,1.0,unknown,0.0,0.545406742975917,0.1,1,229,fallback
-16.943066596984863,-6.914720153808593,0.3987182304606904,1.0,unknown,0.0,0.5792497698538898,0.1,10,230,fallback
-16.548343138261274,-5.656482826579701,0.7527714112786519,1.0,unknown,0.0,0.5804611044177287,0.1,11,231,fallback
-17.561721108176492,-2.5761339881203393,2.0765667286786167,1.0,unknown,0.0,0.562536543700713,0.1,11,232,fallback
-17.451589977040012,-1.0783362703069168,1.5530118907774175,1.0,unknown,0.0,0.564672977097723,0.1,34,233,fallback
-16.606656727037933,3.463505882965891,0.5829055044795448,1.0,unknown,0.0,0.571038496140266,0.1,19,234,fallback
-16.070338249206543,5.020861864089966,0.7849867939949036,1.0,unknown,0.0,0.5545023034995052,0.1,2,235,fallback
-16.5897766993596,6.999076219705435,1.2570693943248794,1.0,unknown,0.0,0.5840028799466908,0.1,13,236,fallback
-16.234936428070068,9.239115047454835,0.042433846906351394,1.0,unknown,0.0,0.5749554688575356,0.1,20,237,fallback
-16.409221749556693,10.843162536621094,-0.8869319134636929,1.0,unknown,0.0,0.5535698771560458,0.1,19,238,fallback
-17.00618553161621,12.446673393249512,-0.4896308481693268,1.0,unknown,0.0,0.5417768220978587,0.1,1,239,fallback
-17.345309257507324,15.46180546283722,0.6816555112600327,1.0,unknown,0.0,0.5512326429434892,0.1,8,240,fallback
-16.85733495439802,16.989262353806268,-0.14328887130250223,1.0,unknown,0.0,0.5532444734194382,0.1,21,241,fallback
-17.09793891906738,18.91040433247884,-0.7522970563867906,1.0,unknown,0.0,0.5473570902358379,0.1,15,242,fallback
-17.057671229044598,21.494091987609863,-1.2802696625391643,1.0,unknown,0.0,0.5233837719065602,0.1,6,243,fallback
-17.111337065696716,23.49132490158081,4.686799854040146,1.0,unknown,0.0,0.5249131375132167,0.1,16,244,fallback
-16.83975060780843,24.411011219024658,4.577853322029114,1.0,unknown,0.0,0.5292996527494587,0.1,12,245,fallback
-16.396486282348633,26.38472557067871,4.741557717323303,1.0,unknown,0.0,0.5273048096117683,0.1,4,246,fallback
-17.253923416137695,61.67189025878906,-0.0013862868072465062,1.0,unknown,0.0,0.412880039318975,0.2,1,247,fallback
-16.365102767944336,67.80073547363281,4.875727653503418,1.0,unknown,0.0,0.3957565846332598,0.2,1,248,fallback
-16.314208984375,69.12176513671875,1.6473634243011475,1.0,unknown,0.0,0.39193722410140686,0.2,1,249,fallback
-17.558308283487957,70.94017791748047,5.672910094261169,1.0,unknown,0.0,0.4511538241618409,0.1,3,250,fallback
-17.960359573364258,76.21540832519531,3.649895668029785,1.0,unknown,0.0,0.3700909392134329,0.2,1,251,fallback
-14.037775039672852,-36.304134368896484,1.815438151359558,1.0,unknown,0.0,0.48822909736131104,0.1,1,252,fallback
-14.422094865278764,-35.048256787386805,3.214029558680274,1.0,unknown,0.0,0.5434884185108014,0.1,22,253,fallback
-15.071407863071986,-33.019056047712056,3.724778623807998,1.0,unknown,0.0,0.5330285497669113,0.1,21,254,fallback
-14.831802454861728,-30.629290840842508,5.283468788320368,1.0,unknown,0.0,0.5263559326508508,0.1,11,255,fallback
-14.898483612958122,-29.4653881297392,5.372414091054131,1.0,unknown,0.0,0.5419950870712857,0.1,17,256,fallback
-14.870117664337158,-26.713025526566938,3.5369979441165924,1.0,unknown,0.0,0.5694852495210125,0.1,22,257,fallback
-14.790521881797098,-25.360954111272637,1.575492623587541,1.0,unknown,0.0,0.5560822912966056,0.1,11,258,fallback
-14.307470280191172,-22.63724949048913,2.0844014518984095,1.0,unknown,0.0,0.5828912336748677,0.1,46,259,fallback
-15.013625156879424,-20.85515284538269,2.395300426123049,1.0,unknown,0.0,0.5786352680313718,0.1,80,260,fallback
-15.153833675384522,-18.454343795776367,0.2192173594281485,1.0,unknown,0.0,0.5505194406885618,0.1,10,261,fallback
-14.207921981811523,-17.95159339904785,0.5316171646118164,1.0,unknown,0.0,0.536318686868597,0.1,1,262,fallback
-15.772799173990885,-10.970432705349392,-1.3437611394458346,1.0,unknown,0.0,0.5481112421166943,0.1,9,263,fallback
-15.081279482160296,-9.030115263802665,-0.5844807156494686,1.0,unknown,0.0,0.5703334985563004,0.1,7,264,fallback
-14.822716501024034,-6.710076491038005,-0.33752889901057237,1.0,unknown,0.0,0.562505611003845,0.1,9,265,fallback
-15.430445416768391,-4.910243574778239,0.2265793760617574,1.0,unknown,0.0,0.5878960124977793,0.1,15,266,fallback
-14.586541312081474,-3.774315357208252,-0.02295163699558803,1.0,unknown,0.0,0.5845362179453577,0.1,7,267,fallback
-14.650503418662332,1.340760122645985,1.544224062563885,1.0,unknown,0.0,0.5827529852099612,0.1,33,268,fallback
-14.685905663863473,3.0529868084451426,1.3401255656249502,1.0,unknown,0.0,0.5788859896839662,0.1,23,269,fallback
-14.548182979706795,4.821277495353453,-0.2663902745590613,1.0,unknown,0.0,0.584319956207633,0.1,31,270,fallback
-14.92477136925806,6.971037224878239,0.2775376650351512,1.0,unknown,0.0,0.5846647865747316,0.1,79,271,fallback
-15.599810542482318,8.990584373474121,0.2184866260398518,1.0,unknown,0.0,0.5769031945077818,0.1,33,272,fallback
-15.175943027843129,11.009004072709518,-0.7423170889140404,1.0,unknown,0.0,0.5614360763624342,0.1,22,273,fallback
-14.58174678683281,12.637027770280838,-0.31572005996349617,1.0,unknown,0.0,0.5674985920978592,0.1,32,274,fallback
-15.620801210403442,15.140931010246277,0.506072072636016,1.0,unknown,0.0,0.5596132617978017,0.1,8,275,fallback
-14.491910298665365,16.34870974222819,-1.5281378030776978,1.0,unknown,0.0,0.5397431807255949,0.1,3,276,fallback
-14.737319548924765,24.78728739420573,5.0318983395894366,1.0,unknown,0.0,0.5276732805442294,0.1,12,277,fallback
-14.971873792012532,26.99342180887858,4.537989266713461,1.0,unknown,0.0,0.5244226188793911,0.1,15,278,fallback
-15.234323183695475,33.455125172932945,-0.5706131130379314,1.0,unknown,0.0,0.5038658069666004,0.1,3,279,fallback
-15.072386423746744,62.438924153645836,4.990151578521666,1.0,unknown,0.0,0.49238974390911705,0.1,3,280,fallback
-14.711471557617188,66.79139709472656,4.388976335525513,1.0,unknown,0.0,0.4399201769078185,0.2,4,281,fallback
-14.824519157409668,68.16281127929688,3.251506805419922,1.0,unknown,0.0,0.3957312328900726,0.2,1,282,fallback
-12.136731147766113,-43.972225189208984,-2.126924991607666,1.0,unknown,0.0,0.46815077099452496,0.1,1,283,fallback
-12.35445107354058,-41.14990573459201,4.56713440683153,1.0,unknown,0.0,0.5116071176452962,0.1,9,284,fallback
-13.138853168487548,-38.647002410888675,5.64145245552063,1.0,unknown,0.0,0.5119898968687869,0.1,10,285,fallback
-13.060861419228946,-37.010421977323645,5.690746966530295,1.0,unknown,0.0,0.5226680097545369,0.1,17,286,fallback
-12.856955170631409,-35.00172185897827,5.624086081981659,1.0,unknown,0.0,0.5097668028358935,0.1,16,287,fallback
-12.940266955982555,-33.04515249078924,4.40810729156841,1.0,unknown,0.0,0.5596807299025395,0.1,22,288,fallback
-13.828479647636414,-31.48199772834778,6.0643749833106995,1.0,unknown,0.0,0.5113517958994328,0.1,8,289,fallback
-13.314451038837433,-26.65026068687439,2.1850959534694994,1.0,unknown,0.0,0.5549272123105474,0.1,16,290,fallback
-13.49281895160675,-25.220372915267944,0.2585432370833587,1.0,unknown,0.0,0.5407210298355404,0.1,8,291,fallback
-12.041312217712402,-20.183920860290527,-2.192599058151245,1.0,unknown,0.0,0.534624212669773,0.1,2,292,fallback
-12.43350625038147,-18.679134607315063,-0.27734898403286934,1.0,unknown,0.0,0.5705319242195177,0.1,16,293,fallback
-12.84557411887429,-17.719621658325195,0.36894782045617996,1.0,unknown,0.0,0.5464652135027694,0.1,11,294,fallback
-12.143242001533508,-14.834860444068909,-1.788728952407837,1.0,unknown,0.0,0.5483913489673867,0.1,8,295,fallback
-12.042655944824219,-13.882832527160645,-1.7145406007766724,1.0,unknown,0.0,0.5498653701323443,0.1,1,296,fallback
-13.331422924995422,-8.766566634178162,-0.8370132148265839,1.0,unknown,0.0,0.5607836883799087,0.1,8,297,fallback
-12.924121548147763,-6.618500485139735,-0.1417273622303128,1.0,unknown,0.0,0.5782597197396411,0.1,34,298,fallback
-12.728346029917398,-5.042623043060303,0.5587642242511114,1.0,unknown,0.0,0.5992197249245945,0.1,12,299,fallback
-12.64033191544669,-2.681447514465877,0.4737164293016706,1.0,unknown,0.0,0.5921123779043372,0.1,28,300,fallback
-12.965988976614815,-1.0270557911800486,0.7716349067365432,1.0,unknown,0.0,0.5983828015264392,0.1,14,301,fallback
-12.485688128561344,1.0345063805931582,0.030014089818270702,1.0,unknown,0.0,0.6000034040185398,0.1,106,302,fallback
-12.989491892795936,3.0087319433299546,0.10463311839389373,1.0,unknown,0.0,0.5967786752242364,0.1,153,303,fallback
-13.042272943131467,4.724241317586696,0.9989643918072924,1.0,unknown,0.0,0.595328011148999,0.1,94,304,fallback
-13.057715029943557,6.857416641144526,0.2650083236512728,1.0,unknown,0.0,0.5949950819333373,0.1,42,305,fallback
-12.904665051084576,9.353294256961707,-0.940985036012011,1.0,unknown,0.0,0.5740013111540861,0.1,33,306,fallback
-12.781803651289506,10.493024305863814,-0.9387757751074705,1.0,unknown,0.0,0.572966702408189,0.1,11,307,fallback
-13.582358100197531,13.144556305625223,-1.3584026098251343,1.0,unknown,0.0,0.5499603370155769,0.1,11,308,fallback
-13.636280632019043,14.347333717346192,-1.3845443725585938,1.0,unknown,0.0,0.5458882524799814,0.1,5,309,fallback
-12.882816208733452,16.336193720499676,-1.455818427933587,1.0,unknown,0.0,0.5429887964641734,0.1,9,310,fallback
-12.902241282992893,22.849070019192165,-1.2244587077034845,1.0,unknown,0.0,0.5263974332688781,0.1,9,311,fallback
-13.18284584494198,25.486369189094095,4.838788565467386,1.0,unknown,0.0,0.5258207645748137,0.1,17,312,fallback
-12.969024538993835,27.169337391853333,4.493814595043659,1.0,unknown,0.0,0.5478342923530987,0.1,16,313,fallback
-12.553972125053406,28.44009804725647,4.471223220229149,1.0,unknown,0.0,0.5592849922070791,0.1,8,314,fallback
-13.955897331237793,30.952062606811523,-0.7890160083770752,1.0,unknown,0.0,0.5031413958007265,0.1,1,315,fallback
-13.987395286560059,32.031166076660156,-0.0007552527240477502,1.0,unknown,0.0,0.5001439775492241,0.1,1,316,fallback
-12.851249694824219,57.73001480102539,6.915029525756836,1.0,unknown,0.0,0.4275706251805863,0.2,1,317,fallback
-13.702639102935791,59.73390197753906,3.5970243870979175,1.0,unknown,0.0,0.5027915009306654,0.1,2,318,fallback
-12.511532068252563,60.57031726837158,3.981200397014618,1.0,unknown,0.0,0.47872576418612545,0.1,4,319,fallback
-12.949410438537598,63.195960998535156,5.254371643066406,1.0,unknown,0.0,0.4271689916927742,0.2,2,320,fallback
-13.569397926330566,64.13676452636719,2.286198675632477,1.0,unknown,0.0,0.4256104572962365,0.2,2,321,fallback
-13.788459777832031,69.31950378417969,4.940723896026611,1.0,unknown,0.0,0.39296736795632575,0.2,1,322,fallback
-11.615677833557129,-42.08300590515137,8.225718021392822,1.0,unknown,0.0,0.4744879154095675,0.1,2,323,fallback
-10.89975707761703,-41.36936729185043,5.857110631081365,1.0,unknown,0.0,0.5143106444094973,0.1,31,324,fallback
-11.481574475765228,-38.92330455780029,6.06717175245285,1.0,unknown,0.0,0.5084537175597045,0.1,16,325,fallback
-11.5748659769694,-37.462223052978516,5.106392065684001,1.0,unknown,0.0,0.5511396699177519,0.1,6,326,fallback
-11.415292739868164,-35.0724843343099,1.4165882269541423,1.0,unknown,0.0,0.5588366687610008,0.1,3,327,fallback
-11.881489117940268,-32.99947611490885,1.3793457547823589,1.0,unknown,0.0,0.5380027828672652,0.1,3,328,fallback
-11.890233039855957,-28.847749710083008,-1.4548741579055786,1.0,unknown,0.0,0.5113937355424377,0.1,1,329,fallback
-10.125657081604004,-24.530338287353516,0.0001687742624199018,1.0,unknown,0.0,0.5253859443914823,0.1,1,330,fallback
-10.61052131652832,-23.191911697387695,0.00015655336756026372,1.0,unknown,0.0,0.5284884321155232,0.1,2,331,fallback
-11.604962666829428,-20.58557637532552,0.5487810571988424,1.0,unknown,0.0,0.5341773145068072,0.1,3,332,fallback
-11.794195856366839,-19.078337260654994,0.5208916323525565,1.0,unknown,0.0,0.537864810208377,0.1,7,333,fallback
-10.404110431671143,-17.82248592376709,-0.9602504372596741,1.0,unknown,0.0,0.5634781553358092,0.1,4,334,fallback
-11.895732084910074,-13.070418039957682,-1.6489033102989197,1.0,unknown,0.0,0.5526288934746018,0.1,6,335,fallback
-11.554873246413012,-10.891394688532902,-1.4818179332292998,1.0,unknown,0.0,0.5582640143737324,0.1,13,336,fallback
-11.535534306576377,-8.950648508573833,-1.3628666149942499,1.0,unknown,0.0,0.5618668885379711,0.1,19,337,fallback
-11.022461170103492,-6.846330479877751,0.19060927526811056,1.0,unknown,0.0,0.5880720766980003,0.1,41,338,fallback
-10.886027761127638,-4.940443484679513,-0.21436938709115771,1.0,unknown,0.0,0.5938029167190763,0.1,92,339,fallback
-11.120399064915155,-2.9331006465419645,-0.1901488685479728,1.0,unknown,0.0,0.6035228977636902,0.1,186,340,fallback
-11.422121218977303,-0.9769389855402425,-0.6214957411268909,1.0,unknown,0.0,0.5919716208512568,0.1,145,341,fallback
-11.386292409088652,0.6501982401054099,-1.0565198079004126,1.0,unknown,0.0,0.5830722860189429,0.1,59,342,fallback
-10.726623405109752,3.041043010624972,-0.12606104756846573,1.0,unknown,0.0,0.6024537943879172,0.1,66,343,fallback
-11.056644878168216,4.894766111483519,-0.3980067140026682,1.0,unknown,0.0,0.5942023959237809,0.1,87,344,fallback
-11.085869428273794,7.018103702648266,-1.4123285718866296,1.0,unknown,0.0,0.5743420886264808,0.1,37,345,fallback
-10.407066472371419,9.228978983561198,-1.625332204500834,1.0,unknown,0.0,0.5642538591285543,0.1,15,346,fallback
-11.719334949146617,10.47816328568892,-1.4671895612369885,1.0,unknown,0.0,0.558211971584821,0.1,11,347,fallback
-10.957870244979858,12.550060653686524,-1.5556113958358764,1.0,unknown,0.0,0.5553691132712038,0.1,20,348,fallback
-10.972481548786163,16.824336409568787,-1.4054835215210915,1.0,unknown,0.0,0.5450745459926383,0.1,16,349,fallback
-11.049361302302433,23.38870444664588,-1.207141399383545,1.0,unknown,0.0,0.527525701494787,0.1,13,350,fallback
-11.076830625534058,25.720481872558594,2.1736569842032623,1.0,unknown,0.0,0.5778322707741425,0.1,4,351,fallback
-11.29494661755032,27.07994423972236,3.1240043775970765,1.0,unknown,0.0,0.5596434136651706,0.1,36,352,fallback
-10.738335132598877,29.020485560099285,4.232370234109112,1.0,unknown,0.0,0.543940435980556,0.1,12,353,fallback
-11.01513385772705,51.076629638671875,9.843402862548828,1.0,unknown,0.0,0.4482473367934462,0.2,1,354,fallback
-10.98125672340393,53.505218505859375,3.1933102339098696,1.0,unknown,0.0,0.5136226719447433,0.1,4,355,fallback
-10.279895782470703,55.70222600301107,5.72769816716512,1.0,unknown,0.0,0.44893822606146383,0.2,3,356,fallback
-11.569319343566894,60.22579574584961,3.1400838136672973,1.0,unknown,0.0,0.45880535862316085,0.1,5,357,fallback
-9.675535678863525,-43.40818405151367,5.198152542114258,1.0,unknown,0.0,0.49518918580095317,0.1,2,358,fallback
-8.95219602082905,-40.90189572384483,5.638778793184381,1.0,unknown,0.0,0.5169921390901876,0.1,38,359,fallback
-9.910041332244873,-25.030427932739258,0.00018148623348679394,1.0,unknown,0.0,0.5242375413916402,0.1,2,360,fallback
-9.755274772644043,-12.257544875144958,0.973142647673285,1.0,unknown,0.0,0.5929172624982917,0.1,8,361,fallback
-8.424590891057795,-10.50551769950173,-1.5727756890383633,1.0,unknown,0.0,0.5651709846359969,0.1,11,362,fallback
-8.584326480297332,-8.651175316343917,-1.2485917958807438,1.0,unknown,0.0,0.5818648521775098,0.1,47,363,fallback
-8.912798366407408,-6.932228443396353,-0.6684151801820293,1.0,unknown,0.0,0.6004847126119963,0.1,137,364,fallback
-9.168281877957858,-5.299273949403029,0.4789221873650184,1.0,unknown,0.0,0.6072300216101362,0.1,130,365,fallback
-8.74332350149922,-2.7943995464807267,-0.9739466974104958,1.0,unknown,0.0,0.6020399005255492,0.1,87,366,fallback
-8.820005125157973,-1.0552887328544303,-0.674821078387254,1.0,unknown,0.0,0.5995443154231661,0.1,170,367,fallback
-9.389906198206083,1.126906916328614,-0.8232954948544433,1.0,unknown,0.0,0.5984885114688361,0.1,142,368,fallback
-8.737694317781472,2.9222009513951557,-1.5915543233292013,1.0,unknown,0.0,0.5801030521902549,0.1,79,369,fallback
-8.901553662618001,5.004952851931254,-1.6608694314956665,1.0,unknown,0.0,0.5765581661395965,0.1,60,370,fallback
-9.026638348897299,6.860926026389713,-1.6967931333042325,1.0,unknown,0.0,0.5722702777196778,0.1,42,371,fallback
-8.764699527195521,8.638786270504905,-1.6671127648580641,1.0,unknown,0.0,0.5685233709144238,0.1,21,372,fallback
-8.835608005523682,10.485748449961344,-1.6026511788368225,1.0,unknown,0.0,0.5641903380220554,0.1,24,373,fallback
-8.993621867635976,13.352982147880223,-1.5034357102020928,1.0,unknown,0.0,0.5570428523744472,0.1,23,374,fallback
-9.177150165333467,17.5393892176011,-1.3852023166768692,1.0,unknown,0.0,0.5456420698871551,0.1,17,375,fallback
-8.153482755025228,18.057990392049152,-1.38593856493632,1.0,unknown,0.0,0.5455643004381967,0.1,3,376,fallback
-8.51120730808803,21.408815383911133,-0.9993456516947065,1.0,unknown,0.0,0.5402779773568054,0.1,7,377,fallback
-9.340245405832926,23.471394538879395,2.4321322043736777,1.0,unknown,0.0,0.5788937291998079,0.1,6,378,fallback
-9.692356586456299,24.09833335876465,0.6044233347784029,1.0,unknown,0.0,0.5487497489001267,0.1,4,379,fallback
-9.164648585849339,27.38435967763265,4.901769214206272,1.0,unknown,0.0,0.5258582529781094,0.1,18,380,fallback
-9.13491576058524,29.104297274634952,2.633567109133028,1.0,unknown,0.0,0.5720486399347133,0.1,21,381,fallback
-8.458283424377441,30.278286616007488,5.42519998550415,1.0,unknown,0.0,0.5273824874626764,0.1,3,382,fallback
-8.390081405639648,38.41593551635742,-0.9137796759605408,1.0,unknown,0.0,0.4870356066081306,0.1,1,383,fallback
-8.403775691986084,47.393659591674805,5.627738952636719,1.0,unknown,0.0,0.46067221924536195,0.1,2,384,fallback
-8.534186840057373,49.685272216796875,4.762874759675469,1.0,unknown,0.0,0.561857286768147,0.1,2,385,fallback
-8.535846630732218,51.47063636779785,2.6413025055177664,1.0,unknown,0.0,0.4904262287655031,0.1,12,386,fallback
-9.055384874343872,52.53980350494385,2.471207946538925,1.0,unknown,0.0,0.4791233378292713,0.1,4,387,fallback
-9.831317901611328,54.15202713012695,1.276612639427185,1.0,unknown,0.0,0.4398883054236892,0.2,1,388,fallback
-9.365591049194336,73.2113265991211,3.4403820037841797,1.0,unknown,0.0,0.3835761671749508,0.2,1,389,fallback
-6.411597569783528,-58.73739496866862,4.590113323356491,1.0,unknown,0.0,0.534324895387519,0.1,3,390,fallback
-6.155924224853516,-56.58476181030274,8.023199081420898,1.0,unknown,0.0,0.47925598836916583,0.1,5,391,fallback
-6.191876411437988,-55.69864273071289,2.607721948623657,1.0,unknown,0.0,0.4632400048117108,0.1,5,392,fallback
-7.2509056663513185,-40.235071411132814,6.142280778884888,1.0,unknown,0.0,0.5123859836425451,0.1,25,393,fallback
-6.316239261627198,-39.748366292317705,3.6107510407765706,1.0,unknown,0.0,0.5641379777450315,0.1,15,394,fallback
-7.617795944213867,-32.6626942952474,-0.7784231106440226,1.0,unknown,0.0,0.5044996307215369,0.1,3,395,fallback
-7.961434364318848,-24.401357650756836,-1.7946491241455078,1.0,unknown,0.0,0.5279980764458604,0.1,1,396,fallback
-6.6163493394851685,-22.1795711517334,-0.5473097860813141,1.0,unknown,0.0,0.5733087182946189,0.1,4,397,fallback
-6.631005688717491,-21.6489671405993,-0.8938779328998766,1.0,unknown,0.0,0.5578430394252257,0.1,19,398,fallback
-6.084025144577026,-18.50510311126709,-2.2744104862213135,1.0,unknown,0.0,0.546698088090422,0.1,2,399,fallback
-7.07926607131958,-15.41276741027832,-1.9803321361541748,1.0,unknown,0.0,0.5541175406827965,0.1,1,400,fallback
-7.186129481704147,-12.728165626525879,-1.2505326337284512,1.0,unknown,0.0,0.5763995719369183,0.1,27,401,fallback
-6.781615155808469,-11.15772344710979,-0.7421635858556057,1.0,unknown,0.0,0.5943170306017617,0.1,47,402,fallback
-6.855018423749255,-8.770534329600148,-0.5738382317527297,1.0,unknown,0.0,0.5969628198953498,0.1,77,403,fallback
-6.545787252698626,-7.140632915496826,-0.7815517067909241,1.0,unknown,0.0,0.6018366299362972,0.1,105,404,fallback
-7.1344096778351584,-4.634550927597799,-1.0754952080861013,1.0,unknown,0.0,0.5992964972015302,0.1,162,405,fallback
-6.908687697065638,-2.9852813467066337,-0.9080041459533281,1.0,unknown,0.0,0.6079340621317719,0.1,235,406,fallback
-6.788415943650895,-0.9194671961066385,-1.754091347733589,1.0,unknown,0.0,0.58642288082206,0.1,219,407,fallback
-6.90591755091587,0.9376576371342988,-1.7885692325707907,1.0,unknown,0.0,0.586361043803628,0.1,214,408,fallback
-6.980635123145311,2.907369115298852,-1.8041885024622868,1.0,unknown,0.0,0.583473994880681,0.1,133,409,fallback
-6.918381057134488,4.936696151407753,-1.7627878843284235,1.0,unknown,0.0,0.5799557857615361,0.1,82,410,fallback
-6.809483196775792,7.022413956916939,-1.6913877058837374,1.0,unknown,0.0,0.5761253813778854,0.1,59,411,fallback
-6.970702227424173,9.143108732560101,-1.6254780853495878,1.0,unknown,0.0,0.5709457305480344,0.1,34,412,fallback
-6.997502397607874,11.349439338401512,-1.558733344078064,1.0,unknown,0.0,0.5652651649410084,0.1,27,413,fallback
-7.625932455062866,13.87388551235199,-1.477489396929741,1.0,unknown,0.0,0.557548629449023,0.1,8,414,fallback
-6.632929706573487,14.23510913848877,-1.4659724315007527,1.0,unknown,0.0,0.5579820115589231,0.1,15,415,fallback
-6.384847746955024,17.38201967875163,-1.053575379980935,1.0,unknown,0.0,0.5575580244618578,0.1,9,416,fallback
-7.524552413395473,18.488239288330078,-1.126316168478557,1.0,unknown,0.0,0.5545268379903697,0.1,7,417,fallback
-7.561573266983032,20.08527946472168,-0.7498525828123093,1.0,unknown,0.0,0.5463054847815692,0.1,2,418,fallback
-6.823824709111994,24.902142611416902,-1.2048688476735896,1.0,unknown,0.0,0.5275701668808557,0.1,11,419,fallback
-7.255870546613421,27.84640611921038,4.727822303771973,1.0,unknown,0.0,0.5190089463850517,0.1,7,420,fallback
-6.719501423835754,28.906875801086425,4.662652897834778,1.0,unknown,0.0,0.5279630052314785,0.1,20,421,fallback
-6.922983407974243,31.247591018676758,6.031001806259155,1.0,unknown,0.0,0.5097780714151996,0.1,2,422,fallback
-6.175442218780518,32.098751068115234,3.821807622909546,1.0,unknown,0.0,0.5069378097298815,0.1,1,423,fallback
-6.398381233215332,35.123269399007164,-0.8296670516331991,1.0,unknown,0.0,0.497962986249997,0.1,3,424,fallback
-7.454294919967651,36.66672134399414,-0.8695249259471893,1.0,unknown,0.0,0.49292836880707114,0.1,2,425,fallback
-7.185243129730225,45.03561973571777,5.332191467285156,1.0,unknown,0.0,0.4682475917605865,0.1,2,426,fallback
-6.813291231791179,47.336727142333984,1.4912469155776005,1.0,unknown,0.0,0.5049874012523534,0.1,6,427,fallback
-7.250422358512878,48.82252788543701,2.726620294750319,1.0,unknown,0.0,0.5292786722934326,0.1,8,428,fallback
-7.722226858139038,51.24192237854004,5.442025899887085,1.0,unknown,0.0,0.46260340438164926,0.1,2,429,fallback
-7.118500868479411,52.8040657043457,5.803842067718506,1.0,unknown,0.0,0.45736126563243684,0.1,3,430,fallback
-7.5465545654296875,54.24595642089844,5.10844087600708,1.0,unknown,0.0,0.44069489215352076,0.2,1,431,fallback
-7.449282646179199,67.5829849243164,3.169301748275757,1.0,unknown,0.0,0.4010231263868195,0.2,1,432,fallback
-5.200115226563954,-60.236857459658665,8.448260716029576,1.0,unknown,0.0,0.4818762387698402,0.1,21,433,fallback
-4.757466595748375,-59.67595580528523,3.3765847349984988,1.0,unknown,0.0,0.48306147831507185,0.1,29,434,fallback
-5.782575798034668,-56.618723678588864,6.537731099128723,1.0,unknown,0.0,0.501781789568494,0.1,10,435,fallback
-4.873016953468323,-42.10007286071777,5.457045018672943,1.0,unknown,0.0,0.5032191530790481,0.1,4,436,fallback
-5.224986424812903,-41.00945105919471,4.472077415539668,1.0,unknown,0.0,0.5314205242570798,0.1,26,437,fallback
-5.734621683756511,-39.720131937662764,4.090464925765991,1.0,unknown,0.0,0.5571369867767826,0.1,15,438,fallback
-4.500021414323286,-34.612436814741656,-1.7026836546984585,1.0,unknown,0.0,0.5150909368912192,0.1,11,439,fallback
-4.509432554244995,-33.37172603607178,-2.9429593086242676,1.0,unknown,0.0,0.5114207366528364,0.1,4,440,fallback
-4.426416397094727,-26.57008981704712,-1.5843328535556793,1.0,unknown,0.0,0.5535790705252108,0.1,4,441,fallback
-4.253962659835816,-24.379894638061522,-0.07371430993080139,1.0,unknown,0.0,0.5688840492186619,0.1,10,442,fallback
-4.857813462615013,-22.461522847414017,-0.013764184899628162,1.0,unknown,0.0,0.5678767469832686,0.1,64,443,fallback
-5.235569741990831,-21.461632481327765,-0.6507217552926805,1.0,unknown,0.0,0.5704187584764702,0.1,27,444,fallback
-5.375922203063965,-19.364182710647583,-2.347462773323059,1.0,unknown,0.0,0.5456901417899932,0.1,8,445,fallback
-4.870410368992732,-17.021044951218826,0.0001307373895542696,1.0,unknown,0.0,0.551887683074983,0.1,13,446,fallback
-5.036840695601243,-14.94920246417706,-1.175090485709706,1.0,unknown,0.0,0.582363349116573,0.1,13,447,fallback
-4.568349838256836,-12.654499912261963,-1.131215050816536,1.0,unknown,0.0,0.5799914032162934,0.1,10,448,fallback
-4.956577759089432,-11.07833687339242,-0.44654246824497895,1.0,unknown,0.0,0.5922897190355814,0.1,127,449,fallback
-4.706558068593343,-8.773236433664957,-0.9875947286685308,1.0,unknown,0.0,0.6004642258462062,0.1,120,450,fallback
-4.813712932323587,-6.823905418659079,-1.404640906227046,1.0,unknown,0.0,0.6001354433297482,0.1,145,451,fallback
-4.826323778435374,-4.88251254204928,-1.9272366494082949,1.0,unknown,0.0,0.5869150410723846,0.1,209,452,fallback
-5.005707749076511,-2.9511710629946943,-1.9546211405076843,1.0,unknown,0.0,0.5896230695651123,0.1,345,453,fallback
-4.889923826004695,-1.0013378466868286,-1.9524454214040516,1.0,unknown,0.0,0.5908738664647208,0.1,412,454,fallback
-4.820960460335575,0.9611398603164168,-1.8738502641146049,1.0,unknown,0.0,0.5908955668138045,0.1,373,455,fallback
-4.8613498119207526,2.910199091067681,-1.7917594295281631,1.0,unknown,0.0,0.5885564300820341,0.1,260,456,fallback
-4.908055660642426,4.923380417659365,-1.723565174793375,1.0,unknown,0.0,0.584616317961714,0.1,145,457,fallback
-4.844941531142143,6.857747071409879,-1.6637673231020367,1.0,unknown,0.0,0.5801869435887488,0.1,73,458,fallback
-5.145950950109041,8.832707991966835,-1.6099876784361327,1.0,unknown,0.0,0.5747124444986775,0.1,52,459,fallback
-4.969873505253946,10.871986666033346,-1.5503120268544843,1.0,unknown,0.0,0.5695624575860673,0.1,31,460,fallback
-4.538193668637957,12.122922420501709,-1.5121738144329615,1.0,unknown,0.0,0.566271139326078,0.1,14,461,fallback
-5.058009420122419,14.85166757447379,-2.671750170843942,1.0,unknown,0.0,0.6174812924380455,0.1,28,462,fallback
-5.616083357069227,16.95094362894694,-1.1060342987378438,1.0,unknown,0.0,0.5553781588185076,0.1,9,463,fallback
-4.87843382358551,18.842987775802612,-1.3619936630129814,1.0,unknown,0.0,0.5467311410276451,0.1,16,464,fallback
-4.963068008422852,25.468979615431564,-1.2109373991306012,1.0,unknown,0.0,0.5272937612736553,0.1,13,465,fallback
-5.16279970515858,29.42666331204501,4.778577501123602,1.0,unknown,0.0,0.5254710723085799,0.1,22,466,fallback
-4.5144132886614114,30.37405014038086,4.743700163705008,1.0,unknown,0.0,0.5296278785490478,0.1,7,467,fallback
-4.501100063323975,33.624563217163086,1.5609416961669922,1.0,unknown,0.0,0.5567452021834947,0.1,2,468,fallback
-5.11128968000412,34.67810249328613,-0.8146822303533554,1.0,unknown,0.0,0.500117907255896,0.1,8,469,fallback
-5.339905834197998,36.41883316040039,2.0578766107559203,1.0,unknown,0.0,0.5040091866675745,0.1,5,470,fallback
-4.64570939540863,41.0503830909729,6.668738067150116,1.0,unknown,0.0,0.5128618797760283,0.1,8,471,fallback
-5.126271724700928,43.28551959991455,4.624225243926048,1.0,unknown,0.0,0.556296001822277,0.1,4,472,fallback
-5.188462615013123,45.169203758239746,1.4161109678437545,1.0,unknown,0.0,0.5045773437771404,0.1,12,473,fallback
-5.304517110188802,46.417772928873696,1.813065795538326,1.0,unknown,0.0,0.5069475771610081,0.1,3,474,fallback
-4.884416937828064,48.466176986694336,5.1195372343063354,1.0,unknown,0.0,0.4719463733912356,0.1,4,475,fallback
-5.423142433166504,62.61626434326172,4.3936004638671875,1.0,unknown,0.0,0.41644798248917947,0.2,1,476,fallback
-3.6484506130218506,-60.08089828491211,10.615675926208496,1.0,unknown,0.0,0.44093683192742317,0.2,2,477,fallback
-3.2707083344459535,-59.43279266357422,6.278778892755509,1.0,unknown,0.0,0.48936643298476856,0.1,20,478,fallback
-2.9146759510040283,-52.62709426879883,-1.2232075929641724,1.0,unknown,0.0,0.4468767648835643,0.2,1,479,fallback
-2.2941293716430664,-46.414411544799805,8.756106853485107,1.0,unknown,0.0,0.4660195324269155,0.1,2,480,fallback
-2.274386723836263,-44.196572621663414,5.193832953770955,1.0,unknown,0.0,0.5391075878628239,0.1,3,481,fallback
-2.481097459793091,-40.56525421142578,-0.9431787133216858,1.0,unknown,0.0,0.48307682236513316,0.1,1,482,fallback
-3.2528650509683708,-34.47128095124897,-1.31900501432124,1.0,unknown,0.0,0.5161385499320793,0.1,19,483,fallback
-2.5811728954315187,-33.56716690063477,-1.3941561073879711,1.0,unknown,0.0,0.5266692282385544,0.1,5,484,fallback
-2.857368230819702,-31.828033447265625,-2.234288454055786,1.0,unknown,0.0,0.509131890615592,0.1,1,485,fallback
-3.571408361196518,-26.623433113098145,-0.7951997146010399,1.0,unknown,0.0,0.5508381296077552,0.1,8,486,fallback
-3.73441219329834,-24.637319882710774,0.41916308800379437,1.0,unknown,0.0,0.5511487038208173,0.1,12,487,fallback
-3.868806873049055,-23.255584989275253,-0.2182819162096296,1.0,unknown,0.0,0.5661942011783235,0.1,7,488,fallback
-3.167949289083481,-20.651483297348022,-2.141546846854908,1.0,unknown,0.0,0.560689292511933,0.1,8,489,fallback
-2.4919635568346297,-18.967420850481307,0.00016671694174874574,1.0,unknown,0.0,0.5476089344852908,0.1,7,490,fallback
-3.2166456116570368,-16.935715463426376,-0.5203993331443699,1.0,unknown,0.0,0.5729834203146831,0.1,18,491,fallback
-3.3830853888863013,-15.231352755897923,-1.8177548303463387,1.0,unknown,0.0,0.5767644634576997,0.1,19,492,fallback
-3.1876307328542075,-12.869280836317275,-1.8852272894647386,1.0,unknown,0.0,0.5753401206338794,0.1,45,493,fallback
-3.2629450672551203,-10.788834692302503,-1.1052885536914752,1.0,unknown,0.0,0.6004073853870291,0.1,95,494,fallback
-3.3968420220517563,-9.204020401527142,-1.9525331217667152,1.0,unknown,0.0,0.5934581777885297,0.1,87,495,fallback
-3.0112829015535465,-6.962143508826985,-2.1139565303045162,1.0,unknown,0.0,0.5830510254978847,0.1,136,496,fallback
-3.0100643568260725,-4.918223860097486,-2.054165358876073,1.0,unknown,0.0,0.5882264736474998,0.1,215,497,fallback
-3.2997737299916174,-2.9131338109172904,-1.9896358369673737,1.0,unknown,0.0,0.5922708704938304,0.1,323,498,fallback
-3.413682349815896,-1.0158619925870738,-1.9244337202766524,1.0,unknown,0.0,0.5948048306731829,0.1,434,499,fallback
-3.4597481429277352,1.067182508138144,-1.8394223427652714,1.0,unknown,0.0,0.5948315964323879,0.1,398,500,fallback
-3.1736978647216714,2.9803696982662418,-1.756751492259969,1.0,unknown,0.0,0.5924534027741039,0.1,373,501,fallback
-2.906617880781035,4.862252262817032,-1.7011427609856558,1.0,unknown,0.0,0.5884141319719774,0.1,261,502,fallback
-3.0215196899745775,6.880839322960895,-1.6456175182176673,1.0,unknown,0.0,0.5827784491937655,0.1,115,503,fallback
-2.830852446008901,8.752329623112914,-1.594972665192651,1.0,unknown,0.0,0.5777479180219979,0.1,61,504,fallback
-2.9878321439027786,10.484929084777832,-1.5346694104373455,1.0,unknown,0.0,0.5724975119442939,0.1,32,505,fallback
-2.9932478921754018,12.414747544697352,-1.493077380316598,1.0,unknown,0.0,0.5667913097946625,0.1,28,506,fallback
-3.0027812719345093,15.16439437866211,-1.4435591372576626,1.0,unknown,0.0,0.5586751179587172,0.1,22,507,fallback
-2.9974058071772256,19.222069952223038,-1.3614257706536188,1.0,unknown,0.0,0.5467126431342403,0.1,18,508,fallback
-3.9527409076690674,25.89156150817871,-1.2219913005828857,1.0,unknown,0.0,0.5264253599299706,0.1,1,509,fallback
-2.34293262163798,26.62114079793294,-1.246838927268982,1.0,unknown,0.0,0.5249278233530563,0.1,3,510,fallback
-3.4219467639923096,29.84980664934431,4.935917581830706,1.0,unknown,0.0,0.5151282730476155,0.1,7,511,fallback
-2.8118465367485497,30.409141428330365,4.678233791800106,1.0,unknown,0.0,0.5251938692849552,0.1,17,512,fallback
-2.6192119121551514,33.05906295776367,6.247426509857178,1.0,unknown,0.0,0.5055120246855158,0.1,1,513,fallback
-3.5976072788238525,34.187628173828124,-0.7988874077796936,1.0,unknown,0.0,0.5019326182419842,0.1,5,514,fallback
-2.5969817340373993,39.116865158081055,-0.00438588979159249,1.0,unknown,0.0,0.5202655176125089,0.1,8,515,fallback
-3.278986142231868,41.124542236328125,3.4992012987808825,1.0,unknown,0.0,0.5528613674410888,0.1,13,516,fallback
-3.2903613249460855,42.78120676676432,2.369160045365182,1.0,unknown,0.0,0.5243537920504325,0.1,3,517,fallback
-3.461331049601237,44.2586555480957,5.190677483876546,1.0,unknown,0.0,0.4723535683824187,0.1,3,518,fallback
-3.752608060836792,46.6402587890625,4.3643670082092285,1.0,unknown,0.0,0.46462706007025134,0.1,1,519,fallback
-3.1020859479904175,57.115818659464516,5.115785121917725,1.0,unknown,0.0,0.4605211188959778,0.1,6,520,fallback
-2.9194436073303223,60.944566090901695,3.7982188065846763,1.0,unknown,0.0,0.45282074352887114,0.1,3,521,fallback
-0.2634055018424988,-64.23923110961914,2.990468574455008,1.0,unknown,0.0,0.4801207419746203,0.1,2,522,fallback
-1.7545515298843384,-54.91423416137695,-2.5616376399993896,1.0,unknown,0.0,0.44017323008256815,0.2,1,523,fallback
-0.5626663764317831,-46.523162841796875,2.925846213285695,1.0,unknown,0.0,0.544220930763262,0.1,6,524,fallback
-1.0414620059378006,-45.236794864430145,3.8506691525964176,1.0,unknown,0.0,0.5169640232865114,0.1,17,525,fallback
-0.9829578486581644,-43.10144583384196,2.969343416392803,1.0,unknown,0.0,0.5354353793332637,0.1,24,526,fallback
-0.9558522810228169,-40.96786460876465,4.13988196849823,1.0,unknown,0.0,0.5651314399706705,0.1,20,527,fallback
-1.110877625644207,-38.83013000488281,-1.0857476830482482,1.0,unknown,0.0,0.4969426230357117,0.1,5,528,fallback
-1.5932105779647827,-36.637516021728516,-1.7098159790039062,1.0,unknown,0.0,0.4949835780363069,0.1,1,529,fallback
-1.7656584978103638,-35.71751403808594,-1.667342185974121,1.0,unknown,0.0,0.4977166125118814,0.1,1,530,fallback
-1.2946394171033586,-33.72660337175642,0.0003259288038991924,1.0,unknown,0.0,0.5037457301622879,0.1,7,531,fallback
-0.27506354451179504,-13.701793670654297,-0.9581871032714844,1.0,vehicle,0.0,0.8038863369702928,0.05,1,532,annotation
-1.0516353936562703,-10.52075303987015,-2.0300410861192746,1.0,vehicle,0.0,0.8227800116864984,0.05,43,533,annotation
-0.8783870192879029,-9.128903402798418,-1.9338823816050654,1.0,unknown,0.0,0.5841216881592469,0.1,138,534,fallback
-1.1111019399938404,-6.882550849709459,-2.0924688231560493,1.0,unknown,0.0,0.5845346838942668,0.1,93,535,fallback
-1.3789292502403259,-5.633965759277344,-2.0477518526713054,1.0,unknown,0.0,0.5878178199124982,0.1,75,536,fallback
-0.07052654282358198,-0.16978594228587313,-0.09088230539888469,1.0,unknown,0.0,0.6079157728805256,0.1,3526,537,fallback
-0.31565450169908427,0.5357261909833114,-0.34611526852512076,1.0,unknown,0.0,0.6052746606312115,0.1,1017,538,fallback
-1.3274810376846902,3.3224347373035465,-1.5260905400614873,1.0,unknown,0.0,0.6024295671386202,0.1,107,539,fallback
-0.9944512834985052,4.886758746271548,-1.6968224680942037,1.0,unknown,0.0,0.5906389180450857,0.1,345,540,fallback
-0.9625398660713368,6.841451942541037,-1.598724643515933,1.0,unknown,0.0,0.588573643037888,0.1,157,541,fallback
-0.9928953965834106,8.759108853627401,-1.4515270159905216,1.0,unknown,0.0,0.5856819250733157,0.1,83,542,fallback
-1.4611401522860807,10.73121025983025,-1.5229484053219067,1.0,unknown,0.0,0.5725553564898276,0.1,17,543,fallback
-1.5704750689593228,12.658510728315873,-1.4899428324265913,1.0,unknown,0.0,0.566758589710975,0.1,11,544,fallback
-1.6828404515981674,15.435232639312744,-1.4490425288677216,1.0,unknown,0.0,0.5584431469342346,0.1,8,545,fallback
-1.763334721326828,19.29841947555542,-1.3555474877357483,1.0,unknown,0.0,0.5472267898839405,0.1,4,546,fallback
-1.095321925977866,31.161473671595257,3.906603996952375,1.0,unknown,0.0,0.5568862122869483,0.1,24,547,fallback
-0.8234806656837463,32.80671051570347,3.2752568551472256,1.0,unknown,0.0,0.5393743940080723,0.1,28,548,fallback
-0.679703876376152,34.21671803792318,4.555253465970357,1.0,unknown,0.0,0.5503708709154284,0.1,3,549,fallback
-0.5647294372320175,37.74634552001953,3.4180315818105425,1.0,unknown,0.0,0.5586361482898107,0.1,7,550,fallback
-1.1995378988129752,38.54663903372629,1.8140348196029663,1.0,unknown,0.0,0.53255617290221,0.1,7,551,fallback
-1.8312369585037231,40.48261260986328,4.738088607788086,1.0,unknown,0.0,0.4834279712570936,0.1,1,552,fallback
-1.598271906375885,57.37838935852051,6.716874361038208,1.0,unknown,0.0,0.49401386035150896,0.1,2,553,fallback
1.7101022481918335,-46.54893341064453,0.6475590580434073,1.0,unknown,0.0,0.5182109746421677,0.1,5,554,fallback
0.8580501057207585,-44.69870160420736,1.5307931656755196,1.0,unknown,0.0,0.5174224772645116,0.1,30,555,fallback
0.8782995015914951,-43.128763743809294,4.387531753097262,1.0,unknown,0.0,0.5298896242877392,0.1,28,556,fallback
1.0936711803078651,-41.64911969502767,5.592723972267574,1.0,unknown,0.0,0.5491115053966054,0.1,18,557,fallback
0.10968266427516937,-39.27912521362305,-1.8313560485839844,1.0,unknown,0.0,0.4871621649447475,0.1,1,558,fallback
0.6510224342346191,-37.67527389526367,7.099858283996582,1.0,unknown,0.0,0.4919573052354239,0.1,1,559,fallback
0.3090064227581024,-34.71588134765625,-2.4273171424865723,1.0,unknown,0.0,0.5008482303346473,0.1,1,560,fallback
0.49556151032447815,-12.434420903523764,-0.7726157307624817,1.0,vehicle,0.0,0.810707699714827,0.05,3,561,annotation
0.11660054843657865,-10.341026819669283,-1.8035251635771532,1.0,vehicle,0.0,0.8211891437376225,0.05,13,562,annotation
0.7150317356863525,-8.850977122783661,-1.4176844134926796,1.0,vehicle,0.0,0.8362069325323715,0.05,16,563,annotation
0.6585923720267601,-6.41654759645462,-0.8103745691478252,1.0,vehicle,0.0,0.8425748868347283,0.05,16,564,annotation
0.9630422611268503,-4.6790845646177015,-0.9235538142493793,1.0,vehicle,0.0,0.8400518589315086,0.05,700,565,annotation
0.27175841755863833,-0.6362635113041977,-0.3420362313557319,1.0,unknown,0.0,0.6036154916834988,0.1,957,566,fallback
0.1284935697170436,0.21627754480014452,-0.138304459545843,1.0,unknown,0.0,0.6084079350158177,0.1,2706,567,fallback
1.3063973155286577,3.273041754593084,-1.5147510936230788,1.0,unknown,0.0,0.6032677205426021,0.1,81,568,fallback
1.0224068260913786,5.109606822148207,-1.6077246224081818,1.0,unknown,0.0,0.5942798786339748,0.1,433,569,fallback
0.8828509594976472,6.619486893140353,-1.0627767847134517,1.0,vehicle,0.0,0.8365109240861417,0.05,260,570,annotation
0.9408692200978597,8.503716278076173,-0.5029942075411479,1.0,vehicle,0.0,0.8213102106545215,0.05,15,571,annotation
1.892953356107076,13.000823974609375,-0.00027276729815639555,1.0,vehicle,0.0,0.805586357475643,0.05,3,572,annotation
0.5826924277039675,31.845671873826248,3.047798230097844,1.0,unknown,0.0,0.5633895768396844,0.1,13,573,fallback
0.9953264293168169,32.707413741520476,2.8307243457862308,1.0,unknown,0.0,0.5410785915083,0.1,56,574,fallback
1.3146592676639557,34.274160385131836,2.6169276982545853,1.0,unknown,0.0,0.5531287660201792,0.1,4,575,fallback
0.06621011346578598,37.951351165771484,6.234358787536621,1.0,unknown,0.0,0.4911457732370842,0.1,1,576,fallback
0.4347422420978546,39.096012878417966,3.108120346069336,1.0,unknown,0.0,0.5965299942351104,0.1,5,577,fallback
0.8080053329467773,59.352359771728516,11.182318687438965,1.0,unknown,0.0,0.42692642153363425,0.2,1,578,fallback
2.5824673175811768,-69.435302734375,-1.612475037574768,1.0,unknown,0.0,0.3965500692508004,0.2,1,579,fallback
3.6271579265594482,-66.9737548828125,1.5579190254211426,1.0,unknown,0.0,0.4037842922146849,0.2,1,580,fallback
3.9142348766326904,-65.3071060180664,1.5196566581726074,1.0,unknown,0.0,0.4087270931072765,0.2,1,581,fallback
3.458938241004944,-60.72427749633789,1.4199903764529154,1.0,unknown,0.0,0.45473749144820186,0.1,2,582,fallback
3.3295973539352417,-52.547813415527344,-1.2219192385673523,1.0,unknown,0.0,0.4471294742106058,0.2,4,583,fallback
2.9793196320533752,-48.98270606994629,3.1146355271339417,1.0,unknown,0.0,0.5813265084795499,0.1,4,584,fallback
2.7242810249328615,-46.82452583312988,2.8626168608665465,1.0,unknown,0.0,0.553636072177206,0.1,10,585,fallback
2.8831282456715903,-44.515143076578774,4.161348713768853,1.0,unknown,0.0,0.4899993710804913,0.1,9,586,fallback
2.868463648690118,-42.8451656765408,5.362674170070225,1.0,unknown,0.0,0.5095634951945645,0.1,18,587,fallback
3.402015379496983,-41.06918716430664,7.046043464115688,1.0,unknown,0.0,0.49883523067954394,0.1,7,588,fallback
2.6549293994903564,-39.86140060424805,7.528153419494629,1.0,unknown,0.0,0.48525601476059477,0.1,2,589,fallback
3.577589786052704,-8.626902675628662,-2.0407388165593146,1.0,unknown,0.0,0.5854285588741293,0.1,20,590,fallback
3.29726168140769,-6.830195963382721,-2.018996689468622,1.0,unknown,0.0,0.5865491956408829,0.1,64,591,fallback
3.03803942946137,-4.71341667331633,-1.40152503551942,1.0,unknown,0.0,0.607844954097084,0.1,305,592,fallback
3.198848290229911,-2.9756327731099295,-1.877005953990405,1.0,unknown,0.0,0.5929752252271123,0.1,402,593,fallback
3.4074907171750506,-0.9949865767356699,-1.8863922386693857,1.0,unknown,0.0,0.5945979672041081,0.1,491,594,fallback
3.4945265699077295,1.048779280827305,-1.8464718306386794,1.0,unknown,0.0,0.5945061312287604,0.1,370,595,fallback
3.2281508995387367,2.9698290289519074,-1.7962704022487481,1.0,unknown,0.0,0.5922664167734705,0.1,334,596,fallback
2.922338263131678,4.856935417279601,-1.741586877964437,1.0,unknown,0.0,0.5884345177309186,0.1,256,597,fallback
3.0052039714086622,6.749039895193917,-1.6793839380854652,1.0,unknown,0.0,0.5850343935694238,0.1,105,598,fallback
3.3647688752726506,8.642360034741854,-1.6420509752474333,1.0,unknown,0.0,0.577622479448964,0.1,38,599,fallback
3.3290337324142456,10.642432265811497,-0.9084719212518798,1.0,vehicle,0.0,0.820091094146935,0.05,72,600,annotation
2.5352745354175568,12.301031947135925,-0.018672874644835247,1.0,vehicle,0.0,0.8089397543491867,0.05,16,601,annotation
3.724413138169509,18.697613349327675,1.1601096941874578,1.0,unknown,0.0,0.5578446094461678,0.1,13,602,fallback
2.791791260242462,22.345314502716064,-0.0004634294818970375,1.0,unknown,0.0,0.5374429438884851,0.1,4,603,fallback
3.7098348670535617,27.28444947136773,0.7822822266154819,1.0,unknown,0.0,0.5285023991507656,0.1,9,604,fallback
3.4845164973160316,29.031402061725483,2.9408713250324645,1.0,unknown,0.0,0.5525508507678003,0.1,29,605,fallback
2.8040875248287036,31.013489432956863,3.545569336932638,1.0,unknown,0.0,0.5455017150213328,0.1,23,606,fallback
2.774054612432207,33.12787192208426,3.6606544128486087,1.0,unknown,0.0,0.5347099006515235,0.1,14,607,fallback
2.66132276398795,34.81517628261021,3.4072179113115584,1.0,unknown,0.0,0.5433466419154166,0.1,7,608,fallback
3.867342472076416,59.00494384765625,9.713703155517578,1.0,unknown,0.0,0.427605361900782,0.2,1,609,fallback
2.6995972792307534,63.341896057128906,11.943840662638346,1.0,unknown,0.0,0.4152754240268035,0.2,3,610,fallback
3.000056266784668,64.3321304321289,3.001997709274292,1.0,unknown,0.0,0.4117938663192525,0.2,1,611,fallback
4.865228652954102,-68.03992462158203,1.58444344997406,1.0,unknown,0.0,0.4003590555846538,0.2,1,612,fallback
5.189186096191406,-67.133544921875,1.5640175342559814,1.0,unknown,0.0,0.4029986025913067,0.2,1,613,fallback
4.748708566029866,-64.7123794555664,1.5095289288437925,1.0,unknown,0.0,0.45875782358236017,0.1,3,614,fallback
5.384886741638184,-60.937137603759766,4.278402328491211,1.0,unknown,0.0,0.4214761985435175,0.2,1,615,fallback
4.83049750328064,-58.8987013498942,2.292821208635966,1.0,unknown,0.0,0.4423666199471503,0.2,6,616,fallback
4.256608486175537,-52.67782020568848,-1.2264492511749268,1.0,unknown,0.0,0.44649246310442214,0.2,2,617,fallback
5.97093391418457,-48.91179275512695,9.284439086914062,1.0,unknown,0.0,0.45717530753980085,0.1,1,618,fallback
5.446294784545898,-47.87693405151367,7.917196750640869,1.0,unknown,0.0,0.46060472209143066,0.1,2,619,fallback
4.7432552973429365,-44.82140096028646,4.606976350148519,1.0,unknown,0.0,0.521529320074076,0.1,3,620,fallback
4.677368879318237,-43.29856491088867,5.076662182807922,1.0,unknown,0.0,0.5195978161264716,0.1,2,621,fallback
4.695436477661133,-40.949828147888184,7.766655445098877,1.0,unknown,0.0,0.48374679950562516,0.1,4,622,fallback
5.349206745624542,-13.103187441825867,-2.325410336256027,1.0,unknown,0.0,0.5632237370587873,0.1,8,623,fallback
5.122999489307404,-10.91607517004013,-2.024245463311672,1.0,unknown,0.0,0.5743070945481946,0.1,32,624,fallback
4.905248253162091,-8.7496767777663,-1.9481888220860408,1.0,unknown,0.0,0.5797352311609064,0.1,65,625,fallback
4.834374241530895,-6.955129310488701,-2.0483324881643057,1.0,unknown,0.0,0.5809528204612238,0.1,64,626,fallback
5.106682566592568,-4.866707987534372,-1.9903540761847245,1.0,unknown,0.0,0.5853222302006119,0.1,95,627,fallback
4.87599282547579,-2.90101971464642,-1.9553331894389654,1.0,unknown,0.0,0.5886085206125956,0.1,236,628,fallback
4.816721998701348,-0.9794755096265997,-1.9263467911051866,1.0,unknown,0.0,0.59066438464708,0.1,341,629,fallback
4.826140695959745,0.9840511532435855,-1.8830400682093373,1.0,unknown,0.0,0.590731686756743,0.1,359,630,fallback
4.859616525589474,2.9306333661079407,-1.8320795860555437,1.0,unknown,0.0,0.5884406859191594,0.1,252,631,fallback
4.891552117665609,4.915359293619792,-1.7754964900016785,1.0,unknown,0.0,0.5846607043004606,0.1,150,632,fallback
4.879948280074379,6.9419081102718,-1.714622978459705,1.0,unknown,0.0,0.5800064360158156,0.1,88,633,fallback
5.048613922016041,8.760284887777793,-1.6568733840375334,1.0,unknown,0.0,0.5750173221065312,0.1,37,634,fallback
4.763937314351399,10.448691319196652,-1.4553959170977275,1.0,unknown,0.0,0.5778063985533921,0.1,39,635,fallback
5.423304526011149,12.28755874633789,-1.5690269152323404,1.0,unknown,0.0,0.5648197470456532,0.1,15,636,fallback
4.828787890347567,16.295935197310015,-9.039019411260432,1.0,unknown,0.0,0.5562981780787984,0.1,11,637,fallback
5.319316274979535,18.372197095085593,0.9714588900233674,1.0,unknown,0.0,0.5569397011878552,0.1,17,638,fallback
5.773141860961914,23.1704044342041,2.2273338635762534,1.0,unknown,0.0,0.5335536318211489,0.1,3,639,fallback
5.548656725883484,25.093839359283447,2.1485848516225814,1.0,unknown,0.0,0.5584356070056912,0.1,20,640,fallback
4.6080458504813055,26.839327130998885,1.3989668105329787,1.0,unknown,0.0,0.5419219455288135,0.1,14,641,fallback
4.802281767129898,28.94448757171631,3.6123742014169693,1.0,unknown,0.0,0.5457851931516761,0.1,16,642,fallback
4.644916343688965,30.799572626749676,4.139517084757487,1.0,unknown,0.0,0.5373885265946174,0.1,15,643,fallback
4.14293360710144,32.68269157409668,4.62934422492981,1.0,unknown,0.0,0.506508211393095,0.1,2,644,fallback
5.128039836883545,48.70405960083008,3.4235859711964927,1.0,unknown,0.0,0.4588721825053441,0.1,3,645,fallback
4.6871113777160645,50.05033493041992,3.5141441822052,1.0,unknown,0.0,0.45419202488784305,0.1,1,646,fallback
5.30979323387146,55.14863586425781,2.5825811624526978,1.0,unknown,0.0,0.43893685627892476,0.2,2,647,fallback
7.4361623128255205,-65.27692413330078,3.5784212748209634,1.0,unknown,0.0,0.4409857118671182,0.2,3,648,fallback
6.618934869766235,-63.88846778869629,1.4919456243515015,1.0,unknown,0.0,0.4123456187571999,0.2,2,649,fallback
7.643766403198242,-50.32295036315918,8.365857601165771,1.0,unknown,0.0,0.4788984495435289,0.1,2,650,fallback
7.34642972946167,-49.6041976928711,8.965705680847169,1.0,unknown,0.0,0.46826135101818944,0.1,5,651,fallback
6.525235176086426,-47.5706787109375,7.317432403564453,1.0,unknown,0.0,0.4734129392684049,0.1,2,652,fallback
6.645380210876465,-45.89903564453125,7.40203332901001,1.0,unknown,0.0,0.48442580189326345,0.1,5,653,fallback
7.997457981109619,-21.458593368530273,-2.673698663711548,1.0,unknown,0.0,0.5362986530580375,0.1,1,654,fallback
7.801793575286865,-18.00295639038086,-2.2907814979553223,1.0,unknown,0.0,0.546137704801222,0.1,1,655,fallback
7.003407425350613,-16.820802476671005,-2.2617217699686685,1.0,unknown,0.0,0.5568543643363173,0.1,9,656,fallback
6.730349838733673,-15.136518239974976,-1.933396428823471,1.0,unknown,0.0,0.5627792240072604,0.1,8,657,fallback
6.340197372436523,-13.464365005493164,-1.9063339471817016,1.0,unknown,0.0,0.5666404408830247,0.1,15,658,fallback
7.0152659977183625,-10.996427087222829,-1.9333286145154167,1.0,unknown,0.0,0.5747773405453105,0.1,17,659,fallback
6.969737272004823,-8.847077447014886,-1.7390527161392006,1.0,vehicle,0.0,0.8231195081589149,0.05,37,660,annotation
6.788103429894698,-7.197034932019418,-1.765420178572337,1.0,unknown,0.0,0.583589122012138,0.1,114,661,fallback
6.936477524893625,-4.865914313824145,-2.083573397103842,1.0,unknown,0.0,0.5801370131701117,0.1,77,662,fallback
6.829747883960454,-2.932523934528081,-2.042038650223703,1.0,unknown,0.0,0.583232745124322,0.1,99,663,fallback
6.873564559060174,-0.980741667841259,-1.9978487717138755,1.0,unknown,0.0,0.5847012150154992,0.1,148,664,fallback
6.804009731265082,0.9512349417352158,-1.9439533007317695,1.0,unknown,0.0,0.5848838468226583,0.1,138,665,fallback
6.911350381374359,2.9135954082012177,-1.8808228433132173,1.0,unknown,0.0,0.5830574398255021,0.1,120,666,fallback
6.92113428437308,4.94490323977524,-1.8098881432179654,1.0,unknown,0.0,0.580004780440145,0.1,89,667,fallback
6.955065209290077,7.003651602514859,-1.7359147154051682,1.0,unknown,0.0,0.5758743883444586,0.1,58,668,fallback
6.823522889336874,9.163305837054585,-1.664671917294347,1.0,unknown,0.0,0.5711325308500724,0.1,43,669,fallback
7.186001734300093,11.667347994717685,-1.6013061783530496,1.0,unknown,0.0,0.564129753323678,0.1,22,670,fallback
6.176469802856445,12.05271511077881,-1.5816511631011962,1.0,unknown,0.0,0.5644519647642477,0.1,5,671,fallback
7.039660258726641,14.650675556876443,-1.5177443786100908,1.0,unknown,0.0,0.5563512222887977,0.1,22,672,fallback
7.226690139089312,16.886752673557826,0.0011345509691247052,1.0,unknown,0.0,0.5769074619999394,0.1,28,673,fallback
7.527858674526215,19.766934156417847,-0.4922730386715557,1.0,unknown,0.0,0.5471831560599821,0.1,8,674,fallback
7.348300870259603,20.90251782735189,0.6081599396828097,1.0,unknown,0.0,0.5593197502472891,0.1,15,675,fallback
6.150166392326355,23.313886642456055,0.6994874527517823,1.0,unknown,0.0,0.5534310356136125,0.1,4,676,fallback
7.1511087894439695,24.864308293660482,1.3689706027585393,1.0,unknown,0.0,0.557256314625746,0.1,30,677,fallback
6.493979024887085,26.567198944091796,2.6157052278518678,1.0,unknown,0.0,0.5505829105559398,0.1,10,678,fallback
6.182051658630371,28.306135177612305,2.025444269180298,1.0,unknown,0.0,0.5180799478680027,0.1,1,679,fallback
7.303699970245361,43.045040130615234,1.0127989053726196,1.0,unknown,0.0,0.47401917843472374,0.1,1,680,fallback
7.7881828308105465,47.46632308959961,7.229795742034912,1.0,unknown,0.0,0.4963967348343149,0.1,5,681,fallback
6.615904331207275,50.96570587158203,7.839273452758789,1.0,unknown,0.0,0.46670039817433684,0.1,2,682,fallback
6.172286510467529,52.22766876220703,8.639315605163574,1.0,unknown,0.0,0.4472266228227365,0.2,1,683,fallback
8.679579893747965,-49.43965403238932,8.657449642817179,1.0,unknown,0.0,0.47538252978707396,0.1,6,684,fallback
9.978514671325684,-26.323951721191406,-2.6260833740234375,1.0,unknown,0.0,0.5205447414106776,0.1,1,685,fallback
9.171491622924805,-22.24066734313965,-2.2441587448120117,1.0,unknown,0.0,0.5328274852723129,0.1,1,686,fallback
8.749634742736816,-20.865550994873047,-2.1106045246124268,1.0,unknown,0.0,0.5371225667982459,0.1,1,687,fallback
8.20418930053711,-19.10454559326172,-1.9395169615745544,1.0,unknown,0.0,0.54383471415496,0.1,2,688,fallback
8.624620723724366,-14.518310546875,-2.3736101627349853,1.0,unknown,0.0,0.5544942754632242,0.1,10,689,fallback
8.492073655128479,-8.190466284751892,-2.22330379486084,1.0,unknown,0.0,0.5697794471799499,0.1,8,690,fallback
9.155558556318283,-7.1300927847623825,-2.234179764986038,1.0,unknown,0.0,0.570957468628625,0.1,32,691,fallback
8.851350515316694,-5.028968908847907,-2.168385316164066,1.0,unknown,0.0,0.5744939379854923,0.1,39,692,fallback
8.94162564807468,-2.996250099605984,-2.1260472668541803,1.0,unknown,0.0,0.5773128380803758,0.1,72,693,fallback
9.150247751871746,-0.9870070672718187,-2.0729434808095295,1.0,unknown,0.0,0.5780109906601386,0.1,75,694,fallback
8.821165285612407,0.9827328164522585,-1.9951063770996897,1.0,unknown,0.0,0.5790115792681725,0.1,76,695,fallback
8.927038225076966,3.0882397789066123,-1.9228983087054754,1.0,unknown,0.0,0.5772089135548264,0.1,59,696,fallback
8.945499632093641,4.983846039242215,-1.847842158211602,1.0,unknown,0.0,0.574818677254411,0.1,45,697,fallback
8.968805235785407,6.911815282460806,-1.7665983309616913,1.0,unknown,0.0,0.5716151948072241,0.1,37,698,fallback
8.608101617722284,8.472561972481865,-1.6987726574852353,1.0,unknown,0.0,0.5689934969360692,0.1,21,699,fallback
8.98695090838841,10.732022387640816,-1.6364562255995614,1.0,unknown,0.0,0.5633585529013521,0.1,28,700,fallback
9.304723612467448,13.727074241638183,-1.5478898684183757,1.0,unknown,0.0,0.555392137430957,0.1,15,701,fallback
8.651719199286568,14.534120665656197,-1.4808727635277643,1.0,unknown,0.0,0.5562813724455686,0.1,9,702,fallback
8.904931350990578,16.25099132679127,-0.8293628755868498,1.0,unknown,0.0,0.563875115668506,0.1,27,703,fallback
8.947724599104662,19.42387397472675,-0.6914806479863518,1.0,unknown,0.0,0.5491570327962312,0.1,26,704,fallback
9.02904935316606,20.168560721657492,0.5783423076976429,1.0,unknown,0.0,0.5658215022247941,0.1,11,705,fallback
8.235533396402994,22.762309392293293,0.17833045052248053,1.0,unknown,0.0,0.5580448241231284,0.1,3,706,fallback
9.37750473022461,43.44054336547852,6.675008153915405,1.0,unknown,0.0,0.5104613678053869,0.1,10,707,fallback
8.60982254573277,45.06088202340262,7.390006269727435,1.0,unknown,0.0,0.5007607294298493,0.1,7,708,fallback
8.515732407569885,46.66788578033447,6.678353056311607,1.0,unknown,0.0,0.5165968938418716,0.1,8,709,fallback
10.22446060180664,-72.2931137084961,3.405695676803589,1.0,unknown,0.0,0.38596232068795333,0.2,1,710,fallback
11.634797096252441,-69.27976989746094,9.879955609639486,1.0,unknown,0.0,0.44688802023840246,0.2,3,711,fallback
11.577314853668213,-30.050146102905273,-1.8763303756713867,1.0,unknown,0.0,0.516890185799851,0.1,2,712,fallback
10.669621467590332,-27.21165657043457,-2.0435094833374023,1.0,unknown,0.0,0.517313993818167,0.1,1,713,fallback
10.210596084594727,-25.60602569580078,-1.9273161888122559,1.0,unknown,0.0,0.5222997979504841,0.1,1,714,fallback
11.356594848632813,-18.975012016296386,-2.582211494445801,1.0,unknown,0.0,0.539008120636095,0.1,10,715,fallback
11.808344205220541,-14.172527313232422,3.4759060541788735,1.0,unknown,0.0,0.5498002725871607,0.1,3,716,fallback
11.114094797770182,-8.946734555562337,-2.3468783775965374,1.0,unknown,0.0,0.5623339673073227,0.1,30,717,fallback
10.568737643105644,-6.680168219975063,-2.2821424348013744,1.0,unknown,0.0,0.5682702929613163,0.1,14,718,fallback
10.85565784573555,-5.020612895488739,-2.2565848752856255,1.0,unknown,0.0,0.5692250775977279,0.1,32,719,fallback
11.435057409878436,-3.0023569238596948,-2.2300499554338127,1.0,unknown,0.0,0.5698415102885394,0.1,29,720,fallback
11.414385573069255,-0.9864278608312209,-2.1612747430801393,1.0,unknown,0.0,0.5712095065231618,0.1,30,721,fallback
10.902242362499237,1.0185761725297198,-2.0659859627485275,1.0,unknown,0.0,0.5728495672363954,0.1,32,722,fallback
10.92393440358779,2.9732621206956753,-1.9887955819859224,1.0,unknown,0.0,0.5714618803184295,0.1,34,723,fallback
10.67061001913888,4.765323230198452,-1.8993206535066878,1.0,unknown,0.0,0.5705351570941024,0.1,28,724,fallback
10.929283905029298,6.772306219736735,-1.8093718727429708,1.0,unknown,0.0,0.5671531054339127,0.1,30,725,fallback
11.082981980365256,9.405327672543732,-1.698798267737679,1.0,unknown,0.0,0.5618403308328371,0.1,23,726,fallback
11.35828374226888,11.554896036783854,-1.1900333563486736,1.0,vehicle,0.0,0.8043206986714112,0.05,15,727,annotation
11.072179179721408,12.706231456332736,-1.250354591343138,1.0,unknown,0.0,0.563207277989219,0.1,45,728,fallback
11.090959247789884,15.842527289139596,-1.0119127097882723,1.0,unknown,0.0,0.5695486865063286,0.1,19,729,fallback
11.679777145385742,16.611740915398848,0.8500020932298963,1.0,unknown,0.0,0.5633874595325957,0.1,19,730,fallback
11.020194503996107,19.05812915166219,0.2925740059654345,1.0,unknown,0.0,0.565412669744165,0.1,36,731,fallback
10.753509019550524,21.029067993164062,0.7870551533414982,1.0,unknown,0.0,0.546428127011104,0.1,19,732,fallback
10.205652236938477,22.128456115722656,1.1359911561012268,1.0,unknown,0.0,0.5320011727948402,0.1,2,733,fallback
11.864497184753418,25.49004554748535,2.622607707977295,1.0,unknown,0.0,0.5206520395081239,0.1,1,734,fallback
11.825414657592773,27.392566680908203,4.901359558105469,1.0,unknown,0.0,0.5154916860245479,0.1,1,735,fallback
11.617029871259417,29.380557250976562,3.6565503771682937,1.0,unknown,0.0,0.5498630494105733,0.1,35,736,fallback
11.157455126444498,30.992056382008087,3.18728125207753,1.0,unknown,0.0,0.5512536959506993,0.1,39,737,fallback
10.78670871257782,32.14385652542114,4.465871959924698,1.0,unknown,0.0,0.527148654267193,0.1,8,738,fallback
11.763381004333496,35.85172348022461,5.84494423866272,1.0,unknown,0.0,0.5220799927651876,0.1,5,739,fallback
11.441828298568726,36.655656051635745,4.543827462912304,1.0,unknown,0.0,0.5402371844982035,0.1,20,740,fallback
10.953895092010498,43.764549255371094,7.690379182497661,1.0,unknown,0.0,0.5026271553882853,0.1,12,741,fallback
11.095371882120768,44.41057205200195,6.446528275807698,1.0,unknown,0.0,0.5029630262283641,0.1,6,742,fallback
13.815866470336914,-75.2766342163086,0.0008773999870754778,1.0,unknown,0.0,0.37539806527958236,0.2,1,743,fallback
12.584723472595215,-73.23865509033203,0.0008434469345957041,1.0,unknown,0.0,0.3820639491268836,0.2,1,744,fallback
13.3613920211792,-70.73619384765625,4.539448674366577,1.0,unknown,0.0,0.47465803185680355,0.1,10,745,fallback
13.175927734375,-69.17328033447265,8.913620567321777,1.0,unknown,0.0,0.4453457790301557,0.2,5,746,fallback
13.207849979400635,-67.17057037353516,11.24790096282959,1.0,unknown,0.0,0.4008030861587666,0.2,2,747,fallback
13.740890979766846,-36.94830131530762,-2.293892979621887,1.0,unknown,0.0,0.4968059176996823,0.1,2,748,fallback
12.440499782562256,-32.86211013793945,-2.0466665029525757,1.0,unknown,0.0,0.5087845307036435,0.1,2,749,fallback
12.064289569854736,-14.063114166259766,3.491274833679199,1.0,unknown,0.0,0.5494595863461131,0.1,2,750,fallback
12.921609469822474,-13.690529482705253,3.137828826904297,1.0,unknown,0.0,0.5837302312125329,0.1,14,751,fallback
13.38728852705522,-11.176316261291504,-2.4523808739402075,1.0,unknown,0.0,0.5530161277087167,0.1,22,752,fallback
13.636406262715658,-8.89706662495931,-2.289228582382202,1.0,unknown,0.0,0.5571668432616605,0.1,15,753,fallback
12.730213428365774,-7.050905441415721,-2.327083546539833,1.0,unknown,0.0,0.5622560915654206,0.1,29,754,fallback
13.3393706541795,-5.0126423835754395,-2.343313794869643,1.0,unknown,0.0,0.5623487204483225,0.1,26,755,fallback
13.847235062543083,-3.3138666713938996,-2.3401262339423683,1.0,unknown,0.0,0.5623238514013916,0.1,17,756,fallback
13.867309136824174,-0.44829959219152277,-2.2798585891723633,1.0,unknown,0.0,0.5637200949216443,0.1,11,757,fallback
13.178870660287362,1.016885672316507,-2.1738508718985097,1.0,unknown,0.0,0.5663284074223713,0.1,27,758,fallback
12.309076372782389,2.486279567082723,-2.063815546035767,1.0,unknown,0.0,0.5677847987924737,0.1,15,759,fallback
12.99566022280989,4.983213671322527,-1.958458818238357,1.0,unknown,0.0,0.5643144920189932,0.1,29,760,fallback
13.561521963639693,7.719762845472856,-1.822516755624251,1.0,unknown,0.0,0.558568979721993,0.1,11,761,fallback
12.530426597595214,8.440242513020833,-1.7647621393203736,1.0,unknown,0.0,0.5600478577937618,0.1,15,762,fallback
13.092023229598999,11.669562482833863,-1.4973070740699768,1.0,unknown,0.0,0.559406390589875,0.1,20,763,fallback
13.058744596398395,12.106414629065473,-1.1154476015464119,1.0,vehicle,0.0,0.798336843867707,0.05,23,764,annotation
12.388841819763183,15.56051845550537,-1.3911877155303956,1.0,unknown,0.0,0.5455554044581954,0.1,5,765,fallback
12.012327194213867,16.22781753540039,-0.00028488883981481194,1.0,unknown,0.0,0.5444298538944482,0.1,1,766,fallback
12.84940225427801,18.714873227206144,-1.0593177405270664,1.0,unknown,0.0,0.5371659051512032,0.1,11,767,fallback
13.268424563937717,21.493380228678387,3.7678536441591053,1.0,unknown,0.0,0.5612869358205235,0.1,9,768,fallback
13.435145854949951,22.56173865000407,2.4989428520202637,1.0,unknown,0.0,0.5676646535359274,0.1,6,769,fallback
13.18844622373581,25.756548166275024,2.9994001537561417,1.0,unknown,0.0,0.5260367034339924,0.1,16,770,fallback
12.530793340582596,27.352922038028115,3.8992986930044076,1.0,unknown,0.0,0.5346942193352774,0.1,19,771,fallback
12.855452299118042,29.170435523986818,4.012105459949817,1.0,unknown,0.0,0.5513727289903062,0.1,20,772,fallback
13.372962043398903,30.857542128789994,2.8774301740922965,1.0,unknown,0.0,0.5668364440531,0.1,21,773,fallback
12.81195592880249,44.412845611572266,7.229505830340916,1.0,unknown,0.0,0.49216955190795775,0.1,18,774,fallback
15.315240859985352,-72.23855590820312,10.378995895385742,1.0,unknown,0.0,0.3834674063242215,0.2,1,775,fallback
14.690453290939331,-70.49762153625488,4.620011568069458,1.0,unknown,0.0,0.43834886634226866,0.2,4,776,fallback
14.78425931930542,-69.45550155639648,4.9777761697769165,1.0,unknown,0.0,0.43012434842287395,0.2,2,777,fallback
15.76447582244873,-66.79258728027344,11.275969505310059,1.0,unknown,0.0,0.39911674249238804,0.2,1,778,fallback
15.19408130645752,-44.302555084228516,6.582901954650879,1.0,unknown,0.0,0.4644931017933813,0.1,1,779,fallback
15.607316732406616,-43.577635765075684,-0.5362416884745471,1.0,unknown,0.0,0.4934428572972237,0.1,4,780,fallback
15.160345554351807,-41.4836483001709,-2.5734050273895264,1.0,unknown,0.0,0.4841560307584041,0.1,2,781,fallback
15.013983726501465,-37.67894744873047,7.642467737197876,1.0,unknown,0.0,0.4842104107740616,0.1,2,782,fallback
15.078291416168213,-14.318059921264648,-2.427731215953827,1.0,unknown,0.0,0.5431503631997526,0.1,4,783,fallback
15.121738025120326,-12.936180659702845,-2.324032868657793,1.0,unknown,0.0,0.5459888279635754,0.1,14,784,fallback
15.603813743591308,-11.566649627685546,-2.268067955970764,1.0,unknown,0.0,0.5468329107064595,0.1,10,785,fallback
14.69355955578032,-6.873480683281308,-2.2810830502283004,1.0,unknown,0.0,0.5567499876116138,0.1,21,786,fallback
15.362462361653646,-4.92966710196601,-1.1436193384732987,1.0,unknown,0.0,0.5837978538211713,0.1,36,787,fallback
15.232597309610117,-2.400903152382892,-1.0769115002473446,1.0,unknown,0.0,0.585670932711755,0.1,23,788,fallback
14.089774718651405,-1.4391794296411367,-2.327407580155593,1.0,unknown,0.0,0.5627723966918639,0.1,13,789,fallback
15.996001243591309,1.9924043416976929,-2.265462875366211,1.0,unknown,0.0,0.5566411789058903,0.1,1,790,fallback
15.027654977945181,3.062981422130878,-2.1574851182790904,1.0,unknown,0.0,0.5602922417861541,0.1,26,791,fallback
14.029974937438965,4.041633129119873,-2.0520083904266357,1.0,unknown,0.0,0.5611984594350828,0.1,1,792,fallback
14.99048124040876,6.770728497278123,-1.921899676322937,1.0,unknown,0.0,0.5565650039710817,0.1,21,793,fallback
14.969040770279733,10.582456086811266,-1.7113097278695357,1.0,unknown,0.0,0.5505730765940313,0.1,19,794,fallback
14.51585472954644,12.283487637837728,-1.1333457960022821,1.0,vehicle,0.0,0.7929915881112588,0.05,9,795,annotation
15.189979379827326,17.26977469704368,1.5616574353506705,1.0,unknown,0.0,0.5637743385367431,0.1,11,796,fallback
14.635541598002115,18.912641843159992,0.7751377721627554,1.0,unknown,0.0,0.5933817762099154,0.1,12,797,fallback
15.220858126878738,21.603337824344635,2.770579307751177,1.0,unknown,0.0,0.5660913510892727,0.1,32,798,fallback
14.884640395641327,22.932678818702698,1.6308131324494752,1.0,unknown,0.0,0.5715031649592675,0.1,16,799,fallback
14.182034492492676,25.97951889038086,3.4608209133148193,1.0,unknown,0.0,0.5162047887715944,0.1,1,800,fallback
15.044835226876396,26.28006935119629,3.130916578429086,1.0,unknown,0.0,0.5220680254658429,0.1,14,801,fallback
14.687690939222064,28.634795597621373,4.647262151577577,1.0,unknown,0.0,0.5542512253164539,0.1,28,802,fallback
15.215894063313803,30.166322708129883,4.747941176096599,1.0,unknown,0.0,0.5044715796350373,0.1,3,803,fallback
16.27910327911377,-73.03947067260742,0.0008777392795309424,1.0,unknown,0.0,0.3805051199763605,0.2,2,804,fallback
16.979299545288086,-71.66001892089844,6.871525287628174,1.0,unknown,0.0,0.38406767026274924,0.2,1,805,fallback
16.693588256835938,-68.79297637939453,8.279128074645996,1.0,unknown,0.0,0.39263158099137635,0.2,1,806,fallback
16.654836654663086,-67.79886245727539,8.986795425415039,1.0,unknown,0.0,0.4136483008548407,0.2,2,807,fallback
17.740774154663086,-42.703365325927734,7.597874164581299,1.0,unknown,0.0,0.46627432717806816,0.1,1,808,fallback
17.735748291015625,-38.75605392456055,4.984795570373535,1.0,unknown,0.0,0.477135632996478,0.1,1,809,fallback
17.352177870901006,-37.59699891742907,6.497255927638004,1.0,unknown,0.0,0.5077637625164393,0.1,19,810,fallback
17.82115936279297,-34.17575454711914,6.3329176902771,1.0,unknown,0.0,0.48937049131345844,0.1,1,811,fallback
17.475696351793076,-14.553691652086046,-1.4728675021065607,1.0,unknown,0.0,0.5462021894127557,0.1,9,812,fallback
16.886652977235855,-12.743933246981713,0.5349042539554273,1.0,unknown,0.0,0.5877210233161673,0.1,31,813,fallback
16.74145687950982,-10.981372197469076,-1.9046873453472573,1.0,unknown,0.0,0.5621647514233928,0.1,18,814,fallback
17.507001876831055,-9.019451194339329,-2.300411899884542,1.0,unknown,0.0,0.5460125340217192,0.1,18,815,fallback
17.852187156677246,-6.36705207824707,-2.2130988041559854,1.0,unknown,0.0,0.5484962509564011,0.1,6,816,fallback
17.18282957638011,-4.405262554393095,-1.8616794781337376,1.0,unknown,0.0,0.5682189614656539,0.1,17,817,fallback
16.442484991891043,-3.005366484324137,-1.97823126686888,1.0,unknown,0.0,0.5755616396088542,0.1,21,818,fallback
16.865693714307703,-0.9607811575836461,-0.98806788424451,1.0,unknown,0.0,0.5846931652231979,0.1,46,819,fallback
16.99261042277018,0.764399248144279,-1.9482836107412973,1.0,unknown,0.0,0.5714538182646913,0.1,30,820,fallback
16.978527704874676,5.354847696092394,-2.0797630416022406,1.0,unknown,0.0,0.552683169124533,0.1,18,821,fallback
16.01742172241211,6.0492963790893555,-1.9992897510528564,1.0,unknown,0.0,0.553634972327069,0.1,1,822,fallback
16.983153694554378,9.391854737934313,-1.8116312152461003,1.0,unknown,0.0,0.5475198327778658,0.1,19,823,fallback
16.429655075073242,17.729961395263672,-0.0002992928493767977,1.0,pedestrian_vru,0.0,0.794984030223193,0.05,1,824,annotation
16.389119148254395,19.9028902053833,4.857308626174927,1.0,unknown,0.0,0.5276614382521931,0.1,2,825,fallback
16.67855473053761,21.276838889488808,2.725805075854087,1.0,unknown,0.0,0.5570071829351749,0.1,39,826,fallback
17.05327824183873,27.001510075160436,2.9791757379259383,1.0,unknown,0.0,0.5101669788271088,0.1,7,827,fallback
17.105372655959357,29.01673662094843,4.0957410824651435,1.0,unknown,0.0,0.5612527548165338,0.1,21,828,fallback
17.297294096513227,30.596432945945047,2.8337106424785983,1.0,unknown,0.0,0.5518543494787489,0.1,11,829,fallback
16.634183883666992,34.25672912597656,0.8835130333900452,1.0,unknown,0.0,0.4907547546942299,0.1,1,830,fallback
19.3789119720459,-72.52565002441406,10.551334381103516,1.0,unknown,0.0,0.379789855321398,0.2,1,831,fallback
19.092790603637695,-70.77826309204102,12.045892715454102,1.0,unknown,0.0,0.42289103134710515,0.2,2,832,fallback
18.350854873657227,-66.3258056640625,8.048559188842773,1.0,unknown,0.0,0.39918766979983095,0.2,2,833,fallback
18.246399879455566,-42.89182472229004,8.782716274261475,1.0,unknown,0.0,0.4652912863641626,0.1,2,834,fallback
19.163453102111816,-38.79201698303223,4.1028768845966885,1.0,unknown,0.0,0.5118024488305075,0.1,14,835,fallback
18.97350730895996,-37.34709281921387,5.9336163878440855,1.0,unknown,0.0,0.5080954021602349,0.1,20,836,fallback
18.421177864074707,-34.485219955444336,5.796157240867615,1.0,unknown,0.0,0.5130661157756203,0.1,6,837,fallback
19.212254762649536,-33.509021282196045,6.008971333503723,1.0,unknown,0.0,0.5074781075275544,0.1,8,838,fallback
18.636624336242676,-22.78274803161621,5.05000057220459,1.0,unknown,0.0,0.5242638229253633,0.1,10,839,fallback
19.04290923205289,-20.63586846264926,2.0119764918523617,1.0,unknown,0.0,0.56723039155863,0.1,44,840,fallback
19.585955706509676,-19.453634435480293,4.357409152117643,1.0,unknown,0.0,0.5313941069212527,0.1,11,841,fallback
18.20353674888611,-16.517026662826538,-2.0059014409780502,1.0,unknown,0.0,0.537821071267126,0.1,8,842,fallback
18.17481231689453,-15.782060384750366,-2.1043348610401154,1.0,unknown,0.0,0.5382379776698333,0.1,4,843,fallback
19.94681453704834,-12.108995914459229,-2.176779627799988,1.0,unknown,0.0,0.5350973515495109,0.1,2,844,fallback
19.743635018666584,-10.923150936762491,-2.105301797389984,1.0,unknown,0.0,0.5380492145622625,0.1,12,845,fallback
19.1513455254691,-8.714925425393242,0.052388128791270513,1.0,unknown,0.0,0.5894074351801823,0.1,56,846,fallback
19.166853834943073,-6.878737967188766,0.7260637875737214,1.0,unknown,0.0,0.5986856640414955,0.1,82,847,fallback
19.16222416270863,-5.3227504816922275,-0.1345538188571068,1.0,unknown,0.0,0.5940737816182019,0.1,55,848,fallback
19.170292377471924,-3.253991924226284,-1.557923058969891,1.0,unknown,0.0,0.5690281377861165,0.1,32,849,fallback
19.82659178513747,-1.2171216652943537,-2.1401183788592997,1.0,unknown,0.0,0.5504859643328852,0.1,13,850,fallback
18.79555066426595,0.6133729739114642,-0.264961727891811,1.0,unknown,0.0,0.5732336849783789,0.1,15,851,fallback
19.573382117531516,3.25204738703641,-2.3181920701807197,1.0,unknown,0.0,0.5460686892488266,0.1,11,852,fallback
18.48273730278015,4.341646611690521,-2.217116057872772,1.0,unknown,0.0,0.5486718953325561,0.1,8,853,fallback
19.879622182538434,7.550962571174868,-0.4154756929288382,1.0,vehicle,0.0,0.801615074797223,0.05,31,854,annotation
19.350000517708914,8.388057708740234,-1.1656738008771623,1.0,vehicle,0.0,0.7988466476832079,0.05,28,855,annotation
19.597670873006184,12.94400421778361,-1.6426047682762146,1.0,unknown,0.0,0.5347008817166584,0.1,6,856,fallback
18.93659824795193,21.5832462310791,5.178010357750787,1.0,unknown,0.0,0.5261270719034153,0.1,9,857,fallback
18.861456871032715,22.36709499359131,5.512156963348389,1.0,unknown,0.0,0.5172632325158978,0.1,2,858,fallback
18.48909632364909,27.49233563741048,3.0905303955078125,1.0,unknown,0.0,0.5060436377775326,0.1,3,859,fallback
18.77992146809896,29.409922281901043,2.585135041968897,1.0,unknown,0.0,0.5658557746275757,0.1,15,860,fallback
19.39611192183061,30.65025502985174,2.0258355499139395,1.0,unknown,0.0,0.5442062499470868,0.1,11,861,fallback
21.204463005065918,-46.97056007385254,2.953374147415161,1.0,unknown,0.0,0.6003948096444968,0.1,2,862,fallback
21.882022857666016,-43.2065544128418,9.125655174255371,1.0,unknown,0.0,0.45970490917735896,0.1,1,863,fallback
20.920571327209473,-40.38157653808594,6.952505826950073,1.0,unknown,0.0,0.506225924100803,0.1,2,864,fallback
21.085029284159344,-38.74428685506185,2.398275517092164,1.0,unknown,0.0,0.5144759814849126,0.1,6,865,fallback
20.81251992119683,-36.978414111667206,5.569375121419499,1.0,unknown,0.0,0.5227664959783094,0.1,18,866,fallback
20.88298205325478,-34.8713264465332,5.363380011759307,1.0,unknown,0.0,0.513935195111972,0.1,19,867,fallback
20.894306182861328,-33.84293460845947,6.551003575325012,1.0,unknown,0.0,0.5230078383327289,0.1,4,868,fallback
20.461637843738902,-20.464623191139914,1.4120016748254949,1.0,unknown,0.0,0.5757083025233468,0.1,11,869,fallback
20.87166292914029,-19.320081908127356,4.163105915332663,1.0,unknown,0.0,0.564543201952976,0.1,29,870,fallback
21.086143016815186,-17.60731840133667,3.292015790939331,1.0,unknown,0.0,0.5984130891816276,0.1,8,871,fallback
20.982249346646395,-14.739565502513539,-2.1134309226816352,1.0,unknown,0.0,0.5338028931137078,0.1,11,872,fallback
20.786775016784667,-13.117200183868409,-1.999775493144989,1.0,unknown,0.0,0.5367935610339156,0.1,20,873,fallback
21.173542022705078,-10.891366259257,-1.5141098022460937,1.0,unknown,0.0,0.5388040734342094,0.1,15,874,fallback
20.960190370347764,-8.632694519890679,1.1308189398007622,1.0,unknown,0.0,0.5839879985749987,0.1,45,875,fallback
20.635276158650715,-7.271725972493489,1.1548287050203119,1.0,unknown,0.0,0.5831565878427367,0.1,24,876,fallback
20.606636703014374,-5.18211629986763,0.5837991191074252,1.0,unknown,0.0,0.583996443569877,0.1,32,877,fallback
21.32917881011963,-2.7635664129257203,-0.005298339128494263,1.0,unknown,0.0,0.5890651960326551,0.1,50,878,fallback
20.480632934570313,-0.9924018222093582,-1.876869511604309,1.0,unknown,0.0,0.5523827753939442,0.1,25,879,fallback
20.76624272664388,1.111244837443034,-2.1599798997243247,1.0,unknown,0.0,0.5506468722105409,0.1,15,880,fallback
20.298124313354492,2.9018063147862754,-2.3943963845570884,1.0,unknown,0.0,0.5439037981009995,0.1,6,881,fallback
20.916227261225384,4.843778967857361,-1.7727751632531483,1.0,vehicle,0.0,0.7861441361689666,0.05,24,882,annotation
20.38892536628537,6.851660879646859,0.11154960491525921,1.0,vehicle,0.0,0.8117371678194122,0.05,41,883,annotation
20.944375038146973,8.748997211456299,-0.08388109237906367,1.0,vehicle,0.0,0.781155649404113,0.05,6,884,annotation
21.550060272216797,11.92574691772461,-1.722449779510498,1.0,unknown,0.0,0.5311105093024986,0.1,1,885,fallback
20.7237674168178,12.33220454624721,-1.6866850852966309,1.0,unknown,0.0,0.5330280909881003,0.1,7,886,fallback
20.05494499206543,21.53654670715332,5.544207572937012,1.0,unknown,0.0,0.5167151600537357,0.1,1,887,fallback
20.503910064697266,22.804115295410156,5.777482509613037,1.0,unknown,0.0,0.513000315103105,0.1,1,888,fallback
20.679122924804688,28.21318817138672,3.2629916667938232,1.0,unknown,0.0,0.5000595835457123,0.1,1,889,fallback
20.806950569152832,30.895332866244846,2.5513582020616417,1.0,unknown,0.0,0.5460866043144775,0.1,18,890,fallback
21.145153045654297,32.213050842285156,4.505617618560791,1.0,unknown,0.0,0.49000800201354333,0.1,3,891,fallback
22.094820022583008,-71.0255126953125,10.454756736755371,1.0,unknown,0.0,0.38185152761185887,0.2,1,892,fallback
23.8687744140625,-42.5858268737793,3.4143669605255127,1.0,unknown,0.0,0.45854372876869987,0.1,1,893,fallback
23.316736936569214,-40.855140209198,1.1033268421888351,1.0,unknown,0.0,0.5321815222715802,0.1,8,894,fallback
23.047163009643555,-38.989126317641315,2.199047266255708,1.0,unknown,0.0,0.5480677953664536,0.1,17,895,fallback
22.97902058192662,-36.783009556361606,2.149358543337855,1.0,unknown,0.0,0.548225972670264,0.1,35,896,fallback
23.33502193666854,-35.38158423945589,2.49411460760111,1.0,unknown,0.0,0.5519349954088171,0.1,53,897,fallback
22.863204193115234,-33.25722885131836,-0.9326313495635986,1.0,unknown,0.0,0.5696865501313384,0.1,5,898,fallback
23.32754945755005,-24.615390300750732,-2.3710460662841797,1.0,unknown,0.0,0.5038151197100318,0.1,4,899,fallback
23.363492965698242,-22.995532751083374,-2.2921165823936462,1.0,unknown,0.0,0.5070646984067562,0.1,8,900,fallback
23.48477554321289,-21.93830680847168,-2.2468788623809814,1.0,unknown,0.0,0.5085872628153337,0.1,1,901,fallback
23.06242275238037,-19.51038646697998,-2.112003803253174,1.0,unknown,0.0,0.5145275953993265,0.1,2,902,fallback
23.197384643554688,-16.805944633483886,-1.5950485467910767,1.0,unknown,0.0,0.5255883484327905,0.1,10,903,fallback
23.052629311879475,-15.208359003067017,-1.445951223373413,1.0,unknown,0.0,0.5280699480405443,0.1,12,904,fallback
23.08113670349121,-12.866142786466158,-1.0383185285788317,1.0,unknown,0.0,0.5319929506633656,0.1,13,905,fallback
22.889202499389647,-11.154349517822265,-0.007012812296549479,1.0,unknown,0.0,0.5689221492400874,0.1,15,906,fallback
23.13627579098656,-8.893785885402135,0.6741366306502771,1.0,unknown,0.0,0.5598598145532111,0.1,21,907,fallback
22.906502203507856,-6.852200204675848,0.617077036337419,1.0,unknown,0.0,0.5787120984002193,0.1,22,908,fallback
23.680515575408936,-5.332486271858215,1.7574577748775482,1.0,unknown,0.0,0.5796245565087107,0.1,20,909,fallback
22.32363446553548,-2.5057267016834683,1.9582160336334102,1.0,unknown,0.0,0.5725769716863276,0.1,36,910,fallback
23.227099736531574,-1.2737930802007515,-1.39529554049174,1.0,unknown,0.0,0.5475557965405244,0.1,12,911,fallback
22.92721176147461,1.1646592877805233,-2.012425720691681,1.0,unknown,0.0,0.546728256476612,0.1,4,912,fallback
22.59783363342285,5.638504505157471,-1.086184024810791,1.0,vehicle,0.0,0.7751280216266431,0.05,1,913,annotation
22.48740514119466,6.620836496353149,-1.8198940853277843,1.0,vehicle,0.0,0.7882695940988542,0.05,6,914,annotation
22.819950739542644,9.280897776285807,1.7227368752161663,1.0,vehicle,0.0,0.772444972720843,0.05,3,915,annotation
22.619773864746094,11.346857070922852,-1.769732117652893,1.0,unknown,0.0,0.5290813065462674,0.1,1,916,fallback
23.528756459554035,29.156863530476887,3.199333588282267,1.0,unknown,0.0,0.5013646310121527,0.1,3,917,fallback
22.81429934501648,31.075664281845093,5.312533088028431,1.0,unknown,0.0,0.5299661223247574,0.1,8,918,fallback
22.847445487976074,32.94747352600098,2.804312974214554,1.0,unknown,0.0,0.5271843293870326,0.1,2,919,fallback
25.629663467407227,-52.6884880065918,5.467067241668701,1.0,unknown,0.0,0.4292256908394749,0.2,1,920,fallback
25.359031677246094,-46.93968963623047,-3.7300362586975098,1.0,unknown,0.0,0.4449445891049637,0.2,1,921,fallback
24.62933921813965,-44.377655029296875,-3.5484206676483154,1.0,unknown,0.0,0.4527376423865924,0.1,1,922,fallback
24.022354125976562,-42.68503189086914,-3.424417018890381,1.0,unknown,0.0,0.4580586205063222,0.1,1,923,fallback
24.87153720855713,-40.602821350097656,-1.1048696637153625,1.0,unknown,0.0,0.4621794376543503,0.1,2,924,fallback
24.519055366516113,-38.347185134887695,2.67994901232305,1.0,unknown,0.0,0.5292483246862011,0.1,2,925,fallback
25.453100628323025,-36.861625247531464,2.557284637587145,1.0,unknown,0.0,0.5280143142283634,0.1,9,926,fallback
24.676689386367798,-35.37192106246948,3.6341547667980194,1.0,unknown,0.0,0.5477092864135407,0.1,8,927,fallback
25.710149002075195,-26.99033851623535,-1.737908697128296,1.0,unknown,0.0,0.49381502090990004,0.1,5,928,fallback
25.165524291992188,-24.93094596862793,-1.6515690803527832,1.0,unknown,0.0,0.4993493146338741,0.1,5,929,fallback
24.822559356689453,-22.80566668510437,-1.5716790854930878,1.0,unknown,0.0,0.5041406219978358,0.1,8,930,fallback
24.883827209472656,-21.440483729044598,-1.5313891569773357,1.0,unknown,0.0,0.5067501233977914,0.1,3,931,fallback
25.455783632066513,-18.877464294433594,-0.894204941060808,1.0,unknown,0.0,0.5163324915232168,0.1,9,932,fallback
25.275464739118302,-16.923092705862864,-0.7059269121715,1.0,unknown,0.0,0.5139505190895638,0.1,7,933,fallback
25.088632106781006,-14.799033562342325,-0.44704857067214715,1.0,unknown,0.0,0.5247957681853269,0.1,12,934,fallback
25.05411720275879,-13.13036721093314,-0.22939723423249753,1.0,unknown,0.0,0.527132960002973,0.1,14,935,fallback
25.700691604614256,-10.62666301727295,0.00022498767357319592,1.0,unknown,0.0,0.5215671205535477,0.1,5,936,fallback
24.439879417419434,-8.89931058883667,1.2280453741550446,1.0,unknown,0.0,0.5581730479892907,0.1,4,937,fallback
25.109969547816686,-6.683164392198835,1.298545918007481,1.0,unknown,0.0,0.5666663468074287,0.1,14,938,fallback
24.996534679246984,-5.058103208956511,2.27448842447737,1.0,unknown,0.0,0.5825358200357642,0.1,46,939,fallback
25.15670871734619,-3.846882939338684,3.88442325592041,1.0,unknown,0.0,0.5370713776818606,0.1,2,940,fallback
24.4755859375,-0.6929629201238806,-0.9331621419299733,1.0,unknown,0.0,0.5377945674660924,0.1,11,941,fallback
25.21688938140869,0.0652741133235395,-1.0235761553049088,1.0,unknown,0.0,0.5401894745731141,0.1,4,942,fallback
24.59544289112091,2.8737966120243073,-2.201160915195942,1.0,unknown,0.0,0.5356489181925251,0.1,16,943,fallback
25.067440032958984,4.596149921417236,-2.37768816947937,1.0,unknown,0.0,0.5285440630483463,0.1,1,944,fallback
25.008739471435547,8.430800914764404,-0.29665332395234145,1.0,vehicle,0.0,0.7725543568111009,0.05,2,945,annotation
25.67542495727539,19.227885437011718,5.733895206451416,1.0,unknown,0.0,0.5173069980440211,0.1,5,946,fallback
25.66508674621582,21.460667610168457,6.302987337112427,1.0,unknown,0.0,0.5059700088016151,0.1,2,947,fallback
25.572788026597763,22.67835150824653,5.26284259557724,1.0,unknown,0.0,0.5516723892996674,0.1,9,948,fallback
25.46452760696411,24.521709442138672,4.968091011047363,1.0,unknown,0.0,0.49918995743714323,0.1,4,949,fallback
24.795495351155598,29.666990915934246,2.7032203674316406,1.0,unknown,0.0,0.4894819831965386,0.1,3,950,fallback
25.10163187980652,31.219660758972168,4.82824932038784,1.0,unknown,0.0,0.5413187682334968,0.1,8,951,fallback
25.61874771118164,32.96681022644043,2.36777568407706,1.0,unknown,0.0,0.5407456782820254,0.1,12,952,fallback
26.466215133666992,-53.738983154296875,9.842453956604004,1.0,unknown,0.0,0.42529176511457767,0.2,1,953,fallback
27.190406799316406,-50.922139167785645,4.703115463256836,1.0,unknown,0.0,0.46509263597604844,0.1,4,954,fallback
27.335667610168457,-41.57456398010254,9.375264167785645,1.0,unknown,0.0,0.4560338058015072,0.1,2,955,fallback
27.270348358154298,-39.37689743041992,4.064383051148615,1.0,unknown,0.0,0.5191071258813832,0.1,5,956,fallback
26.716038703918457,-36.8931884765625,2.6826458742434625,1.0,unknown,0.0,0.5127345434738517,0.1,4,957,fallback
27.42049369812012,-33.19335403442383,-1.603049888345413,1.0,unknown,0.0,0.4940424205021893,0.1,5,958,fallback
26.83706792195638,-30.916554768880207,-1.908681591351827,1.0,unknown,0.0,0.4827971555547027,0.1,3,959,fallback
27.886259078979492,-28.278356552124023,-0.9215704798698425,1.0,unknown,0.0,0.4858539549444414,0.1,1,960,fallback
27.649412473042805,-26.84252866109212,-0.30192824204762775,1.0,unknown,0.0,0.5085016702870452,0.1,6,961,fallback
27.28003210179946,-24.903794905718634,0.5092986235275234,1.0,unknown,0.0,0.5386981494612152,0.1,17,962,fallback
27.186926523844402,-23.028106477525498,1.2571999735923276,1.0,unknown,0.0,0.5481609933425641,0.1,27,963,fallback
27.361821583339147,-21.123228236607144,2.64748381158653,1.0,unknown,0.0,0.5677450621653034,0.1,35,964,fallback
27.447154362996418,-18.382543563842773,0.00036198894182840985,1.0,unknown,0.0,0.505897270554308,0.1,3,965,fallback
26.722061475118,-16.910069465637207,0.00033717423017757636,1.0,unknown,0.0,0.5101309923823896,0.1,6,966,fallback
26.198117828369142,-15.429539680480957,0.00031116317841224373,1.0,unknown,0.0,0.513787686231547,0.1,5,967,fallback
26.99733543395996,-10.330851554870605,2.6970582008361816,1.0,unknown,0.0,0.5182806623097092,0.1,1,968,fallback
26.559574127197266,-8.576304912567139,0.6552473628980806,1.0,unknown,0.0,0.536133645229436,0.1,2,969,fallback
26.77384294782366,-6.8032450675964355,2.2067333273797494,1.0,unknown,0.0,0.546880813330314,0.1,7,970,fallback
26.329332733154295,-5.219142723083496,3.5494210600852965,1.0,unknown,0.0,0.5746929450549789,0.1,5,971,fallback
27.62422513961792,-2.8220059275627136,1.9435196965932846,1.0,unknown,0.0,0.5805165323710758,0.1,4,972,fallback
27.469162314278737,-0.9950607270002365,3.6013352632522584,1.0,unknown,0.0,0.5424365076152988,0.1,35,973,fallback
27.431459681193033,0.9084881161650021,1.6023278474807738,1.0,unknown,0.0,0.571742255390097,0.1,15,974,fallback
26.88495635986328,2.899642992019653,-0.3094990116102053,1.0,unknown,0.0,0.5518241601391781,0.1,10,975,fallback
26.091919898986816,8.96988582611084,-0.6407125294208527,1.0,vehicle,0.0,0.7622701154377474,0.05,2,976,annotation
26.983909606933594,17.175432682037354,4.175383627414703,1.0,unknown,0.0,0.5829980246905003,0.1,4,977,fallback
26.732931310480293,19.189729517156426,5.483268651095304,1.0,unknown,0.0,0.5189426662185781,0.1,11,978,fallback
26.579394854032078,21.053362626295822,5.262704849243164,1.0,unknown,0.0,0.5227195620838739,0.1,13,979,fallback
26.912456512451172,23.013349733854596,4.233298439728586,1.0,unknown,0.0,0.5360654697766537,0.1,19,980,fallback
27.15563844379626,24.87059934515702,3.0236239079661718,1.0,unknown,0.0,0.5438979360612075,0.1,19,981,fallback
27.056848526000977,26.344489097595215,6.658029317855835,1.0,unknown,0.0,0.5016148782834872,0.1,2,982,fallback
27.006713682605373,30.701409186086348,3.728038654615727,1.0,unknown,0.0,0.530159509929711,0.1,31,983,fallback
26.22718095779419,32.65479278564453,0.7309400079248007,1.0,unknown,0.0,0.49771598071254475,0.1,4,984,fallback
28.822900772094727,-54.528730392456055,-2.875504493713379,1.0,unknown,0.0,0.4200122387240405,0.2,2,985,fallback
28.77072525024414,-52.76334126790365,4.6741719245910645,1.0,unknown,0.0,0.44016571220974343,0.2,3,986,fallback
28.36281108856201,-51.590057373046875,1.3807897017686628,1.0,unknown,0.0,0.45969578719343185,0.1,2,987,fallback
29.635465621948242,-38.5379753112793,3.400144577026367,1.0,unknown,0.0,0.45915444033669717,0.1,1,988,fallback
28.772859573364258,-36.68075752258301,-0.005998104810714722,1.0,unknown,0.0,0.5170366505347204,0.1,4,989,fallback
29.431193987528484,-34.579427083333336,2.1383612553278604,1.0,unknown,0.0,0.5464176665061611,0.1,6,990,fallback
29.811075448989868,-33.633307456970215,2.7722243403841276,1.0,unknown,0.0,0.5301047386980455,0.1,8,991,fallback
28.72249984741211,-30.51904805501302,-0.6476489484387761,1.0,unknown,0.0,0.4896721564615468,0.1,3,992,fallback
28.517751121520995,-29.078214645385742,0.0011727705015800894,1.0,unknown,0.0,0.49945062695935694,0.1,10,993,fallback
28.14521312713623,-27.12168788909912,0.45065507148198475,1.0,unknown,0.0,0.503320089176307,0.1,6,994,fallback
28.956088304519653,-25.27571964263916,4.838856607675552,1.0,unknown,0.0,0.5046534507469914,0.1,8,995,fallback
28.655457973480225,-23.192588806152344,5.832913875579834,1.0,unknown,0.0,0.5014180330018561,0.1,4,996,fallback
28.56365696589152,-21.074478308359783,3.1901910143424175,1.0,unknown,0.0,0.5620973396478242,0.1,12,997,fallback
28.63676166534424,-19.194953441619873,1.137529691060384,1.0,unknown,0.0,0.5106307017001107,0.1,12,998,fallback
29.614282608032227,-16.53724479675293,0.7878339290618896,1.0,unknown,0.0,0.5032435466483566,0.1,1,999,fallback
28.992613020397368,-15.305334954034715,3.0053651134173074,1.0,unknown,0.0,0.550154377919737,0.1,21,1000,fallback
28.856664657592773,-10.29236888885498,3.5830068588256836,1.0,unknown,0.0,0.5130883055724392,0.1,1,1001,fallback
28.28382396697998,-7.311649322509766,3.762519359588623,1.0,unknown,0.0,0.5255078480150427,0.1,2,1002,fallback
28.598222732543945,-4.151641368865967,0.00012214088928885758,1.0,unknown,0.0,0.5183059965992869,0.1,1,1003,fallback
28.449586050851003,-2.714013321059091,2.1551534482610544,1.0,unknown,0.0,0.5625848445328081,0.1,14,1004,fallback
28.599589051871465,-1.085670603728243,1.7702121550677914,1.0,unknown,0.0,0.5531753563176046,0.1,29,1005,fallback
28.792268684932164,1.0052952702556337,1.8771349745137351,1.0,unknown,0.0,0.557496114764429,0.1,28,1006,fallback
28.905347442626955,2.2572229385375975,0.3535546541213989,1.0,unknown,0.0,0.5761959531135851,0.1,5,1007,fallback
28.0745792388916,7.8755927085876465,-1.3598369359970093,1.0,vehicle,0.0,0.7575250742236882,0.05,1,1008,annotation
28.23613166809082,8.096632957458496,-1.3699023723602295,1.0,vehicle,0.0,0.7568778610596061,0.05,1,1009,annotation
29.491095542907715,11.004624366760254,-0.7309342920780182,1.0,vehicle,0.0,0.7507637440957009,0.05,2,1010,annotation
29.940204620361328,17.59412384033203,6.54266881942749,1.0,unknown,0.0,0.5008188048745724,0.1,1,1011,fallback
29.456281661987305,19.447216033935547,6.009629011154175,1.0,unknown,0.0,0.5140507748363131,0.1,4,1012,fallback
29.324824651082356,20.81296984354655,4.203966061274211,1.0,unknown,0.0,0.5127267967479607,0.1,3,1013,fallback
28.789496103922527,22.62238343556722,2.9765660347863254,1.0,unknown,0.0,0.528196972924711,0.1,6,1014,fallback
28.698424911499025,24.66218032836914,3.189872629632009,1.0,unknown,0.0,0.53298678599239,0.1,5,1015,fallback
28.97376365661621,26.454050827026368,7.014951133728028,1.0,unknown,0.0,0.49816897039476515,0.1,5,1016,fallback
28.984373092651367,29.857425689697266,-0.0004796987632289529,1.0,unknown,0.0,0.4801639564408249,0.1,1,1017,fallback
29.107921354232296,30.90434314358619,4.16200930135411,1.0,unknown,0.0,0.5333527360369527,0.1,31,1018,fallback
28.97364616394043,33.44927469889323,4.134357492129008,1.0,unknown,0.0,0.5297991306620025,0.1,3,1019,fallback
28.67289912700653,34.645402669906616,2.8354411493855878,1.0,unknown,0.0,0.531163699159883,0.1,16,1020,fallback
31.30972385406494,-62.79067134857178,-0.4063831141538685,1.0,unknown,0.0,0.42516671933107875,0.2,4,1021,fallback
31.283382415771484,-61.54585202534994,0.002940670063253492,1.0,unknown,0.0,0.4189376441907249,0.2,6,1022,fallback
31.999385833740234,-46.26475524902344,-2.6225709915161133,1.0,unknown,0.0,0.4362413129705687,0.2,1,1023,fallback
31.487260818481445,-44.71309471130371,-2.549594759941101,1.0,unknown,0.0,0.44147571890114545,0.2,2,1024,fallback
31.672147115071613,-40.14708709716797,0.3998765660411057,1.0,unknown,0.0,0.48527481934805317,0.1,3,1025,fallback
31.43953847885132,-38.80876445770264,0.8830699920654297,1.0,unknown,0.0,0.48386276412490026,0.1,4,1026,fallback
30.74330555308949,-36.56979058005593,2.0171775926243174,1.0,unknown,0.0,0.5202670766005858,0.1,11,1027,fallback
30.241556930541993,-35.03651027679443,2.870636745324009,1.0,unknown,0.0,0.5260844694561582,0.1,20,1028,fallback
30.93171434402466,-33.32303886413574,3.4567246317863463,1.0,unknown,0.0,0.5189842872783166,0.1,20,1029,fallback
31.38931131362915,-25.114130973815918,2.570287376642227,1.0,unknown,0.0,0.5113031699057198,0.1,4,1030,fallback
31.64220314025879,-23.47424430847168,2.203784219553927,1.0,unknown,0.0,0.5118019021690728,0.1,5,1031,fallback
31.255535125732422,-21.233226776123047,2.642653703689575,1.0,unknown,0.0,0.4916429289461859,0.1,1,1032,fallback
30.297821617126466,-18.580542373657227,1.241796064376831,1.0,unknown,0.0,0.5078256556634034,0.1,10,1033,fallback
30.279513138991135,-17.151453311626728,1.3098390102386475,1.0,unknown,0.0,0.5095968545684199,0.1,13,1034,fallback
30.57238901578463,-14.863885732797476,1.3414576741365285,1.0,unknown,0.0,0.5113987350758519,0.1,13,1035,fallback
31.251258277893065,-13.12998456954956,1.264592891931534,1.0,unknown,0.0,0.5121882070662328,0.1,10,1036,fallback
31.963424682617188,-11.785551071166992,1.5889372825622559,1.0,unknown,0.0,0.5027990333537307,0.1,1,1037,fallback
30.391825675964355,-9.530653953552246,1.1148143410682678,1.0,unknown,0.0,0.5180558370712236,0.1,2,1038,fallback
31.641987800598145,-6.983611345291138,1.7657995025316875,1.0,unknown,0.0,0.5315869163560846,0.1,6,1039,fallback
30.968896865844727,-2.6737742821375527,0.00010608368271884198,1.0,unknown,0.0,0.5117477959842263,0.1,6,1040,fallback
30.692586135864257,1.1993929147720337,-0.4506877899169922,1.0,unknown,0.0,0.5476173243575113,0.1,5,1041,fallback
30.52372932434082,3.2298447489738464,-2.1509458124637604,1.0,unknown,0.0,0.5247195884038414,0.1,4,1042,fallback
31.03928699493408,4.878308629989624,-2.049211287498474,1.0,unknown,0.0,0.5171933568326971,0.1,10,1043,fallback
30.967161178588867,9.55261754989624,-0.7569795604067622,1.0,unknown,0.0,0.524952682541791,0.1,2,1044,fallback
30.433401107788086,10.846106052398682,-0.00011250219904468395,1.0,unknown,0.0,0.5080752460064349,0.1,2,1045,fallback
30.027509689331055,17.87883186340332,6.584133625030518,1.0,unknown,0.0,0.5001585210783229,0.1,1,1046,fallback
31.260379791259766,19.871715545654297,6.085567951202393,1.0,unknown,0.0,0.4946140382052129,0.1,2,1047,fallback
31.139347076416016,20.56319236755371,6.131429195404053,1.0,unknown,0.0,0.494335546248576,0.1,3,1048,fallback
30.43070411682129,28.566314697265625,-0.00045092482469044626,1.0,unknown,0.0,0.4797859480894471,0.1,1,1049,fallback
30.662702878316242,31.31593630048964,4.611300819449955,1.0,unknown,0.0,0.519009328377451,0.1,18,1050,fallback
31.535462951660158,32.14177780151367,6.337244176864624,1.0,unknown,0.0,0.5156344764588499,0.1,5,1051,fallback
30.18169403076172,35.2509765625,4.328921794891357,1.0,unknown,0.0,0.46578041075844256,0.1,1,1052,fallback
32.8923225402832,-79.08695602416992,11.054408311843872,1.0,unknown,0.0,0.418784597877763,0.2,2,1053,fallback
33.79281234741211,-75.01721954345703,11.564384460449219,1.0,unknown,0.0,0.35816840447501913,0.2,1,1054,fallback
32.56525802612305,-62.1330680847168,0.000901556748431176,1.0,unknown,0.0,0.3945501779061046,0.2,1,1055,fallback
32.11458206176758,-57.11063766479492,-3.0546529293060303,1.0,unknown,0.0,0.40843768967746263,0.2,1,1056,fallback
32.597649574279785,-53.182108879089355,-2.9081655740737915,1.0,unknown,0.0,0.4181835831083731,0.2,4,1057,fallback
33.87367057800293,-48.7128849029541,-1.3767640590667725,1.0,unknown,0.0,0.4272403171339454,0.2,2,1058,fallback
32.14390182495117,-40.27302551269531,0.5975594520568848,1.0,unknown,0.0,0.49120137932154195,0.1,2,1059,fallback
32.073524475097656,-38.81151580810547,2.3486437797546387,1.0,unknown,0.0,0.4539523168525992,0.1,1,1060,fallback
33.0945182800293,-32.653917439778645,2.824994801962748,1.0,unknown,0.0,0.49681307206017644,0.1,15,1061,fallback
33.26148796081543,-28.55613613128662,2.0448997020721436,1.0,unknown,0.0,0.4741327172446098,0.1,2,1062,fallback
32.410160064697266,-27.02369435628255,1.96841033299764,1.0,unknown,0.0,0.4786533851828292,0.1,3,1063,fallback
33.27915064493815,-24.76108169555664,4.874032298723857,1.0,unknown,0.0,0.5288421909983355,0.1,3,1064,fallback
33.4887949625651,-23.255209922790527,4.828551739454269,1.0,unknown,0.0,0.523620386032522,0.1,24,1065,fallback
33.61369514465332,-19.701058387756348,2.7248783111572266,1.0,unknown,0.0,0.4882052234521318,0.1,2,1066,fallback
33.26938056945801,-8.473627090454102,2.3747096061706543,1.0,unknown,0.0,0.5374441494140755,0.1,2,1067,fallback
32.931729316711426,-7.042338192462921,1.6695765554904938,1.0,unknown,0.0,0.5267700768753117,0.1,8,1068,fallback
32.809713999430336,-5.527826468149821,3.884160359700521,1.0,unknown,0.0,0.5189349678373436,0.1,3,1069,fallback
32.07988739013672,-2.029550552368164,9.710685117170215e-05,1.0,unknown,0.0,0.5085679293301433,0.1,1,1070,fallback
32.84419631958008,-1.2616939395666122,8.934173092711717e-05,1.0,unknown,0.0,0.5063948518256849,0.1,4,1071,fallback
32.95657730102539,1.5177107453346252,-1.3440260738134384,1.0,unknown,0.0,0.513531864419557,0.1,4,1072,fallback
33.89751052856445,2.203916549682617,-1.5840774774551392,1.0,unknown,0.0,0.5030927568142042,0.1,1,1073,fallback
32.95585632324219,4.843031883239746,-1.5533729791641235,1.0,unknown,0.0,0.5050705708292981,0.1,1,1074,fallback
32.204063415527344,21.91870880126953,-0.9047468900680542,1.0,unknown,0.0,0.4881334801413364,0.1,1,1075,fallback
33.73759841918945,22.38979721069336,-0.9403977394104004,1.0,unknown,0.0,0.48352672270793795,0.1,1,1076,fallback
33.65365219116211,26.683292388916016,8.091486930847168,1.0,unknown,0.0,0.47615475334089796,0.1,1,1077,fallback
33.97065734863281,29.26080894470215,8.446929931640625,1.0,unknown,0.0,0.4704942212870792,0.1,1,1078,fallback
33.07798502995418,32.54456945566031,5.524579983491164,1.0,unknown,0.0,0.5105018938917961,0.1,13,1079,fallback
35.37204933166504,-77.01053237915039,0.9864454524358734,1.0,unknown,0.0,0.37312177297437393,0.2,2,1080,fallback
35.66838073730469,-51.376304626464844,2.1964014754339587,1.0,unknown,0.0,0.4671864850801575,0.1,2,1081,fallback
34.529266357421875,-48.76742172241211,-1.3865348100662231,1.0,unknown,0.0,0.425738222396127,0.2,1,1082,fallback
35.017024993896484,-34.16586875915527,2.279993712902069,1.0,unknown,0.0,0.4841969454789755,0.1,2,1083,fallback
34.58700332641602,-32.44019597371419,4.210099585851034,1.0,unknown,0.0,0.4999823983237007,0.1,15,1084,fallback
35.30840928213937,-31.42004449026925,3.4729377882821217,1.0,unknown,0.0,0.49622220536276773,0.1,14,1085,fallback
35.438911014133026,-29.009532504611546,4.5164034896426735,1.0,unknown,0.0,0.49502938928356766,0.1,9,1086,fallback
34.75847282409668,-26.930136489868165,4.307026195526123,1.0,unknown,0.0,0.49975902514166715,0.1,10,1087,fallback
34.311731550428604,-25.45730823940701,3.99480402469635,1.0,unknown,0.0,0.5054922421741904,0.1,9,1088,fallback
34.983363923572355,-22.577244713192893,5.184623323735737,1.0,unknown,0.0,0.5206944330316581,0.1,42,1089,fallback
35.2613525390625,-17.543384170532228,4.04914493560791,1.0,unknown,0.0,0.503626822885705,0.1,5,1090,fallback
35.25993728637695,-6.757731710161481,1.5502866080829076,1.0,unknown,0.0,0.5158180274071753,0.1,7,1091,fallback
34.87082163492838,1.447298487027486,-0.8102489312489828,1.0,unknown,0.0,0.500521041145761,0.1,3,1092,fallback
34.95348866780599,2.6813302834828696,-1.6347951889038086,1.0,unknown,0.0,0.5002856932699792,0.1,3,1093,fallback
34.74135780334473,5.420309543609619,-1.6397488117218018,1.0,unknown,0.0,0.5001450453750068,0.1,2,1094,fallback
35.03282581676137,25.228763060136274,4.123500845649025,1.0,unknown,0.0,0.5161792593115592,0.1,11,1095,fallback
35.09330701828003,27.18363845348358,3.4872781827252766,1.0,unknown,0.0,0.5322158939149076,0.1,16,1096,fallback
35.96949005126953,28.244384765625,4.266294002532959,1.0,unknown,0.0,0.4677996160062464,0.1,1,1097,fallback
35.83304977416992,30.34614372253418,7.172351598739624,1.0,unknown,0.0,0.5025628498665328,0.1,2,1098,fallback
35.095337867736816,33.24771738052368,4.524372428655624,1.0,unknown,0.0,0.5052443349624166,0.1,8,1099,fallback
34.959312438964844,35.11302947998047,3.9293507814407347,1.0,unknown,0.0,0.512855718582305,0.1,5,1100,fallback
36.66770553588867,-75.34677124023438,5.860611438751221,1.0,unknown,0.0,0.3536140236800118,0.2,1,1101,fallback
37.29539108276367,-59.70832061767578,-1.6335482597351074,1.0,unknown,0.0,0.3938027752952348,0.2,1,1102,fallback
36.40714645385742,-57.54594802856445,-1.58009672164917,1.0,unknown,0.0,0.4007130742637459,0.2,1,1103,fallback
36.45695773037997,-31.27431123906916,3.8756198547621765,1.0,unknown,0.0,0.5088216770705836,0.1,11,1104,fallback
36.54354230095358,-22.170590905582202,6.43818468206069,1.0,unknown,0.0,0.5089761872813326,0.1,17,1105,fallback
37.32604217529297,-21.813631394330194,5.311531459583955,1.0,unknown,0.0,0.5122437352247167,0.1,17,1106,fallback
37.60358746846517,-17.130107243855793,4.830716808636983,1.0,unknown,0.0,0.49342448574866515,0.1,6,1107,fallback
37.01185684204101,-7.082394695281982,1.576731836795807,1.0,unknown,0.0,0.4997029027393671,0.1,5,1108,fallback
37.19031270345052,-5.856616497039795,1.7559041182200115,1.0,unknown,0.0,0.49262995678819066,0.1,3,1109,fallback
36.055484771728516,1.9148048162460327,-0.8382335901260376,1.0,unknown,0.0,0.496681118282739,0.1,1,1110,fallback
36.882473536900115,3.0699960504259383,-1.3537726231983729,1.0,unknown,0.0,0.5036558243488879,0.1,7,1111,fallback
37.44664268493652,21.350831985473633,7.1861496925354,1.0,unknown,0.0,0.4967764053276894,0.1,10,1112,fallback
37.305076917012535,23.221107006072998,4.79034701983134,1.0,unknown,0.0,0.4875107049848114,0.1,12,1113,fallback
36.64307174682617,24.82759844462077,5.113676039377848,1.0,unknown,0.0,0.5012136198694289,0.1,15,1114,fallback
36.91488502139137,26.938327335176012,3.458464086008635,1.0,unknown,0.0,0.5186317028400151,0.1,21,1115,fallback
36.682346888950896,29.394794464111328,4.854469129017422,1.0,unknown,0.0,0.4855941269907562,0.1,7,1116,fallback
36.21095199584961,33.2190559387207,4.129725933074951,1.0,unknown,0.0,0.4788539757382284,0.1,5,1117,fallback
37.11606025695801,34.14684295654297,5.897373199462891,1.0,unknown,0.0,0.45455126354402875,0.1,2,1118,fallback
37.18611823187934,36.40438969930013,1.2102134591291867,1.0,unknown,0.0,0.47135707482652334,0.1,9,1119,fallback
38.965492248535156,-78.87528228759766,6.152947902679443,1.0,unknown,0.0,0.34107467404762043,0.2,1,1120,fallback
38.80549621582031,-55.050960540771484,10.266637325286865,1.0,unknown,0.0,0.4210614468083239,0.2,2,1121,fallback
39.0273323059082,-50.06070327758789,0.0008209488005377352,1.0,unknown,0.0,0.4145719030288273,0.2,1,1122,fallback
39.64328384399414,-48.784132639567055,5.92244675111336,1.0,unknown,0.0,0.5114347231832561,0.1,3,1123,fallback
39.056827545166016,-47.19485092163086,0.0007912421715445817,1.0,unknown,0.0,0.4212199478107861,0.2,1,1124,fallback
39.32519340515137,-30.33985948562622,1.7380474507808685,1.0,unknown,0.0,0.4693738795332342,0.1,4,1125,fallback
38.690779913039435,-21.44186156136649,6.176090898967924,1.0,unknown,0.0,0.5058065558799536,0.1,21,1126,fallback
38.089942932128906,-18.249597549438477,4.939571857452393,1.0,unknown,0.0,0.47829157853716364,0.1,1,1127,fallback
39.517635345458984,-16.85175609588623,4.015997290611267,1.0,unknown,0.0,0.49917679416029104,0.1,2,1128,fallback
39.74828338623047,-15.73739242553711,3.988748550415039,1.0,unknown,0.0,0.47674898061782534,0.1,1,1129,fallback
38.40629196166992,-5.482360601425171,1.8093791604042053,1.0,unknown,0.0,0.4888477818139071,0.1,2,1130,fallback
39.26081085205078,1.620348334312439,6.321574498239595e-05,1.0,unknown,0.0,0.4871174167294835,0.1,3,1131,fallback
38.8614387512207,3.3103784322738647,-0.905499592423439,1.0,unknown,0.0,0.48834939467814187,0.1,4,1132,fallback
38.99399757385254,4.699191093444824,-1.831597924232483,1.0,unknown,0.0,0.4875553244812153,0.1,2,1133,fallback
38.567124684651695,19.75267155965169,8.16384760538737,1.0,unknown,0.0,0.47525134913085276,0.1,3,1134,fallback
38.27449131011963,21.039909839630127,7.4399508237838745,1.0,unknown,0.0,0.49302388326721724,0.1,4,1135,fallback
38.016170501708984,22.09048843383789,5.141459941864014,1.0,unknown,0.0,0.47309484433978777,0.1,1,1136,fallback
38.344794273376465,24.63245725631714,6.693693280220032,1.0,unknown,0.0,0.49695176271925934,0.1,4,1137,fallback
39.1824254989624,27.296722888946533,7.007006883621216,1.0,unknown,0.0,0.5000113538064829,0.1,4,1138,fallback
38.51274108886719,29.4294376373291,-0.0004304050235077739,1.0,unknown,0.0,0.45959061563677595,0.1,2,1139,fallback
39.34360376993815,34.7545420328776,5.315561612447103,1.0,unknown,0.0,0.47390355261228634,0.1,3,1140,fallback
38.99259458269392,37.06146512712751,1.6206552552591478,1.0,unknown,0.0,0.4807037521752534,0.1,7,1141,fallback
40.91452746921115,-52.48146968417697,9.019490268495348,1.0,unknown,0.0,0.4586619990671379,0.1,18,1142,fallback
41.274270375569664,-51.67189280192057,4.366592705249786,1.0,unknown,0.0,0.44372396636078804,0.2,6,1143,fallback
40.39513142903646,-49.144537607828774,6.933181603749593,1.0,unknown,0.0,0.4457303763230316,0.2,3,1144,fallback
40.01145935058594,-47.94650459289551,8.04043960571289,1.0,unknown,0.0,0.43435702677832766,0.2,2,1145,fallback
40.950326919555664,-29.030364990234375,2.341527819633484,1.0,unknown,0.0,0.45510070544208425,0.1,2,1146,fallback
40.941020363255554,-20.7481151380037,6.74816349933022,1.0,unknown,0.0,0.5042319157155775,0.1,19,1147,fallback
41.592185974121094,-0.2902511954307556,5.845648765563965,1.0,unknown,0.0,0.48022040383636067,0.1,1,1148,fallback
41.395018577575684,0.9175401106476784,5.33321213722229,1.0,unknown,0.0,0.4924478470806214,0.1,4,1149,fallback
40.875488705105255,3.300913201438056,3.3974103652249648,1.0,unknown,0.0,0.5230315527637671,0.1,9,1150,fallback
41.92669105529785,5.534610271453857,-0.9818544983863831,1.0,unknown,0.0,0.4781381241190804,0.1,2,1151,fallback
41.217716217041016,7.097476111518012,-0.2228650583161248,1.0,unknown,0.0,0.5152560715448674,0.1,9,1152,fallback
41.515769958496094,27.43723487854004,6.993348121643066,1.0,unknown,0.0,0.45571085398716193,0.1,1,1153,fallback
41.19157409667969,28.547292709350586,-0.0004061019135406241,1.0,unknown,0.0,0.4546496044850289,0.1,2,1154,fallback
41.4676513671875,30.017549514770508,-0.00043619339703582227,1.0,unknown,0.0,0.45142404322602847,0.1,1,1155,fallback
41.33338228861491,35.158668518066406,2.951505951175932,1.0,unknown,0.0,0.48823972209760325,0.1,6,1156,fallback
40.0819091796875,38.41037368774414,5.1786789894104,1.0,unknown,0.0,0.4384549722961151,0.2,1,1157,fallback
43.559757232666016,-54.061302185058594,8.11983585357666,1.0,unknown,0.0,0.39671968024554705,0.2,1,1158,fallback
43.53740310668945,-53.84107971191406,-1.6066820621490479,1.0,unknown,0.0,0.39727588968930083,0.2,1,1159,fallback
42.60346984863281,-51.172340393066406,2.4893591812928206,1.0,unknown,0.0,0.45315407259906815,0.1,5,1160,fallback
42.435176849365234,-12.400775909423828,4.124880313873291,1.0,unknown,0.0,0.47237002112443116,0.1,1,1161,fallback
43.60438428606306,-3.2342095715659007,3.0607970442090715,1.0,unknown,0.0,0.49539917571326497,0.1,7,1162,fallback
42.784537179129465,-1.1140804163047247,3.421514391899109,1.0,unknown,0.0,0.5001226682105266,0.1,7,1163,fallback
42.672289530436196,2.9782362514071994,1.6603699396045057,1.0,unknown,0.0,0.5254867923575148,0.1,9,1164,fallback
42.159844398498535,4.8218042850494385,-0.9852104783058167,1.0,unknown,0.0,0.4777237462119712,0.1,4,1165,fallback
43.89798355102539,6.584224700927734,8.363313674926758,1.0,unknown,0.0,0.4718329441159502,0.1,1,1166,fallback
43.16876411437988,29.181739807128906,-0.0004113186296308413,1.0,unknown,0.0,0.44867968236879163,0.2,2,1167,fallback
42.40886688232422,36.22074890136719,2.600301742553711,1.0,unknown,0.0,0.43768564983550484,0.2,1,1168,fallback
42.70549519856771,38.841060638427734,1.8008842210789833,1.0,unknown,0.0,0.48962709663759385,0.1,3,1169,fallback
44.658790588378906,1.602554976940155,8.419684886932373,1.0,unknown,0.0,0.47100470457084465,0.1,2,1170,fallback
45.615365164620535,2.8312877927507674,8.453116144452776,1.0,unknown,0.0,0.47618297663595677,0.1,7,1171,fallback
45.30290395563299,5.307968529787931,5.152035756544634,1.0,unknown,0.0,0.5171368406319464,0.1,11,1172,fallback
45.24634021261464,6.868684022322945,4.901903468629588,1.0,unknown,0.0,0.5422531490368577,0.1,23,1173,fallback
45.383022853306365,8.727321216038295,3.894393648420061,1.0,unknown,0.0,0.5590559230573054,0.1,7,1174,fallback
44.73855972290039,29.679319381713867,-0.00041099326335825026,1.0,unknown,0.0,0.4439360172932144,0.2,1,1175,fallback
45.815555572509766,30.01513671875,-0.0004173237830400467,1.0,unknown,0.0,0.4406839567115649,0.2,1,1176,fallback
45.53953170776367,36.66713333129883,2.725979804992676,1.0,unknown,0.0,0.42960060281152923,0.2,1,1177,fallback
44.843667348225914,38.826162338256836,2.9841901611556145,1.0,unknown,0.0,0.4956003012809145,0.1,6,1178,fallback
45.300947189331055,40.25402641296387,5.653252601623535,1.0,unknown,0.0,0.42403588798379876,0.2,2,1179,fallback
47.80439376831055,-22.281261444091797,9.937583923339844,1.0,unknown,0.0,0.44677411060176997,0.2,1,1180,fallback
47.51778793334961,-20.75005531311035,4.837884902954102,1.0,unknown,0.0,0.4494476143217876,0.2,1,1181,fallback
46.841148376464844,-0.21633626520633698,8.825570583343506,1.0,unknown,0.0,0.4647270770819827,0.1,2,1182,fallback
47.07316939036051,1.0202726498246193,8.114021380742392,1.0,unknown,0.0,0.4792714876657589,0.1,12,1183,fallback
46.9338908475988,3.0420855914845184,4.989107468548943,1.0,unknown,0.0,0.5272847809997074,0.1,17,1184,fallback
47.34587335586548,4.984052538871765,6.050646441757635,1.0,unknown,0.0,0.5438408269848927,0.1,8,1185,fallback
46.6764533996582,7.066885900497437,3.544656803962596,1.0,unknown,0.0,0.5335079071286694,0.1,10,1186,fallback
46.89034986495972,9.03254109621048,7.0675366297364235,1.0,unknown,0.0,0.5183289159086356,0.1,16,1187,fallback
46.386484146118164,10.29638409614563,8.668035745620728,1.0,unknown,0.0,0.4744947322985198,0.1,4,1188,fallback
47.93079376220703,12.413806915283203,8.134471893310547,1.0,unknown,0.0,0.4564632290129935,0.1,1,1189,fallback
46.77805709838867,31.802371978759766,1.3128238916397095,1.0,unknown,0.0,0.4353055763898541,0.2,1,1190,fallback
46.45814514160156,36.967803955078125,2.768186092376709,1.0,unknown,0.0,0.42688543009250235,0.2,1,1191,fallback
46.74959945678711,38.94287395477295,2.6610918296064483,1.0,unknown,0.0,0.46956758962270817,0.1,8,1192,fallback
48.97291946411133,-23.635210037231445,6.3437981605529785,1.0,unknown,0.0,0.46938220049443535,0.1,2,1193,fallback
49.207252502441406,-21.822235107421875,5.016545057296753,1.0,unknown,0.0,0.471006676696908,0.1,2,1194,fallback
48.95603561401367,-19.700629234313965,4.9240734577178955,1.0,unknown,0.0,0.4482668809269996,0.2,2,1195,fallback
48.90082550048828,-4.845362663269043,4.004779815673828,1.0,unknown,0.0,0.4695930997562826,0.1,2,1196,fallback
48.84761428833008,-3.4926884174346924,9.22703742980957,1.0,unknown,0.0,0.45808303485851354,0.1,1,1197,fallback
49.93449020385742,-1.6780709028244019,9.413644790649414,1.0,unknown,0.0,0.4552211994468057,0.1,2,1198,fallback
48.091575622558594,1.8980485200881958,6.7641730308532715,1.0,unknown,0.0,0.4606129503507883,0.1,1,1199,fallback
48.43120574951172,3.7307236194610596,7.402424454689026,1.0,unknown,0.0,0.4720020790659496,0.1,4,1200,fallback
48.65288380214146,4.8165905475616455,6.626696876117161,1.0,unknown,0.0,0.49646393779760956,0.1,14,1201,fallback
48.10627237955729,7.2443593343098955,6.837199687957764,1.0,unknown,0.0,0.4592878407807677,0.1,3,1202,fallback
49.149184703826904,9.278191566467285,5.992320716381073,1.0,unknown,0.0,0.4701908748534368,0.1,8,1203,fallback
49.0549643834432,11.26743229230245,6.777986238400142,1.0,unknown,0.0,0.5147873070832873,0.1,12,1204,fallback
48.98837260196083,12.893315315246582,7.436249657681114,1.0,unknown,0.0,0.480120520031441,0.1,19,1205,fallback
49.35480244954427,14.133134206136068,6.818588733673096,1.0,unknown,0.0,0.4777011327635825,0.1,3,1206,fallback
50.510467529296875,-74.21228790283203,6.278560161590576,1.0,unknown,0.0,0.3356880265338935,0.2,1,1207,fallback
50.52956008911133,-20.672117233276367,3.8180835247039795,1.0,unknown,0.0,0.44121613063751086,0.2,1,1208,fallback
50.11750411987305,-17.845962524414062,3.7205147743225098,1.0,unknown,0.0,0.44539992675861784,0.2,1,1209,fallback
51.278324127197266,-0.8220800757408142,9.049561500549316,1.0,unknown,0.0,0.46690102022568547,0.1,2,1210,fallback
50.47207260131836,5.902341365814209,2.452119042573031e-05,1.0,unknown,0.0,0.45255194420248523,0.1,1,1211,fallback
50.578739166259766,6.89233011007309,4.029667189729992,1.0,unknown,0.0,0.498866037802557,0.1,16,1212,fallback
50.50419180733817,8.836185727800641,5.129485470908029,1.0,unknown,0.0,0.4634915405125557,0.1,7,1213,fallback
50.8555532182966,11.15546212877546,5.914400441305978,1.0,unknown,0.0,0.4763771401690253,0.1,7,1214,fallback
50.17388788859049,12.818432172139486,6.466671625773112,1.0,unknown,0.0,0.4844139704183149,0.1,3,1215,fallback
50.10544967651367,14.557126998901367,7.33290958404541,1.0,unknown,0.0,0.448468232285807,0.2,1,1216,fallback
51.41448211669922,42.913082122802734,1.5542048215866089,1.0,unknown,0.0,0.4040899845765245,0.2,1,1217,fallback
53.183692932128906,-4.4190449714660645,10.055062294006348,1.0,unknown,0.0,0.4448990994053146,0.2,1,1218,fallback
53.4935302734375,-2.8875534534454346,10.093551635742188,1.0,unknown,0.0,0.44428577625314203,0.2,1,1219,fallback
53.95905303955078,8.739624977111816,10.298887252807617,1.0,unknown,0.0,0.44101328088229064,0.2,1,1220,fallback
52.78224182128906,11.440984725952148,6.3157501220703125,1.0,unknown,0.0,0.44297608001093003,0.2,1,1221,fallback
53.10784149169922,12.15364933013916,6.371023654937744,1.0,unknown,0.0,0.4415576977048874,0.2,1,1222,fallback
54.83945337931315,-0.750231126944224,3.4100465774536133,1.0,unknown,0.0,0.45420292234058457,0.1,3,1223,fallback
54.01478576660156,3.6825428009033203,8.894976615905762,1.0,unknown,0.0,0.44257948459005825,0.2,1,1224,fallback
57.45991611480713,43.07736396789551,2.5025963485240936,1.0,unknown,0.0,0.4083005349674077,0.2,4,1225,fallback
57.102579752604164,45.11093266805013,1.6889601548512776,1.0,unknown,0.0,0.3868182781646221,0.2,3,1226,fallback
56.65682029724121,46.46434211730957,1.7005000114440918,1.0,unknown,0.0,0.3852225480872724,0.2,2,1227,fallback
59.10789489746094,-12.876749038696289,4.2305097579956055,1.0,unknown,0.0,0.42351725937397333,0.2,1,1228,fallback
59.99958801269531,9.750177383422852,8.542986869812012,1.0,unknown,0.0,0.42264005734177135,0.2,1,1229,fallback
60.29013538360596,8.883113622665405,2.4982672131517916,1.0,unknown,0.0,0.4847094581969976,0.1,4,1230,fallback
60.14471435546875,10.486306190490723,8.580278396606445,1.0,unknown,0.0,0.4218439366502029,0.2,1,1231,fallback
62.49236297607422,-12.498430728912354,5.19951868057251,1.0,unknown,0.0,0.4304062114256856,0.2,2,1232,fallback
63.222852071126304,-10.364150683085123,4.980861345926921,1.0,unknown,0.0,0.4290797837221053,0.2,3,1233,fallback
63.215752919514976,35.523553212483726,2.248823801676432,1.0,unknown,0.0,0.4056009772352027,0.2,3,1234,fallback
62.94855499267578,36.18254089355469,1.6852405071258545,1.0,unknown,0.0,0.3871806446373115,0.2,1,1235,fallback
65.34310150146484,-15.832236289978027,4.701848983764648,1.0,unknown,0.0,0.4032986723445978,0.2,1,1236,fallback
67.46965026855469,3.9257588386535645,1.5691959857940674,1.0,unknown,0.0,0.40224870503894894,0.2,1,1237,fallback
69.83999633789062,-14.374078750610352,4.986446380615234,1.0,unknown,0.0,0.39108844571728263,0.2,1,1238,fallback
71.18583679199219,-14.275875091552734,8.490777015686035,1.0,unknown,0.0,0.3871904140662035,0.2,1,1239,fallback
70.83975982666016,35.42757034301758,1.838468074798584,1.0,unknown,0.0,0.3673859035865608,0.2,1,1240,fallback
73.9795150756836,13.47110652923584,-3.3142849133582786e-05,1.0,unknown,0.0,0.3794119811302076,0.2,1,1241,fallback
73.79193115234375,20.118122100830078,5.348219871520996,1.0,unknown,0.0,0.3755443584034044,0.2,1,1242,fallback
74.08496856689453,13.945022583007812,-3.9913164073368534e-05,1.0,unknown,0.0,0.3788420551880055,0.2,1,1243,fallback
75.82984161376953,41.41838709513346,6.040214379628499,1.0,unknown,0.0,0.4104903399665847,0.2,3,1244,fallback
75.38295237223308,42.679229736328125,7.068792899449666,1.0,unknown,0.0,0.3680256899715668,0.2,6,1245,fallback
74.77045440673828,44.49765872955322,7.60904324054718,1.0,unknown,0.0,0.3639983467463089,0.2,4,1246,fallback
75.16555531819661,46.94210561116537,2.752484401067098,1.0,unknown,0.0,0.36165054472005403,0.2,3,1247,fallback
77.44232940673828,-12.265509605407715,9.169543266296387,1.0,unknown,0.0,0.36977709722818447,0.2,1,1248,fallback
77.42375946044922,41.51443862915039,6.142655849456787,1.0,unknown,0.0,0.34144548136458186,0.2,1,1249,fallback
76.48452758789062,43.83871841430664,10.308734893798828,1.0,unknown,0.0,0.34052798686256985,0.2,1,1250,fallback
76.67222595214844,45.27241516113281,2.066699981689453,1.0,unknown,0.0,0.33793707312695226,0.2,2,1251,fallback
76.33106994628906,46.47431182861328,8.360795736312866,1.0,unknown,0.0,0.4320137010633761,0.2,2,1252,fallback
79.99498748779297,-11.213940620422363,7.536503791809082,1.0,unknown,0.0,0.3626685031063964,0.2,1,1253,fallback
79.04166666666667,37.29467434353299,9.07207038667467,1.0,unknown,0.0,0.3744800687363965,0.2,9,1254,fallback
78.53730773925781,38.853186798095706,8.17572250366211,1.0,unknown,0.0,0.3711993365184161,0.2,5,1255,fallback
79.42756652832031,40.191650390625,10.409404754638672,1.0,unknown,0.0,0.3379476385208384,0.2,1,1256,fallback
