x,y,elevation,occupancy,semantic_class,confidence,importance,resolution,point_count,region_id,semantic_source
-54.62162780761719,51.892677307128906,3.5507216453552246,1.0,unknown,0.0,0.37897489156710695,0.2,1,0,fallback
-50.587202072143555,60.698509216308594,4.654108285903931,1.0,unknown,0.0,0.3979331027755624,0.2,2,1,fallback
-48.58849334716797,43.07090759277344,6.092888355255127,1.0,unknown,0.0,0.4102090790115793,0.2,1,2,fallback
-47.30718231201172,42.365882873535156,2.99009370803833,1.0,unknown,0.0,0.4144861218451419,0.2,1,3,fallback
-45.08650207519531,12.610507011413574,7.688640117645264,1.0,unknown,0.0,0.464549446394279,0.1,1,4,fallback
-45.45403289794922,41.24014472961426,6.514856338500977,1.0,unknown,0.0,0.49391499604835887,0.1,2,5,fallback
-45.16259574890137,61.00274848937988,1.808906376361847,1.0,unknown,0.0,0.377510586363908,0.2,2,6,fallback
-43.69745635986328,39.18085861206055,6.89896821975708,1.0,unknown,0.0,0.42892766723558207,0.2,1,7,fallback
-41.19495646158854,37.50033187866211,6.544830322265625,1.0,unknown,0.0,0.4723385665788302,0.1,3,8,fallback
-40.69904708862305,39.95509338378906,1.3490487337112427,1.0,unknown,0.0,0.4338994526862543,0.2,1,9,fallback
-40.57798767089844,40.784217834472656,1.3615961074829102,1.0,unknown,0.0,0.432404143821169,0.2,1,10,fallback
-38.118124280657085,10.391804422651019,1.0409851635673217,1.0,unknown,0.0,0.5116152678785335,0.1,7,11,fallback
-39.75404930114746,36.68512725830078,6.360028266906738,1.0,unknown,0.0,0.4432006640227123,0.2,2,12,fallback
-39.73659896850586,39.4814338684082,1.9794763326644897,1.0,unknown,0.0,0.5869523036129202,0.1,2,13,fallback
-39.762088775634766,40.4260368347168,1.3422114849090576,1.0,unknown,0.0,0.434889467046658,0.2,1,14,fallback
-37.19762496948242,10.956319618225098,1.341638264246285,1.0,unknown,0.0,0.5083989422597794,0.1,10,15,fallback
-36.26601982116699,33.808006286621094,3.492563247680664,1.0,unknown,0.0,0.4562751945774731,0.1,2,16,fallback
-36.28523635864258,35.11848576863607,5.138991514841716,1.0,unknown,0.0,0.4894113023094565,0.1,3,17,fallback
-37.15505599975586,36.48212432861328,2.453582286834717,1.0,unknown,0.0,0.4487854288586992,0.2,1,18,fallback
-35.44881057739258,11.801326910654703,1.4445003867149353,1.0,unknown,0.0,0.5064946194896722,0.1,6,19,fallback
-34.511178796941586,12.264253442937678,0.7677695901895111,1.0,unknown,0.0,0.517296252215728,0.1,11,20,fallback
-35.27744197845459,33.48221778869629,5.148934602737427,1.0,unknown,0.0,0.4930678480653584,0.1,4,21,fallback
-35.35046223231724,34.91120038713728,4.3375130380902975,1.0,unknown,0.0,0.49534748244444116,0.1,7,22,fallback
-35.21283435821533,36.860918045043945,2.4038069248199463,1.0,unknown,0.0,0.4528140683125863,0.1,4,23,fallback
-34.84309387207031,38.20203399658203,2.439324975013733,1.0,unknown,0.0,0.4499537318880861,0.2,2,24,fallback
-32.250223541259764,3.511914777755737,5.313964557647705,1.0,unknown,0.0,0.5085527626904627,0.1,5,25,fallback
-32.4420051574707,4.0984392166137695,5.357680320739746,1.0,unknown,0.0,0.5069004173105375,0.1,1,26,fallback
-32.24126942952474,6.81385604540507,0.4554861582194765,1.0,unknown,0.0,0.5340913271415787,0.1,18,27,fallback
-32.95472780863444,12.997259020805359,0.410863159049768,1.0,unknown,0.0,0.5247022774597997,0.1,24,28,fallback
-32.440992736816405,26.93836784362793,3.1621293783187867,1.0,unknown,0.0,0.5023120482388362,0.1,10,29,fallback
-33.17729043960571,28.598429918289185,2.954692244529724,1.0,unknown,0.0,0.499553643677792,0.1,8,30,fallback
-32.51112365722656,31.906688690185547,3.210073471069336,1.0,unknown,0.0,0.46834316884381144,0.1,1,31,fallback
-33.05900268554687,33.23918914794922,4.1817809581756595,1.0,unknown,0.0,0.47828455929163627,0.1,5,32,fallback
-32.8157704671224,35.0012329949273,3.1249910593032837,1.0,unknown,0.0,0.4984362608707751,0.1,9,33,fallback
-32.8436393737793,37.194580078125,3.223489463329315,1.0,unknown,0.0,0.4891944468131608,0.1,4,34,fallback
-32.93032455444336,38.08159255981445,3.5524916648864746,1.0,unknown,0.0,0.45396515069569465,0.1,1,35,fallback
-32.568379720052086,40.412193298339844,2.451794465382894,1.0,unknown,0.0,0.44983273907305277,0.2,3,36,fallback
-31.017608642578125,-10.783438682556152,3.8380391597747803,1.0,unknown,0.0,0.5064841567994199,0.1,1,37,fallback
-30.31238055229187,-0.7194639779627323,4.975756525993347,1.0,unknown,0.0,0.5147610119565825,0.1,8,38,fallback
-30.80964728764125,1.0882142279297113,4.591250802789416,1.0,unknown,0.0,0.5555986673469071,0.1,14,39,fallback
-30.13505193922255,2.4434944788614907,3.447852889696757,1.0,unknown,0.0,0.5748515672772211,0.1,9,40,fallback
-31.67586326599121,5.49812650680542,1.3496797708794475,1.0,unknown,0.0,0.5668027768100488,0.1,6,41,fallback
-31.9152889251709,6.221110900243123,-0.015580162716408571,1.0,unknown,0.0,0.5276504142444638,0.1,6,42,fallback
-31.405802506666916,13.69704085129958,0.7909398269839585,1.0,unknown,0.0,0.5273166910681233,0.1,13,43,fallback
-30.21054768562317,14.218520879745483,1.3597505851066671,1.0,unknown,0.0,0.5295098453130699,0.1,8,44,fallback
-30.489824771881104,22.729392528533936,2.89394873380661,1.0,unknown,0.0,0.5030025417604617,0.1,4,45,fallback
-31.571776866912842,25.20704174041748,3.676419585943222,1.0,unknown,0.0,0.5087526384577064,0.1,8,46,fallback
-31.918067932128906,26.300004959106445,4.860286712646484,1.0,unknown,0.0,0.4809271186265057,0.1,1,47,fallback
-31.78979778289795,31.7529878616333,3.1667908430099487,1.0,unknown,0.0,0.47042439858898744,0.1,2,48,fallback
-31.182119369506836,32.75879414876302,3.0132938424746194,1.0,unknown,0.0,0.5196369275098767,0.1,6,49,fallback
-31.04018497467041,35.135385513305664,2.348860338330269,1.0,unknown,0.0,0.49735965652655845,0.1,8,50,fallback
-31.641279220581055,38.34088897705078,2.93109667301178,1.0,unknown,0.0,0.4753343323081547,0.1,2,51,fallback
-29.062220255533855,-14.887127240498861,3.8155848185221353,1.0,unknown,0.0,0.5076254184823681,0.1,6,52,fallback
-28.480385780334473,-2.3027940137045726,3.286311613831328,1.0,unknown,0.0,0.6041327520890581,0.1,14,53,fallback
-28.74895582393724,-1.0602648472603486,1.8269797600891884,1.0,unknown,0.0,0.6046649981309821,0.1,49,54,fallback
-29.474373352833283,0.7044631679839386,1.8518593894461026,1.0,unknown,0.0,0.5956908217893571,0.1,39,55,fallback
-29.943324661254884,2.4240650653839113,3.79432635307312,1.0,unknown,0.0,0.5799049581132718,0.1,5,56,fallback
-28.525327682495117,6.430974006652832,-0.013712642714381218,1.0,unknown,0.0,0.5172761964196052,0.1,1,57,fallback
-29.857698440551758,9.92349910736084,-0.009718039073050022,1.0,unknown,0.0,0.5106092064006957,0.1,1,58,fallback
-29.742040634155273,10.075992584228516,-0.009485011920332909,1.0,unknown,0.0,0.5107926145741718,0.1,1,59,fallback
-28.90329485354216,14.867812239605447,0.5741849132995729,1.0,unknown,0.0,0.5483009010019959,0.1,46,60,fallback
-28.1163756052653,17.765268961588543,1.2956461310386658,1.0,unknown,0.0,0.5172442414349194,0.1,3,61,fallback
-28.403969764709473,18.431029796600342,0.9876805394887924,1.0,unknown,0.0,0.5145583880895166,0.1,4,62,fallback
-29.721303939819336,21.263928413391113,1.287160038948059,1.0,unknown,0.0,0.5096851516865849,0.1,2,63,fallback
-29.336265563964844,34.30393981933594,3.18523907661438,1.0,unknown,0.0,0.469588069656648,0.1,1,64,fallback
-28.158857345581055,40.41269302368164,3.4806783199310303,1.0,unknown,0.0,0.4572334170391831,0.1,1,65,fallback
-26.19187355041504,-12.283127784729004,4.062388896942139,1.0,unknown,0.0,0.5182128741441899,0.1,1,66,fallback
-26.543463706970215,-9.047563076019287,3.945657253265381,1.0,unknown,0.0,0.5429879936717859,0.1,2,67,fallback
-26.687001655841694,-6.524534126807904,2.8584175260540836,1.0,unknown,0.0,0.6005526502907782,0.1,29,68,fallback
-26.742232291929184,-5.181493697627898,1.8379111436605002,1.0,unknown,0.0,0.6183434359954011,0.1,31,69,fallback
-27.631918680100213,-3.0194226787203835,1.3881696940169648,1.0,unknown,0.0,0.6165880894361284,0.1,21,70,fallback
-27.554150422414143,15.462312539418539,1.290062223871549,1.0,unknown,0.0,0.5277441211464525,0.1,12,71,fallback
-27.003377151489257,35.18139801025391,1.2662761449813842,1.0,unknown,0.0,0.4862425168733159,0.1,5,72,fallback
-27.405839920043945,36.11689758300781,4.265195846557617,1.0,unknown,0.0,0.4689867904404099,0.1,1,73,fallback
-24.082237243652344,-14.542631149291992,2.6205337047576904,1.0,unknown,0.0,0.5206022485925411,0.1,1,74,fallback
-25.04953809884878,-12.857133498558632,3.802701546595647,1.0,unknown,0.0,0.5359391130402115,0.1,13,75,fallback
-24.40270269484747,-10.361186300005231,2.1233653247666857,1.0,unknown,0.0,0.6155247358342728,0.1,21,76,fallback
-24.975251718000933,-9.034658215262674,0.9050117565943352,1.0,unknown,0.0,0.6145937780639366,0.1,44,77,fallback
-25.65221357345581,-7.549500465393066,0.9553577872817792,1.0,unknown,0.0,0.6126455816075589,0.1,24,78,fallback
-25.731499354044598,-0.3016319125890732,-0.20627336539928365,1.0,unknown,0.0,0.5368414281693599,0.1,3,79,fallback
-25.545949935913086,0.007504233159124851,-0.6143667101860046,1.0,unknown,0.0,0.5283621468856594,0.1,1,80,fallback
-25.759458541870117,30.146575927734375,5.608826637268066,1.0,unknown,0.0,0.4860407981666285,0.1,1,81,fallback
-25.026212692260742,33.73719787597656,1.985217809677124,1.0,unknown,0.0,0.4789817926640375,0.1,1,82,fallback
-24.84294064839681,34.44556427001953,1.6677597363789876,1.0,unknown,0.0,0.49230515949178455,0.1,3,83,fallback
-22.27264976501465,-33.32695770263672,-2.3455861806869507,1.0,unknown,0.0,0.5002368394889721,0.1,2,84,fallback
-22.10483796255929,-19.11294037955148,2.323185225283461,1.0,unknown,0.0,0.5675511053409248,0.1,7,85,fallback
-22.87067642211914,-16.898912048339845,3.37022225856781,1.0,unknown,0.0,0.5534781830908705,0.1,15,86,fallback
-22.675332933664322,-14.8792315274477,1.6733784731113701,1.0,unknown,0.0,0.6050467642567753,0.1,64,87,fallback
-23.119548407467928,-13.18404839255593,1.1660753947640345,1.0,unknown,0.0,0.5997227847294013,0.1,44,88,fallback
-23.863152799935175,-11.073206079417261,1.3339486966945295,1.0,unknown,0.0,0.612654436102575,0.1,29,89,fallback
-22.806994756062824,-9.667500178019205,-2.312358776728312,1.0,unknown,0.0,0.5309428452887773,0.1,3,90,fallback
-22.72613016764323,-6.894922812779744,-1.1019998668149735,1.0,unknown,0.0,0.5657967764555014,0.1,12,91,fallback
-23.338124593098957,-4.567773501078288,0.36357917229179293,1.0,unknown,0.0,0.5420962702732091,0.1,3,92,fallback
-22.282339096069336,26.032878875732422,4.03605318069458,1.0,unknown,0.0,0.5021996071828664,0.1,1,93,fallback
-23.23063087463379,32.185630798339844,7.526305675506592,1.0,unknown,0.0,0.48591938291021175,0.1,1,94,fallback
-20.01051902770996,-36.156593322753906,-1.9367579221725464,1.0,unknown,0.0,0.48102628902792255,0.1,1,95,fallback
-20.751999594948508,-32.55800732699308,-1.8082527680830522,1.0,unknown,0.0,0.5108781969477986,0.1,11,96,fallback
-20.800432205200195,-25.043941497802734,6.121829509735107,1.0,unknown,0.0,0.5073336656210726,0.1,1,97,fallback
-20.397025920726634,-22.529526392618816,3.7156435030478017,1.0,unknown,0.0,0.563852297820583,0.1,27,98,fallback
-20.75526704459355,-21.149196427443933,2.7665860174737613,1.0,unknown,0.0,0.5640740321076405,0.1,29,99,fallback
-20.82147299159657,-19.11110130223361,1.0852489433653483,1.0,unknown,0.0,0.5949118070973664,0.1,88,100,fallback
-21.177533052405533,-16.993504991336746,0.989419721359178,1.0,unknown,0.0,0.5961571495740201,0.1,98,101,fallback
-21.810800790786743,-15.807652950286865,-0.4758371412754059,1.0,unknown,0.0,0.569786869562229,0.1,8,102,fallback
-20.270550537109376,-12.778127098083496,1.7241906762123107,1.0,unknown,0.0,0.5729104141551081,0.1,10,103,fallback
-20.429166507720947,-11.145507383346558,1.691524273552932,1.0,unknown,0.0,0.6136890358229558,0.1,20,104,fallback
-20.85985478900728,-8.545485292162214,1.2706807144235686,1.0,unknown,0.0,0.6240916043127436,0.1,42,105,fallback
-21.397279799930633,-7.25156189146496,0.5682977826005616,1.0,unknown,0.0,0.6202271020896867,0.1,63,106,fallback
-21.691715240478516,-5.882242361704509,1.6730139785601448,1.0,unknown,0.0,0.5934668769156513,0.1,6,107,fallback
-21.022748947143555,-2.778116822242737,-1.2429075092077255,1.0,unknown,0.0,0.5981616481283353,0.1,2,108,fallback
-20.783843994140625,-1.6079006314277648,-2.681918430328369,1.0,unknown,0.0,0.5504680663325178,0.1,10,109,fallback
-20.731304168701172,6.727462291717529,3.7581794261932373,1.0,unknown,0.0,0.5471999421252105,0.1,3,110,fallback
-20.075956344604492,10.235719680786133,4.257107734680176,1.0,unknown,0.0,0.5373958150348155,0.1,1,111,fallback
-20.18878173828125,23.0269718170166,4.3333563804626465,1.0,unknown,0.0,0.5131280507867678,0.1,1,112,fallback
-21.674713134765625,24.627984364827473,3.8639492988586426,1.0,unknown,0.0,0.5075075005976191,0.1,3,113,fallback
-18.377318064371746,-34.15005111694336,-1.8177210489908855,1.0,unknown,0.0,0.48877239361927727,0.1,3,114,fallback
-19.44976888384138,-32.140638623918804,-1.7583246401378088,1.0,unknown,0.0,0.5139657006436951,0.1,7,115,fallback
-18.60379778105637,-31.445123212090856,-1.3701159115880728,1.0,unknown,0.0,0.540276392258895,0.1,29,116,fallback
-18.779699870518275,-29.134675979614258,1.6988355370371468,1.0,unknown,0.0,0.5714513561365628,0.1,14,117,fallback
-18.53400195728649,-27.226192647760566,5.613431843844327,1.0,unknown,0.0,0.5447813607171359,0.1,11,118,fallback
-19.342946243286132,-24.29402952194214,3.8524311423301696,1.0,unknown,0.0,0.5668164920869618,0.1,20,119,fallback
-18.729109938715546,-23.130664556798802,0.9785308049414569,1.0,unknown,0.0,0.6029475243310047,0.1,71,120,fallback
-19.590227831327,-20.908286079993616,0.3713838680933874,1.0,unknown,0.0,0.5961057237781361,0.1,65,121,fallback
-19.944443702697754,-19.897029399871826,0.8185629993677139,1.0,unknown,0.0,0.5892829623141216,0.1,4,122,fallback
-18.160458246866863,-16.378863016764324,1.4347088932991028,1.0,unknown,0.0,0.6008603946941354,0.1,6,123,fallback
-18.578156100379097,-14.450008100933498,0.8098076079428816,1.0,unknown,0.0,0.6274856716098336,0.1,36,124,fallback
-19.037987630875385,-13.298602620109182,0.20533393981836004,1.0,unknown,0.0,0.616027459513897,0.1,61,125,fallback
-19.262288710650274,-10.852949226603789,1.3256144611274494,1.0,unknown,0.0,0.625840117179111,0.1,34,126,fallback
-19.464897537231444,-8.552653312683105,-1.5514037609100342,1.0,unknown,0.0,0.625660949761223,0.1,5,127,fallback
-19.380887730916342,-7.184728972117106,-2.967225917180379,1.0,unknown,0.0,0.5454991411711655,0.1,15,128,fallback
-18.403244018554688,2.9549152851104736,3.503456473350525,1.0,unknown,0.0,0.5514671659761167,0.1,2,129,fallback
-18.766904830932617,5.103517293930054,3.1945494413375854,1.0,unknown,0.0,0.5488254848148693,0.1,2,130,fallback
-18.69063949584961,6.786358833312988,3.7496755123138428,1.0,unknown,0.0,0.5453463996157425,0.1,1,131,fallback
-19.287282943725586,8.8453156153361,4.008668502171834,1.0,unknown,0.0,0.5422572521613059,0.1,3,132,fallback
-19.2486270904541,10.412132835388183,4.136761093139649,1.0,unknown,0.0,0.5415880178298185,0.1,5,133,fallback
-18.074840545654297,14.484604835510254,4.387362957000732,1.0,unknown,0.0,0.535512355472894,0.1,1,134,fallback
-18.40519618988037,19.883481979370117,3.191106915473938,1.0,unknown,0.0,0.5237679293756149,0.1,2,135,fallback
-19.216629028320312,21.38442060682509,3.1535094843970404,1.0,unknown,0.0,0.5361141418285259,0.1,9,136,fallback
-18.58707688071511,22.691891930320047,3.3960843736475166,1.0,unknown,0.0,0.5422201857081227,0.1,11,137,fallback
-18.79584993634905,25.16358893258231,1.9058314732142858,1.0,unknown,0.0,0.5230973764298339,0.1,7,138,fallback
-19.659452438354492,27.49620246887207,3.98488712310791,1.0,unknown,0.0,0.5035957743313122,0.1,1,139,fallback
-18.237363815307617,38.99829864501953,3.048366904258728,1.0,unknown,0.0,0.476033423917263,0.1,2,140,fallback
-18.716318130493164,41.27214241027832,3.209072709083557,1.0,unknown,0.0,0.4692135244422809,0.1,2,141,fallback
-17.398406982421875,-33.4730281829834,-1.7683734893798828,1.0,unknown,0.0,0.49200096420098693,0.1,2,142,fallback
-17.014287531375885,-30.998841047286987,2.2083697033813223,1.0,unknown,0.0,0.6233206399469653,0.1,32,143,fallback
-16.995446958039935,-28.683082781339948,3.586144425367054,1.0,unknown,0.0,0.5658810981268119,0.1,19,144,fallback
-16.456379572550457,-27.76582209269206,0.7397544384002686,1.0,unknown,0.0,0.5082556140177885,0.1,3,145,fallback
-17.009681156703405,-24.65871810913086,1.1358973639351981,1.0,unknown,0.0,0.643780143305281,0.1,7,146,fallback
-17.680924551827566,-23.121535437447683,-0.33930208001817974,1.0,unknown,0.0,0.5982149387432878,0.1,7,147,fallback
-16.240296363830566,-21.590937169392905,1.372582542259867,1.0,unknown,0.0,0.5908860884080547,0.1,30,148,fallback
-16.596220259232954,-18.84156511480158,-0.12266208474439654,1.0,unknown,0.0,0.6052194637537722,0.1,55,149,fallback
-17.219604064678325,-16.861451412069385,-0.14918717718683183,1.0,unknown,0.0,0.6177004767010098,0.1,58,150,fallback
-17.319544315338135,-15.279846096038819,1.8915715157985686,1.0,unknown,0.0,0.6081730552686134,0.1,20,151,fallback
-17.02363786697388,-12.780930995941162,-2.5197578728199006,1.0,unknown,0.0,0.5857857874089284,0.1,20,152,fallback
-17.981654167175293,-11.885862350463867,-3.0306148529052734,1.0,unknown,0.0,0.5404498795747433,0.1,2,153,fallback
-16.396852493286133,-8.061644077301025,-3.0025471448898315,1.0,unknown,0.0,0.5503388763839903,0.1,2,154,fallback
-17.57293595208062,-7.11031617058648,-3.1154635747273765,1.0,unknown,0.0,0.5489137603130939,0.1,9,155,fallback
-16.319316864013672,-4.077671051025391,2.362933874130249,1.0,unknown,0.0,0.5545463613303334,0.1,2,156,fallback
-16.22577953338623,-3.854184865951538,2.3428030014038086,1.0,unknown,0.0,0.5550915424914908,0.1,2,157,fallback
-16.031685447692873,-1.373604679107666,0.0035289179359097034,1.0,unknown,0.0,0.6057494561445537,0.1,10,158,fallback
-16.9259464263916,1.680545401573181,3.192185068130493,1.0,unknown,0.0,0.5545801839831338,0.1,5,159,fallback
-17.148175557454426,2.6051541566848755,3.191668430964152,1.0,unknown,0.0,0.5595271970335498,0.1,6,160,fallback
-17.275946935017902,5.193307558695476,3.251457770665487,1.0,unknown,0.0,0.556323331549949,0.1,3,161,fallback
-16.86606216430664,6.806060552597046,3.432831048965454,1.0,unknown,0.0,0.5568869308950516,0.1,2,162,fallback
-16.595738728841145,8.17771021525065,3.3475844860076904,1.0,unknown,0.0,0.5570891701519917,0.1,3,163,fallback
-17.26428985595703,11.55314588546753,3.4279204607009888,1.0,unknown,0.0,0.5461648254849626,0.1,2,164,fallback
-17.866437911987305,14.482012748718262,4.356694221496582,1.0,unknown,0.0,0.5360040242314639,0.1,1,165,fallback
-17.040472793579102,19.734844970703126,4.189621639251709,1.0,unknown,0.0,0.5353134027625,0.1,5,166,fallback
-17.012773513793945,21.27001144772484,2.9648863531294323,1.0,unknown,0.0,0.5499305173117204,0.1,21,167,fallback
-17.342137472970144,23.07613400050572,3.41296192577907,1.0,unknown,0.0,0.5530867166691492,0.1,7,168,fallback
-17.47974967956543,25.324392318725586,2.174757480621338,1.0,unknown,0.0,0.512686412394724,0.1,1,169,fallback
-14.47741413116455,-38.612953186035156,5.535652756690979,1.0,unknown,0.0,0.4959477963412099,0.1,4,170,fallback
-14.179007530212402,-36.38373565673828,5.010009765625,1.0,unknown,0.0,0.5031326742378188,0.1,2,171,fallback
-14.716422001520792,-35.01186593373617,6.145073970158895,1.0,unknown,0.0,0.5090400591664874,0.1,12,172,fallback
-14.974101795869714,-33.10363343182732,3.5830065194955645,1.0,unknown,0.0,0.602254233709175,0.1,17,173,fallback
-15.034908327563056,-30.639415971164045,1.1411141522935238,1.0,unknown,0.0,0.6057407872072937,0.1,58,174,fallback
-15.302632278866238,-29.597317059834797,0.5665294561121199,1.0,unknown,0.0,0.5934898759146972,0.1,18,175,fallback
-14.21832201215956,-26.615839852227104,2.4812107616000705,1.0,unknown,0.0,0.554311625666117,0.1,9,176,fallback
-14.68504279699081,-24.879501147147938,3.3159018663259654,1.0,unknown,0.0,0.5590806536456401,0.1,39,177,fallback
-15.422540684135592,-22.72978266891168,1.3117392002604902,1.0,unknown,0.0,0.6006170932178887,0.1,98,178,fallback
-15.662427401542663,-21.51494393348694,-1.2044354067533276,1.0,unknown,0.0,0.5895459285249638,0.1,40,179,fallback
-15.717767464487176,-19.23152853313245,0.8300478050583288,1.0,unknown,0.0,0.6093192754225488,0.1,19,180,fallback
-14.379198922051323,-14.330014758639866,-2.854860703150431,1.0,unknown,0.0,0.5443183727433439,0.1,9,181,fallback
-15.07382926940918,-13.850429153442382,-2.878528928756714,1.0,unknown,0.0,0.5437763859490199,0.1,5,182,fallback
-14.921092542012532,-9.138802528381348,-2.877711216608683,1.0,unknown,0.0,0.5542415770404036,0.1,15,183,fallback
-15.41829857459435,-2.655052038339468,2.3547818018839908,1.0,unknown,0.0,0.5635657471071944,0.1,26,184,fallback
-15.895218213399252,-1.712678141064114,2.457592169443766,1.0,unknown,0.0,0.56320588022565,0.1,9,185,fallback
-15.522099952697754,3.010386514663696,2.7585017490386963,1.0,unknown,0.0,0.5634081540134733,0.1,25,186,fallback
-15.165544683283025,5.0155533877286045,2.6180318106304514,1.0,unknown,0.0,0.5867721038670292,0.1,11,187,fallback
-14.251387596130371,6.582739353179932,2.584681987762451,1.0,unknown,0.0,0.557905302291411,0.1,1,188,fallback
-14.789064937167698,9.531796296437582,1.6201714376608531,1.0,unknown,0.0,0.5803742659258776,0.1,18,189,fallback
-14.95906366001476,10.466557762839578,1.319778247313066,1.0,unknown,0.0,0.6030986354133888,0.1,22,190,fallback
-15.616325378417969,12.784089088439941,3.8248226642608643,1.0,unknown,0.0,0.5444547857439408,0.1,1,191,fallback
-14.900703430175781,19.267476823594833,3.5183427068922253,1.0,unknown,0.0,0.539655663468658,0.1,9,192,fallback
-15.314285823277064,21.071585518973215,3.8697793313435147,1.0,unknown,0.0,0.5534743541831236,0.1,14,193,fallback
-14.933170591081891,22.69127001081194,4.024117027010236,1.0,unknown,0.0,0.5532885610002286,0.1,7,194,fallback
-14.21214485168457,24.005285263061523,1.9735506772994995,1.0,unknown,0.0,0.521309205783336,0.1,1,195,fallback
-14.613158226013184,26.118070602416992,4.242888450622559,1.0,unknown,0.0,0.5152153573934717,0.1,1,196,fallback
-14.046842575073242,56.74607467651367,2.7788310050964355,1.0,unknown,0.0,0.42962361334064325,0.2,1,197,fallback
-14.55225944519043,65.29874420166016,4.743366241455078,1.0,unknown,0.0,0.4042981110117152,0.2,1,198,fallback
-12.854065132141113,-38.36348876953125,3.9620130181312563,1.0,unknown,0.0,0.5555441514699021,0.1,5,199,fallback
-12.691557177790889,-37.07071177164713,2.532195726081867,1.0,unknown,0.0,0.589568865076069,0.1,54,200,fallback
-13.14039306640625,-35.209873744419646,3.339237904761519,1.0,unknown,0.0,0.5982539434523741,0.1,35,201,fallback
-12.38533353805542,-33.20861282348633,0.890609872341156,1.0,unknown,0.0,0.539347233561525,0.1,10,202,fallback
-12.261649322509765,-30.241931343078612,2.0401482890360056,1.0,unknown,0.0,0.5694466967255769,0.1,10,203,fallback
-12.677851131984166,-29.183952930995396,0.6820975941339774,1.0,unknown,0.0,0.592355368441743,0.1,70,204,fallback
-13.4285325050354,-27.335220432281496,3.1230418205261232,1.0,unknown,0.0,0.551695940381571,0.1,20,205,fallback
-12.746132744683159,-24.391400867038303,-2.780892292658488,1.0,unknown,0.0,0.5384113013082645,0.1,9,206,fallback
-13.21641457080841,-23.19108557701111,-0.4500000675519307,1.0,unknown,0.0,0.606348027039844,0.1,24,207,fallback
-12.170685768127441,-16.06865628560384,-2.834665139516195,1.0,unknown,0.0,0.5445641817541493,0.1,3,208,fallback
-13.120154433780247,-15.295628282758924,-2.8350158400005765,1.0,unknown,0.0,0.5446889768126665,0.1,18,209,fallback
-12.807274425730986,-10.634519520927878,-2.7374554381651035,1.0,unknown,0.0,0.5557122691506039,0.1,17,210,fallback
-13.770196914672852,-9.873225975036622,-2.7844889163970947,1.0,unknown,0.0,0.5544676877563005,0.1,5,211,fallback
-12.722747166951498,-6.846657223171658,-2.7228511969248452,1.0,unknown,0.0,0.5626729664378555,0.1,9,212,fallback
-13.404215812683105,-2.3553555011749268,0.31547054648399353,1.0,unknown,0.0,0.5641712563283036,0.1,1,213,fallback
-12.215388615926107,1.2978594303131104,-1.3567644755045574,1.0,unknown,0.0,0.5730025473686682,0.1,3,214,fallback
-12.679724534352621,2.892274777094523,1.1472215404113133,1.0,unknown,0.0,0.6132976809744844,0.1,6,215,fallback
-12.735817577527916,4.924832468447478,2.3056886818097984,1.0,unknown,0.0,0.5700262610705434,0.1,23,216,fallback
-13.545020739237467,6.695372104644775,2.670637051264445,1.0,unknown,0.0,0.5641550311176814,0.1,6,217,fallback
-12.94542482164171,8.867772314283583,2.376078380478753,1.0,unknown,0.0,0.5729753044741855,0.1,9,218,fallback
-12.732464109148298,10.704220226832799,2.575392859322684,1.0,unknown,0.0,0.5705636998636715,0.1,7,219,fallback
-12.675247192382812,13.17374382019043,3.2914359092712404,1.0,unknown,0.0,0.556483134667767,0.1,5,220,fallback
-13.131086826324463,14.068478107452393,3.420352578163147,1.0,unknown,0.0,0.5550948662848937,0.1,2,221,fallback
-12.204601605733236,17.15500831604004,1.4867312113444011,1.0,unknown,0.0,0.5548525602855604,0.1,6,222,fallback
-12.829001712799073,19.042848777770995,3.173267686367035,1.0,unknown,0.0,0.5755034126414391,0.1,20,223,fallback
-13.51520167456733,20.86436865064833,3.729390859603882,1.0,unknown,0.0,0.5584184408217002,0.1,9,224,fallback
-12.96841049194336,22.896029472351074,2.495671182870865,1.0,unknown,0.0,0.5563340726238665,0.1,4,225,fallback
-12.939111709594727,24.431797981262207,4.250260591506958,1.0,unknown,0.0,0.5322754910733981,0.1,2,226,fallback
-12.902563095092773,27.853681564331055,5.831491470336914,1.0,unknown,0.0,0.512909102512843,0.1,1,227,fallback
-13.286369800567627,56.48051643371582,3.4340935945510864,1.0,unknown,0.0,0.452762760268829,0.1,2,228,fallback
-13.154761791229248,60.63363075256348,2.950197219848633,1.0,unknown,0.0,0.4190678761739699,0.2,2,229,fallback
-12.482002258300781,63.749229431152344,3.0891321897506714,1.0,unknown,0.0,0.4102518084885346,0.2,2,230,fallback
-11.659810066223145,-43.19143295288086,2.0686869621276855,1.0,unknown,0.0,0.47078726043429253,0.1,1,231,fallback
-11.064127750396729,-38.52529418945313,0.0031904292106628416,1.0,unknown,0.0,0.561459634756665,0.1,50,232,fallback
-11.217339219718143,-37.19633497040847,2.3867874964429387,1.0,unknown,0.0,0.610575828241044,0.1,58,233,fallback
-11.716399828592936,-33.110626220703125,0.3015524546305339,1.0,unknown,0.0,0.561933671829226,0.1,3,234,fallback
-11.44399290084839,-30.661824798583986,-1.5729140393901617,1.0,unknown,0.0,0.5650039045840048,0.1,20,235,fallback
-11.361344337463379,-28.844001361301967,-1.0669485756329127,1.0,unknown,0.0,0.582302038580852,0.1,14,236,fallback
-11.749284744262695,-27.393306732177734,1.3784642815589905,1.0,unknown,0.0,0.5155809096610359,0.1,2,237,fallback
-10.951255466627037,-24.90189270351244,-1.1938292669213337,1.0,unknown,0.0,0.6043734446744639,0.1,23,238,fallback
-11.64976964678083,-23.505401066371373,1.823717406817845,1.0,unknown,0.0,0.5267638749408574,0.1,7,239,fallback
-11.025290099057285,-16.97941190546209,-2.848946213722229,1.0,unknown,0.0,0.5446141098824605,0.1,22,240,fallback
-10.575824201107025,-12.486048102378845,-2.6897262632846832,1.0,unknown,0.0,0.5559773390862737,0.1,16,241,fallback
-11.572223229841752,-11.677192167802291,-2.701928810639815,1.0,unknown,0.0,0.5557887329777114,0.1,11,242,fallback
-10.603767366120309,-8.774918267221162,-2.2078928206906174,1.0,unknown,0.0,0.5800308695683457,0.1,33,243,fallback
-11.508191585540771,-7.738007593154907,-2.61323459148407,1.0,unknown,0.0,0.5638967005315717,0.1,10,244,fallback
-11.49745979309082,-2.3986706018447874,-0.6299755282467231,1.0,unknown,0.0,0.5909791155895799,0.1,10,245,fallback
-10.782168051775765,-0.637629731613047,-1.412374755681787,1.0,unknown,0.0,0.5954305563780982,0.1,17,246,fallback
-11.679400563240051,1.7079040110111237,-1.1865639090538025,1.0,unknown,0.0,0.5782255509855898,0.1,8,247,fallback
-11.100618680318197,2.7672414143880206,-0.9620621886518267,1.0,unknown,0.0,0.5834418635122831,0.1,45,248,fallback
-10.860973676045736,4.616782029469808,-0.8180423842536079,1.0,unknown,0.0,0.5781944538008686,0.1,27,249,fallback
-11.01240317026774,7.061623804496996,0.9496693399339688,1.0,unknown,0.0,0.610339331567538,0.1,33,250,fallback
-11.232772562238905,9.341979450649685,2.1334202223353915,1.0,unknown,0.0,0.5844635448780658,0.1,18,251,fallback
-10.971709374458559,10.80950992338119,2.5266149890038276,1.0,unknown,0.0,0.5815026094591219,0.1,31,252,fallback
-11.127258740938627,12.797597518334022,2.9713948323176456,1.0,unknown,0.0,0.5656556792674461,0.1,13,253,fallback
-10.93686612447103,14.056613604227701,2.424995541572571,1.0,unknown,0.0,0.5982515602812869,0.1,3,254,fallback
-10.869154624219211,17.40440584578604,2.3702415722721026,1.0,unknown,0.0,0.5756106498057985,0.1,53,255,fallback
-10.870906247033012,18.47863981458876,2.4019768370522394,1.0,unknown,0.0,0.5753603920516275,0.1,18,256,fallback
-10.079007148742676,20.09844970703125,2.657184600830078,1.0,unknown,0.0,0.5375477458377095,0.1,1,257,fallback
-10.24683141708374,22.724209785461426,3.2478036284446716,1.0,unknown,0.0,0.5784913544653073,0.1,2,258,fallback
-11.953729629516602,64.0813217163086,3.100095748901367,1.0,unknown,0.0,0.40943986345708994,0.2,1,259,fallback
-11.062107721964518,75.27532196044922,1.8336172501246135,1.0,unknown,0.0,0.3768730017161568,0.2,3,260,fallback
-8.98978759182824,-38.84027200274997,1.6796225466661983,1.0,unknown,0.0,0.5912157251450867,0.1,72,261,fallback
-9.020328044891357,-37.18501716189914,2.0611006610043763,1.0,unknown,0.0,0.6192336132195627,0.1,36,262,fallback
-8.97795449770414,-25.656005712655876,-3.1794920701246996,1.0,unknown,0.0,0.5235629698286819,0.1,13,263,fallback
-8.86416220664978,-18.40510892868042,-2.8740231841802597,1.0,unknown,0.0,0.5438277972785992,0.1,16,264,fallback
-9.862255414326986,-17.89182726542155,-2.8731793562571206,1.0,unknown,0.0,0.5437189269290668,0.1,3,265,fallback
-8.30876088142395,-14.20310628414154,-2.703946053981781,1.0,unknown,0.0,0.5556763356389639,0.1,8,266,fallback
-9.313924100663927,-13.485231028662788,-2.6941669119728937,1.0,unknown,0.0,0.5559983184000503,0.1,18,267,fallback
-8.527787208557129,-10.470094892713758,-2.5446719328562417,1.0,unknown,0.0,0.5646471867189391,0.1,18,268,fallback
-9.525559649747962,-9.537433231578154,-2.5402985881356632,1.0,unknown,0.0,0.5646757462996368,0.1,17,269,fallback
-8.800092043195452,-7.06471301487514,-2.4020550455365863,1.0,unknown,0.0,0.5714350319089807,0.1,35,270,fallback
-8.656899869441986,-4.412519983947277,-0.12252196958797867,1.0,unknown,0.0,0.608340368258719,0.1,64,271,fallback
-8.652288372452194,-2.989317486952017,-0.5897148438280465,1.0,unknown,0.0,0.610544752407059,0.1,222,272,fallback
-8.631422214753638,-0.9653125964105129,-0.024865161277410723,1.0,unknown,0.0,0.6122279042523822,0.1,233,273,fallback
-8.680551738273806,0.9734478403947183,-0.0485471449532783,1.0,unknown,0.0,0.6080742847567762,0.1,287,274,fallback
-8.550223065518784,3.022394568070598,0.28400140780762867,1.0,unknown,0.0,0.6112479109404659,0.1,174,275,fallback
-8.422952935502336,4.772080820959967,0.7980107044851458,1.0,unknown,0.0,0.5993505294597259,0.1,74,276,fallback
-8.959899517527798,6.877917975710149,-0.009844394784682152,1.0,unknown,0.0,0.5990071784694752,0.1,57,277,fallback
-8.99832898172839,8.811489516291125,-0.2002630599670048,1.0,unknown,0.0,0.5773690273100295,0.1,58,278,fallback
-8.77931444985526,10.80381186803182,-0.19748301715021843,1.0,unknown,0.0,0.5767814144560558,0.1,42,279,fallback
-8.81530835893419,13.249412722057766,-0.2002952200645167,1.0,unknown,0.0,0.5709109687977039,0.1,36,280,fallback
-8.832415628433228,14.821637058258057,-0.018613240611739457,1.0,unknown,0.0,0.5669271913662751,0.1,20,281,fallback
-9.1882327609592,17.50251973470052,1.3946198663260374,1.0,unknown,0.0,0.5951680193670779,0.1,45,282,fallback
-8.926046585550113,18.929660271625128,1.5210334733746262,1.0,unknown,0.0,0.5877364462762406,0.1,98,283,fallback
-8.584819103109426,20.711073316376783,2.126309236607932,1.0,unknown,0.0,0.5788910487275469,0.1,29,284,fallback
-8.75603699684143,22.936944484710693,1.4605021777097136,1.0,unknown,0.0,0.5863008671894181,0.1,4,285,fallback
-8.21839189529419,32.61654853820801,0.021499618887901306,1.0,unknown,0.0,0.5040939194253377,0.1,2,286,fallback
-8.609293937683105,35.51028823852539,0.02431296929717064,1.0,unknown,0.0,0.4953829182289674,0.1,1,287,fallback
-8.334579467773438,68.55591583251953,1.664204478263855,1.0,unknown,0.0,0.39781793201422766,0.2,1,288,fallback
-9.883978843688965,71.18833923339844,3.419020175933838,1.0,unknown,0.0,0.38938633131147005,0.2,1,289,fallback
-7.112536239624023,-44.26343307495117,5.220028686523437,1.0,unknown,0.0,0.4705649252073343,0.1,5,290,fallback
-7.204893668492635,-39.06530436763057,2.6995401371408394,1.0,unknown,0.0,0.5824804453375163,0.1,54,291,fallback
-7.1336902890886575,-37.42871134621756,3.1543870459177663,1.0,unknown,0.0,0.6122016656659142,0.1,28,292,fallback
-6.9574053684870405,-26.306604862213135,-3.1831452449162803,1.0,unknown,0.0,0.523517148082132,0.1,12,293,fallback
-7.926076889038086,-25.976545333862305,-3.1762566566467285,1.0,unknown,0.0,0.5235234240962574,0.1,1,294,fallback
-6.9730733500586615,-19.063238249884712,-2.856097420056661,1.0,unknown,0.0,0.5443812222860783,0.1,18,295,fallback
-7.0016533602838935,-14.883361360301143,-2.7044599056243896,1.0,unknown,0.0,0.5557898253684039,0.1,23,296,fallback
-6.1261208057403564,-12.068460702896118,-2.548717737197876,1.0,unknown,0.0,0.5644350803936539,0.1,4,297,fallback
-7.156605041944063,-11.50639508320735,-2.554385836307819,1.0,unknown,0.0,0.5644017147793209,0.1,26,298,fallback
-6.979775367639004,-8.842191182650053,-2.3978211818597255,1.0,unknown,0.0,0.571588972873211,0.1,39,299,fallback
-6.762354064632106,-6.858680003398174,-2.2690802458170296,1.0,unknown,0.0,0.5770825980450542,0.1,37,300,fallback
-6.63680318645809,-4.773173057514688,-1.2311054850402086,1.0,unknown,0.0,0.6195372875695248,0.1,92,301,fallback
-6.827012473886663,-3.243246539072557,-1.0601353541016578,1.0,unknown,0.0,0.6109290365550017,0.1,220,302,fallback
-7.102493573748876,-0.8054447700802321,-0.8420846201258462,1.0,pedestrian_vru,0.0,0.8739945582202723,0.05,378,303,annotation
-6.94749337101575,0.9320744140571133,-0.900250474176144,1.0,unknown,0.0,0.6111603306633814,0.1,322,304,fallback
-7.195704341494421,3.0945950102918025,-0.791712181336583,1.0,unknown,0.0,0.6064508036411889,0.1,213,305,fallback
-6.8581743754312665,5.060073438518775,-0.6904963080263781,1.0,unknown,0.0,0.6050391652774614,0.1,167,306,fallback
-6.533429196902683,6.890060101236616,-0.9533946157566139,1.0,unknown,0.0,0.5877933953125314,0.1,56,307,fallback
-6.994329520634243,8.26450879233224,-1.0019984671047755,1.0,pedestrian_vru,0.0,0.8465030220461315,0.05,7,308,annotation
-6.3307342529296875,11.119421005249023,-1.5129453241825104,1.0,unknown,0.0,0.5667233733625358,0.1,4,309,fallback
-7.098734461028,13.293285238331762,-0.9703766066452553,1.0,pedestrian_vru,0.0,0.8352380823571313,0.05,29,310,annotation
-6.923572540283203,14.498525524139405,-0.521159140067175,1.0,pedestrian_vru,0.0,0.8290132325528671,0.05,10,311,annotation
-7.489017009735107,17.975383758544922,3.234062433242798,1.0,unknown,0.0,0.5465808406997195,0.1,1,312,fallback
-7.302059046427408,19.549802017211913,2.275140917301178,1.0,unknown,0.0,0.5932635037869873,0.1,15,313,fallback
-7.036650982308895,20.845676300373484,2.1387498510327747,1.0,unknown,0.0,0.5846428533292349,0.1,94,314,fallback
-6.639316532346937,22.66534047656589,1.7818660884319495,1.0,unknown,0.0,0.5802342181101358,0.1,36,315,fallback
-6.118807315826416,25.425209045410156,4.974918842315674,1.0,unknown,0.0,0.526546641106074,0.1,1,316,fallback
-7.076632499694824,27.61481761932373,4.729071855545044,1.0,unknown,0.0,0.5196983656780527,0.1,2,317,fallback
-6.498383680979411,28.944080352783203,4.921303908030192,1.0,unknown,0.0,0.5181903335719392,0.1,3,318,fallback
-7.431724650519235,33.54513250078474,0.1962963431807501,1.0,unknown,0.0,0.5195689012924688,0.1,14,319,fallback
-6.972159385681152,35.07471323013306,0.7573855801019818,1.0,unknown,0.0,0.5192138546535687,0.1,8,320,fallback
-6.484386920928955,36.94185256958008,0.026027606800198555,1.0,unknown,0.0,0.49248009196095055,0.1,1,321,fallback
-4.877070642286731,-38.956338328699914,4.747355807212092,1.0,unknown,0.0,0.538987049492443,0.1,31,322,fallback
-4.983919267301206,-37.642897853144895,4.514731181992425,1.0,unknown,0.0,0.5542177636973393,0.1,27,323,fallback
-5.50123964037214,-26.633280072893417,-3.181095940726144,1.0,unknown,0.0,0.5235090256347733,0.1,7,324,fallback
-5.013057456297033,-19.675357257618625,-2.8568115935606113,1.0,unknown,0.0,0.5441516939940643,0.1,17,325,fallback
-5.0110038575671965,-15.493238085792179,-2.676867575872512,1.0,unknown,0.0,0.5565305409680323,0.1,21,326,fallback
-4.995748570987156,-12.611614670072283,-2.5569522040230885,1.0,unknown,0.0,0.5645927110247604,0.1,28,327,fallback
-4.772835910320282,-10.38861314455668,-2.429374009370804,1.0,unknown,0.0,0.5707989056336044,0.1,24,328,fallback
-4.927836564870981,-8.812274248172075,-2.3271409364847035,1.0,unknown,0.0,0.5764980841511586,0.1,39,329,fallback
-4.913702162006233,-6.8843931367125695,-2.2100283103653147,1.0,unknown,0.0,0.5809107193490602,0.1,79,330,fallback
-4.9022223037831925,-4.925392242038951,-2.1130129169015324,1.0,unknown,0.0,0.5855066045097943,0.1,136,331,fallback
-4.836725989714363,-2.874737075622508,-1.9354488987796354,1.0,unknown,0.0,0.5909228792186872,0.1,302,332,fallback
-4.843569525153236,-0.855162386541704,-1.834062790237697,1.0,unknown,0.0,0.5931817764039866,0.1,565,333,fallback
-4.842146265361956,0.97522010025097,-1.7569766756494036,1.0,unknown,0.0,0.5933360225695655,0.1,494,334,fallback
-5.030765662857839,2.9480503485663303,-1.5070073143954783,1.0,unknown,0.0,0.6004050775345112,0.1,409,335,fallback
-4.9803725114235515,4.901274046072593,-1.5462548996393497,1.0,unknown,0.0,0.5878234665308426,0.1,208,336,fallback
-5.122296286410973,6.943319969489926,-1.3235807389509482,1.0,unknown,0.0,0.5893272914999196,0.1,122,337,fallback
-4.967557887236278,8.771903693675995,-1.4003917028506596,1.0,unknown,0.0,0.5852519510891079,0.1,48,338,fallback
-4.866762532128228,11.173531320359972,-1.5314598149723477,1.0,unknown,0.0,0.5694102966500407,0.1,18,339,fallback
-4.469047656426063,12.86283331650954,-1.114083502155084,1.0,pedestrian_vru,0.0,0.8381900735375036,0.05,26,340,annotation
-4.940460332234701,14.548464520772297,-1.271146547794342,1.0,unknown,0.0,0.5692048999973338,0.1,15,341,fallback
-5.653283754984538,16.978819529215496,-0.5529839595158895,1.0,pedestrian_vru,0.0,0.8202109810696634,0.05,3,342,annotation
-4.559694153921945,18.428758893694198,-1.331569790840149,1.0,unknown,0.0,0.5482952809437404,0.1,7,343,fallback
-5.566932110559373,21.54464421953474,1.126482548546933,1.0,unknown,0.0,0.5991174675476948,0.1,21,344,fallback
-5.2282355683190485,22.776274953569686,0.5265896362917764,1.0,unknown,0.0,0.592659621115323,0.1,28,345,fallback
-5.432302554448445,25.366485277811687,4.728537082672119,1.0,unknown,0.0,0.5380665346196954,0.1,6,346,fallback
-5.833752632141113,28.581405639648438,4.839339256286621,1.0,unknown,0.0,0.5174879164743504,0.1,1,347,fallback
-4.116707801818848,35.796512603759766,3.4031341075897217,1.0,unknown,0.0,0.49690264397567263,0.1,1,348,fallback
-4.731348824501038,37.02608032226563,4.370462942123413,1.0,unknown,0.0,0.5366610691564734,0.1,20,349,fallback
-4.546464496188694,38.52455944485135,3.970479541354709,1.0,unknown,0.0,0.5281318999833408,0.1,9,350,fallback
-4.353754043579102,41.948102951049805,2.006017327308655,1.0,unknown,0.0,0.4784830251276373,0.1,2,351,fallback
-4.62393970489502,42.12272567749024,1.4171552658081055,1.0,unknown,0.0,0.4937767318608812,0.1,5,352,fallback
-4.550280570983887,46.44511795043945,1.1230555772781372,1.0,unknown,0.0,0.4649975489059418,0.1,1,353,fallback
-4.6894917488098145,68.24266052246094,1.6489776372909546,1.0,unknown,0.0,0.3997892097563726,0.2,1,354,fallback
-2.154642701148987,-40.01985549926758,5.608238458633423,1.0,unknown,0.0,0.48481560267299784,0.1,2,355,fallback
-3.0133661258788336,-39.3133981795538,4.597322021211896,1.0,unknown,0.0,0.5304280574350101,0.1,42,356,fallback
-3.0108666155073376,-37.346313052707245,7.034200191497803,1.0,unknown,0.0,0.492653286345496,0.1,9,357,fallback
-3.8081055879592896,-19.92497491836548,-2.853191554546356,1.0,unknown,0.0,0.544214016619139,0.1,4,358,fallback
-2.729497947190937,-16.471837093955592,-0.5399088628197971,1.0,vehicle,0.0,0.8150969667688664,0.05,19,359,annotation
-2.662765692691414,-15.533237379424426,-1.9631948173046112,1.0,vehicle,0.0,0.8253786088006699,0.05,49,360,annotation
-2.9854755585010233,-13.255372817699726,-2.5603092358662534,1.0,unknown,0.0,0.5643502918105416,0.1,26,361,fallback
-3.009596608579159,-10.994347661733627,-2.4226711839437485,1.0,unknown,0.0,0.5709580279764345,0.1,32,362,fallback
-2.8433364437472437,-8.882180475419567,-2.293631722850184,1.0,unknown,0.0,0.5784226225391912,0.1,62,363,fallback
-3.016259940165394,-6.895250239462222,-2.1825853676166176,1.0,unknown,0.0,0.5835559812343447,0.1,106,364,fallback
-3.0327876465661183,-4.954942264727184,-2.0941808692046573,1.0,unknown,0.0,0.5883438616179771,0.1,224,365,fallback
-3.314609335634274,-2.9066828531198228,-2.001891512078599,1.0,unknown,0.0,0.5927292523421991,0.1,313,366,fallback
-3.4403239552376204,-0.9068272045825239,-1.9222241527259105,1.0,unknown,0.0,0.5950822832828052,0.1,486,367,fallback
-3.5020081289743974,1.0820094789667738,-1.8676528553504728,1.0,unknown,0.0,0.5947522899217788,0.1,354,368,fallback
-3.186870027124212,3.019251140985596,-1.788635882768738,1.0,unknown,0.0,0.5929564648857525,0.1,356,369,fallback
-2.910913221266588,4.853491227153825,-1.7107036731503753,1.0,unknown,0.0,0.588652756280173,0.1,247,370,fallback
-3.1733780380557564,6.960213440306046,-1.6451459027388518,1.0,unknown,0.0,0.5964287711272773,0.1,136,371,fallback
-3.144152876842453,8.89710320622088,-1.3038981757659733,1.0,unknown,0.0,0.5933298214676097,0.1,83,372,fallback
-3.022801237721597,10.589406967163086,-1.5731389445643271,1.0,unknown,0.0,0.5722269752562976,0.1,31,373,fallback
-3.0818655252456666,12.55011380513509,-1.43727721174558,1.0,unknown,0.0,0.5735198088698317,0.1,30,374,fallback
-3.001125480817712,14.82694211213485,-1.3481190852496936,1.0,unknown,0.0,0.5682047253386672,0.1,23,375,fallback
-3.0010298981386074,18.53339408425724,-1.3170098136453068,1.0,unknown,0.0,0.5488184609659654,0.1,17,376,fallback
-2.9962307402962134,22.81995798412122,-0.5694144835303488,1.0,unknown,0.0,0.5502105162200611,0.1,38,377,fallback
-3.917473793029785,35.83695983886719,3.404869556427002,1.0,unknown,0.0,0.4968486772031664,0.1,1,378,fallback
-3.055992539723714,36.957428487141925,4.61265826092826,1.0,unknown,0.0,0.5453723849609375,0.1,45,379,fallback
-3.0132930278778076,38.04012489318848,4.9647297859191895,1.0,unknown,0.0,0.5055370520778175,0.1,2,380,fallback
-3.3471768697102866,41.66989771525065,1.9886085192362468,1.0,unknown,0.0,0.4799326366916292,0.1,3,381,fallback
-2.914265990257263,42.585153579711914,2.3625056544939675,1.0,unknown,0.0,0.5077528587739855,0.1,6,382,fallback
-3.69745135307312,45.94538116455078,1.1093366146087646,1.0,unknown,0.0,0.46671824859448086,0.1,1,383,fallback
-2.73248153924942,46.6475248336792,1.672654390335083,1.0,unknown,0.0,0.4826450572806945,0.1,4,384,fallback
-2.9985458850860596,67.39757537841797,6.3667144775390625,1.0,unknown,0.0,0.40260726297905236,0.2,1,385,fallback
-3.5867953300476074,69.90553283691406,1.6876932382583618,1.0,unknown,0.0,0.3950075296645789,0.2,1,386,fallback
-3.255511522293091,71.53111267089844,1.7266284227371216,1.0,unknown,0.0,0.3901845305456868,0.2,1,387,fallback
-0.8911319896578789,-47.17004203796387,5.4913389682769775,1.0,unknown,0.0,0.46393272169779076,0.1,4,388,fallback
-1.0136782228946686,-42.53853225708008,5.619287649790446,1.0,unknown,0.0,0.4923782232760975,0.1,3,389,fallback
-1.1882875983913739,-40.049656550089516,5.135420719782512,1.0,unknown,0.0,0.5003445825634264,0.1,6,390,fallback
-1.0170241674142224,-39.21647916521345,4.142062144620078,1.0,unknown,0.0,0.5393349404868151,0.1,28,391,fallback
-1.0680896937847137,-37.53815205891927,7.0494956440395775,1.0,unknown,0.0,0.49258344015892486,0.1,9,392,fallback
-1.604565143585205,-17.45115375518799,-0.8235228955745697,1.0,vehicle,0.0,0.7926416437474815,0.05,2,393,annotation
-1.0837420664544477,-15.110389045027436,-1.5004493177669946,1.0,vehicle,0.0,0.8274320076156838,0.05,122,394,annotation
-1.002378061413765,-13.397798118591309,-2.530969467163086,1.0,unknown,0.0,0.5652319221971772,0.1,25,395,fallback
-1.0027901304264863,-11.28404057820638,-2.406471037864685,1.0,unknown,0.0,0.5713616365187327,0.1,30,396,fallback
-1.0077048440610892,-9.013133362719888,-2.260695137475666,1.0,unknown,0.0,0.5790154041976345,0.1,76,397,fallback
-1.1484031101078296,-6.884685788835798,-2.1454147030325497,1.0,unknown,0.0,0.5849950783383218,0.1,119,398,fallback
-1.3918361249177351,-5.645308660424274,-2.091182926426763,1.0,unknown,0.0,0.5877969010089883,0.1,46,399,fallback
-0.060604009648257476,-0.2240562906732388,-0.07572981176545245,1.0,unknown,0.0,0.6087711515780561,0.1,4959,400,fallback
-0.30998796587435357,0.4348043390533997,-0.3771827963163268,1.0,unknown,0.0,0.6074715988774456,0.1,1007,401,fallback
-1.6324556081191353,3.63810642387556,-1.7522492525370226,1.0,unknown,0.0,0.593438085226403,0.1,92,402,fallback
-0.9853681464665864,4.8371892233929,-1.7118191776505436,1.0,unknown,0.0,0.5907402889920327,0.1,332,403,fallback
-0.9523654921556548,6.811392437639854,-1.6669175298951513,1.0,unknown,0.0,0.5847810685919955,0.1,139,404,fallback
-0.9986581402021999,8.924964565979806,-1.6170540342205448,1.0,unknown,0.0,0.5786256900642649,0.1,76,405,fallback
-1.005603189318208,10.840853124856949,-1.5549665577709675,1.0,unknown,0.0,0.5724075257614465,0.1,32,406,fallback
-0.9755648186568309,12.591718002601906,-1.4930462925522416,1.0,unknown,0.0,0.567181154062336,0.1,27,407,fallback
-0.9787133047357202,15.02996249820875,-1.41671143407407,1.0,unknown,0.0,0.5598882544317954,0.1,23,408,fallback
-0.9953015312601469,18.79543635719701,-1.3196375997442948,1.0,unknown,0.0,0.54866105239505,0.1,19,409,fallback
-1.140410909482411,22.74280161176409,-0.534759476355144,1.0,unknown,0.0,0.5507828154947765,0.1,35,410,fallback
-0.37174980954400133,25.357036999293737,2.2854419350624084,1.0,unknown,0.0,0.5734792713998283,0.1,28,411,fallback
-0.5722450994782977,26.499112023247612,3.7019301652908325,1.0,unknown,0.0,0.5703328969376783,0.1,9,412,fallback
-0.9747018615404764,29.59320831298828,3.2685344219207764,1.0,unknown,0.0,0.5446214920077739,0.1,3,413,fallback
-1.7435284455617268,37.41061274210612,3.828096946080526,1.0,unknown,0.0,0.5278296950656777,0.1,6,414,fallback
-1.4794025421142578,38.18483352661133,4.0708242654800415,1.0,unknown,0.0,0.5350254290713338,0.1,2,415,fallback
-1.9738199710845947,50.26237869262695,2.393343925476074,1.0,unknown,0.0,0.45409663988474736,0.1,1,416,fallback
0.3412734692295392,-47.40345255533854,5.517285664876302,1.0,unknown,0.0,0.4629511709998503,0.1,3,417,fallback
0.2879372557832135,-39.31493886311849,4.272018591562907,1.0,unknown,0.0,0.5392464320035132,0.1,9,418,fallback
0.23778987117111683,-37.66946792602539,7.070225715637207,1.0,unknown,0.0,0.49211230142356677,0.1,3,419,fallback
1.2917381189086221,-33.51939808238637,3.9564484574578027,1.0,unknown,0.0,0.5559555027030707,0.1,55,420,fallback
1.3425272703170776,-20.091453552246094,-0.9466921091079712,1.0,vehicle,0.0,0.7845912260692003,0.05,1,421,annotation
1.5683319243517788,-19.441389950838957,-2.2187036140398546,1.0,unknown,0.0,0.5761762527514094,0.1,11,422,fallback
1.139803163383318,-16.779447527899258,-1.0964378274005393,1.0,vehicle,0.0,0.8245602175735016,0.05,69,423,annotation
0.7506627865573939,-15.813332333284265,-2.349122594384586,1.0,unknown,0.0,0.5703572519888739,0.1,34,424,fallback
0.9831619519671356,-13.066474349410445,-2.4683039629900896,1.0,unknown,0.0,0.56623304028117,0.1,27,425,fallback
0.9877522959141061,-10.993462026119232,-2.3442871421575546,1.0,unknown,0.0,0.5725064682053371,0.1,32,426,fallback
0.9873197482710209,-8.843932646739331,-2.2127545634402503,1.0,unknown,0.0,0.5795416118412733,0.1,79,427,fallback
1.1083550179326855,-6.865535615800737,-2.1018698301401226,1.0,unknown,0.0,0.5851249562294668,0.1,111,428,fallback
1.439102679491043,-5.6013994216918945,-2.0400299953691885,1.0,unknown,0.0,0.5880465857039535,0.1,66,429,fallback
0.2750083980772465,-0.6623294683492823,-0.33890905764999213,1.0,unknown,0.0,0.6041563433224432,0.1,1028,430,fallback
0.30511225335158443,0.45485858498455034,-0.3704835788876403,1.0,unknown,0.0,0.6076104832260782,0.1,1020,431,fallback
1.6566237490854145,3.663348212654208,-1.7618414457933402,1.0,unknown,0.0,0.5932402617464206,0.1,81,432,fallback
0.9735363083147218,4.835587758728952,-1.7278295430270108,1.0,unknown,0.0,0.5906439247021642,0.1,330,433,fallback
0.9985858748654184,6.836893097995079,-1.6849248988987648,1.0,unknown,0.0,0.5846379030126899,0.1,146,434,fallback
1.0105061926941077,9.035359077453613,-1.636366171836853,1.0,unknown,0.0,0.5783331080347189,0.1,75,435,fallback
1.0170424224868897,10.920244832192697,-1.564774101780307,1.0,unknown,0.0,0.5722263264271361,0.1,31,436,fallback
0.9955794079085956,12.680380454430214,-1.5024066934218774,1.0,unknown,0.0,0.5669632741604517,0.1,26,437,fallback
1.0084371688691052,15.066858074881814,-1.419474639675834,1.0,unknown,0.0,0.559759299856041,0.1,22,438,fallback
1.2450144737958908,17.175811131795246,-1.2082366148630779,1.0,unknown,0.0,0.5536964891663118,0.1,12,439,fallback
0.3276757684846719,18.95857524871826,-1.2515149017175038,1.0,unknown,0.0,0.5530813884146129,0.1,6,440,fallback
0.1799465318520864,21.916758855183918,3.1163039207458496,1.0,unknown,0.0,0.552865923621649,0.1,3,441,fallback
1.082105588973374,22.653469188793284,-0.010264608505609873,1.0,unknown,0.0,0.56577175155651,0.1,37,442,fallback
1.0150816178935416,24.966133297190947,2.5425122043665715,1.0,unknown,0.0,0.5825297136259618,0.1,85,443,fallback
1.285254457592964,26.47174530029297,2.26615629196167,1.0,unknown,0.0,0.5614719649975729,0.1,5,444,fallback
1.049241542816162,28.329551696777344,3.3536860942840576,1.0,unknown,0.0,0.519953073751017,0.1,1,445,fallback
2.425967463740596,-33.423578332971644,3.909048566111812,1.0,unknown,0.0,0.5574392121098166,0.1,27,446,fallback
3.3398518468819414,-31.462540944417317,3.513632029879327,1.0,unknown,0.0,0.5639719074436927,0.1,51,447,fallback
3.854183793067932,-28.347566604614258,0.9828703999519348,1.0,unknown,0.0,0.5300699524938722,0.1,2,448,fallback
3.50234055519104,-21.03601837158203,-1.0028961896896362,1.0,vehicle,0.0,0.7810232532505235,0.05,1,449,annotation
3.1362138168484557,-18.831746045280905,-2.0700588822364807,1.0,vehicle,0.0,0.8080622619769721,0.05,51,450,annotation
2.353767067193985,-17.735027194023132,-1.6999792605638504,1.0,vehicle,0.0,0.8026156988436602,0.05,16,451,annotation
3.062696581301482,-15.545256863469662,-2.6043194065923276,1.0,unknown,0.0,0.5584056331187682,0.1,23,452,fallback
2.8420928001403807,-12.439204635620117,-2.402820873260498,1.0,unknown,0.0,0.5674942826164345,0.1,25,453,fallback
2.877718194325765,-10.629092534383139,-2.2874029715855917,1.0,unknown,0.0,0.5730537378076843,0.1,30,454,fallback
3.1564320855670505,-8.865224008206967,-2.169995979026512,1.0,unknown,0.0,0.5779742995238158,0.1,54,455,fallback
2.8719106674194337,-6.867010978857676,-2.0676496028900146,1.0,unknown,0.0,0.583682497412447,0.1,120,456,fallback
3.0161763008604656,-4.9232550519578,-1.986452446592615,1.0,unknown,0.0,0.5883790082898784,0.1,235,457,fallback
3.264222668974023,-2.9190997933086598,-1.9176031103259639,1.0,unknown,0.0,0.5924209891843025,0.1,380,458,fallback
3.437448022396941,-0.978444208214856,-1.837339186942891,1.0,unknown,0.0,0.5963432982178948,0.1,608,459,fallback
3.4643811625526064,1.0384238388349436,-1.7608780502137684,1.0,unknown,0.0,0.5963810469222401,0.1,525,460,fallback
3.242996256907009,2.9726228997545334,-1.7396026855533562,1.0,unknown,0.0,0.593849941108725,0.1,412,461,fallback
2.9572530911185524,4.863779277801513,-1.713669533296065,1.0,unknown,0.0,0.5896331679939886,0.1,275,462,fallback
3.064691892692021,6.830945031983512,-1.6865979571427618,1.0,unknown,0.0,0.5834892205591691,0.1,112,463,fallback
2.898301666433161,8.806113170854973,-1.6469922968835542,1.0,unknown,0.0,0.5777838369967452,0.1,66,464,fallback
3.00296587328757,10.643759419841151,-1.5760468667553318,1.0,unknown,0.0,0.5719753505732439,0.1,31,465,fallback
2.997674363000052,12.434839827673775,-1.5098708825451987,1.0,unknown,0.0,0.5666650148264581,0.1,28,466,fallback
2.990599673727284,14.868541178495988,-1.4249506463175234,1.0,unknown,0.0,0.5595314751460168,0.1,23,467,fallback
3.012413865641544,18.28204937985069,-1.2984514048225002,1.0,unknown,0.0,0.5494676404320029,0.1,19,468,fallback
3.7654004096984863,21.99110730489095,-0.5090354084968567,1.0,unknown,0.0,0.5380786491067721,0.1,3,469,fallback
2.9324782216871106,22.806891467120195,-0.4020395253004657,1.0,unknown,0.0,0.554222087982852,0.1,37,470,fallback
2.649752140045166,24.983889546887628,2.3081334983480386,1.0,unknown,0.0,0.5738770732800679,0.1,58,471,fallback
3.059286117553711,26.455913543701172,3.34821879863739,1.0,unknown,0.0,0.5754799632946118,0.1,3,472,fallback
3.9274535179138184,29.30044174194336,3.840710163116455,1.0,unknown,0.0,0.5254614277035637,0.1,2,473,fallback
5.445266617669,-32.046695709228516,5.058124648200141,1.0,unknown,0.0,0.5193574440454026,0.1,9,474,fallback
4.9488053394086435,-31.685133645028777,3.484163547104055,1.0,unknown,0.0,0.5612776341728247,0.1,66,475,fallback
4.364269256591797,-28.136654376983643,0.9782904982566833,1.0,unknown,0.0,0.5304422686891758,0.1,4,476,fallback
4.519485314687093,-27.96198272705078,0.6424299478530884,1.0,unknown,0.0,0.5200676813369264,0.1,3,477,fallback
5.325869768857956,-20.40419638156891,-1.8483276292681694,1.0,unknown,0.0,0.553366318113341,0.1,16,478,fallback
4.643516352682402,-19.068966952237215,-2.246623998338526,1.0,unknown,0.0,0.5643118298661132,0.1,33,479,fallback
5.99180793762207,-16.110654830932617,-2.4170801639556885,1.0,unknown,0.0,0.5534335898768856,0.1,1,480,fallback
4.671077913708157,-14.467709276411268,-2.4755458699332342,1.0,unknown,0.0,0.5604438031058334,0.1,18,481,fallback
5.383670295987811,-12.796210493360247,-2.2800794669560025,1.0,unknown,0.0,0.5660193959258413,0.1,14,482,fallback
5.133272784096854,-11.08485696429298,-2.2494142850240073,1.0,unknown,0.0,0.5701330405753402,0.1,42,483,fallback
4.886341901925894,-8.830559754982973,-2.144009632942004,1.0,unknown,0.0,0.5757601112039178,0.1,39,484,fallback
4.913210092588913,-6.917906495027764,-2.0380399185557696,1.0,unknown,0.0,0.5805797833816974,0.1,86,485,fallback
4.895090592371953,-4.874150285473117,-1.953660063929372,1.0,unknown,0.0,0.5850851304804265,0.1,154,486,fallback
4.8295200071134765,-2.878091468677654,-1.8263880881396206,1.0,unknown,0.0,0.591023636774999,0.1,286,487,fallback
4.737602546173019,-0.967873696271085,-1.6853747430916697,1.0,unknown,0.0,0.5919194481803189,0.1,397,488,fallback
4.752457718103754,0.958491702664588,-1.6132750227196933,1.0,unknown,0.0,0.5917362442625662,0.1,403,489,fallback
4.8749455001689395,2.8995045350780537,-1.085612997077949,1.0,unknown,0.0,0.6206695990050652,0.1,377,490,fallback
4.8390583992004395,4.896458992832585,-1.528679683804512,1.0,unknown,0.0,0.5855097035766434,0.1,152,491,fallback
4.873937226630546,7.008696594753781,-1.5315761920568105,1.0,unknown,0.0,0.5813905604227881,0.1,74,492,fallback
5.106878141077553,9.193333997959044,-1.6079797250468557,1.0,unknown,0.0,0.5751557674876087,0.1,41,493,fallback
4.917849691290605,11.04774660813181,-1.546961291840202,1.0,unknown,0.0,0.5698909000282887,0.1,38,494,fallback
4.738848400115967,12.64214735031128,-1.4829039812088012,1.0,unknown,0.0,0.5658944687539013,0.1,10,495,fallback
4.873361002315175,14.335018288005482,-1.7183287956497886,1.0,unknown,0.0,0.6044800550213201,0.1,22,496,fallback
5.159973220391707,17.209805141795766,-0.841906945115294,1.0,vehicle,0.0,0.8038004564538762,0.05,44,497,annotation
4.35993127822876,18.310382843017578,-1.0450826346874238,1.0,unknown,0.0,0.5596299951894562,0.1,5,498,fallback
4.6901388963063555,21.689008553822834,-0.14627721905708313,1.0,unknown,0.0,0.5722961305185053,0.1,12,499,fallback
5.216126078266209,23.041652000556557,1.8771712651665686,1.0,unknown,0.0,0.5884481991785578,0.1,59,500,fallback
5.373147439956665,25.040706698099772,2.816769206523895,1.0,unknown,0.0,0.5783995062506967,0.1,30,501,fallback
4.845754623413086,27.926973342895508,4.702510833740234,1.0,unknown,0.0,0.5199672145482336,0.1,1,502,fallback
4.82751482586528,28.83620648051417,3.7037432845248732,1.0,unknown,0.0,0.5553952962799004,0.1,43,503,fallback
5.14029848575592,30.26720666885376,3.6230337619781494,1.0,unknown,0.0,0.5494467613313389,0.1,4,504,fallback
7.13082425734576,-32.1351417092716,4.194530346814324,1.0,unknown,0.0,0.5505713665416637,0.1,17,505,fallback
6.815951796678396,-31.74611788529616,2.8715840383217883,1.0,unknown,0.0,0.5619130942376545,0.1,52,506,fallback
7.627722263336182,-28.400867462158203,0.6666914820671082,1.0,unknown,0.0,0.5167779915453801,0.1,1,507,fallback
6.718651499067034,-24.309078761509486,-2.950874464852469,1.0,unknown,0.0,0.5296319500023493,0.1,7,508,fallback
7.41320260365804,-23.057158946990967,-2.156702317375069,1.0,unknown,0.0,0.5659111200579925,0.1,12,509,fallback
6.5234454870224,-21.44526243209839,-1.8360854387283325,1.0,unknown,0.0,0.5462850762487831,0.1,12,510,fallback
6.193117022514343,-18.06104803085327,-2.6855140924453735,1.0,unknown,0.0,0.5478136481973098,0.1,4,511,fallback
7.048976633283827,-16.29138967725966,-2.4980878035227456,1.0,unknown,0.0,0.5541235288939663,0.1,9,512,fallback
7.013355361090766,-15.924722565544975,-2.448448552025689,1.0,unknown,0.0,0.5541473075155465,0.1,9,513,fallback
6.823521614074707,-10.95248017992292,-2.1307388288634166,1.0,unknown,0.0,0.5669836475421799,0.1,28,514,fallback
6.759186267852783,-9.019428035191128,-2.1238357203347342,1.0,unknown,0.0,0.5725970124256674,0.1,35,515,fallback
6.972500656332288,-7.04840396131788,-2.009748011827469,1.0,unknown,0.0,0.5760514478331714,0.1,56,516,fallback
6.934300559690629,-4.931486228416706,-1.9220724420985957,1.0,unknown,0.0,0.5804156096912804,0.1,87,517,fallback
6.320990958580604,-3.0379910909212553,-0.6721935333361706,1.0,unknown,0.0,0.6219909977104707,0.1,130,518,fallback
6.455523303736036,-0.9944052176036497,-1.6385309451094299,1.0,unknown,0.0,0.5861068984932366,0.1,107,519,fallback
6.5912875594379745,1.0256406585816469,-1.5660471626531298,1.0,unknown,0.0,0.5861107260411604,0.1,107,520,fallback
6.647295542767173,2.6067494731200367,-0.7116520253990434,1.0,unknown,0.0,0.6131507507648798,0.1,190,521,fallback
7.101810617266961,5.158026074463466,-1.4348506758797843,1.0,unknown,0.0,0.5839593516856622,0.1,53,522,fallback
6.817167413000967,6.886539094588336,-1.4773752782859055,1.0,unknown,0.0,0.5777423261445611,0.1,51,523,fallback
6.629935646057129,8.713746579488118,-1.4581679105758667,1.0,unknown,0.0,0.5730117801340541,0.1,15,524,fallback
6.967582554652773,10.936121250021047,-1.527993341972088,1.0,unknown,0.0,0.5662369831392942,0.1,29,525,fallback
7.008864384431106,13.395396489363451,-1.4194896679658155,1.0,unknown,0.0,0.5596969763728489,0.1,26,526,fallback
7.147212062563215,17.2184575398763,-0.9493232312656584,1.0,vehicle,0.0,0.8012197903354061,0.05,42,527,annotation
7.085202762058803,18.60903467450823,-0.5916010549824152,1.0,vehicle,0.0,0.7960012521013234,0.05,7,528,annotation
7.840822219848633,21.932300567626953,2.754536747932434,1.0,unknown,0.0,0.5351445164468114,0.1,2,529,fallback
7.1345664088645675,22.72245295663898,2.3302979672620636,1.0,unknown,0.0,0.5756941934972741,0.1,89,530,fallback
6.910220297900113,24.791083682667125,2.7720345610922035,1.0,unknown,0.0,0.5812427627132531,0.1,22,531,fallback
7.566590785980225,26.624868392944336,5.262486934661865,1.0,unknown,0.0,0.5219624650078244,0.1,1,532,fallback
6.038767337799072,29.62520408630371,5.747757911682129,1.0,unknown,0.0,0.5142967759501519,0.1,1,533,fallback
8.898583128645614,-32.251128634890996,3.520702167137249,1.0,unknown,0.0,0.5585613198458583,0.1,37,534,fallback
8.926039377848307,-31.905137168036568,3.8511696656545005,1.0,unknown,0.0,0.5063518891499782,0.1,9,535,fallback
9.24746494293213,-28.394105434417725,0.7700623052660376,1.0,unknown,0.0,0.5647460977693208,0.1,20,536,fallback
8.75695425271988,-27.753904581069946,0.6604962380952202,1.0,unknown,0.0,0.5520510111062258,0.1,16,537,fallback
8.918695654187884,-22.95760304587228,-2.8822831426348006,1.0,unknown,0.0,0.5314564001355252,0.1,14,538,fallback
9.179387474060059,-20.27113571166992,-2.60323748588562,1.0,unknown,0.0,0.5386686514908822,0.1,5,539,fallback
9.595913887023926,-19.382328850882395,-2.5301316125052318,1.0,unknown,0.0,0.5407675149039336,0.1,7,540,fallback
8.993206024169922,-15.28367367657748,-2.4956382621418345,1.0,unknown,0.0,0.5528882725612357,0.1,22,541,fallback
8.33182803067294,-10.474156986583363,-2.1982165683399546,1.0,unknown,0.0,0.565725131924376,0.1,11,542,fallback
8.901841622811776,-8.994629930566859,-2.0803285793021873,1.0,unknown,0.0,0.5684675136971971,0.1,27,543,fallback
9.128888823769309,-6.757538361982866,-1.9526624462821267,1.0,unknown,0.0,0.5716483454211875,0.1,44,544,fallback
8.76907719203404,-5.03868111201695,-1.8998122453689574,1.0,unknown,0.0,0.5753347179365134,0.1,35,545,fallback
8.731104947518611,-2.924741344175477,-1.8419427318849426,1.0,unknown,0.0,0.5780341090680119,0.1,69,546,fallback
8.83457187553505,-0.9934939810062771,-1.7882890747739124,1.0,unknown,0.0,0.5788921312292732,0.1,77,547,fallback
8.786461597535668,0.9830383934398613,-1.6509831445973093,1.0,unknown,0.0,0.5811192612539243,0.1,82,548,fallback
9.31013391415278,2.8790721893310547,-1.5371400862932205,1.0,unknown,0.0,0.5775590033659139,0.1,48,549,fallback
8.735676877638873,4.834175175311518,-1.3726507612303191,1.0,vehicle,0.0,0.8268404748423175,0.05,51,550,annotation
8.215686341990596,6.949870897376019,-1.0541186125382134,1.0,vehicle,0.0,0.8299333214808802,0.05,23,551,annotation
8.231669002109104,8.95545678668552,-1.3396204776234097,1.0,unknown,0.0,0.5744310046884387,0.1,18,552,fallback
9.535896062850952,11.5639275709788,-1.4313543736934662,1.0,unknown,0.0,0.5610737450862319,0.1,12,553,fallback
8.644140019136316,12.434430066276999,-1.4205920976750992,1.0,unknown,0.0,0.5595948738265579,0.1,17,554,fallback
9.55245338786732,15.631651531566273,-1.2829661152579568,1.0,unknown,0.0,0.5501608821784681,0.1,11,555,fallback
8.911989280155726,16.98189789908273,-0.7476912673030581,1.0,vehicle,0.0,0.8181620738015519,0.05,28,556,annotation
9.159943461418152,18.733150243759155,1.1413439996540546,1.0,vehicle,0.0,0.8549943923812255,0.05,8,557,annotation
9.201925992965698,21.131235122680664,3.9668578505516052,1.0,unknown,0.0,0.545036735904888,0.1,4,558,fallback
8.907263619559151,22.8522310256958,2.579857892223767,1.0,unknown,0.0,0.5721451227587868,0.1,56,559,fallback
9.241261005401611,24.498229265213013,1.9416360557079315,1.0,unknown,0.0,0.5613422588442794,0.1,8,560,fallback
9.680854479471842,60.811815897623696,1.484110951423645,1.0,unknown,0.0,0.4204407024820531,0.2,3,561,fallback
10.978478407859802,-32.271251583099364,3.5075218588113786,1.0,unknown,0.0,0.5806978587896805,0.1,40,562,fallback
11.07105754852295,-31.788922958374023,1.5761693570017814,1.0,unknown,0.0,0.6046960877491773,0.1,25,563,fallback
10.895317872365316,-28.54976479212443,-1.6174138892674819,1.0,unknown,0.0,0.5518298564294627,0.1,24,564,fallback
11.267370820045471,-27.873563528060913,-2.6388154923915863,1.0,unknown,0.0,0.524702337191805,0.1,8,565,fallback
11.363421440124512,-22.33583641052246,4.6958630084991455,1.0,unknown,0.0,0.5299159058882483,0.1,2,566,fallback
11.931640625,-21.434228897094727,4.596460342407227,1.0,unknown,0.0,0.5314057614499966,0.1,1,567,fallback
10.808178477817112,-18.51566325293647,-0.7495002614127265,1.0,unknown,0.0,0.6326048925044208,0.1,18,568,fallback
11.530166149139404,-17.262790322303772,-1.3993899635970592,1.0,unknown,0.0,0.6117245431460304,0.1,16,569,fallback
10.828229401562664,-14.849842625695306,-1.0140450538664654,1.0,vehicle,0.0,0.8186460928406528,0.05,74,570,annotation
10.934744634126362,-12.909761127672697,-0.8278275904605132,1.0,vehicle,0.0,0.8259941468975565,0.05,114,571,annotation
11.039709292925322,-11.144438486832838,-1.5835565912644738,1.0,vehicle,0.0,0.8165881046497871,0.05,52,572,annotation
11.219240999221801,-9.005375623703003,-2.0245085954666138,1.0,unknown,0.0,0.5631653377306967,0.1,20,573,fallback
11.61098720550537,-7.001846122741699,-1.908943877220154,1.0,unknown,0.0,0.5650230704689462,0.1,25,574,fallback
10.534129172563553,-5.096515670418739,-1.8765831589698792,1.0,unknown,0.0,0.570451397317381,0.1,32,575,fallback
10.628149832448651,-2.983315613961989,-1.8185763166796776,1.0,unknown,0.0,0.572693534767758,0.1,31,576,fallback
10.610246390104294,-0.9825984389754012,-1.7577431909739971,1.0,unknown,0.0,0.5735963244597791,0.1,32,577,fallback
10.90715529871922,0.9918638589773693,-1.5779214442944993,1.0,unknown,0.0,0.5758930435564757,0.1,51,578,fallback
11.064801631829678,2.8075404411707168,-1.3984713309850447,1.0,unknown,0.0,0.571861212084679,0.1,39,579,fallback
11.50533390045166,4.5448237657547,-1.4535185992717743,1.0,unknown,0.0,0.5698341215391941,0.1,4,580,fallback
10.074727535247803,11.324164867401123,-1.4208322763442993,1.0,unknown,0.0,0.5595340862436647,0.1,2,581,fallback
11.682055155436197,13.70516045888265,-1.2614977094862196,1.0,unknown,0.0,0.5510196107488975,0.1,9,582,fallback
10.643989404042562,14.672019534640842,-1.0016884207725525,1.0,unknown,0.0,0.586571809509867,0.1,18,583,fallback
11.084224921006422,17.24705857496995,0.4617926077200816,1.0,vehicle,0.0,0.849269379893939,0.05,26,584,annotation
11.73843964663419,18.838735060258344,0.8660091988065026,1.0,vehicle,0.0,0.8316767377612995,0.05,11,585,annotation
10.509664376576742,20.907115936279297,3.535625363855312,1.0,unknown,0.0,0.5882262749218072,0.1,6,586,fallback
10.638885952177501,23.210559163774764,2.1635931841363862,1.0,unknown,0.0,0.5671696270202236,0.1,42,587,fallback
10.563328742980957,25.033474349975585,2.9654257774353026,1.0,unknown,0.0,0.5764703529609276,0.1,5,588,fallback
10.875078201293945,59.40134048461914,1.4551685253779094,1.0,unknown,0.0,0.4239111372220854,0.2,3,589,fallback
10.297344207763672,60.186527252197266,1.4715129137039185,1.0,unknown,0.0,0.42181681233335344,0.2,1,590,fallback
13.081504689322578,-32.46041022406684,3.3162315864012473,1.0,unknown,0.0,0.5678462481291507,0.1,72,591,fallback
12.769987378801618,-31.672109876360214,-0.6335269724950194,1.0,unknown,0.0,0.5219992136705629,0.1,14,592,fallback
12.703352928161621,-28.708360989888508,-2.204960664113363,1.0,unknown,0.0,0.5240939059740641,0.1,6,593,fallback
13.13608922958374,-27.91606044769287,-2.8882944107055666,1.0,unknown,0.0,0.5131401175822243,0.1,10,594,fallback
12.911611239115397,-22.156376520792644,4.3978226979573565,1.0,unknown,0.0,0.5391379601050487,0.1,3,595,fallback
13.010675516995517,-21.42514991760254,4.102152282541448,1.0,unknown,0.0,0.545834903270236,0.1,11,596,fallback
12.621028900146484,-18.601507027943928,1.777274023081797,1.0,unknown,0.0,0.5992072101660564,0.1,24,597,fallback
12.42213805516561,-17.36920388539632,2.6924800078074136,1.0,unknown,0.0,0.6159523507019653,0.1,6,598,fallback
12.345389366149902,-15.132166862487793,-2.284391244252523,1.0,vehicle,0.0,0.7877009710533934,0.05,3,599,annotation
12.750896453857422,-12.26793975830078,-0.7730407684110105,1.0,vehicle,0.0,0.8223694926124588,0.05,10,600,annotation
13.027161031155973,-11.12970104733029,-1.4860407124852408,1.0,vehicle,0.0,0.8179393788267088,0.05,37,601,annotation
13.933733491336598,-8.99250468085794,-1.9407163016936357,1.0,unknown,0.0,0.5563276048768475,0.1,17,602,fallback
13.993680000305176,-7.877554893493652,-1.8785130977630615,1.0,unknown,0.0,0.5568241703812117,0.1,1,603,fallback
12.12847318649292,-4.744389438629151,-1.833925610780716,1.0,unknown,0.0,0.5663270568947985,0.1,20,604,fallback
12.180670102437338,-2.7426638253529867,-1.3725649698575337,1.0,vehicle,0.0,0.8193068537659997,0.05,75,605,annotation
12.173151743614067,-0.9883531935007895,-1.2060181455591978,1.0,vehicle,0.0,0.8213423291845379,0.05,118,606,annotation
12.643679246669862,0.6100415837292265,-1.2482228875160217,1.0,unknown,0.0,0.5788640591130639,0.1,41,607,fallback
13.58630112806956,2.9876898527145386,-1.3046268274386723,1.0,unknown,0.0,0.5635646670500565,0.1,24,608,fallback
13.034472503662109,5.0370680809021,-1.0546694216621109,1.0,vehicle,0.0,0.8164307654683163,0.05,25,609,annotation
13.297471349889582,6.4875287576155225,-0.9201309858392712,1.0,vehicle,0.0,0.816580160988729,0.05,22,610,annotation
12.107487678527832,13.315940380096436,-1.260639488697052,1.0,unknown,0.0,0.5510471684450184,0.1,2,611,fallback
12.454476594924927,15.512948632240295,3.351136714220047,1.0,unknown,0.0,0.5556833150621237,0.1,8,612,fallback
13.14873481618947,16.9285647293617,-0.06292559106930576,1.0,vehicle,0.0,0.8249534367088198,0.05,29,613,annotation
12.72425560951233,18.927879810333252,0.07152649187482893,1.0,unknown,0.0,0.5790855220169835,0.1,20,614,fallback
12.296394983927408,20.379254659016926,0.1997851130242149,1.0,vehicle,0.0,0.7822898517513971,0.05,3,615,annotation
13.233248901367187,22.530872344970703,4.963190269470215,1.0,unknown,0.0,0.5283527259882017,0.1,5,616,fallback
13.440204238891601,27.74734001159668,5.108119010925293,1.0,unknown,0.0,0.5134264344199143,0.1,5,617,fallback
13.687894821166992,29.14984893798828,4.5665411949157715,1.0,unknown,0.0,0.5083891858036286,0.1,1,618,fallback
15.027735382763307,-32.6243887944008,2.6419769418773367,1.0,unknown,0.0,0.5817550283043638,0.1,67,619,fallback
14.702341079711914,-31.888853073120117,-1.238423466682434,1.0,unknown,0.0,0.5183737554221912,0.1,8,620,fallback
14.982762098312378,-28.791931351025898,-0.1639104012089471,1.0,unknown,0.0,0.5493604525639958,0.1,48,621,fallback
15.067060811179024,-27.635709081377303,-0.952339415039335,1.0,unknown,0.0,0.6105877287477228,0.1,14,622,fallback
14.269418716430664,-25.96779441833496,5.555149555206299,1.0,unknown,0.0,0.5161097085328236,0.1,1,623,fallback
14.363081455230713,-20.552985191345215,2.9116750955581665,1.0,unknown,0.0,0.5299547543210704,0.1,2,624,fallback
15.288480313618978,-18.598727544148762,2.331708391507467,1.0,unknown,0.0,0.570423975943267,0.1,15,625,fallback
15.60226331438337,-17.506928035191127,4.151765312467303,1.0,unknown,0.0,0.5430356746324874,0.1,7,626,fallback
15.4040088057518,-12.501421868801117,-1.5668722204864025,1.0,vehicle,0.0,0.7944920753360408,0.05,16,627,annotation
15.533860905965168,-11.445001665751139,-1.5952221949895222,1.0,vehicle,0.0,0.794362545314981,0.05,15,628,annotation
14.138876297894646,-6.96512118507834,-1.8450568143059225,1.0,unknown,0.0,0.5584256388547585,0.1,17,629,fallback
14.320669876901727,-5.011202636517976,-1.7764083335274143,1.0,unknown,0.0,0.5600378458551266,0.1,19,630,fallback
15.373435497283936,-2.926977038383484,-0.7353491485118866,1.0,vehicle,0.0,0.7981281885047593,0.05,2,631,annotation
14.438195419311523,-1.000124647282064,-0.6123629033565521,1.0,vehicle,0.0,0.805970539380838,0.05,10,632,annotation
14.549335559209188,1.1111702220514417,-1.1664512939751148,1.0,unknown,0.0,0.572683212885592,0.1,24,633,fallback
14.028053283691406,2.029529333114624,-1.3278694152832031,1.0,unknown,0.0,0.5624776833392567,0.1,1,634,fallback
14.882918902805873,5.0409530230930875,-1.2557456152779716,1.0,unknown,0.0,0.5658356197626679,0.1,7,635,fallback
14.001325607299805,6.195024013519287,-1.4340161085128784,1.0,unknown,0.0,0.559068105072756,0.1,1,636,fallback
15.377982330322265,12.836809539794922,3.797901916503906,1.0,unknown,0.0,0.5458449051288984,0.1,5,637,fallback
15.409750787835373,15.179069970783434,1.0463455789967586,1.0,unknown,0.0,0.6197006393357637,0.1,19,638,fallback
14.835731438228063,16.68871021270752,0.4368840200560434,1.0,unknown,0.0,0.6020014153199024,0.1,14,639,fallback
15.735101786526767,18.693715355613016,-0.04128707750615748,1.0,unknown,0.0,0.5502808201903701,0.1,11,640,fallback
15.41017668587821,23.45392554146903,3.8007652163505554,1.0,unknown,0.0,0.5759332128047974,0.1,7,641,fallback
15.575554414228959,25.061066309611004,2.685362935066223,1.0,unknown,0.0,0.557336331145541,0.1,33,642,fallback
15.239756150679154,26.77188405123624,2.5312259197235107,1.0,unknown,0.0,0.5686154962236912,0.1,11,643,fallback
15.323303328620064,29.21954557630751,5.021064811282688,1.0,unknown,0.0,0.5211710634154118,0.1,9,644,fallback
17.06960329096368,-32.88699170376392,3.7593395367581794,1.0,unknown,0.0,0.5844103835062034,0.1,47,645,fallback
16.816547100360577,-29.004563111525314,-1.9362062032406147,1.0,unknown,0.0,0.5170499729189177,0.1,13,646,fallback
16.839134042913262,-27.33233035694469,-3.0054891976443203,1.0,unknown,0.0,0.5096987200126073,0.1,11,647,fallback
17.175320053100585,-25.30226936340332,2.236150312423706,1.0,unknown,0.0,0.65078543057496,0.1,5,648,fallback
17.91382662455241,-22.621239344278973,5.410473823547363,1.0,unknown,0.0,0.5200696424947969,0.1,3,649,fallback
17.79914379119873,-20.558404445648193,3.634055256843567,1.0,unknown,0.0,0.5572032458058418,0.1,4,650,fallback
17.14784590403239,-18.88749991522895,1.6097582909795973,1.0,unknown,0.0,0.549941886256196,0.1,18,651,fallback
16.782025655110676,-17.94025421142578,1.130409797032674,1.0,unknown,0.0,0.5314556093667709,0.1,3,652,fallback
17.2784184848561,-10.994023771846996,-1.8345363280352425,1.0,unknown,0.0,0.5502334011173388,0.1,17,653,fallback
17.421909919151894,-9.093367943396935,-1.839210950411283,1.0,unknown,0.0,0.5469345976884749,0.1,13,654,fallback
17.320063908894856,-7.059499327341715,-1.7505088011423746,1.0,unknown,0.0,0.5495560962399918,0.1,15,655,fallback
17.24116458892822,-5.375225448608399,-1.6899599194526673,1.0,unknown,0.0,0.5511886937897477,0.1,10,656,fallback
17.686248302459717,1.3308886900544166,1.9673142194747926,1.0,unknown,0.0,0.6205603947330312,0.1,20,657,fallback
17.23883938144993,2.9981624242421745,0.6982361400449598,1.0,unknown,0.0,0.6245241556893931,0.1,37,658,fallback
17.3311128616333,4.698858221371968,-0.363923927982493,1.0,vehicle,0.0,0.8289209452801171,0.05,12,659,annotation
16.869851112365723,13.307029247283936,4.071917533874512,1.0,unknown,0.0,0.5424881753437044,0.1,2,660,fallback
17.468646240234374,15.636129379272461,2.042250895500183,1.0,unknown,0.0,0.5847133804325659,0.1,5,661,fallback
16.767387662615096,17.324831190563383,2.874113667578924,1.0,unknown,0.0,0.5514743500632463,0.1,21,662,fallback
16.05097198486328,18.168160756429035,1.1432662804921467,1.0,unknown,0.0,0.5473391711454485,0.1,3,663,fallback
17.24615968976702,21.7569454738072,0.19845085497945547,1.0,unknown,0.0,0.531280001371129,0.1,7,664,fallback
16.8724045753479,22.654274463653564,1.7580653876066208,1.0,unknown,0.0,0.5781300672535199,0.1,12,665,fallback
16.850599729097805,24.93891892066369,2.77181223493356,1.0,unknown,0.0,0.5552011876802978,0.1,26,666,fallback
16.295748392740887,26.268152236938477,3.888880650202433,1.0,unknown,0.0,0.5415028479710925,0.1,3,667,fallback
16.016027450561523,29.516386032104492,4.759912490844727,1.0,unknown,0.0,0.5042549176523232,0.1,1,668,fallback
17.472905567714147,31.327836172921316,5.566873482295445,1.0,unknown,0.0,0.5089034996883607,0.1,7,669,fallback
19.14809218118357,-32.98477918048238,2.2194387780199216,1.0,unknown,0.0,0.5711758458764377,0.1,43,670,fallback
19.77086067199707,-30.203210830688477,1.663330316543579,1.0,unknown,0.0,0.49670370326852886,0.1,1,671,fallback
19.185884128917348,-29.336972670121625,0.14551570232618938,1.0,unknown,0.0,0.5677876672413157,0.1,11,672,fallback
18.606419563293457,-24.934720516204834,5.834841251373291,1.0,unknown,0.0,0.5129154328109544,0.1,4,673,fallback
18.563186168670654,-22.987380504608154,3.7808395624160767,1.0,unknown,0.0,0.5274426607983381,0.1,4,674,fallback
18.861215591430664,-20.827804565429688,4.084713284785931,1.0,unknown,0.0,0.5568217749048654,0.1,13,675,fallback
18.317689514160158,-19.378426361083985,2.6038637161254883,1.0,unknown,0.0,0.5415812541273555,0.1,5,676,fallback
18.352444966634113,-14.30993366241455,-0.5502553184827169,1.0,vehicle,0.0,0.7752502291461743,0.05,3,677,annotation
18.285224199295044,-13.124997794628143,-0.8250318802893162,1.0,vehicle,0.0,0.7857284610440388,0.05,16,678,annotation
18.632270177205402,-11.505600372950235,-1.411657879749934,1.0,vehicle,0.0,0.7866505399609117,0.05,12,679,annotation
19.350621541341145,0.8886102255847719,3.0238419042693243,1.0,unknown,0.0,0.5625362445937538,0.1,18,680,fallback
19.131714185078938,2.6179423491160074,1.1637385888413216,1.0,unknown,0.0,0.6051577564738747,0.1,30,681,fallback
18.196064472198486,4.6312021017074585,-0.6593583300709724,1.0,vehicle,0.0,0.7959883742173578,0.05,4,682,annotation
19.214900970458984,6.339129447937012,0.00014002832176629454,1.0,vehicle,0.0,0.7842993176878527,0.05,1,683,annotation
18.851962248484295,15.205985943476358,3.38185054063797,1.0,unknown,0.0,0.5522919820125608,0.1,12,684,fallback
19.12550099690755,21.24531602859497,0.25900646842395264,1.0,unknown,0.0,0.5652808100084433,0.1,24,685,fallback
18.795491218566895,22.066476821899414,0.6895952522754669,1.0,unknown,0.0,0.5183982431396471,0.1,2,686,fallback
19.16661044529506,24.60218674795968,4.320077283041818,1.0,unknown,0.0,0.5378770590874776,0.1,7,687,fallback
19.673958778381348,26.096766471862793,6.198676586151123,1.0,unknown,0.0,0.5071566633231537,0.1,2,688,fallback
19.64963150024414,28.669777870178223,4.42706265449524,1.0,unknown,0.0,0.5249893169409222,0.1,10,689,fallback
18.682673772176106,32.44795227050781,6.497545878092448,1.0,unknown,0.0,0.5054693535016954,0.1,3,690,fallback
20.927239583886188,-33.05600813160772,2.2426038220443805,1.0,unknown,0.0,0.561446611435409,0.1,46,691,fallback
20.809146881103516,-31.903648376464844,-1.7912148833274841,1.0,pedestrian_vru,0.0,0.7533871578017313,0.05,2,692,annotation
20.30036339393029,-29.005277927105244,1.375533103942871,1.0,unknown,0.0,0.5183187947438606,0.1,13,693,fallback
20.23434066772461,-27.992094039916992,1.5914006233215332,1.0,unknown,0.0,0.5013811173628386,0.1,1,694,fallback
21.238113403320312,-25.267093658447266,6.191545486450195,1.0,unknown,0.0,0.5059780259442715,0.1,1,695,fallback
21.742582321166992,-23.424792289733887,5.226024866104126,1.0,unknown,0.0,0.5100036468367786,0.1,2,696,fallback
20.501315798078263,-20.841910770961217,4.894804647990635,1.0,unknown,0.0,0.5421472930331263,0.1,7,697,fallback
20.719479751586913,-19.224046897888183,4.756933975219726,1.0,unknown,0.0,0.5287073652477435,0.1,10,698,fallback
21.905590057373047,-17.877406120300293,4.62360954284668,1.0,unknown,0.0,0.5202493426831277,0.1,2,699,fallback
21.11782455444336,-12.01914119720459,-1.7063171863555908,1.0,vehicle,0.0,0.7721041810439355,0.05,1,700,annotation
21.178353786468506,-11.737598180770874,-1.1373609006404877,1.0,vehicle,0.0,0.7726668433972211,0.05,4,701,annotation
21.818308300442165,-8.694736374749077,-1.6489592260784574,1.0,unknown,0.0,0.53509617084514,0.1,9,702,fallback
21.45720318385533,-6.94671859060015,-1.5835209403719221,1.0,unknown,0.0,0.5380323963707736,0.1,14,703,fallback
21.16746997833252,-5.652546286582947,-1.5377689898014069,1.0,unknown,0.0,0.5394632165460197,0.1,4,704,fallback
21.733375549316406,-3.1348302364349365,-0.5155319571495056,1.0,vehicle,0.0,0.7791251113062798,0.05,1,705,annotation
21.959327936172485,-1.20288947224617,-0.004908106348011643,1.0,vehicle,0.0,0.7790292866839239,0.05,8,706,annotation
20.954021998814174,1.5023385456630163,1.5191720638956343,1.0,unknown,0.0,0.6133473931555063,0.1,7,707,fallback
20.367159525553387,3.6775619188944497,-0.9681210517883301,1.0,unknown,0.0,0.5431506203159979,0.1,3,708,fallback
20.851683616638184,4.122544288635254,-0.9938749372959137,1.0,unknown,0.0,0.541322075693831,0.1,2,709,fallback
20.95661883884006,17.369643953111435,-0.3463037596601579,1.0,vehicle,0.0,0.7737594052560005,0.05,9,710,annotation
20.711509895324706,18.95982494354248,-0.6430853724479675,1.0,unknown,0.0,0.5209775383749571,0.1,10,711,fallback
20.771404457092284,21.219132232666016,0.09294059663079679,1.0,unknown,0.0,0.5332766992857995,0.1,20,712,fallback
21.01759672164917,22.880970001220703,1.116863802075386,1.0,unknown,0.0,0.5250473673252773,0.1,4,713,fallback
20.771920522054035,24.571371205647786,3.492111309369405,1.0,unknown,0.0,0.5512395325790242,0.1,15,714,fallback
21.00436019897461,27.74146906534831,4.55863094329834,1.0,unknown,0.0,0.5339576879787169,0.1,9,715,fallback
20.96366779620831,28.65639774615948,4.9021546840667725,1.0,unknown,0.0,0.5412720879089287,0.1,13,716,fallback
21.274099349975586,30.340843836466473,5.535088539123535,1.0,unknown,0.0,0.5274672311181923,0.1,3,717,fallback
21.252168655395508,50.70615768432617,5.184620380401611,1.0,unknown,0.0,0.4400608539582367,0.2,1,718,fallback
23.041917928059895,-33.28429412841797,4.46920428276062,1.0,unknown,0.0,0.5353456146381196,0.1,15,719,fallback
22.230697631835938,-24.36685562133789,5.393755912780762,1.0,unknown,0.0,0.506047849287531,0.1,1,720,fallback
23.709514617919922,-22.905881881713867,6.185763835906982,1.0,unknown,0.0,0.5091980609989164,0.1,7,721,fallback
23.282422256469726,-20.9318790435791,5.4382140159606935,1.0,unknown,0.0,0.5345069654984828,0.1,5,722,fallback
22.589097499847412,-18.465415000915527,0.097074631950818,1.0,unknown,0.0,0.569336333965811,0.1,8,723,fallback
22.583180291312082,-17.354832240513392,2.894020819105208,1.0,unknown,0.0,0.6021593256530074,0.1,7,724,fallback
22.66005007425944,-12.288417339324951,-1.709306041399638,1.0,vehicle,0.0,0.7748584237037165,0.05,6,725,annotation
22.57044150612571,-11.211834040555088,-1.6059006560932507,1.0,unknown,0.0,0.5373491950026148,0.1,11,726,fallback
22.049736499786377,-9.754114627838135,-1.6927091777324677,1.0,unknown,0.0,0.5328953333775532,0.1,4,727,fallback
22.005756378173828,-0.48927828669548035,-0.004487176425755024,1.0,vehicle,0.0,0.778966414884876,0.05,1,728,annotation
23.548280715942383,1.888060164451599,1.987224455131218,1.0,unknown,0.0,0.5713989114151,0.1,5,729,fallback
23.616337299346924,2.116407036781311,0.2733769530314021,1.0,unknown,0.0,0.5540570757087384,0.1,4,730,fallback
22.395241141319275,4.970974951982498,-0.6353764766481618,1.0,vehicle,0.0,0.7873146311650924,0.05,16,731,annotation
23.08704376220703,14.982697296142579,-0.6330044269561768,1.0,unknown,0.0,0.5224520301819854,0.1,5,732,fallback
22.06793785095215,21.773887634277344,0.7359687685966492,1.0,unknown,0.0,0.5119953518724327,0.1,1,733,fallback
22.92398468653361,23.22865374883016,3.9808629751205444,1.0,unknown,0.0,0.5566353356110741,0.1,12,734,fallback
22.567977905273438,25.11366033554077,4.201067745685577,1.0,unknown,0.0,0.5443567394670199,0.1,4,735,fallback
23.14561233520508,26.36182556152344,5.654728412628174,1.0,unknown,0.0,0.5415423295812796,0.1,5,736,fallback
22.352195421854656,29.096829096476238,3.4588859478632608,1.0,unknown,0.0,0.5182282793252043,0.1,6,737,fallback
22.290499687194824,30.55593967437744,4.904937028884888,1.0,unknown,0.0,0.5052511580419533,0.1,2,738,fallback
25.811148643493652,-34.10502815246582,5.9883952140808105,1.0,unknown,0.0,0.5101822619387739,0.1,2,739,fallback
24.789202634026022,-33.44495055254768,4.22059288445641,1.0,unknown,0.0,0.5356580911172559,0.1,17,740,fallback
24.48035176595052,-30.07594045003255,2.9964149395624795,1.0,unknown,0.0,0.516888646106093,0.1,3,741,fallback
25.025704860687256,-29.67481517791748,3.1443666219711304,1.0,unknown,0.0,0.5030727525409795,0.1,4,742,fallback
24.280122756958008,-22.62641143798828,4.6414899826049805,1.0,unknown,0.0,0.5054343949906058,0.1,1,743,fallback
24.756016540527344,-21.243387603759764,6.121928977966308,1.0,unknown,0.0,0.5085503396368187,0.1,5,744,fallback
24.779915618896485,-19.083456420898436,3.502910742163658,1.0,unknown,0.0,0.6050796380233815,0.1,5,745,fallback
25.696922302246094,-17.95082664489746,-0.012817122973501682,1.0,unknown,0.0,0.5109623695673615,0.1,1,746,fallback
25.30670928955078,-12.896317481994629,-0.669084370136261,1.0,vehicle,0.0,0.7597902537443039,0.05,1,747,annotation
25.531922340393066,-11.64417314529419,-1.1522582918405533,1.0,vehicle,0.0,0.7700530619976526,0.05,4,748,annotation
25.06912136077881,3.8764244318008423,-0.14701879271888174,1.0,vehicle,0.0,0.7771599288742516,0.05,4,749,annotation
24.91009457906087,5.0420089562733965,0.4450484383366226,1.0,vehicle,0.0,0.7802138424296199,0.05,12,750,annotation
24.99488131205241,6.233377456665039,0.5994551380475363,1.0,vehicle,0.0,0.7677477959590513,0.05,3,751,annotation
25.47643788655599,23.36921501159668,5.7120059331258135,1.0,unknown,0.0,0.5022521365078131,0.1,3,752,fallback
25.072168350219727,24.954288482666016,6.268439054489136,1.0,unknown,0.0,0.5097067122793166,0.1,2,753,fallback
25.10553789138794,26.69024085998535,5.511506736278534,1.0,unknown,0.0,0.5090453086883434,0.1,8,754,fallback
25.44051392873128,30.343671162923176,7.028578519821167,1.0,unknown,0.0,0.5030951140808975,0.1,6,755,fallback
27.048882484436035,-34.2367068699428,6.10884554045541,1.0,unknown,0.0,0.5057487643522088,0.1,14,756,fallback
26.8166716893514,-33.7341562906901,4.1692536274592085,1.0,unknown,0.0,0.5371463840463667,0.1,6,757,fallback
26.71331717751243,-19.031618291681465,0.470350871455263,1.0,unknown,0.0,0.5185649702895296,0.1,11,758,fallback
27.137089824676515,-17.266480731964112,0.4368678104598075,1.0,unknown,0.0,0.5228685473930366,0.1,20,759,fallback
26.15005874633789,-11.466320991516113,-1.3397866487503052,1.0,vehicle,0.0,0.7593395143274528,0.05,1,760,annotation
27.734135627746582,-6.706498205661774,-1.337263062596321,1.0,unknown,0.0,0.5197958624943506,0.1,8,761,fallback
27.563861846923828,-5.910316467285156,-1.3208520412445068,1.0,unknown,0.0,0.5204288176389978,0.1,1,762,fallback
26.709302186965942,-2.665515720844269,0.30686754710040987,1.0,vehicle,0.0,0.7746941478148182,0.05,8,763,annotation
26.784809259267952,-0.9830767099673932,0.5703891894350258,1.0,vehicle,0.0,0.7700142088325977,0.05,13,764,annotation
26.778958638509113,0.3536190311941836,0.3425128063342224,1.0,vehicle,0.0,0.7747818678882179,0.05,9,765,annotation
26.254977416992187,17.108191108703615,0.3000876088626683,1.0,vehicle,0.0,0.7626071417178748,0.05,10,766,annotation
26.204177644517685,18.878529654608833,0.17938477773633268,1.0,vehicle,0.0,0.7583921538012036,0.05,9,767,annotation
27.2037779490153,21.621001561482746,0.8228862285614014,1.0,unknown,0.0,0.5010366717059056,0.1,6,768,fallback
27.185272742962017,25.363177463926117,3.231590069573501,1.0,unknown,0.0,0.5397911017779674,0.1,29,769,fallback
26.970216851485404,26.731226067793997,3.164207333012631,1.0,unknown,0.0,0.5311169451045672,0.1,19,770,fallback
26.607544898986816,28.8875732421875,7.441622495651245,1.0,unknown,0.0,0.48723632628582814,0.1,2,771,fallback
26.791077613830566,30.497621536254883,6.710528612136841,1.0,unknown,0.0,0.4836155309375074,0.1,2,772,fallback
28.51563024520874,-34.256484031677246,6.49570620059967,1.0,unknown,0.0,0.4984876974302368,0.1,4,773,fallback
28.5009822845459,-33.95718510945638,5.853859901428223,1.0,unknown,0.0,0.4879787802441753,0.1,3,774,fallback
28.98312547471788,-20.592721727159287,6.38991732067532,1.0,unknown,0.0,0.5118817852017753,0.1,9,775,fallback
29.34126589848445,-18.887172258817234,6.10221529006958,1.0,unknown,0.0,0.5149470421814947,0.1,13,776,fallback
28.815346082051594,-16.853490193684895,1.3175029229993622,1.0,unknown,0.0,0.5806456382875664,0.1,6,777,fallback
28.024024963378906,-15.952195167541504,-0.0119388522580266,1.0,vehicle,0.0,0.74826134923257,0.05,1,778,annotation
29.20140732659234,-10.92104721069336,-1.4622502989239163,1.0,unknown,0.0,0.5121736326322053,0.1,9,779,fallback
28.585259119669598,-8.95446851518419,-1.4044163094626532,1.0,unknown,0.0,0.5157002751971218,0.1,9,780,fallback
28.151547114054363,-7.755733013153076,-1.368645469347636,1.0,unknown,0.0,0.5175318210513782,0.1,3,781,fallback
29.507784366607666,1.6981499791145325,-0.688888356089592,1.0,unknown,0.0,0.5165187986040309,0.1,4,782,fallback
28.46086311340332,2.798939916822645,-0.6661156482166715,1.0,unknown,0.0,0.5194112028695255,0.1,9,783,fallback
28.34211794535319,4.245365937550862,-0.0042226930769781275,1.0,unknown,0.0,0.536821945420868,0.1,3,784,fallback
29.00594711303711,16.530739466349285,0.009573689041038355,1.0,unknown,0.0,0.5048488839940206,0.1,3,785,fallback
29.0319881439209,21.46564483642578,2.5836408972740172,1.0,unknown,0.0,0.5663774656699078,0.1,5,786,fallback
29.849746227264404,23.038719654083252,5.570964932441711,1.0,unknown,0.0,0.531983895107986,0.1,4,787,fallback
28.83246387134899,25.21686380559748,3.780887712131847,1.0,unknown,0.0,0.5410766793348183,0.1,11,788,fallback
28.1909236907959,27.136455535888672,4.60711669921875,1.0,unknown,0.0,0.48761159095411566,0.1,1,789,fallback
29.22922706604004,74.787353515625,1.9326235055923462,1.0,unknown,0.0,0.3641110968791988,0.2,1,790,fallback
31.569064903259278,-34.39374771118164,4.887048673629761,1.0,unknown,0.0,0.5023848759299027,0.1,10,791,fallback
30.504588890075684,-23.458699798583986,6.578530025482178,1.0,unknown,0.0,0.5045942112755495,0.1,10,792,fallback
30.7908353805542,-21.58592700958252,6.155564308166504,1.0,unknown,0.0,0.4953926796657815,0.1,2,793,fallback
30.86186981201172,-18.91583040025499,5.652677853902181,1.0,unknown,0.0,0.5462886913894506,0.1,9,794,fallback
30.632441329956055,-16.945999272664388,6.293312899271647,1.0,unknown,0.0,0.5123356069399456,0.1,15,795,fallback
31.68705940246582,-15.891658306121826,6.659192800521851,1.0,unknown,0.0,0.500119429378356,0.1,2,796,fallback
30.49299971262614,-12.292536894480387,-1.0281266669432323,1.0,vehicle,0.0,0.7581188178064455,0.05,6,797,annotation
30.09271240234375,-11.955361366271973,-1.518492341041565,1.0,unknown,0.0,0.5078582579621155,0.1,1,798,fallback
31.86325454711914,3.974339723587036,-0.0005262005724944174,1.0,vehicle,0.0,0.7486695204041997,0.05,1,799,annotation
31.454631805419922,21.165494918823242,4.456878185272217,1.0,unknown,0.0,0.49126193102325233,0.1,1,800,fallback
31.356487062242294,22.94873587290446,3.2875832782851324,1.0,unknown,0.0,0.5190135712342279,0.1,18,801,fallback
30.385730107625324,24.15042495727539,4.870318094889323,1.0,unknown,0.0,0.5019606979190095,0.1,3,802,fallback
30.053800582885742,75.56963348388672,1.9573140144348145,1.0,unknown,0.0,0.3610204846523309,0.2,1,803,fallback
30.891141891479492,76.4278335571289,1.983883023262024,1.0,unknown,0.0,0.35769596140305054,0.2,1,804,fallback
33.37742148505317,-34.681217193603516,5.982691764831543,1.0,unknown,0.0,0.5232517169626641,0.1,9,805,fallback
33.989105224609375,-22.377756118774414,5.697455883026123,1.0,unknown,0.0,0.4829172035627942,0.1,1,806,fallback
32.19317817687988,-20.690195083618164,6.26921272277832,1.0,unknown,0.0,0.5194642826520804,0.1,2,807,fallback
33.95582580566406,-19.911794662475586,6.44587516784668,1.0,unknown,0.0,0.48690978425192566,0.1,1,808,fallback
33.258785247802734,-17.044642448425293,6.561765432357788,1.0,unknown,0.0,0.5028406093000436,0.1,2,809,fallback
32.72972806294759,-15.121805349985758,6.053039312362671,1.0,unknown,0.0,0.5088478765290764,0.1,6,810,fallback
32.826148478190106,-12.946238009134929,6.228246466318766,1.0,unknown,0.0,0.5098011325734536,0.1,15,811,fallback
33.10171556472778,-11.54371702671051,4.741377241909504,1.0,unknown,0.0,0.6049075225045085,0.1,8,812,fallback
32.32835578918457,3.7495744228363037,-0.0006556091539096087,1.0,vehicle,0.0,0.7473653080983735,0.05,2,813,annotation
32.088629404703774,4.436360836029053,0.5014162011793815,1.0,vehicle,0.0,0.7594213990951718,0.05,3,814,annotation
33.97921371459961,17.245718002319336,7.202260971069336,1.0,unknown,0.0,0.4906845776515627,0.1,1,815,fallback
33.00845527648926,21.799695014953613,4.649781227111816,1.0,unknown,0.0,0.486334467948472,0.1,2,816,fallback
32.48012733459473,22.805715878804524,3.268164316813151,1.0,unknown,0.0,0.5245776683314121,0.1,6,817,fallback
33.21298599243164,24.92363739013672,7.857860565185547,1.0,unknown,0.0,0.48042628185047886,0.1,1,818,fallback
33.52695777199485,27.666647477583453,4.28129092129794,1.0,unknown,0.0,0.5244387037783123,0.1,11,819,fallback
33.271629333496094,28.679576635360718,5.82110458612442,1.0,unknown,0.0,0.5208994305853999,0.1,8,820,fallback
32.50628662109375,56.1362419128418,7.64904260635376,1.0,unknown,0.0,0.410394175488224,0.2,1,821,fallback
33.54490725199381,69.1942990620931,4.538697461287181,1.0,unknown,0.0,0.46211358726230134,0.1,6,822,fallback
32.6328493754069,70.29699961344402,2.468306382497152,1.0,unknown,0.0,0.40039742237302567,0.2,3,823,fallback
33.128360748291016,77.7024917602539,11.961075782775879,1.0,unknown,0.0,0.3515902732636509,0.2,1,824,fallback
35.16582107543945,-34.733111308171196,4.459600707587715,1.0,unknown,0.0,0.5225088410785663,0.1,26,825,fallback
34.48532146877713,-23.214371151394314,5.604765256245931,1.0,unknown,0.0,0.5058857624052915,0.1,9,826,fallback
34.626906077067055,-20.83587137858073,5.023192564646403,1.0,unknown,0.0,0.49816815470917963,0.1,3,827,fallback
34.281394958496094,-18.948811213175457,3.9368230948845544,1.0,unknown,0.0,0.5795427563710608,0.1,3,828,fallback
34.58989715576172,-16.230262756347656,7.179389476776123,1.0,unknown,0.0,0.4903747770799275,0.1,1,829,fallback
35.19482549031576,-15.405193169911703,7.220162232716878,1.0,unknown,0.0,0.4920474033372151,0.1,6,830,fallback
35.05060958862305,-13.323119163513184,6.144562721252441,1.0,unknown,0.0,0.4925079708112028,0.1,1,831,fallback
35.07564353942871,-10.907708883285522,6.906419634819031,1.0,unknown,0.0,0.4974542960084274,0.1,4,832,fallback
35.92289924621582,-4.2519073486328125,5.935983180999756,1.0,unknown,0.0,0.49677261416598817,0.1,2,833,fallback
34.968135833740234,17.108606338500977,7.357372760772705,1.0,unknown,0.0,0.4933772031245406,0.1,2,834,fallback
34.9083984375,27.29672794342041,4.600201559066773,1.0,unknown,0.0,0.5430410499206108,0.1,10,835,fallback
34.51736958821615,28.718231519063313,6.330448905626933,1.0,unknown,0.0,0.5175686324079952,0.1,6,836,fallback
35.35872014363607,67.29823811848958,5.025935633977254,1.0,unknown,0.0,0.4411804347880479,0.2,15,837,fallback
34.30339241027832,68.4809799194336,3.855325162410736,1.0,unknown,0.0,0.4367407069853374,0.2,8,838,fallback
35.287620544433594,70.02845001220703,9.247787475585938,1.0,unknown,0.0,0.36974949570043214,0.2,1,839,fallback
35.28760242462158,73.43319511413574,11.05195665359497,1.0,unknown,0.0,0.3872650887164206,0.2,4,840,fallback
37.104398012161255,-35.00233578681946,4.300268992781639,1.0,unknown,0.0,0.5210454599056715,0.1,16,841,fallback
36.92615509033203,-22.19123077392578,5.034337162971497,1.0,unknown,0.0,0.5117949633767731,0.1,2,842,fallback
36.19374656677246,-21.899115562438965,3.9278088808059692,1.0,unknown,0.0,0.4782922111373864,0.1,2,843,fallback
37.90944290161133,-19.589092254638672,1.9745912551879883,1.0,unknown,0.0,0.47698544782626673,0.1,1,844,fallback
37.27052879333496,-12.928615093231201,5.763326048851013,1.0,unknown,0.0,0.4995996374398344,0.1,4,845,fallback
36.914424896240234,-11.2954740524292,6.786420106887817,1.0,unknown,0.0,0.50096690067374,0.1,2,846,fallback
37.2866408030192,-6.739606618881226,-0.8862817585468292,1.0,unknown,0.0,0.4915427104141633,0.1,6,847,fallback
37.15445763724191,-4.794799532209124,4.763485584940229,1.0,unknown,0.0,0.5703518891117908,0.1,7,848,fallback
37.318172454833984,-3.156696856021881,6.833269000053406,1.0,unknown,0.0,0.5094363383285031,0.1,4,849,fallback
37.935577392578125,-0.8533380627632141,7.146126747131348,1.0,unknown,0.0,0.4911644784717055,0.1,1,850,fallback
36.34722328186035,17.412303924560547,7.616583347320557,1.0,unknown,0.0,0.48619185468503334,0.1,2,851,fallback
37.28644943237305,21.276168823242188,1.0126585960388184,1.0,unknown,0.0,0.4762110562213816,0.1,1,852,fallback
36.049495697021484,28.837501525878906,3.2556238174438477,1.0,unknown,0.0,0.4665062863939964,0.1,1,853,fallback
37.10680898030599,65.46316189236111,5.519398702515496,1.0,unknown,0.0,0.4479119363618449,0.2,9,854,fallback
36.28526814778646,66.47114817301433,3.587760806083679,1.0,unknown,0.0,0.4444440088059285,0.2,6,855,fallback
37.82998275756836,71.94965362548828,9.585384368896484,1.0,unknown,0.0,0.3611337615199863,0.2,1,856,fallback
39.02175223309061,-34.97227461441703,3.757977678966911,1.0,unknown,0.0,0.5355979411506364,0.1,23,857,fallback
39.304250717163086,-33.147658348083496,8.418691873550415,1.0,unknown,0.0,0.4520066990464028,0.1,4,858,fallback
38.84179552863626,-27.57925381379969,4.632073107887717,1.0,unknown,0.0,0.514511571360523,0.1,17,859,fallback
39.1503402709961,-18.50415916442871,1.4999140003696083,1.0,unknown,0.0,0.5509069443333562,0.1,10,860,fallback
39.09299278259277,-17.0061674118042,3.07010255753994,1.0,unknown,0.0,0.5307727467100428,0.1,8,861,fallback
39.11299209594726,-14.735589790344239,5.6684023380279545,1.0,unknown,0.0,0.5180635212359863,0.1,5,862,fallback
39.184660230364116,-13.541935103280204,5.260161775164306,1.0,unknown,0.0,0.5569911169220049,0.1,7,863,fallback
39.324541909354075,-11.140391758510045,5.743904420307705,1.0,unknown,0.0,0.5742040317639612,0.1,7,864,fallback
38.38315200805664,-8.709105173746744,1.9114742477734883,1.0,unknown,0.0,0.6175284377906964,0.1,3,865,fallback
38.653445434570315,-3.1062475204467774,6.733355522155762,1.0,unknown,0.0,0.5008575886671358,0.1,5,866,fallback
38.32807731628418,-1.019477553665638,6.985637426376343,1.0,unknown,0.0,0.5006762920886758,0.1,4,867,fallback
39.691865234375,1.2046876671910285,3.3024409663816914,1.0,unknown,0.0,0.5428308058789579,0.1,25,868,fallback
39.358466557094026,3.120976618358067,0.13020705428165716,1.0,unknown,0.0,0.49703727111694174,0.1,7,869,fallback
38.75135803222656,17.466407775878906,8.030810356140137,1.0,unknown,0.0,0.4774825958960275,0.1,1,870,fallback
38.809163411458336,21.556886672973633,1.0469918251037598,1.0,unknown,0.0,0.47222659758967467,0.1,3,871,fallback
38.86156463623047,63.771615982055664,4.4069018959999084,1.0,unknown,0.0,0.4663868234442975,0.1,2,872,fallback
38.275428771972656,64.57870483398438,1.801230549812317,1.0,unknown,0.0,0.37979174506377644,0.2,1,873,fallback
38.96451950073242,73.08244323730469,9.76561164855957,1.0,unknown,0.0,0.3565377380664996,0.2,1,874,fallback
41.47377967834473,-35.329060554504395,-0.338055107742548,1.0,unknown,0.0,0.45955565359017836,0.1,4,875,fallback
40.05231285095215,-27.65565299987793,3.9514726400375366,1.0,unknown,0.0,0.477669544475235,0.1,2,876,fallback
40.29876708984375,-23.302640914916992,6.520749568939209,1.0,unknown,0.0,0.4653467389455609,0.1,1,877,fallback
41.09814453125,-20.128007888793945,7.498130798339844,1.0,unknown,0.0,0.4677129005720283,0.1,1,878,fallback
40.41111946105957,-19.460784912109375,4.709638714790344,1.0,unknown,0.0,0.556494159605082,0.1,2,879,fallback
40.472723642985024,-16.785555203755695,4.949144562085469,1.0,unknown,0.0,0.5374201595140425,0.1,6,880,fallback
40.626304626464844,-14.079246520996094,6.027819633483887,1.0,unknown,0.0,0.476009704660344,0.1,1,881,fallback
40.93478121076311,-12.64858627319336,2.6242520535098657,1.0,unknown,0.0,0.6043381727844372,0.1,7,882,fallback
40.54464912414551,-11.1908597946167,3.3148727814356485,1.0,unknown,0.0,0.6195645543338084,0.1,6,883,fallback
40.35687446594238,-6.198039293289185,7.683928728103638,1.0,unknown,0.0,0.48290576719524536,0.1,2,884,fallback
41.47416019439697,-5.328888177871704,7.871529221534729,1.0,unknown,0.0,0.48277279479680624,0.1,4,885,fallback
40.90368207295736,-2.6826177835464478,7.064248164494832,1.0,unknown,0.0,0.49959729162955147,0.1,6,886,fallback
40.739845275878906,-0.7277300010124842,5.407468159993489,1.0,unknown,0.0,0.4990560202681664,0.1,3,887,fallback
40.29320793151855,1.485343301296234,3.311397057771683,1.0,unknown,0.0,0.5559026093264333,0.1,10,888,fallback
40.4056510925293,2.2004404067993164,3.3055793046951294,1.0,unknown,0.0,0.49986421621691446,0.1,2,889,fallback
40.73405075073242,17.538500005548652,3.7258844158866187,1.0,unknown,0.0,0.5638706842864528,0.1,11,890,fallback
40.442178853352864,18.89215520222982,2.7403902371724445,1.0,unknown,0.0,0.5550939977743999,0.1,15,891,fallback
40.64709548950195,20.81319408416748,1.942541205883026,1.0,unknown,0.0,0.5315432676471226,0.1,10,892,fallback
41.62070274353027,23.579803466796875,2.808124303817749,1.0,unknown,0.0,0.47965719747300584,0.1,2,893,fallback
40.9420166015625,25.943531036376953,2.2826530933380127,1.0,unknown,0.0,0.45959078524954944,0.1,1,894,fallback
41.179609298706055,26.259883880615234,2.8752377033233643,1.0,unknown,0.0,0.4779848123540116,0.1,2,895,fallback
41.43330001831055,28.30486297607422,3.5354409217834473,1.0,unknown,0.0,0.45446444749988446,0.1,1,896,fallback
41.382869720458984,49.88374328613281,4.58167028427124,1.0,unknown,0.0,0.4105562606951936,0.2,1,897,fallback
41.02222442626953,51.25210475921631,4.253998577594757,1.0,unknown,0.0,0.4290269204481567,0.2,4,898,fallback
41.489383697509766,53.739871978759766,3.2165935039520264,1.0,unknown,0.0,0.4013235772136743,0.2,1,899,fallback
41.95711135864258,55.021915435791016,3.278580665588379,1.0,unknown,0.0,0.39741798404952355,0.2,1,900,fallback
41.5330924987793,56.12877082824707,3.309120774269104,1.0,unknown,0.0,0.39569541754546406,0.2,2,901,fallback
40.70959281921387,74.77128982543945,10.037919998168945,1.0,unknown,0.0,0.35271385183298015,0.2,2,902,fallback
42.90216382344564,-35.19115702311198,0.4086881034697096,1.0,unknown,0.0,0.4583817517057184,0.1,6,903,fallback
43.338218688964844,-22.154808044433594,7.975156307220459,1.0,unknown,0.0,0.45898174611520604,0.1,1,904,fallback
43.50857353210449,-21.77023410797119,7.97194504737854,1.0,unknown,0.0,0.459219309749201,0.1,2,905,fallback
42.8858642578125,-14.210159301757812,-1.0588123798370361,1.0,unknown,0.0,0.46946353322929035,0.1,1,906,fallback
42.55166244506836,-13.829028129577637,-1.048513412475586,1.0,unknown,0.0,0.47077267803226786,0.1,1,907,fallback
42.23356628417969,-11.202263832092285,8.218762397766113,1.0,unknown,0.0,0.47391802746221734,0.1,1,908,fallback
42.52022743225098,-5.273035764694214,8.065311908721924,1.0,unknown,0.0,0.47934651529190553,0.1,2,909,fallback
42.97239303588867,-0.33342617750167847,8.09468936920166,1.0,unknown,0.0,0.47752456435674484,0.1,2,910,fallback
42.57875442504883,0.037220705300569534,8.020647048950195,1.0,unknown,0.0,0.4772636879195048,0.1,1,911,fallback
42.60542011260986,17.219759464263916,8.130037486553192,1.0,unknown,0.0,0.4877857464383627,0.1,8,912,fallback
42.06868362426758,18.102048873901367,8.65149974822998,1.0,unknown,0.0,0.46760595050073495,0.1,1,913,fallback
42.76689910888672,20.356155395507812,8.375307083129883,1.0,unknown,0.0,0.48032466183009015,0.1,2,914,fallback
43.31374867757162,22.947723388671875,3.449025551478068,1.0,unknown,0.0,0.45888380991867517,0.1,3,915,fallback
42.06018829345703,24.319549560546875,2.286386489868164,1.0,unknown,0.0,0.4592450708518556,0.1,1,916,fallback
42.19923400878906,26.392539978027344,3.5050079822540283,1.0,unknown,0.0,0.45568130171749155,0.1,1,917,fallback
42.795101165771484,50.39316940307617,4.672885417938232,1.0,unknown,0.0,0.4066618295524491,0.2,1,918,fallback
42.90667724609375,52.97941970825195,4.819758415222168,1.0,unknown,0.0,0.4004756327859388,0.2,1,919,fallback
43.095063018798825,59.45053482055664,4.507375860214234,1.0,unknown,0.0,0.4120008871373574,0.2,5,920,fallback
45.75600051879883,-20.4531307220459,8.214375495910645,1.0,unknown,0.0,0.454642162630993,0.1,1,921,fallback
45.24888801574707,-19.164923191070557,3.977846410125494,1.0,unknown,0.0,0.5708795675660766,0.1,4,922,fallback
45.148983001708984,-12.541674137115479,-0.009558177553117275,1.0,unknown,0.0,0.4644265285778023,0.1,2,923,fallback
45.40071805318197,12.82763703664144,8.333409945170084,1.0,unknown,0.0,0.48135743542970844,0.1,6,924,fallback
44.9586124420166,14.164767265319824,7.760270118713379,1.0,unknown,0.0,0.4656413627749725,0.1,2,925,fallback
44.799367904663086,17.494919776916504,6.778208494186401,1.0,unknown,0.0,0.46159584767310957,0.1,2,926,fallback
44.668296813964844,18.71423625946045,7.983780384063721,1.0,unknown,0.0,0.49680287416260804,0.1,4,927,fallback
44.6237434387207,20.94903678894043,5.335289478302002,1.0,unknown,0.0,0.5358635243617837,0.1,5,928,fallback
44.1282844543457,22.19646453857422,3.4741780757904053,1.0,unknown,0.0,0.456811279976975,0.1,1,929,fallback
45.12651104397244,24.886741426255966,4.172143220901489,1.0,unknown,0.0,0.4839978443901456,0.1,9,930,fallback
45.051551818847656,26.025123596191406,4.879791736602783,1.0,unknown,0.0,0.4489149449327381,0.2,1,931,fallback
44.97490692138672,57.5749626159668,3.461304187774658,1.0,unknown,0.0,0.385822977583515,0.2,1,932,fallback
44.079586029052734,58.511043548583984,3.47149395942688,1.0,unknown,0.0,0.38522973564484986,0.2,1,933,fallback
46.72720591227213,-35.473838806152344,0.8855212361862262,1.0,unknown,0.0,0.4499546614325509,0.2,3,934,fallback
47.1736806233724,-20.596290588378906,0.5853881989605725,1.0,unknown,0.0,0.4806575786109939,0.1,6,935,fallback
46.93731129964193,-18.956592814127603,2.182231441326439,1.0,unknown,0.0,0.5201096113511631,0.1,15,936,fallback
46.96315383911133,-17.742882410685223,3.0884734789530435,1.0,unknown,0.0,0.5435853026185344,0.1,3,937,fallback
47.35707473754883,-2.1382358074188232,8.928031921386719,1.0,unknown,0.0,0.46278403317280714,0.1,1,938,fallback
46.31191889444987,3.6453930536905923,1.0793309211730957,1.0,vehicle,0.0,0.7056835892950013,0.05,3,939,annotation
46.26081848144531,4.455798149108887,1.0804412364959717,1.0,vehicle,0.0,0.7055752634090008,0.05,1,940,annotation
46.904279708862305,13.55554755528768,8.245993852615356,1.0,unknown,0.0,0.4882723038051614,0.1,6,941,fallback
47.36653518676758,14.510105609893799,6.390181303024292,1.0,unknown,0.0,0.47473399929948557,0.1,2,942,fallback
46.698617935180664,16.69095516204834,6.987111330032349,1.0,unknown,0.0,0.5318471821036554,0.1,2,943,fallback
46.14194107055664,19.591663360595703,7.0665364265441895,1.0,unknown,0.0,0.4546131389018886,0.1,1,944,fallback
47.23011589050293,21.370610237121582,6.075594425201416,1.0,unknown,0.0,0.5115747350731168,0.1,4,945,fallback
46.91897286309136,22.790265401204426,5.443541182412042,1.0,unknown,0.0,0.47693113459657277,0.1,9,946,fallback
46.41750946044922,24.449892425537108,3.2035125732421874,1.0,unknown,0.0,0.49561818864814566,0.1,5,947,fallback
46.3312873840332,28.954504013061523,5.768709421157837,1.0,unknown,0.0,0.4609932848610473,0.1,2,948,fallback
47.84061050415039,30.299869537353516,5.313544750213623,1.0,unknown,0.0,0.4351139942004809,0.2,1,949,fallback
47.765045166015625,59.01634216308594,3.5962743759155273,1.0,unknown,0.0,0.3772285056505149,0.2,1,950,fallback
48.121463775634766,-36.10456466674805,1.3747409582138062,1.0,unknown,0.0,0.4245202676443527,0.2,1,951,fallback
48.0601921081543,-19.104677200317383,2.3974246978759766,1.0,unknown,0.0,0.4498454421951801,0.2,1,952,fallback
48.78621292114258,-17.764270782470703,1.19259774684906,1.0,unknown,0.0,0.44924065039754435,0.2,1,953,fallback
49.928565979003906,-13.087776184082031,-0.009552390314638615,1.0,vehicle,0.0,0.6901537398724807,0.1,1,954,annotation
48.288665771484375,12.960892677307129,8.228551864624023,1.0,unknown,0.0,0.4550066007157475,0.1,1,955,fallback
49.21003341674805,19.246706008911133,6.198708534240723,1.0,unknown,0.0,0.44648007150633007,0.2,1,956,fallback
48.55734198434012,21.506855828421457,5.516204731804984,1.0,unknown,0.0,0.48259527508678757,0.1,7,957,fallback
48.51150817871094,22.906308364868163,6.794034814834594,1.0,unknown,0.0,0.5049190378263662,0.1,5,958,fallback
48.63766098022461,24.104604721069336,5.087879657745361,1.0,unknown,0.0,0.44215072517976517,0.2,1,959,fallback
48.970157623291016,57.692161560058594,4.759816408157349,1.0,unknown,0.0,0.4051374842457822,0.2,3,960,fallback
48.386576334635414,58.37882868448893,3.5910237630208335,1.0,unknown,0.0,0.3775905248694309,0.2,3,961,fallback
50.04133987426758,-12.3503098487854,-0.00914029125124216,1.0,vehicle,0.0,0.6903741031818016,0.1,2,962,annotation
50.36665344238281,-11.960225105285645,-0.008902146480977535,1.0,vehicle,0.0,0.6896982908272167,0.1,1,963,annotation
50.67588806152344,13.123507022857666,9.244720458984375,1.0,unknown,0.0,0.467783358140774,0.1,2,964,fallback
50.41421127319336,15.128660202026367,7.413218975067139,1.0,unknown,0.0,0.4470942638145815,0.2,1,965,fallback
50.58158874511719,21.521942138671875,5.149100303649902,1.0,unknown,0.0,0.44009026705314036,0.2,1,966,fallback
51.1641591389974,22.25032615661621,4.355352958043416,1.0,unknown,0.0,0.45745080025778784,0.1,3,967,fallback
51.767578125,40.435646057128906,7.725140571594238,1.0,unknown,0.0,0.4079357654142476,0.2,1,968,fallback
53.63671557108561,17.04158051808675,1.319549322128296,1.0,unknown,0.0,0.4362192196393829,0.2,6,969,fallback
53.56982231140137,18.398632049560547,1.3291202187538147,1.0,unknown,0.0,0.43512886105320703,0.2,2,970,fallback
52.635765075683594,33.79119682312012,5.135574579238892,1.0,unknown,0.0,0.44081236324515227,0.2,2,971,fallback
52.63253307342529,39.16266345977783,8.87938106060028,1.0,unknown,0.0,0.4310648733026584,0.2,4,972,fallback
52.161128997802734,54.706207275390625,3.576169490814209,1.0,unknown,0.0,0.37823586607434856,0.2,1,973,fallback
54.5498104095459,-23.23476791381836,8.313676357269287,1.0,unknown,0.0,0.42820051417993354,0.2,2,974,fallback
55.920494079589844,-20.417037963867188,6.944799900054932,1.0,unknown,0.0,0.4264065682173307,0.2,1,975,fallback
54.048301696777344,-8.610451698303223,-0.006720061879605055,1.0,unknown,0.0,0.4408103865867512,0.2,1,976,fallback
55.00569152832031,-1.000634916126728,7.730930805206299,1.0,unknown,0.0,0.4423484306987895,0.2,2,977,fallback
55.07649230957031,0.11184605956077576,7.739869594573975,1.0,unknown,0.0,0.43977018237616805,0.2,1,978,fallback
54.23567008972168,15.860978126525879,1.3237777352333069,1.0,unknown,0.0,0.43552693599895587,0.2,2,979,fallback
54.2330207824707,41.39980697631836,4.810922145843506,1.0,unknown,0.0,0.40031370087908946,0.2,1,980,fallback
56.329219818115234,-23.962289810180664,7.139318943023682,1.0,unknown,0.0,0.42135754563723093,0.2,1,981,fallback
57.135358810424805,-20.65494728088379,5.651956796646118,1.0,unknown,0.0,0.4232504306605779,0.2,2,982,fallback
57.626394271850586,-18.41826343536377,5.629653692245483,1.0,unknown,0.0,0.42392110581638764,0.2,2,983,fallback
57.20213222503662,-2.6861453652381897,8.045195698738098,1.0,unknown,0.0,0.43507828432552587,0.2,4,984,fallback
57.29542541503906,-0.34458791464567184,6.028198719024658,1.0,unknown,0.0,0.45708706236483776,0.1,2,985,fallback
59.39579200744629,-20.849884033203125,2.9227418303489685,1.0,unknown,0.0,0.4645680108292436,0.1,2,986,fallback
59.15015538533529,-19.485546112060547,2.643842875957489,1.0,unknown,0.0,0.4607890890854073,0.1,6,987,fallback
59.76268768310547,-4.363498687744141,8.417129516601562,1.0,unknown,0.0,0.42523467898630407,0.2,1,988,fallback
58.8555793762207,-2.9242756366729736,7.5866241455078125,1.0,unknown,0.0,0.4519093315552706,0.1,2,989,fallback
59.69569206237793,-1.0412228405475616,6.276825666427612,1.0,unknown,0.0,0.4495848880388631,0.2,2,990,fallback
58.99600346883138,0.8227864603201548,3.437266230583191,1.0,unknown,0.0,0.4502559440236221,0.1,6,991,fallback
59.187089920043945,47.14150810241699,5.337376356124878,1.0,unknown,0.0,0.378221306962195,0.2,2,992,fallback
61.841026306152344,-24.207965850830078,7.74738073348999,1.0,unknown,0.0,0.40576886963353687,0.2,1,993,fallback
61.01201629638672,-20.15810203552246,6.995211601257324,1.0,unknown,0.0,0.4366616633034044,0.2,3,994,fallback
61.19140497843424,-19.67713165283203,5.990002473195394,1.0,unknown,0.0,0.48184053207613176,0.1,3,995,fallback
61.93357849121094,-16.736974716186523,10.525434494018555,1.0,unknown,0.0,0.41253428823191574,0.2,1,996,fallback
61.566659927368164,-15.106467247009277,10.402132034301758,1.0,unknown,0.0,0.41599022230079186,0.2,2,997,fallback
60.526161193847656,0.5270516872406006,5.646993637084961,1.0,unknown,0.0,0.42341463233205745,0.2,1,998,fallback
60.658050537109375,45.80249786376953,3.586745262145996,1.0,unknown,0.0,0.3769749769220313,0.2,1,999,fallback
60.19090461730957,46.28128433227539,3.5834444761276245,1.0,unknown,0.0,0.37726023794012586,0.2,2,1000,fallback
62.780094146728516,-19.431660652160645,3.7898014187812805,1.0,unknown,0.0,0.48179098702396317,0.1,2,1001,fallback
63.45654296875,-17.11024761199951,8.446396589279175,1.0,unknown,0.0,0.4327213081282587,0.2,2,1002,fallback
62.887739181518555,-15.241326808929443,9.838295459747314,1.0,unknown,0.0,0.43134074242319387,0.2,2,1003,fallback
62.71444829305013,43.63967259724935,4.7901025613149,1.0,unknown,0.0,0.40315051871109686,0.2,3,1004,fallback
64.84728749593098,-14.856041272481283,10.38119125366211,1.0,unknown,0.0,0.42566255141851295,0.2,3,1005,fallback
64.3500862121582,3.8006222248077393,1.4989947080612183,1.0,unknown,0.0,0.4116834869583088,0.2,2,1006,fallback
64.60490417480469,4.382371425628662,1.506239652633667,1.0,unknown,0.0,0.41073989240008446,0.2,1,1007,fallback
67.3061294555664,-23.706375122070312,10.010164260864258,1.0,unknown,0.0,0.39092299153468163,0.2,1,1008,fallback
66.1025161743164,-20.7346248626709,9.719685554504395,1.0,unknown,0.0,0.39716543642853086,0.2,1,1009,fallback
66.54021453857422,-19.193309783935547,9.717486381530762,1.0,unknown,0.0,0.39734817336421535,0.2,2,1010,fallback
67.37580108642578,33.86354446411133,12.427531242370605,1.0,unknown,0.0,0.378778551102257,0.2,1,1011,fallback
67.2953109741211,34.296142578125,12.448345184326172,1.0,unknown,0.0,0.37840794702023484,0.2,1,1012,fallback
68.11186218261719,-37.60505676269531,-0.021113097667694092,1.0,unknown,0.0,0.37158985759615254,0.2,1,1013,fallback
69.15418243408203,-16.83025550842285,1.6415753364562988,1.0,unknown,0.0,0.3914817899160685,0.2,1,1014,fallback
69.41827646891277,-12.948533693949381,9.914392789204916,1.0,unknown,0.0,0.39447378169433517,0.2,3,1015,fallback
69.37965393066406,-11.359532833099365,9.87134599685669,1.0,unknown,0.0,0.39635265482965176,0.2,2,1016,fallback
69.92295837402344,-9.580185890197754,9.91114616394043,1.0,unknown,0.0,0.3932713986604658,0.2,1,1017,fallback
69.24128723144531,9.45590877532959,9.83148193359375,1.0,unknown,0.0,0.39534807271547967,0.2,1,1018,fallback
69.03631337483723,10.734203338623047,3.2671619256337485,1.0,unknown,0.0,0.39554234632362373,0.2,3,1019,fallback
69.43704986572266,13.246155738830566,6.598821401596069,1.0,unknown,0.0,0.49961255234698787,0.1,2,1020,fallback
71.79634857177734,-29.52753448486328,7.222287654876709,1.0,unknown,0.0,0.3721066367434347,0.2,1,1021,fallback
70.97625160217285,-16.6465802192688,2.9650288224220276,1.0,unknown,0.0,0.41074808242407,0.2,4,1022,fallback
70.94758987426758,-14.955813884735107,5.91596382856369,1.0,unknown,0.0,0.5261244767861035,0.1,2,1023,fallback
71.46256764729817,-10.41627057393392,4.465306202570598,1.0,unknown,0.0,0.5172736773149241,0.1,3,1024,fallback
71.39305877685547,-9.463208198547363,1.6659206748008728,1.0,unknown,0.0,0.3890101520864947,0.2,2,1025,fallback
70.97252655029297,11.185242176055908,8.41339635848999,1.0,unknown,0.0,0.38971855514189635,0.2,2,1026,fallback
70.49706268310547,12.639280319213867,3.350776195526123,1.0,unknown,0.0,0.3901365892353928,0.2,1,1027,fallback
70.31820678710938,14.723909378051758,3.3629889488220215,1.0,unknown,0.0,0.38947043493258326,0.2,1,1028,fallback
70.80914974212646,21.153693199157715,4.326292186975479,1.0,unknown,0.0,0.41149470754589224,0.2,8,1029,fallback
70.43465423583984,22.608581066131592,3.899322509765625,1.0,unknown,0.0,0.40719783792786035,0.2,4,1030,fallback
72.63330841064453,-28.867958068847656,7.272085189819336,1.0,unknown,0.0,0.37052055859059846,0.2,1,1031,fallback
72.74700164794922,-27.961868286132812,7.2517476081848145,1.0,unknown,0.0,0.3711925344618785,0.2,1,1032,fallback
73.02862548828125,-16.732399940490723,7.042844295501709,1.0,unknown,0.0,0.49809598821116363,0.1,2,1033,fallback
72.92459869384766,-15.56040096282959,3.4670815467834473,1.0,unknown,0.0,0.3813012996125261,0.2,1,1034,fallback
72.50064849853516,-10.719398498535156,5.135473608970642,1.0,unknown,0.0,0.4978067854576407,0.1,2,1035,fallback
72.75581359863281,-7.400169372558594,10.27233600616455,1.0,unknown,0.0,0.3856064306496792,0.2,1,1036,fallback
73.624267578125,-4.923746109008789,10.36693000793457,1.0,unknown,0.0,0.3836338226615187,0.2,1,1037,fallback
73.78739929199219,6.278016567230225,3.4589128494262695,1.0,vehicle,0.0,0.6228380228827427,0.1,1,1038,annotation
73.73737335205078,8.364630699157715,8.686891555786133,1.0,unknown,0.0,0.3823691272973643,0.2,1,1039,fallback
73.01781158447265,10.53603515625,6.893035984039306,1.0,unknown,0.0,0.4186703108582174,0.2,5,1040,fallback
72.23575592041016,16.43816375732422,3.4690897464752197,1.0,unknown,0.0,0.38275248269114204,0.2,1,1041,fallback
72.1253433227539,20.413938522338867,5.260484218597412,1.0,unknown,0.0,0.3801241535451827,0.2,1,1042,fallback
75.94583892822266,-31.196165084838867,5.721110820770264,1.0,unknown,0.0,0.3586897474756511,0.2,1,1043,fallback
74.11556243896484,-16.345598220825195,10.654006958007812,1.0,unknown,0.0,0.3773101745980584,0.2,1,1044,fallback
75.37446594238281,-13.80964183807373,3.5646181106567383,1.0,unknown,0.0,0.3751127517365138,0.2,1,1045,fallback
74.10888671875,-11.87826156616211,8.768318176269531,1.0,unknown,0.0,0.3798356562491739,0.2,1,1046,fallback
74.41415405273438,20.588720321655273,5.418182373046875,1.0,vehicle,0.0,0.613370434635803,0.1,1,1047,annotation
76.96096801757812,-7.37384033203125,10.860569953918457,1.0,unknown,0.0,0.37305975537866487,0.2,1,1048,fallback
76.30986022949219,-5.299087762832642,8.94201374053955,1.0,unknown,0.0,0.3757310090751921,0.2,2,1049,fallback
78.71294911702473,-24.648182551066082,9.628338813781738,1.0,unknown,0.0,0.3588493597807689,0.2,3,1050,fallback
79.33795928955078,-14.589879035949707,7.516129970550537,1.0,unknown,0.0,0.36299506783822244,0.2,1,1051,fallback
78.43710327148438,-12.527545928955078,6.168374061584473,1.0,unknown,0.0,0.396191402895185,0.2,3,1052,fallback
79.14282836914063,-11.130339241027832,5.583697271347046,1.0,unknown,0.0,0.40378194750444324,0.2,5,1053,fallback
78.48872375488281,39.560333251953125,8.239633560180664,1.0,unknown,0.0,0.3413155341832154,0.2,1,1054,fallback
