x,y,elevation,occupancy,semantic_class,confidence,importance,resolution,point_count,region_id,semantic_source
-61.84023666381836,-48.919677734375,1.8398767709732056,1.0,unknown,0.0,0.3684494817962778,0.2,1,0,fallback
-60.96631622314453,33.96968460083008,3.317647695541382,1.0,unknown,0.0,0.3956259789961921,0.2,1,1,fallback
-60.63161087036133,34.24195861816406,3.309936761856079,1.0,unknown,0.0,0.3961020926368892,0.2,1,2,fallback
-61.3406867980957,70.71273803710938,2.235055685043335,1.0,unknown,0.0,0.3241677714397752,0.2,1,3,fallback
-59.44067128499349,-48.73680877685547,1.7937429745992024,1.0,unknown,0.0,0.37453401645679485,0.2,3,4,fallback
-59.88386535644531,-47.95228958129883,1.7901288270950317,1.0,unknown,0.0,0.3748489742472163,0.2,1,5,fallback
-52.97006607055664,-67.68236541748047,0.01236770860850811,1.0,unknown,0.0,0.34716172822441504,0.2,1,6,fallback
-53.12065505981445,-47.85005187988281,0.00912456400692463,1.0,unknown,0.0,0.39051717287852294,0.2,1,7,fallback
-52.89076614379883,-41.783905029296875,6.295350551605225,1.0,unknown,0.0,0.4027873624993288,0.2,1,8,fallback
-51.64882278442383,-66.78228759765625,0.012160221114754677,1.0,unknown,0.0,0.35172687966123206,0.2,1,9,fallback
-50.986328125,-48.36712837219238,1.640409529209137,1.0,unknown,0.0,0.39417136028213634,0.2,2,10,fallback
-51.30959701538086,-47.408834075927736,0.6574794771149755,1.0,unknown,0.0,0.4148965669013711,0.2,5,11,fallback
-50.13520812988281,-43.085636138916016,1.54263174533844,1.0,unknown,0.0,0.40668408984275717,0.2,1,12,fallback
-49.33041490827288,-43.16315514700754,2.410611982590386,1.0,unknown,0.0,0.4420817884020134,0.2,7,13,fallback
-48.22380828857422,52.4370002746582,3.3739469051361084,1.0,unknown,0.0,0.3912792191832554,0.2,1,14,fallback
-46.88737869262695,-45.026522636413574,0.008452564477920532,1.0,unknown,0.0,0.4099820111072856,0.2,4,15,fallback
-47.932796478271484,-41.092838287353516,7.389428615570068,1.0,unknown,0.0,0.41559152861964743,0.2,1,16,fallback
-47.710357666015625,-37.31702423095703,1.4130964279174805,1.0,unknown,0.0,0.4232871861021994,0.2,1,17,fallback
-46.04328536987305,48.91164779663086,3.1820197105407715,1.0,unknown,0.0,0.4034782871239452,0.2,1,18,fallback
-47.10080337524414,50.62179946899414,3.275061845779419,1.0,unknown,0.0,0.3975645393365633,0.2,1,19,fallback
-45.04883321126302,-38.7450205485026,0.00731507766370972,1.0,unknown,0.0,0.42674800090297593,0.2,3,20,fallback
-44.2553596496582,25.288225173950195,2.422837495803833,1.0,unknown,0.0,0.4520873428668476,0.1,1,21,fallback
-41.94347381591797,-59.0204963684082,0.010431617498397827,1.0,static_manmade,0.0,0.42528106462400905,0.2,1,22,annotation
-41.30419921875,67.99507904052734,5.6129279136657715,1.0,unknown,0.0,0.36632803092640365,0.2,1,23,fallback
-38.10349655151367,-76.52735137939453,1.996521234512329,1.0,unknown,0.0,0.348534002980183,0.2,1,24,fallback
-36.2192497253418,-77.10482788085938,3.983442783355713,1.0,unknown,0.0,0.349436119925306,0.2,1,25,fallback
-36.61097717285156,62.61594772338867,1.7212059497833252,1.0,unknown,0.0,0.3873992531500804,0.2,1,26,fallback
-36.20825958251953,71.2671890258789,7.506976127624512,1.0,unknown,0.0,0.36518662955788045,0.2,1,27,fallback
-35.228214263916016,-61.3900032043457,8.283926963806152,1.0,unknown,0.0,0.3926610347513072,0.2,1,28,fallback
-34.040042877197266,1.2556262016296387,3.210333824157715,1.0,unknown,0.0,0.5028104210491264,0.1,1,29,fallback
-34.23525161743164,7.673598384857177,4.805371856689453,1.0,unknown,0.0,0.5150455159433691,0.1,5,30,fallback
-34.69092051188151,8.257686614990234,5.195301055908203,1.0,unknown,0.0,0.5125062128876191,0.1,6,31,fallback
-34.535722732543945,19.147000312805176,0.9500493407249451,1.0,unknown,0.0,0.48662757220794206,0.1,2,32,fallback
-34.08850860595703,35.375858306884766,4.627483367919922,1.0,unknown,0.0,0.4576185224346534,0.1,1,33,fallback
-35.03960037231445,37.15159225463867,1.2203242778778076,1.0,unknown,0.0,0.4517938329839237,0.1,1,34,fallback
-34.93858337402344,61.347188313802086,1.6746391852696736,1.0,unknown,0.0,0.3932250692197934,0.2,3,35,fallback
-35.922645568847656,70.63931274414062,5.5864129066467285,1.0,unknown,0.0,0.3672540416186512,0.2,1,36,fallback
-32.93813705444336,-64.16041564941406,6.735991477966309,1.0,unknown,0.0,0.38863614377556993,0.2,1,37,fallback
-33.69197463989258,-26.039289474487305,0.9931150674819946,1.0,unknown,0.0,0.47725516150058434,0.1,1,38,fallback
-32.56834411621094,-19.61594009399414,1.7762136459350586,1.0,unknown,0.0,0.4909415093112841,0.1,1,39,fallback
-33.40989060835405,1.6736292947422375,2.3697033903815528,1.0,unknown,0.0,0.5208127619903201,0.1,11,40,fallback
-32.31152877807617,2.5164892196655275,2.3023339986801146,1.0,unknown,0.0,0.5247578954522452,0.1,5,41,fallback
-33.747825622558594,7.067177104949951,4.560401535034179,1.0,unknown,0.0,0.5178499981010696,0.1,5,42,fallback
-32.658321380615234,33.809715270996094,1.1235512495040894,1.0,unknown,0.0,0.46397884832781855,0.1,1,43,fallback
-33.66534169514974,34.64377466837565,3.805384079615275,1.0,unknown,0.0,0.5075230214001327,0.1,3,44,fallback
-33.305824279785156,57.76177978515625,4.704085826873779,1.0,unknown,0.0,0.40497172646312396,0.2,1,45,fallback
-32.82580439249674,58.74902852376302,3.7011917432149253,1.0,unknown,0.0,0.4215061602600074,0.2,3,46,fallback
-33.08508110046387,61.42371940612793,4.073064863681793,1.0,unknown,0.0,0.45449485726879,0.1,2,47,fallback
-32.07036209106445,72.2262191772461,7.418120384216309,1.0,unknown,0.0,0.36792150297501847,0.2,1,48,fallback
-31.550662994384766,-70.198486328125,7.1880574226379395,1.0,unknown,0.0,0.37411161492334283,0.2,1,49,fallback
-31.05725860595703,-32.55011749267578,-1.0382634401321411,1.0,unknown,0.0,0.4700312215801795,0.1,1,50,fallback
-30.033443450927734,-29.033557891845703,-0.9642292261123657,1.0,unknown,0.0,0.4796820169153163,0.1,1,51,fallback
-31.591853459676106,-18.615523020426433,1.4268144766489665,1.0,unknown,0.0,0.5049125364013106,0.1,3,52,fallback
-31.350085576375324,15.73836580912272,1.6659011244773865,1.0,unknown,0.0,0.5161695049334886,0.1,3,53,fallback
-30.875225067138672,28.864992141723633,5.987451553344727,1.0,unknown,0.0,0.47820013545514284,0.1,1,54,fallback
-30.768637657165527,31.442631721496582,2.2578180034955344,1.0,unknown,0.0,0.4904863474088096,0.1,6,55,fallback
-31.810449600219727,32.97540283203125,3.242168426513672,1.0,unknown,0.0,0.46754623664182315,0.1,1,56,fallback
-30.435230255126953,48.03831481933594,0.026872048154473305,1.0,unknown,0.0,0.4343956437183446,0.2,1,57,fallback
-31.699338912963867,57.26161575317383,4.6168413162231445,1.0,unknown,0.0,0.40864912392442043,0.2,1,58,fallback
-30.346317291259766,68.3705062866211,8.795258522033691,1.0,unknown,0.0,0.38059227747852264,0.2,1,59,fallback
-30.420076370239258,70.80081939697266,10.882065773010254,1.0,unknown,0.0,0.3738220735820884,0.2,1,60,fallback
-29.594964027404785,-76.88643264770508,7.694289684295654,1.0,unknown,0.0,0.35909291486118433,0.2,2,61,fallback
-28.556784947713215,-35.445313135782875,-0.5204460637178272,1.0,static_manmade,0.0,0.5188592230371522,0.1,6,62,annotation
-28.787601153055828,-33.45223490397135,1.5585876901944478,1.0,vehicle,0.0,0.740657404663941,0.05,6,63,annotation
-29.059939575195312,-30.651369094848633,0.006766242627054453,1.0,unknown,0.0,0.5047455136087202,0.1,5,64,fallback
-29.87709140777588,-29.386080741882324,-0.9672876298427582,1.0,unknown,0.0,0.4794195225025192,0.1,2,65,fallback
-28.937171936035156,-27.654834747314453,-0.9239712357521057,1.0,unknown,0.0,0.48491940939097444,0.1,1,66,fallback
-29.216065406799316,-16.806735038757324,1.1796438992023468,1.0,unknown,0.0,0.5135360473355001,0.1,2,67,fallback
-28.583617329597473,0.6904500813689083,2.1628596410155296,1.0,unknown,0.0,0.545012005386928,0.1,16,68,fallback
-29.1191349029541,13.547407150268555,0.7730109691619873,1.0,unknown,0.0,0.5086511218439763,0.1,1,69,fallback
-28.65897274017334,27.06063938140869,3.3180181086063385,1.0,unknown,0.0,0.5455192144155806,0.1,2,70,fallback
-28.949736913045246,28.507205327351887,2.5738162199656167,1.0,unknown,0.0,0.5387512792269347,0.1,3,71,fallback
-28.939638137817383,47.490108489990234,0.025388354435563087,1.0,unknown,0.0,0.4381608033481049,0.2,1,72,fallback
-28.289785385131836,50.97270202636719,0.0248654056340456,1.0,unknown,0.0,0.4301093061908361,0.2,1,73,fallback
-29.025667190551758,57.1246223449707,7.538898468017578,1.0,unknown,0.0,0.4127725136584006,0.2,1,74,fallback
-29.378894805908203,59.4887809753418,7.80507755279541,1.0,unknown,0.0,0.4059565105371711,0.2,1,75,fallback
-29.482080459594727,68.62811660766602,11.440328598022461,1.0,unknown,0.0,0.4035097910448734,0.2,2,76,fallback
-28.388721466064453,70.62004852294922,12.559272766113281,1.0,unknown,0.0,0.37666253737340116,0.2,1,77,fallback
-26.511028289794922,-60.464317321777344,3.0864412784576416,1.0,unknown,0.0,0.4070891982984728,0.2,2,78,fallback
-26.947782516479492,-59.58576774597168,3.0572746992111206,1.0,unknown,0.0,0.4091466621919806,0.2,2,79,fallback
-27.880962371826172,-47.513694763183594,-1.2705316543579102,1.0,unknown,0.0,0.4397302408924927,0.2,1,80,fallback
-27.03135395050049,-32.38150691986084,0.005583320977166295,1.0,vehicle,0.0,0.7184569644253488,0.05,4,81,annotation
-27.596988677978516,-31.726633071899414,0.005513206589967012,1.0,vehicle,0.0,0.7188510512467792,0.05,1,82,annotation
-27.40794610977173,-25.447551250457764,-0.8634384572505951,1.0,unknown,0.0,0.4929193038792802,0.1,4,83,fallback
-27.061731338500977,-23.29306411743164,-0.8244894742965698,1.0,unknown,0.0,0.4978826006143545,0.1,1,84,fallback
-26.846860885620117,-20.50831413269043,0.7877208590507507,1.0,unknown,0.0,0.5036486112981546,0.1,1,85,fallback
-26.198096618652343,-2.2767515087127688,1.7452416245138738,1.0,unknown,0.0,0.5565241375297985,0.1,25,86,fallback
-27.121248245239258,-1.1513739683880255,1.5200145980550308,1.0,unknown,0.0,0.5489112457340425,0.1,52,87,fallback
-27.6806697845459,1.47844401995341,4.140735467274983,1.0,unknown,0.0,0.5286518203819769,0.1,3,88,fallback
-26.675793329874676,22.90087381998698,2.202669382095337,1.0,unknown,0.0,0.5330876444673471,0.1,3,89,fallback
-26.446243047714233,24.83806800842285,2.5752570405602455,1.0,unknown,0.0,0.525975620533713,0.1,8,90,fallback
-26.567889404296874,26.542692565917967,1.7771213050931691,1.0,unknown,0.0,0.5226141047525342,0.1,5,91,fallback
-26.93380610148112,30.56883176167806,0.022984613354007404,1.0,unknown,0.0,0.48277919528651125,0.1,3,92,fallback
-26.278793334960938,48.65523910522461,0.022832537069916725,1.0,unknown,0.0,0.4391049565425371,0.2,1,93,fallback
-27.3955078125,50.03574752807617,0.02396484650671482,1.0,unknown,0.0,0.433866108233982,0.2,1,94,fallback
-27.05410671234131,56.87229347229004,7.408872842788696,1.0,unknown,0.0,0.4163548552983153,0.2,2,95,fallback
-26.097455978393555,64.80203247070312,8.213089942932129,1.0,unknown,0.0,0.39542083694244723,0.2,1,96,fallback
-27.63102626800537,66.88713455200195,8.49843692779541,1.0,unknown,0.0,0.42892890380578774,0.2,2,97,fallback
-27.89872169494629,70.53704833984375,12.516326904296875,1.0,unknown,0.0,0.37743830562595626,0.2,1,98,fallback
-25.75295066833496,-45.6756591796875,-1.209314227104187,1.0,unknown,0.0,0.4476935386367681,0.2,1,99,fallback
-24.201773325602215,-24.987953821818035,-0.8029558261235555,1.0,unknown,0.0,0.5008368075806479,0.1,3,100,fallback
-25.00851313273112,-18.851681391398113,2.1898273626963296,1.0,unknown,0.0,0.525365163684785,0.1,3,101,fallback
-25.429152488708496,-2.455488153866359,3.7543055159705028,1.0,unknown,0.0,0.5512474781393261,0.1,14,102,fallback
-25.339939498901366,-1.8554270267486572,4.419764423370362,1.0,unknown,0.0,0.5361294657162405,0.1,5,103,fallback
-25.979145050048828,22.347808837890625,4.857628345489502,1.0,unknown,0.0,0.5021940427967454,0.1,1,104,fallback
-25.45518966957375,24.724119539614076,2.247238748948331,1.0,unknown,0.0,0.5351933343548171,0.1,27,105,fallback
-24.31801414489746,31.81969451904297,0.020403319969773293,1.0,unknown,0.0,0.4848553832203464,0.1,1,106,fallback
-25.403106689453125,47.70613098144531,0.021950801834464073,1.0,unknown,0.0,0.4428558207512493,0.2,1,107,fallback
-24.44308090209961,61.67894744873047,7.800443172454834,1.0,unknown,0.0,0.40596279025938753,0.2,1,108,fallback
-24.320148468017578,62.864410400390625,4.746973752975464,1.0,unknown,0.0,0.4032232628080923,0.2,2,109,fallback
-24.2840518951416,65.58938598632812,4.924381256103516,1.0,unknown,0.0,0.3951783028984247,0.2,1,110,fallback
-23.898984909057617,-44.1517219543457,-1.1578770875930786,1.0,static_manmade,0.0,0.49188517907936496,0.1,1,111,annotation
-22.788986206054688,-43.30277760823568,-1.1285710334777832,1.0,static_manmade,0.0,0.495975612369612,0.1,3,112,annotation
-22.225088119506836,-18.913253784179688,-0.673952579498291,1.0,unknown,0.0,0.5174500634173749,0.1,1,113,fallback
-23.61354923248291,8.843817710876465,0.6068375110626221,1.0,unknown,0.0,0.5294478759323678,0.1,4,114,fallback
-22.137946844100952,11.303312301635742,1.4715309217572212,1.0,unknown,0.0,0.5463657999079294,0.1,8,115,fallback
-23.286526107788085,12.256792640686035,1.3731807947158814,1.0,unknown,0.0,0.5373401115782797,0.1,5,116,fallback
-22.500976181030275,18.883332824707033,4.471886229515076,1.0,unknown,0.0,0.5557006961862268,0.1,5,117,fallback
-23.32168197631836,20.057373046875,5.0958452224731445,1.0,unknown,0.0,0.5127189533343148,0.1,1,118,fallback
-22.85480499267578,30.64650058746338,0.9118844894692302,1.0,unknown,0.0,0.5121974558796776,0.1,2,119,fallback
-22.679367065429688,44.43408203125,0.019199959933757782,1.0,unknown,0.0,0.45533814103775416,0.1,1,120,fallback
-23.928603172302246,46.88632392883301,0.02049640379846096,1.0,unknown,0.0,0.44708300159478476,0.2,2,121,fallback
-22.573370456695557,61.36513614654541,8.072639465332031,1.0,unknown,0.0,0.44041638814379436,0.2,4,122,fallback
-23.360164006551106,62.74835332234701,5.764960924784343,1.0,unknown,0.0,0.44041762598656253,0.2,3,123,fallback
-22.562397003173828,64.3307876586914,4.799093246459961,1.0,unknown,0.0,0.40048201058623667,0.2,1,124,fallback
-21.441773414611816,-42.21228218078613,-1.091963291168213,1.0,static_manmade,0.0,0.5005037132704351,0.1,2,125,annotation
-20.56434440612793,-41.672842025756836,-1.0717905759811401,1.0,static_manmade,0.0,0.5032377991035369,0.1,2,126,annotation
-20.4310728708903,-26.157821655273438,-1.5424593289693196,1.0,unknown,0.0,0.5054562768528599,0.1,3,127,fallback
-20.717409133911133,-25.901552200317383,-1.5413905382156372,1.0,unknown,0.0,0.5054966682544314,0.1,1,128,fallback
-20.874988555908203,-22.103206634521484,1.4205790758132935,1.0,unknown,0.0,0.5137922590092328,0.1,1,129,fallback
-20.984994888305664,-21.965286254882812,1.4194453954696655,1.0,unknown,0.0,0.5138649666895851,0.1,1,130,fallback
-21.479095458984375,-18.06103515625,-0.648122251033783,1.0,unknown,0.0,0.5208099008560796,0.1,1,131,fallback
-20.847497940063477,-17.231701850891113,-0.6246989667415619,1.0,unknown,0.0,0.5239231788907762,0.1,2,132,fallback
-20.2869873046875,-15.11475944519043,1.7707463502883911,1.0,unknown,0.0,0.5291042803388839,0.1,1,133,fallback
-20.19974708557129,-13.109742164611816,3.95699143409729,1.0,unknown,0.0,0.5327569650589565,0.1,1,134,fallback
-20.827246348063152,-8.826023737589518,2.467851003011068,1.0,unknown,0.0,0.5432938337102213,0.1,3,135,fallback
-20.060749530792236,-0.3330317512154579,1.758516550064087,1.0,unknown,0.0,0.5619541675811738,0.1,4,136,fallback
-20.396533966064453,0.5075662595530351,3.0391945838928223,1.0,unknown,0.0,0.5545488519784023,0.1,3,137,fallback
-20.182677841186525,9.135898017883301,0.9485277891159057,1.0,unknown,0.0,0.5480570794579624,0.1,5,138,fallback
-21.087618350982666,10.25728726387024,1.388812892138958,1.0,unknown,0.0,0.5462743860872864,0.1,8,139,fallback
-20.580633640289307,15.83148980140686,4.775208950042725,1.0,unknown,0.0,0.533384152878923,0.1,4,140,fallback
-21.262859517877754,16.650315544822,1.790991571816531,1.0,unknown,0.0,0.5610687133047904,0.1,22,141,fallback
-21.458603541056316,18.511058807373047,0.6809686217457056,1.0,unknown,0.0,0.533258271587458,0.1,3,142,fallback
-21.507577896118164,20.210756301879883,0.017363030463457108,1.0,unknown,0.0,0.5164593020398861,0.1,1,143,fallback
-20.186595916748047,59.738861083984375,2.9661331176757812,1.0,unknown,0.0,0.415827931224351,0.2,1,144,fallback
-21.18040793282645,60.943702697753906,6.0795508452824185,1.0,unknown,0.0,0.4717994608577726,0.1,7,145,fallback
-20.586042881011963,62.63803195953369,8.533583879470825,1.0,unknown,0.0,0.4276523381871312,0.2,4,146,fallback
-19.155567169189453,-40.575788497924805,-1.0349202752113342,1.0,static_manmade,0.0,0.5081547312587172,0.1,4,147,annotation
-18.09897232055664,-39.82210159301758,-1.0089030265808105,1.0,static_manmade,0.0,0.511273656725854,0.1,1,148,annotation
-18.196243286132812,-28.169156074523926,-1.5581727027893066,1.0,unknown,0.0,0.5044003238483714,0.1,2,149,fallback
-19.08543041774205,-27.34494754246303,-1.5497951677867345,1.0,unknown,0.0,0.5050619417401162,0.1,7,150,fallback
-18.66100788116455,-22.923980712890625,-1.3736924529075623,1.0,unknown,0.0,0.5168006693753082,0.1,2,151,fallback
-19.117655436197918,-20.832172393798828,-0.8640501300493876,1.0,unknown,0.0,0.5270426666350333,0.1,3,152,fallback
-18.108797073364258,-18.144372940063477,-1.1916368007659912,1.0,unknown,0.0,0.5280953759030607,0.1,1,153,fallback
-18.17764663696289,-16.910496198214016,-0.3946188504879291,1.0,unknown,0.0,0.5585694085749086,0.1,13,154,fallback
-18.67731417142428,-15.434948921203613,1.7396719730817354,1.0,unknown,0.0,0.5542075836077621,0.1,13,155,fallback
-18.53016366958618,-12.903279018402099,1.5093740656971932,1.0,unknown,0.0,0.5543183455294683,0.1,40,156,fallback
-19.714440027872723,-8.59561898973253,3.5371582772996693,1.0,unknown,0.0,0.5508599322773281,0.1,9,157,fallback
-19.62568211555481,-7.633297145366669,3.3999608755111694,1.0,unknown,0.0,0.5546218619313984,0.1,8,158,fallback
-19.39912200392338,-4.579134823983176,1.426220814116389,1.0,unknown,0.0,0.5726786273967254,0.1,57,159,fallback
-19.24562058267714,-2.997588782370845,1.4814270417177622,1.0,unknown,0.0,0.578082311100235,0.1,158,160,fallback
-19.44225205873188,-0.5053631009435967,1.9546765744916659,1.0,unknown,0.0,0.580069418551855,0.1,38,161,fallback
-19.31129550933838,0.3395768916234374,2.3076500357710756,1.0,unknown,0.0,0.5733288314489413,0.1,16,162,fallback
-18.92259693145752,3.5868438482284546,2.882677992184957,1.0,unknown,0.0,0.5530474334339182,0.1,6,163,fallback
-19.28102175394694,4.3516190846761065,3.273249626159668,1.0,unknown,0.0,0.5474107938952122,0.1,3,164,fallback
-19.549445724487306,7.7367603302001955,0.9003597855567932,1.0,unknown,0.0,0.550979944468434,0.1,5,165,fallback
-18.146522521972656,13.646685600280762,4.316444396972656,1.0,unknown,0.0,0.5368842546277269,0.1,1,166,fallback
-19.569446563720703,16.725231170654297,0.015355382114648819,1.0,unknown,0.0,0.5277713177070894,0.1,1,167,fallback
-19.261503219604492,19.073262691497803,3.8519226908683777,1.0,unknown,0.0,0.5432419164862169,0.1,4,168,fallback
-18.449440956115723,20.79654598236084,1.9688910245895386,1.0,unknown,0.0,0.5217996902243108,0.1,2,169,fallback
-18.034090042114258,29.505308151245117,-0.792461097240448,1.0,unknown,0.0,0.5012593401085035,0.1,1,170,fallback
-19.83365821838379,59.829532623291016,2.9645960330963135,1.0,unknown,0.0,0.4159060478222374,0.2,1,171,fallback
-19.274378967285156,60.754052734375,3.598532485961914,1.0,unknown,0.0,0.4324440553975275,0.2,5,172,fallback
-19.327051162719727,62.979330698649086,8.259857336680094,1.0,unknown,0.0,0.4251261081127744,0.2,3,173,fallback
-19.159767150878906,64.64034779866536,8.459911505381266,1.0,unknown,0.0,0.44069045323429445,0.2,3,174,fallback
-16.671536254882813,-51.54286880493164,1.7716830248013138,1.0,unknown,0.0,0.467224602031579,0.1,5,175,fallback
-16.85193290710449,-38.841313171386716,-0.9766236066818237,1.0,static_manmade,0.0,0.5157574707655366,0.1,5,176,annotation
-16.300352096557617,-30.16064198811849,-1.5928313334782918,1.0,unknown,0.0,0.5022134775893962,0.1,3,177,fallback
-17.443149778578018,-28.992728763156467,-1.572236802842882,1.0,unknown,0.0,0.5036729441101356,0.1,9,178,fallback
-17.82425537109375,-18.46265563964844,0.49722824096679685,1.0,unknown,0.0,0.5785917068692968,0.1,5,179,fallback
-16.869663619995116,-17.00528081258138,1.9681372404098512,1.0,unknown,0.0,0.5616023272618758,0.1,15,180,fallback
-16.81668367057011,-14.810136071566877,2.729684472405191,1.0,unknown,0.0,0.5598679925706376,0.1,29,181,fallback
-17.45253586769104,-13.327219605445862,2.70194374024868,1.0,unknown,0.0,0.5633142344873775,0.1,8,182,fallback
-16.278411865234375,-7.387504320878249,2.5823957920074463,1.0,unknown,0.0,0.566707162794347,0.1,13,183,fallback
-16.250644243680515,-4.604694990011362,0.5092428861311279,1.0,unknown,0.0,0.5737792646631585,0.1,13,184,fallback
-16.346011843000138,-2.856404559952872,0.016399089779172624,1.0,unknown,0.0,0.5922232319017635,0.1,14,185,fallback
-16.10997829437256,-1.5371683597564698,-0.7545592248439789,1.0,unknown,0.0,0.5565520333343106,0.1,10,186,fallback
-16.35320281982422,9.799477100372314,1.1296072006225586,1.0,unknown,0.0,0.5532648108889474,0.1,2,187,fallback
-16.246270656585693,10.298615217208862,1.3834492191672325,1.0,unknown,0.0,0.5804842160685962,0.1,4,188,fallback
-17.419488143920898,12.533022117614745,4.0806962013244625,1.0,unknown,0.0,0.5426028278944777,0.1,5,189,fallback
-17.369873046875,21.24959897994995,0.6477882415056229,1.0,unknown,0.0,0.5540687959608802,0.1,4,190,fallback
-17.016072273254395,22.337886810302734,-0.6426328122615814,1.0,unknown,0.0,0.5208069530134244,0.1,2,191,fallback
-17.883596420288086,29.65473747253418,-0.7937625646591187,1.0,unknown,0.0,0.5011104515391563,0.1,1,192,fallback
-16.77370325724284,30.416351318359375,-0.7973142464955648,1.0,unknown,0.0,0.5008598262122602,0.1,3,193,fallback
-17.704933166503906,64.7547836303711,7.886275291442871,1.0,unknown,0.0,0.4036053129970433,0.2,1,194,fallback
-14.081852912902832,-68.85629272460938,1.6389226913452148,1.0,unknown,0.0,0.3941555344261095,0.2,1,195,fallback
-15.824389457702637,-49.585235595703125,2.433761743362993,1.0,unknown,0.0,0.5083631402557514,0.1,2,196,fallback
-14.932715606689452,-37.349063110351565,-0.9278908252716065,1.0,static_manmade,0.0,0.5221586149500382,0.1,5,197,annotation
-14.199906667073568,-32.25963338216146,-1.637543519337972,1.0,unknown,0.0,0.4993699034284219,0.1,3,198,fallback
-15.236458258195357,-31.14966479214755,-1.6113041639328003,1.0,unknown,0.0,0.5012291472885091,0.1,11,199,fallback
-15.16517821225253,-17.133859981190074,1.9200858932242475,1.0,unknown,0.0,0.5657710134301992,0.1,11,200,fallback
-14.663656234741211,-14.888743763878232,1.3346955925558828,1.0,unknown,0.0,0.5757103619491835,0.1,42,201,fallback
-14.751017761230468,-13.057250785827637,0.28853119183331727,1.0,unknown,0.0,0.5676688603364828,0.1,5,202,fallback
-14.42283703031994,-11.018521853855678,-0.3597498209869844,1.0,unknown,0.0,0.5579620701003369,0.1,21,203,fallback
-14.825610496379712,-8.849689077447962,0.5486187396433067,1.0,unknown,0.0,0.5777103668231781,0.1,54,204,fallback
-15.054848371550094,-7.144510540851327,0.9874790900834933,1.0,unknown,0.0,0.5806864730078952,0.1,86,205,fallback
-15.16408643297329,-5.062016016358783,1.3595694623276544,1.0,unknown,0.0,0.5828963302590219,0.1,157,206,fallback
-15.69474196434021,-3.9365395307540894,2.9502577781677246,1.0,unknown,0.0,0.5602141147808368,0.1,4,207,fallback
-15.900740385055542,-0.6490274965763092,-0.7421331703662872,1.0,unknown,0.0,0.5573097409631818,0.1,8,208,fallback
-14.464356397327624,1.4454506517289893,1.80158870588792,1.0,unknown,0.0,0.5810902507931776,0.1,76,209,fallback
-14.521245946884155,2.942821979522705,1.6829842132329942,1.0,unknown,0.0,0.579217440873425,0.1,100,210,fallback
-14.252928829193115,4.777994894981385,1.6662728613242508,1.0,unknown,0.0,0.5844197933375814,0.1,20,211,fallback
-15.142150243123373,10.77767833073934,1.787817324201266,1.0,unknown,0.0,0.5928320785358717,0.1,6,212,fallback
-14.532415390014648,13.989738464355469,3.838085174560547,1.0,unknown,0.0,0.5444844242006984,0.1,1,213,fallback
-15.120898723602295,14.52229873339335,3.3965621987978616,1.0,unknown,0.0,0.5504708963361279,0.1,12,214,fallback
-14.401902198791504,17.239083607991535,0.8005909820397695,1.0,unknown,0.0,0.5441381912669323,0.1,6,215,fallback
-14.527949333190918,19.927186965942383,1.745959997177124,1.0,unknown,0.0,0.5310176586621478,0.1,1,216,fallback
-14.528056812286376,21.291139793395995,1.464758657477796,1.0,unknown,0.0,0.5411516349492664,0.1,10,217,fallback
-14.509714126586914,22.191023508707683,2.0962620178858438,1.0,unknown,0.0,0.5548224948821415,0.1,3,218,fallback
-14.586557388305664,30.441027641296387,-0.7767090499401093,1.0,unknown,0.0,0.5038122970470738,0.1,2,219,fallback
-14.253973007202148,53.15667724609375,3.872129440307617,1.0,unknown,0.0,0.4398961758740312,0.2,1,220,fallback
-15.173699378967285,54.08769226074219,3.952824831008911,1.0,unknown,0.0,0.43647262399709597,0.2,1,221,fallback
-14.486865997314453,62.628047943115234,3.0181186199188232,1.0,unknown,0.0,0.41215478984350273,0.2,1,222,fallback
-12.526055335998535,-61.38901901245117,-1.4463369448979695,1.0,unknown,0.0,0.4172343598755833,0.2,3,223,fallback
-12.955530166625977,-54.58559608459473,-1.2948513627052307,1.0,unknown,0.0,0.43674443567819865,0.2,2,224,fallback
-13.68330717086792,-36.34939002990723,-0.8959936499595642,1.0,static_manmade,0.0,0.5260913276425636,0.1,2,225,annotation
-12.677553415298462,-35.52262020111084,-0.8701668232679367,1.0,static_manmade,0.0,0.5295868580430186,0.1,4,226,annotation
-12.999515880237926,-33.12023648348722,-1.6533305103128606,1.0,unknown,0.0,0.4985141735020373,0.1,11,227,fallback
-12.750929172222431,-20.67553842984713,-1.6940193543067346,1.0,unknown,0.0,0.5322936146194028,0.1,13,228,fallback
-13.219854831695557,-19.32454490661621,0.4903339147567749,1.0,unknown,0.0,0.5879495301932979,0.1,2,229,fallback
-12.690934816996256,-16.6896906958686,-1.408271974987454,1.0,unknown,0.0,0.5459018670986004,0.1,9,230,fallback
-13.246218803081106,-15.041113143271588,1.6056744061321258,1.0,unknown,0.0,0.5898198769165272,0.1,47,231,fallback
-13.020439892280393,-13.041253950537705,1.5683361553564303,1.0,unknown,0.0,0.5981531933926746,0.1,41,232,fallback
-13.222505251566568,-10.989734530448914,-1.0649719734986622,1.0,unknown,0.0,0.5587138537113024,0.1,24,233,fallback
-13.125647965599509,-8.97472931356991,-0.8890831207527834,1.0,unknown,0.0,0.5625221213794364,0.1,34,234,fallback
-13.030506220730869,-7.437838641079989,-0.819115830082658,1.0,unknown,0.0,0.5663738456123766,0.1,22,235,fallback
-13.120144707815987,-5.038826138632638,-0.8495964016233172,1.0,unknown,0.0,0.5665378770781212,0.1,35,236,fallback
-13.237359682718912,-2.5306456883748374,-0.9430166383584341,1.0,unknown,0.0,0.5649534644251993,0.1,6,237,fallback
-12.98366715113322,-0.9225977485378584,-0.8631747663021088,1.0,unknown,0.0,0.5695906391585954,0.1,30,238,fallback
-12.619545207304114,1.174141036469818,-0.27406825603938473,1.0,unknown,0.0,0.5763922454465943,0.1,51,239,fallback
-13.029239777595766,2.842220802460947,0.00525581443141545,1.0,unknown,0.0,0.5752331873606301,0.1,62,240,fallback
-12.594563133576337,4.868359397439396,0.8144976664471495,1.0,unknown,0.0,0.593061566659575,0.1,68,241,fallback
-12.56360184869101,7.055394815844159,0.5849441504322512,1.0,unknown,0.0,0.5795102526184299,0.1,43,242,fallback
-12.609945626094424,9.063092445505076,1.1017434502919685,1.0,unknown,0.0,0.5797944142724912,0.1,58,243,fallback
-12.575916030190207,10.357480699365789,1.5437983870506287,1.0,unknown,0.0,0.5711290693019591,0.1,22,244,fallback
-12.756954002380372,14.803592681884766,3.44205846786499,1.0,unknown,0.0,0.5567520848389733,0.1,5,245,fallback
-13.216530036926269,17.19090642929077,0.6977162811439485,1.0,unknown,0.0,0.5507897258558925,0.1,20,246,fallback
-12.036444187164307,18.750771522521973,-1.0386390686035156,1.0,unknown,0.0,0.5383202563586394,0.1,2,247,fallback
-12.65059322781033,21.183991538153755,-1.149723039733039,1.0,unknown,0.0,0.5310805273766168,0.1,9,248,fallback
-13.695568084716797,27.130369186401367,-0.6995713114738464,1.0,static_manmade,0.0,0.5513263763132015,0.1,1,249,annotation
-13.447337627410889,53.22632312774658,3.221614181995392,1.0,unknown,0.0,0.45616067171854124,0.1,4,250,fallback
-13.25549030303955,54.46636962890625,3.9427123069763184,1.0,unknown,0.0,0.4368315101050748,0.2,1,251,fallback
-13.19496488571167,60.9707088470459,1.4634276628494263,1.0,unknown,0.0,0.41804541678175744,0.2,2,252,fallback
-11.255563735961914,-62.35213661193848,0.7467453894205391,1.0,unknown,0.0,0.4330584989025328,0.2,2,253,fallback
-10.892306089401245,-61.006232261657715,-1.4308421313762665,1.0,unknown,0.0,0.4191291101069281,0.2,4,254,fallback
-10.874709367752075,-46.79752731323242,1.77435187335747,1.0,unknown,0.0,0.49541605094676,0.1,12,255,fallback
-10.777872085571289,-45.918514251708984,1.0993760824203491,1.0,unknown,0.0,0.4635006985883109,0.1,1,256,fallback
-11.463505744934082,-34.329017162323,-1.2571879625320435,1.0,static_manmade,0.0,0.5442179195857596,0.1,8,257,annotation
-10.605151295661926,-33.59974527359009,-1.3284359499812126,1.0,static_manmade,0.0,0.5466089305280887,0.1,8,258,annotation
-10.61006498336792,-22.5362060546875,-1.7366841077804565,1.0,unknown,0.0,0.530479149328248,0.1,10,259,fallback
-11.488396644592285,-21.73172601064046,-1.713780124982198,1.0,unknown,0.0,0.5313746329921609,0.1,6,260,fallback
-11.167991320292154,-19.04695924123128,1.8841797709465027,1.0,unknown,0.0,0.5476710317736021,0.1,6,261,fallback
-10.941080411275228,-17.54763952891032,2.0876453518867493,1.0,unknown,0.0,0.5511464435842937,0.1,6,262,fallback
-10.858278846740722,-14.630788135528565,0.9370517890551128,1.0,unknown,0.0,0.5857751671866641,0.1,20,263,fallback
-10.835273996988933,-12.998070250617133,1.8339329719543458,1.0,unknown,0.0,0.5776157938386547,0.1,45,264,fallback
-10.127989919562088,-10.924659829390677,-1.1432673335075378,1.0,unknown,0.0,0.5687385500715976,0.1,19,265,fallback
-10.450634869662197,-8.987861893393777,-1.2842092568224126,1.0,unknown,0.0,0.564298564140131,0.1,22,266,fallback
-10.804295845031739,-6.989766311645508,-1.1996968793869018,1.0,unknown,0.0,0.5668509676671882,0.1,25,267,fallback
-10.861587715148925,-4.777874692281087,-0.7069442510604859,1.0,unknown,0.0,0.5951096438916342,0.1,15,268,fallback
-11.021097319466728,-3.3868688004357472,-0.8517657688685826,1.0,unknown,0.0,0.5905064944143031,0.1,14,269,fallback
-10.518974509605995,-0.9402838887575155,-1.1110703248244065,1.0,unknown,0.0,0.5752247421956063,0.1,65,270,fallback
-11.293398232295596,0.919823448462729,-0.7345201836085353,1.0,unknown,0.0,0.5789881611671783,0.1,87,271,fallback
-11.20626654624939,2.8596293151378633,-0.5172724202275276,1.0,unknown,0.0,0.5922727278458787,0.1,40,272,fallback
-11.470835228761038,4.876389915744464,1.13440022431314,1.0,unknown,0.0,0.5940108476921565,0.1,96,273,fallback
-11.350101067139223,6.958962444786553,1.4705006504381024,1.0,unknown,0.0,0.5883011102392143,0.1,111,274,fallback
-11.738624572753906,8.850317818777901,2.0958831139973233,1.0,unknown,0.0,0.5697811599366581,0.1,7,275,fallback
-11.760476112365723,11.01951551437378,-0.7506963312625885,1.0,unknown,0.0,0.5566919981015629,0.1,2,276,fallback
-11.73242982228597,12.397751490275065,-0.7955232461293539,1.0,unknown,0.0,0.5540631517529827,0.1,3,277,fallback
-11.208183765411377,15.653333822886148,0.07667791276859741,1.0,unknown,0.0,0.5679075990972606,0.1,6,278,fallback
-10.751428604125977,16.04645538330078,1.3685302734375,1.0,unknown,0.0,0.5470540119889139,0.1,1,279,fallback
-11.965205669403076,18.161705017089844,-1.013856053352356,1.0,unknown,0.0,0.539870812362333,0.1,2,280,fallback
-11.192028219049627,21.4877706007524,-1.1305022781545466,1.0,unknown,0.0,0.5324911853117655,0.1,11,281,fallback
-10.200326919555664,48.59184169769287,2.9103894233703613,1.0,unknown,0.0,0.47014594481254024,0.1,4,282,fallback
-10.444471995035807,51.8017323811849,0.008120591131349405,1.0,unknown,0.0,0.44647210529927406,0.2,3,283,fallback
-8.596983909606934,-66.25639343261719,-1.5430854558944702,1.0,unknown,0.0,0.40461643901283395,0.2,2,284,fallback
-9.691114902496338,-60.79412651062012,-0.000339508056640625,1.0,unknown,0.0,0.4553311644946938,0.1,2,285,fallback
-8.310884475708008,-55.25458908081055,-1.2903355360031128,1.0,pedestrian_vru,0.0,0.6998716499594411,0.1,1,286,annotation
-9.802763938903809,-47.16065788269043,2.249459981918335,1.0,unknown,0.0,0.4607259067097591,0.1,2,287,fallback
-8.974242019653321,-32.688123067220054,-1.1503443320592244,1.0,static_manmade,0.0,0.5503645957547895,0.1,15,288,annotation
-8.457159996032715,-31.989192962646484,-1.5374433994293213,1.0,static_manmade,0.0,0.5432352620796319,0.1,1,289,annotation
-8.08366060256958,-24.026686668395996,-1.7671242356300354,1.0,unknown,0.0,0.528955069705482,0.1,2,290,fallback
-9.145361423492432,-23.530279568263463,-1.7602892007146562,1.0,unknown,0.0,0.529382967673011,0.1,14,291,fallback
-8.82016146183014,-17.36938166618347,-1.8129764273762703,1.0,unknown,0.0,0.546731114351238,0.1,16,292,fallback
-8.610544334758412,-14.48463442108848,0.821766767391554,1.0,unknown,0.0,0.5940335284787115,0.1,44,293,fallback
-8.988199722668357,-13.022019086790479,1.1380985133909844,1.0,unknown,0.0,0.5920332074143172,0.1,121,294,fallback
-9.00608619890715,-11.237111744127775,-0.6227117023969951,1.0,unknown,0.0,0.5961908013024543,0.1,19,295,fallback
-8.623533354865181,-8.994434109440556,-1.453080451046979,1.0,unknown,0.0,0.5683812488670812,0.1,27,296,fallback
-8.882088405330007,-6.798305825489323,-1.382742843976835,1.0,unknown,0.0,0.5727304550129296,0.1,41,297,fallback
-8.722403498663418,-5.019358856090601,-0.540383839952773,1.0,unknown,0.0,0.6044773663659356,0.1,69,298,fallback
-8.899063110351562,-3.323038396735986,-0.6833011011270477,1.0,unknown,0.0,0.599415907926415,0.1,96,299,fallback
-8.576591229093248,-0.89843754892143,-0.9777941772903221,1.0,unknown,0.0,0.6005315489805801,0.1,69,300,fallback
-8.956060498555502,1.0425943158566953,-1.1672159465154013,1.0,unknown,0.0,0.5791456383952418,0.1,75,301,fallback
-9.002179089714499,3.0271157189911486,-1.0870091576202243,1.0,unknown,0.0,0.5783470196357816,0.1,51,302,fallback
-9.046422779560089,4.552064448595047,-0.8787146181275602,1.0,unknown,0.0,0.5821784208349196,0.1,16,303,fallback
-8.273911714553833,6.334252834320068,-0.40759036641490337,1.0,pedestrian_vru,0.0,0.8465392056811055,0.05,12,304,annotation
-9.456612586975098,8.570841312408447,-0.8976106941699982,1.0,unknown,0.0,0.5670572524481381,0.1,2,305,fallback
-8.819548606872559,13.684321403503418,-1.1450467705726624,1.0,unknown,0.0,0.5565453583699227,0.1,4,306,fallback
-8.751803970336914,14.406687355041504,-1.1855150938034058,1.0,unknown,0.0,0.5548351720920841,0.1,5,307,fallback
-8.793048198406513,16.65563656733586,0.7571992965844961,1.0,unknown,0.0,0.603482139622635,0.1,26,308,fallback
-8.752009550730387,18.457044919331867,3.3923047383626304,1.0,unknown,0.0,0.5557902205066598,0.1,6,309,fallback
-8.397775173187256,45.91904258728027,2.7373008728027344,1.0,unknown,0.0,0.4784330426102086,0.1,2,310,fallback
-8.517727136611938,46.71344041824341,2.2226631235098466,1.0,unknown,0.0,0.4956979710394165,0.1,8,311,fallback
-9.457980019705635,48.541099548339844,2.8131583588463918,1.0,unknown,0.0,0.4822019843313603,0.1,7,312,fallback
-9.111353492736816,52.35220794677734,0.006924002710729837,1.0,unknown,0.0,0.44559574226881127,0.2,5,313,fallback
-8.47449779510498,55.29233169555664,1.3091727495193481,1.0,unknown,0.0,0.43718602109807336,0.2,1,314,fallback
-9.72072696685791,56.72234344482422,1.3478037118911743,1.0,unknown,0.0,0.4323522342810915,0.2,1,315,fallback
-8.791658083597818,68.93995073106554,5.786749627855089,1.0,unknown,0.0,0.416832540810405,0.2,9,316,fallback
-6.274772524833679,-73.34384727478027,12.980257749557495,1.0,unknown,0.0,0.40606921964877785,0.2,4,317,fallback
-7.297575950622559,-66.83763122558594,-1.5531024932861328,1.0,unknown,0.0,0.40329548328452647,0.2,1,318,fallback
-6.4515557289123535,-47.83604431152344,0.37673014619698125,1.0,unknown,0.0,0.473092176328485,0.1,3,319,fallback
-7.096986711025238,-44.92674779891968,0.3774973750114441,1.0,unknown,0.0,0.5306566559773515,0.1,8,320,fallback
-6.497584104537964,-43.57270812988281,1.7994044721126556,1.0,unknown,0.0,0.5002155915002695,0.1,12,321,fallback
-7.460633595784505,-32.459588368733726,-1.5477381547292073,1.0,static_manmade,0.0,0.5430342330320467,0.1,3,322,annotation
-6.839605251948039,-31.44106165568034,-1.4953659772872925,1.0,static_manmade,0.0,0.5462940038938332,0.1,6,323,annotation
-6.9899797439575195,-24.471980231148855,-1.7746278047561646,1.0,unknown,0.0,0.5287963504179245,0.1,14,324,fallback
-6.856686088773939,-18.58380455440945,-1.843318349785275,1.0,unknown,0.0,0.5458492000221317,0.1,18,325,fallback
-7.930449724197388,-17.922242164611816,-1.823032557964325,1.0,unknown,0.0,0.5462250167429167,0.1,2,326,fallback
-6.935084301492442,-14.644726421522057,-0.8790929213814114,1.0,unknown,0.0,0.6033486108610757,0.1,23,327,fallback
-7.042555391788483,-12.46000361442566,-1.66653773188591,1.0,unknown,0.0,0.5627012524911197,0.1,8,328,fallback
-7.538414454460144,-11.14798607826233,-1.5817402720451355,1.0,unknown,0.0,0.5655036739083612,0.1,20,329,fallback
-6.7850783708933236,-8.958682833491144,-1.5780421688749984,1.0,unknown,0.0,0.5719357351158085,0.1,37,330,fallback
-6.955126195340543,-6.985517231193748,-1.3991070276982076,1.0,unknown,0.0,0.5945846703511066,0.1,74,331,fallback
-6.891255775554068,-4.839921829684469,-0.530194147721233,1.0,unknown,0.0,0.6124436110973777,0.1,149,332,fallback
-6.819736791487357,-3.188506911643109,-0.9337839925773465,1.0,unknown,0.0,0.6041428513180322,0.1,201,333,fallback
-6.735024069176346,-0.6633779603499369,-1.4273353179947275,1.0,unknown,0.0,0.5858442413647424,0.1,122,334,fallback
-6.943394987671463,0.842571042995486,-1.3659239565884624,1.0,unknown,0.0,0.585335837609483,0.1,162,335,fallback
-7.12621577926304,2.6854652995648594,-1.1015194887700288,1.0,unknown,0.0,0.5996546939853237,0.1,46,336,fallback
-6.335717091193566,5.694633227128249,-0.1541063123015472,1.0,unknown,0.0,0.6005711473450875,0.1,52,337,fallback
-6.315382874530295,7.053011142689249,-0.532449568531972,1.0,unknown,0.0,0.5911371995764979,0.1,92,338,fallback
-6.39190191519065,8.844183218283732,-0.7493456084869008,1.0,unknown,0.0,0.5847774991534095,0.1,61,339,fallback
-7.114104376898871,11.670271979437935,-1.287485957145691,1.0,unknown,0.0,0.5642003656701832,0.1,9,340,fallback
-6.813012663523356,13.16738192240397,-1.3295551617940267,1.0,unknown,0.0,0.5656883702801715,0.1,15,341,fallback
-6.771852135658264,31.093580722808838,-0.7391696274280548,1.0,unknown,0.0,0.5099756254906076,0.1,4,342,fallback
-6.597866892814636,32.143009185791016,-0.7622703164815903,1.0,unknown,0.0,0.5065814720891161,0.1,4,343,fallback
-6.420368943895612,43.705587659563335,3.1087537803021923,1.0,unknown,0.0,0.5233024448764073,0.1,7,344,fallback
-7.362325191497803,46.5622501373291,2.9016964733600616,1.0,unknown,0.0,0.476843514354619,0.1,8,345,fallback
-7.041513919830322,51.815542221069336,0.005005170125514269,1.0,unknown,0.0,0.44814433210568483,0.2,2,346,fallback
-6.526896635691325,52.76003774007162,1.2499172147363424,1.0,unknown,0.0,0.4704767134091563,0.1,3,347,fallback
-7.385697364807129,69.11248016357422,5.695602536201477,1.0,unknown,0.0,0.4169477744577542,0.2,4,348,fallback
-6.680660724639893,72.27953338623047,11.959541320800781,1.0,unknown,0.0,0.3872371483281858,0.2,1,349,fallback
-5.2448272705078125,-72.90009002685547,12.717033767700196,1.0,unknown,0.0,0.4090972017817266,0.2,5,350,fallback
-4.243223190307617,-71.62409210205078,12.647778034210205,1.0,unknown,0.0,0.4099375903932586,0.2,2,351,fallback
-5.621506214141846,-65.51547241210938,-1.5192478895187378,1.0,unknown,0.0,0.40773138587834734,0.2,1,352,fallback
-5.038890361785889,-48.61080805460612,0.7585142420915266,1.0,unknown,0.0,0.4714612859735401,0.1,3,353,fallback
-4.951093673706055,-47.677785873413086,1.1160759925842285,1.0,unknown,0.0,0.461215516936464,0.1,2,354,fallback
-4.845210552215576,-44.699618339538574,1.8411705376347527,1.0,unknown,0.0,0.5036652035907869,0.1,4,355,fallback
-4.939153466905866,-43.22362681797573,2.31926714522498,1.0,unknown,0.0,0.4891954003570216,0.1,14,356,fallback
-5.421968460083008,-40.11198043823242,-1.8815540671348572,1.0,unknown,0.0,0.48369783541100375,0.1,2,357,fallback
-4.523557853698731,-39.44897689819336,-1.845956301689148,1.0,unknown,0.0,0.48623760778442104,0.1,5,358,fallback
-4.1229894161224365,-26.04211711883545,-1.838221549987793,1.0,unknown,0.0,0.5259146101613358,0.1,2,359,fallback
-5.158085713019738,-25.42345091012808,-1.80889198413262,1.0,unknown,0.0,0.5275161417236095,0.1,13,360,fallback
-4.307379722595215,-20.058325576782227,-1.9081798553466798,1.0,unknown,0.0,0.543486487025939,0.1,5,361,fallback
-5.283861710475041,-19.59708727323092,-1.88822956268604,1.0,unknown,0.0,0.5443910329348512,0.1,13,362,fallback
-4.998047698627818,-15.492935440757059,-1.8959906480529092,1.0,unknown,0.0,0.5562083478861417,0.1,22,363,fallback
-5.003108519094962,-12.815684883682817,-1.929022956777502,1.0,unknown,0.0,0.5638268502380758,0.1,27,364,fallback
-5.015265556482168,-10.855910337888277,-1.8399570079950185,1.0,unknown,0.0,0.5722312591845177,0.1,26,365,fallback
-4.796132564544678,-8.745821040017264,-1.4263336933084896,1.0,unknown,0.0,0.5956036147678195,0.1,70,366,fallback
-4.941171590019675,-6.933201841279572,-1.7437769992678773,1.0,unknown,0.0,0.5807890306234257,0.1,102,367,fallback
-4.917615521785825,-4.91632268595141,-1.6828787798105285,1.0,unknown,0.0,0.5942231728538543,0.1,172,368,fallback
-4.868147138069416,-2.941592522325187,-1.6770793614716366,1.0,unknown,0.0,0.5892598413831329,0.1,290,369,fallback
-4.693615396817525,-0.904586018451179,-1.4333329379487332,1.0,unknown,0.0,0.6004882584230372,0.1,408,370,fallback
-4.648054979064248,1.0077245141584465,-1.088561324548149,1.0,unknown,0.0,0.6072078655610779,0.1,484,371,fallback
-5.180173945426941,2.9847722524688356,-1.1126314473294077,1.0,unknown,0.0,0.5957285212828991,0.1,420,372,fallback
-5.169964102849568,4.942966389329466,-0.6052256908829081,1.0,unknown,0.0,0.6063230817674593,0.1,292,373,fallback
-4.739975985358743,6.765564410515081,-0.14241748726835438,1.0,unknown,0.0,0.6104605569100345,0.1,153,374,fallback
-4.821910424665972,8.864488983154297,-0.5970286938277158,1.0,unknown,0.0,0.6051973915707552,0.1,55,375,fallback
-4.943807154285665,10.721000262669154,-1.107227166932271,1.0,unknown,0.0,0.5834212619846832,0.1,49,376,fallback
-5.80760924021403,12.350188255310059,-0.6494608934735879,1.0,vehicle,0.0,0.8172207919653818,0.05,3,377,annotation
-4.529095888137817,21.4920711517334,-1.0311528444290161,1.0,unknown,0.0,0.5395141400905722,0.1,4,378,fallback
-5.111830949783325,22.178383827209473,-1.0676769018173218,1.0,unknown,0.0,0.536841656844968,0.1,2,379,fallback
-5.095201863182916,32.33988486395942,-0.7619629568523831,1.0,unknown,0.0,0.5068075706955802,0.1,9,380,fallback
-4.187927961349487,39.66524314880371,2.79699969291687,1.0,unknown,0.0,0.5077188430227556,0.1,2,381,fallback
-4.0173866748809814,40.23842239379883,2.369186758995056,1.0,unknown,0.0,0.4953838443386346,0.1,2,382,fallback
-4.1340203285217285,49.85804748535156,0.586379781132564,1.0,unknown,0.0,0.469233974840532,0.1,2,383,fallback
-5.0796724046979636,50.91985321044922,0.34415677272980766,1.0,unknown,0.0,0.4646994641032689,0.1,7,384,fallback
-5.833176612854004,52.083065032958984,2.4558897018432617,1.0,unknown,0.0,0.44777390638441206,0.2,1,385,fallback
-3.0553334024217396,-70.76468658447266,12.39131916893853,1.0,unknown,0.0,0.41258278549203287,0.2,9,386,fallback
-2.1160216331481934,-69.69276428222656,13.132713317871094,1.0,unknown,0.0,0.39582535892788173,0.2,1,387,fallback
-2.1417447328567505,-54.15506935119629,-0.6241461762692779,1.0,unknown,0.0,0.45781660139318225,0.1,2,388,fallback
-2.958037177721659,-46.605106353759766,2.552419791347347,1.0,unknown,0.0,0.5198123011314931,0.1,6,389,fallback
-3.1129221651289196,-44.90910551283095,1.1099422689294443,1.0,unknown,0.0,0.4949937304951175,0.1,18,390,fallback
-3.7406193614006042,-43.083632469177246,2.51519113779068,1.0,unknown,0.0,0.4868810310832161,0.1,4,391,fallback
-2.961311995983124,-39.03008842468262,0.006158351898193359,1.0,unknown,0.0,0.5322728955984908,0.1,4,392,fallback
-2.5078896999359133,-36.6714584350586,2.374864959716797,1.0,unknown,0.0,0.5490454688130878,0.1,5,393,fallback
-2.07613742351532,-35.60752868652344,3.7447348833084106,1.0,unknown,0.0,0.5079614297354228,0.1,2,394,fallback
-2.175344944000244,-28.311870574951172,-1.3199042677879333,1.0,static_manmade,0.0,0.5574069553332814,0.1,2,395,annotation
-3.0367189920865574,-26.624233979445236,-1.8688083061805139,1.0,unknown,0.0,0.5250516127898504,0.1,13,396,fallback
-3.0203181715572582,-20.247575759887695,-1.9047816080205582,1.0,unknown,0.0,0.5436513926003742,0.1,17,397,fallback
-2.826047348976135,-16.180354118347168,-1.9117071509361268,1.0,unknown,0.0,0.5558715441540576,0.1,10,398,fallback
-3.469823333952162,-15.886339399549696,-1.8933031294080946,1.0,unknown,0.0,0.5564660160965789,0.1,9,399,fallback
-2.991770496735206,-13.420468660501333,-1.9271123180022607,1.0,unknown,0.0,0.5638441655048344,0.1,26,400,fallback
-2.8360850756818596,-11.011530030857433,-1.9417777522043749,1.0,unknown,0.0,0.5710267943571793,0.1,44,401,fallback
-3.071681288878123,-9.088841327031453,-1.95229269862175,1.0,unknown,0.0,0.576339341703481,0.1,60,402,fallback
-3.012670830941536,-6.933092587430712,-1.9103524995521761,1.0,unknown,0.0,0.5838537786666068,0.1,142,403,fallback
-2.958837897488565,-4.878473428162661,-1.8884933387691325,1.0,unknown,0.0,0.5885524253451235,0.1,264,404,fallback
-3.1769939290152656,-2.913468597730001,-1.8270075874858431,1.0,unknown,0.0,0.5931313051263432,0.1,450,405,fallback
-3.2617892790464014,-0.8565946150771347,-1.4921688456291207,1.0,unknown,0.0,0.6039225051366067,0.1,918,406,fallback
-3.1798466297948784,0.9969348281682556,-1.5640427689307292,1.0,unknown,0.0,0.5959706635586898,0.1,759,407,fallback
-3.0692745821954754,2.9444013178711246,-1.5558150813255542,1.0,unknown,0.0,0.5944425662968839,0.1,493,408,fallback
-2.9368463595421304,4.8502837088133886,-1.5662020926871454,1.0,unknown,0.0,0.5956743441563276,0.1,277,409,fallback
-3.1191411521285772,6.896886151283979,-1.2868098146282136,1.0,unknown,0.0,0.6047063284864833,0.1,128,410,fallback
-3.198086405102211,9.340416968623295,-0.948761025443489,1.0,vehicle,0.0,0.8319202007251341,0.05,158,411,annotation
-2.9032001593341565,10.388975509225506,-0.9778668044237835,1.0,vehicle,0.0,0.8284153763375864,0.05,73,412,annotation
-2.356163573265076,12.029681968688966,-1.4528120517730714,1.0,unknown,0.0,0.5682849380906386,0.1,10,413,fallback
-2.6395752588907877,14.172437032063803,-1.3622706969579061,1.0,unknown,0.0,0.5620432020801588,0.1,15,414,fallback
-3.027313859839188,17.443981070267526,-1.2510229913811934,1.0,unknown,0.0,0.5520310982119979,0.1,19,415,fallback
-3.215216875076294,19.98024559020996,-0.9518222808837891,1.0,unknown,0.0,0.5442881354215676,0.1,1,416,fallback
-3.0885919224132192,20.26631719415838,-0.9644188555804166,1.0,unknown,0.0,0.543806899559694,0.1,11,417,fallback
-2.296293354034424,22.63480415344238,-1.069696068763733,1.0,unknown,0.0,0.5367603746118831,0.1,5,418,fallback
-2.9494101350957695,32.77756638960405,-0.10955047065561468,1.0,unknown,0.0,0.5570987775669015,0.1,11,419,fallback
-2.512150684992472,34.49556922912598,6.269012530644734,1.0,unknown,0.0,0.5108597410902239,0.1,6,420,fallback
-2.8408477306365967,37.92997741699219,6.277492046356201,1.0,unknown,0.0,0.4908913569262179,0.1,1,421,fallback
-2.7932656383514405,39.36220520019531,2.5959221009656903,1.0,unknown,0.0,0.5209931905665397,0.1,25,422,fallback
-2.608218510945638,40.30103556315104,4.214869221051534,1.0,unknown,0.0,0.5152545511949865,0.1,9,423,fallback
-3.339720666408539,48.76720714569092,0.0015149399114307016,1.0,unknown,0.0,0.4583637942284945,0.1,4,424,fallback
-3.139561891555786,67.79112243652344,7.958199977874756,1.0,unknown,0.0,0.4014086490769522,0.2,1,425,fallback
-3.569946765899658,68.30465698242188,8.021098136901855,1.0,unknown,0.0,0.3998063447165604,0.2,1,426,fallback
-1.5038659572601318,-69.15929412841797,13.029012203216553,1.0,unknown,0.0,0.3982782402426388,0.2,2,427,fallback
-1.8226498365402222,-54.06471252441406,-1.2504609823226929,1.0,unknown,0.0,0.44271371981905683,0.2,1,428,fallback
-0.7476235585553306,-53.79116603306362,-0.8878524178705577,1.0,unknown,0.0,0.4574383321057157,0.1,7,429,fallback
-1.0278828144073486,-46.30890655517578,0.0032812876161187887,1.0,unknown,0.0,0.46603906187440514,0.1,1,430,fallback
-0.882396511733532,-44.68768882751465,1.0348000780213624,1.0,unknown,0.0,0.4887691715645701,0.1,4,431,fallback
-1.4867887496948242,-43.90869140625,0.0031681957188993692,1.0,unknown,0.0,0.4731984313592603,0.1,1,432,fallback
-1.0178300850093365,-39.115291595458984,1.8676240682601928,1.0,unknown,0.0,0.5055687904795384,0.1,20,433,fallback
-0.8960193243609476,-36.47114726475307,4.772080183029175,1.0,unknown,0.0,0.5449976823551099,0.1,7,434,fallback
-0.8384597599780297,-35.14723990945255,4.327098853447858,1.0,unknown,0.0,0.5206308204731981,0.1,34,435,fallback
-1.9084060192108154,-28.06728744506836,-1.3076962232589722,1.0,static_manmade,0.0,0.5581037219865457,0.1,1,436,annotation
-1.1041512940078975,-26.893988704681398,-1.529871928691864,1.0,static_manmade,0.0,0.5689949264157406,0.1,20,437,annotation
-0.35219596574703854,-25.77557945251465,-1.7976467212041218,1.0,unknown,0.0,0.5279062624082046,0.1,3,438,fallback
-1.0196908896460253,-20.41012472264907,-1.9015198805752922,1.0,unknown,0.0,0.543767627751232,0.1,17,439,fallback
-0.9808621032332833,-15.252503655173562,-1.7793689370155334,1.0,unknown,0.0,0.5596441791689047,0.1,22,440,fallback
-0.9931979921335975,-13.57090139389038,-1.918468952178955,1.0,unknown,0.0,0.5653268649858528,0.1,24,441,fallback
-1.0250648814623082,-11.031339811900306,-1.9493429074211726,1.0,unknown,0.0,0.5719628589491145,0.1,63,442,fallback
-0.9925254080789508,-8.639671667122547,-1.948799955992051,1.0,unknown,0.0,0.578970921550434,0.1,81,443,fallback
-1.0102648453348042,-6.8261610341794565,-1.9428724682692327,1.0,unknown,0.0,0.5845060504599823,0.1,132,444,fallback
-1.3902951895611957,-5.38341766653709,-1.9186863297397652,1.0,unknown,0.0,0.5884413492587417,0.1,103,445,fallback
-0.27362709970144683,-0.6384675018049569,-0.33796975273977625,1.0,unknown,0.0,0.6038334388977867,0.1,990,446,fallback
-0.2911578512812634,0.44686045119234796,-0.3733545099594155,1.0,unknown,0.0,0.6063810195330401,0.1,980,447,fallback
-1.5770578881104786,3.6427483210961022,-1.7519442085176706,1.0,unknown,0.0,0.595202291933594,0.1,96,448,fallback
-0.9885176958146733,4.803439499002643,-1.7133311043798396,1.0,unknown,0.0,0.5910517289575852,0.1,339,449,fallback
-0.962340179857024,6.682362841888213,-1.6415549331987407,1.0,unknown,0.0,0.5852753795370816,0.1,142,450,fallback
-1.013102285830038,8.59925585907775,-1.5640267412383835,1.0,unknown,0.0,0.5796326925773388,0.1,77,451,fallback
-0.8585013807564974,10.893273162841798,-1.4559584474563598,1.0,unknown,0.0,0.5738456833790384,0.1,50,452,fallback
-1.6316384077072144,12.068885273403591,-1.44407139884101,1.0,unknown,0.0,0.5685647214726716,0.1,9,453,fallback
-0.8816631160499084,14.275786127362933,-1.3358649469557262,1.0,unknown,0.0,0.5632069251915526,0.1,21,454,fallback
-1.0354266231879592,17.004380226135254,-1.2058479338884354,1.0,unknown,0.0,0.5547764249946434,0.1,16,455,fallback
-0.9719415316979091,22.749277623494468,-1.0719480514526367,1.0,unknown,0.0,0.5367417243150828,0.1,15,456,fallback
-0.33507688573904726,29.478781750327663,1.0525319220522713,1.0,vehicle,0.0,0.7766637090942861,0.05,19,457,annotation
-0.9539759196341038,30.538241863250732,1.441055873952185,1.0,vehicle,0.0,0.7918040596650696,0.05,12,458,annotation
-0.9522209907400196,33.31694425385574,3.7901972450059036,1.0,unknown,0.0,0.5707594308723114,0.1,29,459,fallback
-1.3063181787729263,34.280633714463974,5.484716892242432,1.0,unknown,0.0,0.5246104840012678,0.1,9,460,fallback
-0.8437326550483704,36.405616760253906,4.276734828948975,1.0,unknown,0.0,0.4957538222710328,0.1,1,461,fallback
-1.813002872467041,39.05140151977539,1.0939042826765217,1.0,unknown,0.0,0.5137786035781471,0.1,5,462,fallback
-1.1207329239696264,40.426135540008545,4.266951411962509,1.0,unknown,0.0,0.5069480252225452,0.1,8,463,fallback
-0.014627509750425816,46.594661712646484,4.36106014251709,1.0,unknown,0.0,0.4652160079740171,0.1,1,464,fallback
-1.1714569330215454,67.07816314697266,7.865594863891602,1.0,unknown,0.0,0.4037348253108346,0.2,1,465,fallback
1.7028791904449463,-56.73956298828125,-1.313039779663086,1.0,unknown,0.0,0.43470466756030723,0.2,1,466,fallback
0.6650760341435671,-53.43415451049805,-0.8218271912774071,1.0,unknown,0.0,0.4589969751514683,0.1,6,467,fallback
1.1919936299324037,-43.58154449462891,-0.0053638927172869446,1.0,unknown,0.0,0.4896924399830548,0.1,5,468,fallback
1.3970508575439453,-40.01049041748047,1.8663966655731201,1.0,unknown,0.0,0.484895379560515,0.1,1,469,fallback
1.0311200053177096,-38.952621113170274,1.7404731457883662,1.0,unknown,0.0,0.5061183197391764,0.1,11,470,fallback
0.9374041517575582,-36.97511749267578,2.521826847953101,1.0,unknown,0.0,0.5531826788364873,0.1,15,471,fallback
0.9440373212776401,-35.11588868227872,4.720329116691243,1.0,unknown,0.0,0.5310332664566556,0.1,44,472,fallback
0.18781896804769835,-26.206146240234375,-1.218520959218343,1.0,static_manmade,0.0,0.564004223460284,0.1,3,473,annotation
1.0526382533522944,-25.349666515986126,-1.5232570171356201,1.0,static_manmade,0.0,0.5734285438902806,0.1,24,474,annotation
0.9948860584374737,-20.61010753407198,-1.9202615022659302,1.0,unknown,0.0,0.543334004272914,0.1,17,475,fallback
1.8704010645548503,-16.652132670084637,-1.9501583973566692,1.0,unknown,0.0,0.5547464014598157,0.1,3,476,fallback
0.7512410918579382,-15.310169556561638,-1.7841461476157694,1.0,unknown,0.0,0.5593520492214688,0.1,17,477,fallback
0.8584671887484464,-12.735908566099225,-1.8402661085128784,1.0,unknown,0.0,0.5682796865226583,0.1,33,478,fallback
0.9929094389081001,-10.826986623846967,-1.9105481686799421,1.0,unknown,0.0,0.5739687615388984,0.1,46,479,fallback
1.1094980724974648,-8.769892063769666,-1.9381220930225247,1.0,unknown,0.0,0.5794292865923828,0.1,91,480,fallback
1.0357573375598912,-6.792723743354573,-1.9425757422166712,1.0,unknown,0.0,0.5844962179693862,0.1,136,481,fallback
1.331883386810227,-5.415407728440691,-1.927953577277684,1.0,unknown,0.0,0.5884110960105341,0.1,101,482,fallback
0.05004977577056637,-0.19571216203786473,-0.057415432473328934,1.0,unknown,0.0,0.6074439133257834,0.1,6019,483,fallback
0.3106800991276389,0.45896716677224636,-0.3649487271945377,1.0,unknown,0.0,0.6064536214461974,0.1,1111,484,fallback
1.6441733121871949,3.6173487211528577,-1.7200681724046405,1.0,unknown,0.0,0.5933033435150673,0.1,95,485,fallback
1.0002965821547611,4.830577351049703,-1.6831244312825295,1.0,unknown,0.0,0.5909967740501819,0.1,361,486,fallback
1.1945541945190574,7.042578763228196,-1.4404117825703744,1.0,unknown,0.0,0.5910718574517966,0.1,195,487,fallback
0.9866145026620502,8.546009001389049,-1.1673109885913875,1.0,static_manmade,0.0,0.6250191591182019,0.1,153,488,annotation
0.3473159738239788,11.104451633635021,-1.4383347545351302,1.0,unknown,0.0,0.5723844614326554,0.1,21,489,fallback
0.5029204721121412,14.708012580871582,-1.2377598787608899,1.0,unknown,0.0,0.563719893754383,0.1,19,490,fallback
1.021047087510427,22.807744598388673,-1.076291553179423,1.0,unknown,0.0,0.536568015488041,0.1,15,491,fallback
1.4082887154072523,27.397139132022858,0.8846608867315808,1.0,vehicle,0.0,0.7827510512321995,0.05,32,492,annotation
0.8741809053080423,28.98528039114816,3.011568812886253,1.0,vehicle,0.0,0.8129573616662186,0.05,35,493,annotation
0.8450325348359697,30.98231584885541,4.559395762050853,1.0,unknown,0.0,0.5468076479429708,0.1,17,494,fallback
0.6732664220035076,32.93135643005371,1.8282265762488048,1.0,unknown,0.0,0.5703216943116305,0.1,6,495,fallback
0.9842328430885183,34.713318416050505,3.719732880592346,1.0,unknown,0.0,0.5125998272963025,0.1,14,496,fallback
0.6536819885174433,36.97574106852213,3.751253922780355,1.0,unknown,0.0,0.5030909441797173,0.1,3,497,fallback
1.2742223739624023,40.837748209635414,5.440677483876546,1.0,unknown,0.0,0.49381040546066834,0.1,3,498,fallback
3.8497252464294434,-54.60752868652344,-1.2668613195419312,1.0,unknown,0.0,0.4407708212177194,0.2,1,499,fallback
2.865971827507019,-52.93570327758789,-0.6113504719221965,1.0,unknown,0.0,0.4610200819466529,0.1,10,500,fallback
2.3523904596056258,-38.72386605398996,1.2891269326210022,1.0,unknown,0.0,0.4995682691605733,0.1,7,501,fallback
2.935305178165436,-36.8833532333374,2.903106316924095,1.0,unknown,0.0,0.5464489919809219,0.1,16,502,fallback
2.8128535662378584,-34.82404286520822,2.9132140887959395,1.0,unknown,0.0,0.531973492720785,0.1,28,503,fallback
3.0887060165405273,-33.737571716308594,5.5574469566345215,1.0,unknown,0.0,0.5033640090739155,0.1,1,504,fallback
2.359469254811605,-24.326336701711018,-1.4200872679551442,1.0,static_manmade,0.0,0.5760527545715828,0.1,12,505,annotation
3.2726592272520065,-22.997147917747498,-1.35109344124794,1.0,static_manmade,0.0,0.5795471615822749,0.1,16,506,annotation
3.215100299744379,-21.070889972505114,-1.8115866013935633,1.0,unknown,0.0,0.5481446402915351,0.1,21,507,fallback
2.8777986235088773,-16.444530804951984,-1.944001019001007,1.0,unknown,0.0,0.554996890824691,0.1,18,508,fallback
3.0309974497014824,-12.79411792755127,-1.842391387982802,1.0,unknown,0.0,0.5660397355374432,0.1,22,509,fallback
3.021049844807592,-10.507158871354727,-1.7900300683646366,1.0,unknown,0.0,0.572931983955527,0.1,29,510,fallback
2.698393410649793,-8.850917399614707,-1.636846089671398,1.0,unknown,0.0,0.5978904710203659,0.1,87,511,fallback
2.9541894017363624,-6.894029133611446,-1.9174330860590763,1.0,unknown,0.0,0.5841595466068659,0.1,139,512,fallback
2.9354782700538635,-4.8956224615291015,-1.9294365684864885,1.0,unknown,0.0,0.5883882605584548,0.1,236,513,fallback
3.184369498728589,-2.85737389032958,-1.829501580298645,1.0,unknown,0.0,0.5940088429369619,0.1,427,514,fallback
3.404094020229516,-1.1064563570467785,-1.7154720128699859,1.0,unknown,0.0,0.6025485511754644,0.1,671,515,fallback
3.410850472040306,1.0738215923211347,-1.781839531471287,1.0,unknown,0.0,0.5947551842693803,0.1,442,516,fallback
3.1452274187323974,2.9933682188545307,-1.721758329991213,1.0,unknown,0.0,0.592484635368777,0.1,388,517,fallback
3.285424244914419,5.199598412717965,-1.2088400490089446,1.0,unknown,0.0,0.6003364378965343,0.1,537,518,fallback
2.8599360014733937,6.611846870136005,-0.7166321800382504,1.0,static_manmade,0.0,0.6382770841037353,0.1,373,519,annotation
3.067395806312561,22.779363904680526,-1.0849472880363464,1.0,unknown,0.0,0.536121761452225,0.1,14,520,fallback
2.6401010836873735,26.980029582977295,0.23110922188165464,1.0,vehicle,0.0,0.7841743263585759,0.05,28,521,annotation
3.1521416288433652,28.982277725682113,4.281661579103181,1.0,unknown,0.0,0.551466750206438,0.1,33,522,fallback
3.1141330748796463,31.144683241844177,3.6135917231440544,1.0,unknown,0.0,0.5349980398403651,0.1,16,523,fallback
2.588170131047567,33.00537872314453,4.42082945505778,1.0,unknown,0.0,0.5253820893124106,0.1,3,524,fallback
3.347005605697632,35.0192153930664,3.2955673933029175,1.0,unknown,0.0,0.5332701715816461,0.1,5,525,fallback
2.9747419357299805,36.26512145996094,5.132003307342529,1.0,unknown,0.0,0.49583923270327757,0.1,1,526,fallback
4.990130265553792,-65.120787302653,12.298692226409912,1.0,unknown,0.0,0.4100601408329271,0.2,6,527,fallback
4.842092377798898,-53.15868486676897,-1.056796396151185,1.0,unknown,0.0,0.45547136860193704,0.1,7,528,fallback
5.783915758132935,-50.94262504577637,1.7947593927383423,1.0,unknown,0.0,0.4662087107002807,0.1,2,529,fallback
5.704634666442871,-49.18048095703125,3.459656238555908,1.0,unknown,0.0,0.45646931941655133,0.1,1,530,fallback
4.058415174484253,-36.814781188964844,2.153287410736084,1.0,unknown,0.0,0.5041017478895674,0.1,2,531,fallback
4.997338893801667,-20.916353713634404,-1.508707553841347,1.0,static_manmade,0.0,0.587273751858115,0.1,43,532,annotation
5.967046737670898,-19.981346130371094,-1.9411273002624512,1.0,static_manmade,0.0,0.579940120208226,0.1,1,533,annotation
4.566423137982686,-16.118712266286213,-1.9506486753622692,1.0,unknown,0.0,0.5548340307729999,0.1,12,534,fallback
5.552956528133816,-15.875673188103569,-1.9584710333082411,1.0,unknown,0.0,0.554599325031011,0.1,9,535,fallback
4.562976640813491,-12.363549344679889,-1.8457896709442139,1.0,unknown,0.0,0.5657015912544817,0.1,17,536,fallback
5.367741059373926,-10.654678053326077,-0.09802351390977425,1.0,unknown,0.0,0.6077895554229609,0.1,108,537,fallback
5.32287238746561,-8.898743301309565,-2.290045419046956,1.0,unknown,0.0,0.6113310065230364,0.1,93,538,fallback
4.95740303893884,-6.932244415084521,-2.0150986624260745,1.0,unknown,0.0,0.5803099415286415,0.1,96,539,fallback
4.854896710073348,-4.896383360993091,-1.9599011073009573,1.0,unknown,0.0,0.5848010195679127,0.1,139,540,fallback
4.4953234372315585,-2.8111862218919605,-0.7382800547624536,1.0,unknown,0.0,0.6126189294564298,0.1,486,541,fallback
4.894135553679781,-0.8537199246307798,-1.7907158270210564,1.0,unknown,0.0,0.5970504038203128,0.1,334,542,fallback
4.804771747538652,0.9533968061570905,-1.7841154617607278,1.0,unknown,0.0,0.5908801536802598,0.1,378,543,fallback
5.131039375692555,3.0960736241890516,-1.367944449647979,1.0,static_manmade,0.0,0.6333925402052848,0.1,581,544,annotation
4.451784458215367,4.889919459648023,-0.7370143045741067,1.0,static_manmade,0.0,0.638634247119408,0.1,347,545,annotation
4.854225878622017,6.755050018721936,0.67446267859572,1.0,vehicle,0.0,0.8366183446136858,0.05,102,546,annotation
4.262429714202881,8.017146110534668,0.8524627089500427,1.0,vehicle,0.0,0.8177605717858171,0.05,1,547,annotation
5.373945054553804,17.07112961723691,-0.7770423093322842,1.0,vehicle,0.0,0.8005327733831802,0.05,42,548,annotation
5.7187942663828535,21.613532511393228,1.0413711950648576,1.0,vehicle,0.0,0.7961243360440594,0.05,30,549,annotation
5.066984908921378,22.524542808532715,0.34628431151421474,1.0,vehicle,0.0,0.8037122524786002,0.05,56,550,annotation
5.031312343686126,29.30153780205305,3.9275951075129383,1.0,unknown,0.0,0.5608409351182765,0.1,43,551,fallback
4.927122863133748,31.076439539591473,1.9531131645043691,1.0,unknown,0.0,0.5516540706597072,0.1,30,552,fallback
5.5836029052734375,33.01154708862305,0.7740467190742493,1.0,unknown,0.0,0.5045587248025325,0.1,1,553,fallback
4.711711724599202,35.05020268758138,3.582688808441162,1.0,unknown,0.0,0.5072606458090695,0.1,3,554,fallback
5.601643630436489,37.61977549961635,1.5028513546234794,1.0,unknown,0.0,0.5416548637267243,0.1,7,555,fallback
5.182728826999664,38.56838035583496,1.9311072006821632,1.0,unknown,0.0,0.5018121463118805,0.1,8,556,fallback
4.130221843719482,71.41204833984375,6.684967517852783,1.0,unknown,0.0,0.3904058378586811,0.2,1,557,fallback
5.465218782424927,72.49104118347168,7.223009943962097,1.0,unknown,0.0,0.40513776204525687,0.2,4,558,fallback
7.458474795023601,-70.91019694010417,0.0033370760114242635,1.0,unknown,0.0,0.3910985840195661,0.2,3,559,fallback
6.996758079528808,-64.36551513671876,12.1907958984375,1.0,unknown,0.0,0.4112566156875871,0.2,5,560,fallback
6.098256587982178,-52.031028747558594,-1.213045358657837,1.0,unknown,0.0,0.4478384583510354,0.2,1,561,fallback
7.197252798080444,-50.843182754516604,0.8861802241066471,1.0,unknown,0.0,0.49210978332225275,0.1,20,562,fallback
6.635228395462036,-49.600807189941406,2.9125555753707886,1.0,unknown,0.0,0.46890478316409945,0.1,2,563,fallback
6.754418092615464,-20.456097097957837,-1.6204152738346773,1.0,static_manmade,0.0,0.5885336657920146,0.1,17,564,annotation
6.298762877782186,-19.899935086568195,-1.7803393999735515,1.0,static_manmade,0.0,0.5853867674375964,0.1,6,565,annotation
7.0132576038962915,-15.558803407769455,-1.9890826375860917,1.0,unknown,0.0,0.5542606030165944,0.1,19,566,fallback
7.466434796651204,-12.198914527893066,-2.0042930444081626,1.0,unknown,0.0,0.5621292106970728,0.1,3,567,fallback
6.185103257497151,-10.365719583299425,0.16067214365358706,1.0,unknown,0.0,0.6047623423926817,0.1,27,568,fallback
6.611468223425058,-9.331009363516783,-1.179111237709339,1.0,unknown,0.0,0.5996243236783881,0.1,78,569,fallback
6.991229551488703,-7.021471639112993,-2.002180127664046,1.0,unknown,0.0,0.5755714481559676,0.1,55,570,fallback
6.84466940334865,-5.0768253598894395,-1.965413727079119,1.0,unknown,0.0,0.5797703033644074,0.1,70,571,fallback
6.928368432955309,-2.7405253540385854,-1.9133062945170836,1.0,unknown,0.0,0.5829966652870942,0.1,88,572,fallback
6.990643160683768,-0.9924175022360013,-1.8576680908397751,1.0,unknown,0.0,0.5842770697566221,0.1,147,573,fallback
6.956087417499994,1.197048797805403,-1.3558343964158206,1.0,static_manmade,0.0,0.6317418775989438,0.1,372,574,annotation
6.259071951327116,2.339486116948335,-1.0793232533378878,1.0,static_manmade,0.0,0.6310359787096298,0.1,138,575,annotation
6.952029758029514,4.890987979041205,-1.04445680975914,1.0,unknown,0.0,0.5912606638332983,0.1,9,576,fallback
6.193784028291702,6.465608060359955,-0.8523870781064034,1.0,vehicle,0.0,0.8183943788548544,0.05,16,577,annotation
7.3485786120096845,8.265833536783854,1.4271122813224792,1.0,unknown,0.0,0.5984202009611211,0.1,12,578,fallback
7.669896125793457,10.089555263519287,-1.201625645160675,1.0,unknown,0.0,0.567110702706824,0.1,2,579,fallback
6.4474898685108535,15.775002566250889,-0.6261822879314423,1.0,vehicle,0.0,0.7987651625384518,0.05,11,580,annotation
6.404340485731761,16.56343944867452,-0.8121430064396312,1.0,unknown,0.0,0.5644645766203723,0.1,24,581,fallback
7.480653262719875,19.411646401009907,1.1505318678143184,1.0,vehicle,0.0,0.7973220110749653,0.05,41,582,annotation
6.5436348491244845,20.617843839857315,1.1293652878349854,1.0,vehicle,0.0,0.7963032942667163,0.05,45,583,annotation
6.942515833624478,31.246640895975048,4.781490950748839,1.0,unknown,0.0,0.534219794487736,0.1,29,584,fallback
7.0494043176824395,32.3311899358576,2.116186125711961,1.0,unknown,0.0,0.5722989002592684,0.1,11,585,fallback
6.510329484939575,36.89080015818278,0.8686104197598373,1.0,unknown,0.0,0.5140333412709964,0.1,12,586,fallback
6.730154395103455,73.49823951721191,7.329969882965088,1.0,unknown,0.0,0.40157172060481383,0.2,4,587,fallback
8.850525617599487,-70.40838623046875,0.0028734583756886423,1.0,unknown,0.0,0.39211621039960487,0.2,4,588,fallback
8.088265419006348,-64.04338073730469,12.153630256652832,1.0,unknown,0.0,0.4113436758487734,0.2,1,589,fallback
9.180581665039062,-63.79545440673828,12.134828567504883,1.0,unknown,0.0,0.4118362495736376,0.2,5,590,fallback
8.390997886657715,-50.19123649597168,-1.179106891155243,1.0,unknown,0.0,0.45237682293759707,0.1,2,591,fallback
9.301133918762208,-49.46882095336914,-1.1666799783706665,1.0,unknown,0.0,0.45412036437184455,0.1,5,592,fallback
9.481245994567871,-32.33467626571655,1.8573602810502052,1.0,unknown,0.0,0.5251618477149816,0.1,8,593,fallback
9.165046691894531,-31.090419224330358,2.901292656149183,1.0,unknown,0.0,0.5406961573647044,0.1,14,594,fallback
9.40950162070138,-29.349726994832356,3.3188851106734503,1.0,unknown,0.0,0.5277085096596631,0.1,21,595,fallback
9.239317703247071,-21.680930519104002,-2.195629358291626,1.0,unknown,0.0,0.5346725625229114,0.1,10,596,fallback
8.760903445157139,-15.139672539450906,-2.0387322902679443,1.0,unknown,0.0,0.5529089205426706,0.1,11,597,fallback
9.2386341492335,-11.055748462677002,-2.0220925509929657,1.0,unknown,0.0,0.5618837274236789,0.1,24,598,fallback
8.728868552616664,-8.689679827008929,-2.020568745476859,1.0,unknown,0.0,0.5681546796984047,0.1,28,599,fallback
8.871357838312784,-7.050121823946635,-2.006420354048411,1.0,unknown,0.0,0.5715412838168862,0.1,24,600,fallback
9.145473397296408,-5.038088943647302,-1.9697731111360632,1.0,unknown,0.0,0.5740659795731048,0.1,23,601,fallback
9.16784156241068,-2.8011437276514566,-1.7419318872980956,1.0,unknown,0.0,0.5860716614417435,0.1,82,602,fallback
9.259121030063952,-1.238557744504868,-1.516472092498157,1.0,unknown,0.0,0.589389929653527,0.1,118,603,fallback
8.624991008213588,0.6203604050911963,-1.2584100093160357,1.0,static_manmade,0.0,0.6255519091400342,0.1,70,604,annotation
9.056617154015434,2.5803160534964666,-0.8189621079299185,1.0,unknown,0.0,0.5866299890099907,0.1,18,605,fallback
8.615612499955771,6.913264309150585,-0.7624392103457797,1.0,unknown,0.0,0.5771125238370899,0.1,69,606,fallback
8.18019888136122,8.681369887457954,-0.6294748882452647,1.0,pedestrian_vru,0.0,0.8369966424438308,0.05,9,607,annotation
9.864288012186686,10.230939547220865,-0.7885820666948954,1.0,static_manmade,0.0,0.6037113557578578,0.1,3,608,annotation
8.207102648417155,18.674066034952798,1.4896322309970855,1.0,vehicle,0.0,0.7941362331372351,0.05,15,609,annotation
9.188558864593507,24.709967803955077,3.0899664163589478,1.0,unknown,0.0,0.526676615386553,0.1,10,610,fallback
8.615353425343832,26.209662119547527,3.344684441884359,1.0,unknown,0.0,0.528667686582093,0.1,6,611,fallback
8.221200466156006,30.93168830871582,5.661850452423096,1.0,unknown,0.0,0.5186393812353581,0.1,2,612,fallback
8.408153851826986,32.8019053141276,5.59181006749471,1.0,unknown,0.0,0.521431707951645,0.1,3,613,fallback
10.244709968566895,-70.0367660522461,0.0024122882168740034,1.0,unknown,0.0,0.39265376355448645,0.2,1,614,fallback
11.458231608072916,-69.82321421305339,0.0020124148577451706,1.0,unknown,0.0,0.3927312422710957,0.2,3,615,fallback
11.526076316833496,-67.93817901611328,1.6002771258354187,1.0,unknown,0.0,0.39827901193617676,0.2,2,616,fallback
11.016881561279297,-63.483907318115236,12.13029441833496,1.0,unknown,0.0,0.41179752641906664,0.2,5,617,fallback
10.393541971842447,-48.9737180074056,-1.1607608397801716,1.0,unknown,0.0,0.45484594400142464,0.1,3,618,fallback
11.095338225364685,-32.7650785446167,1.394013188779354,1.0,unknown,0.0,0.5319410266448326,0.1,8,619,fallback
10.881759889664188,-30.822806696737967,2.916582695163426,1.0,unknown,0.0,0.5706005602104026,0.1,31,620,fallback
10.956190182612492,-28.75482554313464,3.8968553054027066,1.0,unknown,0.0,0.5324307315839839,0.1,39,621,fallback
10.858091163635255,-21.881464767456055,-2.2765050649642946,1.0,unknown,0.0,0.5323179540114475,0.1,10,622,fallback
11.0233826107449,-14.231809086269802,-2.099476761288113,1.0,unknown,0.0,0.5510874349342116,0.1,9,623,fallback
11.710913181304932,-13.84174076716105,-2.1150039037068686,1.0,unknown,0.0,0.550731420508911,0.1,6,624,fallback
10.316521008809408,-10.202535841200087,-2.036126216252645,1.0,unknown,0.0,0.5616390586166662,0.1,9,625,fallback
11.24988079071045,-9.382430628726357,-2.05834110159623,1.0,unknown,0.0,0.5612365445351758,0.1,19,626,fallback
10.293087891169957,-6.691546201705933,-2.0154151916503906,1.0,unknown,0.0,0.5682087540900754,0.1,14,627,fallback
11.03266461690267,-4.757646984524197,-1.9758434229426913,1.0,unknown,0.0,0.5691841551044974,0.1,18,628,fallback
11.305259307225546,-3.11316047112147,-1.9317442228396733,1.0,unknown,0.0,0.5701337633813892,0.1,24,629,fallback
10.872889651808627,-0.7951788476040197,-1.3764994768209236,1.0,pedestrian_vru,0.0,0.8481053349604102,0.05,43,630,annotation
10.861906653956362,1.0735791278022684,-0.8981036826183921,1.0,unknown,0.0,0.5826550080612043,0.1,19,631,fallback
10.386419868469238,3.731093466281891,1.115545991063118,1.0,unknown,0.0,0.5926377436431276,0.1,20,632,fallback
10.368470712141557,4.079459797252309,0.09589985690333626,1.0,unknown,0.0,0.5850446490171078,0.1,11,633,fallback
11.712787204318577,7.713703897264269,-0.7748898400200738,1.0,static_manmade,0.0,0.6038999943602027,0.1,9,634,annotation
10.992944399515787,9.647270520528158,-0.5385654899809096,1.0,vehicle,0.0,0.8065155309340122,0.05,9,635,annotation
10.932546615600586,10.291007041931152,-0.36162686347961426,1.0,vehicle,0.0,0.7999574799444545,0.05,1,636,annotation
10.673807740211487,24.51319432258606,3.1315854489803314,1.0,unknown,0.0,0.5250030421004819,0.1,8,637,fallback
12.681966781616211,-69.71412404378255,0.001612230126435558,1.0,unknown,0.0,0.3924279809067761,0.2,3,638,fallback
12.525918960571289,-67.83745956420898,1.6016649007797241,1.0,unknown,0.0,0.3980617455652387,0.2,2,639,fallback
13.849886894226074,-64.14448547363281,10.771929740905762,1.0,unknown,0.0,0.4081319999265002,0.2,1,640,fallback
12.912275155385336,-63.35450998942057,10.639602462450663,1.0,unknown,0.0,0.4945295471750215,0.1,6,641,fallback
13.027819633483887,-61.649810791015625,2.93624210357666,1.0,unknown,0.0,0.4159661160142565,0.2,1,642,fallback
13.293424129486084,-36.954973220825195,-2.7441219091415405,1.0,unknown,0.0,0.4876353756960049,0.1,2,643,fallback
12.745667959514417,-32.61723327636719,0.37086216085835505,1.0,unknown,0.0,0.5525923491453676,0.1,19,644,fallback
12.845339688387783,-31.411822579123758,2.7919302853670986,1.0,unknown,0.0,0.544787002297535,0.1,11,645,fallback
12.894025032336895,-29.216780809255745,3.575208122913654,1.0,unknown,0.0,0.5358508246762362,0.1,26,646,fallback
13.22119960784912,-22.593392181396485,-2.440615510940552,1.0,unknown,0.0,0.5278656137569372,0.1,5,647,fallback
12.883185262265412,-12.875191854394,-2.127229338106902,1.0,unknown,0.0,0.5504678436762283,0.1,23,648,fallback
13.810292879740397,-11.877634366353353,-2.126981019973755,1.0,unknown,0.0,0.550370618786273,0.1,3,649,fallback
12.082382917404175,-8.14258098602295,-2.047282099723816,1.0,unknown,0.0,0.5613050561416851,0.1,4,650,fallback
12.641589709690638,-7.059832538877215,-2.039340683392116,1.0,unknown,0.0,0.5616924462056488,0.1,14,651,fallback
13.334963389805385,-4.961375781467983,-2.0049813247862316,1.0,unknown,0.0,0.5626434047874159,0.1,21,652,fallback
13.574318766593933,-3.217882826924324,-1.9680071026086807,1.0,unknown,0.0,0.5635712640074337,0.1,16,653,fallback
13.452105045318604,-1.06127034612,-1.9067170441150665,1.0,unknown,0.0,0.5648786765250684,0.1,20,654,fallback
13.202062924702963,0.2347536658247312,-1.8661563793818157,1.0,unknown,0.0,0.5654108740579961,0.1,3,655,fallback
12.273026738848005,2.9646284580230713,-1.189188608101436,1.0,static_manmade,0.0,0.613063587426936,0.1,7,656,annotation
12.710747718811035,5.23800567480234,-0.9532140355843765,1.0,static_manmade,0.0,0.6037216636723263,0.1,13,657,annotation
12.72063471720769,7.189755247189448,-0.6804639049984801,1.0,static_manmade,0.0,0.6068846141691927,0.1,52,658,annotation
13.152725318382526,8.994318337276065,-0.1587728359897075,1.0,vehicle,0.0,0.802419175319588,0.05,29,659,annotation
12.709907531738281,10.713228225708008,-0.2063566166907549,1.0,vehicle,0.0,0.799888653161134,0.05,2,660,annotation
13.279646098613739,13.056121587753296,-0.28260139923077077,1.0,vehicle,0.0,0.7965018466771738,0.05,16,661,annotation
13.772650909423827,17.438412475585938,3.870316171646118,1.0,unknown,0.0,0.544754562984448,0.1,5,662,fallback
14.21855354309082,-64.01338195800781,10.763686180114746,1.0,unknown,0.0,0.40827958161127287,0.2,1,663,fallback
15.062590026855469,-63.56397705078125,11.662830829620361,1.0,unknown,0.0,0.4264079278487585,0.2,10,664,fallback
15.29124641418457,-61.60053634643555,0.7360276764229639,1.0,unknown,0.0,0.43263923001566607,0.2,2,665,fallback
15.690135955810547,-55.54451560974121,-0.0009470806980971247,1.0,unknown,0.0,0.43184739573208897,0.2,2,666,fallback
15.175296238490514,-36.999946049281526,-2.401783997525594,1.0,unknown,0.0,0.509036574771454,0.1,7,667,fallback
15.2268435160319,-34.622684478759766,0.43615735093286884,1.0,unknown,0.0,0.5023094254101581,0.1,6,668,fallback
15.294870432685403,-33.2782413258272,0.5435340607484036,1.0,unknown,0.0,0.5277605367681618,0.1,17,669,fallback
15.007258415222168,-31.129723230997723,-0.13949243227640787,1.0,pedestrian_vru,0.0,0.8070700993193002,0.05,6,670,annotation
14.119078636169434,-29.68004608154297,3.056638717651367,1.0,unknown,0.0,0.5063983689159675,0.1,1,671,fallback
15.876978874206543,-24.108051300048828,2.6817193031311035,1.0,unknown,0.0,0.5184004078478421,0.1,1,672,fallback
15.521604299545288,-23.466551780700684,-0.16818970278836787,1.0,unknown,0.0,0.5338912509403609,0.1,8,673,fallback
14.73593807220459,-10.944165420532226,-2.146279509862264,1.0,unknown,0.0,0.5500539889760279,0.1,15,674,fallback
15.661442484174456,-9.705363818577357,-2.1542514392307828,1.0,unknown,0.0,0.5497496451488632,0.1,7,675,fallback
15.82876968383789,-0.03559526056051254,-1.8596032857894897,1.0,unknown,0.0,0.5575135708803132,0.1,1,676,fallback
15.63921018080278,1.3450105766003781,-0.712340075861324,1.0,pedestrian_vru,0.0,0.8276838879763342,0.05,11,677,annotation
14.091805458068848,7.48561954498291,-0.3842625319957733,1.0,vehicle,0.0,0.7971301626348846,0.05,1,678,annotation
14.287704467773438,8.732263565063477,-0.272984822280705,1.0,vehicle,0.0,0.7992732740596283,0.05,3,679,annotation
14.054141998291016,12.801715850830078,-0.01310050580650568,1.0,vehicle,0.0,0.787968206022415,0.05,1,680,annotation
15.165228605270386,15.020729678017753,2.990803382226399,1.0,unknown,0.0,0.5733646427815512,0.1,28,681,fallback
15.044523588816325,16.819491577148437,2.9015204985936482,1.0,unknown,0.0,0.5568526727825766,0.1,30,682,fallback
14.862461003390225,18.989874492992055,3.18897102095864,1.0,unknown,0.0,0.5557777612867123,0.1,22,683,fallback
15.684412002563477,50.59405644734701,8.285807291666666,1.0,unknown,0.0,0.45872988527347947,0.1,3,684,fallback
15.39172077178955,52.61179733276367,6.413623809814453,1.0,unknown,0.0,0.44054892343889984,0.2,1,685,fallback
15.747642517089844,61.78590393066406,7.459972381591797,1.0,unknown,0.0,0.4137165048301926,0.2,1,686,fallback
14.547975540161133,63.01464080810547,10.63716983795166,1.0,unknown,0.0,0.410983513750957,0.2,1,687,fallback
15.874218940734863,65.32886505126953,9.455796241760254,1.0,unknown,0.0,0.4033104788969235,0.2,1,688,fallback
16.855235417683918,-64.35478083292644,9.590737064679464,1.0,unknown,0.0,0.47593974379148973,0.1,6,689,fallback
17.177957916259764,-63.462076568603514,12.375137901306152,1.0,unknown,0.0,0.4087880333658661,0.2,5,690,fallback
16.451836585998535,-61.66550064086914,0.7398780689109117,1.0,unknown,0.0,0.43168639895913696,0.2,2,691,fallback
16.51776695251465,-56.67560958862305,1.367997169494629,1.0,unknown,0.0,0.42789931641561496,0.2,1,692,fallback
16.857950944166916,-54.861337221585785,-0.4091287990494703,1.0,unknown,0.0,0.45637174022092364,0.1,13,693,fallback
17.7446346282959,-53.79332733154297,-0.6577262252685614,1.0,unknown,0.0,0.4511463913551338,0.1,2,694,fallback
17.07989330291748,-37.25559844970703,-2.021681767702103,1.0,unknown,0.0,0.524310986738097,0.1,10,695,fallback
17.055641810099285,-34.599396387736,1.4337047451020528,1.0,unknown,0.0,0.5628053119682256,0.1,12,696,fallback
16.763269996643068,-33.26534461975098,1.506843691598624,1.0,unknown,0.0,0.5591437614272544,0.1,10,697,fallback
16.082305908203125,-31.261499404907227,-2.4579594135284424,1.0,pedestrian_vru,0.0,0.7620329569234429,0.05,1,698,annotation
16.969539122147992,-22.948759165677156,0.7813862938306887,1.0,unknown,0.0,0.5765211495560453,0.1,22,699,fallback
17.162039057413736,-21.477348709106444,-2.522236617406209,1.0,unknown,0.0,0.5261463645983057,0.1,15,700,fallback
16.37255096435547,-8.047086715698242,-2.134582042694092,1.0,unknown,0.0,0.5502702615828153,0.1,1,701,fallback
16.72638792150161,-7.112981852363138,-2.1288515118991627,1.0,unknown,0.0,0.5506348954857494,0.1,17,702,fallback
17.222313033209907,-5.001338375939263,-2.102551129129198,1.0,unknown,0.0,0.5514296226452539,0.1,18,703,fallback
17.274521350860596,-2.593944787979126,-2.0514484643936157,1.0,unknown,0.0,0.5530617846870037,0.1,4,704,fallback
16.974762598673504,-0.9326121713966131,-1.9027390877405803,1.0,unknown,0.0,0.5623876172212977,0.1,12,705,fallback
16.245997884999152,0.6312040548933588,-0.991083144777171,1.0,pedestrian_vru,0.0,0.8335953706446035,0.05,23,706,annotation
17.86561679840088,5.218070983886719,-0.8836409747600555,1.0,pedestrian_vru,0.0,0.811677604402526,0.05,2,707,annotation
17.81062889099121,11.84515380859375,2.7479381561279297,1.0,unknown,0.0,0.5472822088499608,0.1,2,708,fallback
17.40980815887451,13.117631379295798,3.522209314739003,1.0,unknown,0.0,0.5518135069689944,0.1,34,709,fallback
16.841504530473188,15.071162657304244,3.4923677010969683,1.0,unknown,0.0,0.5553095234658887,0.1,22,710,fallback
16.97944158666274,17.15387187284582,2.1013544910751722,1.0,unknown,0.0,0.5633022746622123,0.1,17,711,fallback
16.875438690185547,18.525655364990236,1.7395989656448365,1.0,unknown,0.0,0.5422114711387952,0.1,5,712,fallback
17.38214047749837,20.48376210530599,2.0810090700785318,1.0,unknown,0.0,0.5317079334060288,0.1,3,713,fallback
16.924421310424805,22.42350959777832,4.617949485778809,1.0,unknown,0.0,0.5207192289168534,0.1,1,714,fallback
16.710223388671874,49.65349655151367,8.120143222808839,1.0,unknown,0.0,0.4639323526001027,0.1,5,715,fallback
17.072959899902344,50.55835151672363,8.142662048339844,1.0,unknown,0.0,0.4612085798269502,0.1,2,716,fallback
17.04976463317871,61.22653325398763,10.969920794169107,1.0,unknown,0.0,0.44926511390886004,0.2,3,717,fallback
17.442710876464844,65.19837951660156,9.491005897521973,1.0,unknown,0.0,0.4025260715825447,0.2,1,718,fallback
19.091379165649414,-72.01565551757812,10.461633682250977,1.0,unknown,0.0,0.38149022709810276,0.2,1,719,fallback
19.358585357666016,-71.87467956542969,10.452337900797525,1.0,unknown,0.0,0.3820847511562685,0.2,3,720,fallback
19.10470167795817,-64.50883865356445,9.700172503789267,1.0,unknown,0.0,0.4745529501502981,0.1,6,721,fallback
19.04769277572632,-63.767791748046875,12.526087284088135,1.0,unknown,0.0,0.40639431030940587,0.2,4,722,fallback
18.797595705304825,-53.26686750139509,-0.7494119978842458,1.0,unknown,0.0,0.45140035659365707,0.1,7,723,fallback
18.651185989379883,-37.84319496154785,-2.950023889541626,1.0,unknown,0.0,0.47877235404579954,0.1,2,724,fallback
19.047184308369953,-34.93252754211426,0.0042503164149820805,1.0,unknown,0.0,0.504136383409734,0.1,6,725,fallback
19.204173922538757,-32.60864877700806,0.25787285791011527,1.0,unknown,0.0,0.5298265194971153,0.1,16,726,fallback
18.889947255452473,-22.44405206044515,-1.6000851194063823,1.0,pedestrian_vru,0.0,0.7874736597828075,0.05,6,727,annotation
18.539251804351807,-20.411742448806763,-2.5742832720279694,1.0,unknown,0.0,0.5223366236545107,0.1,8,728,fallback
19.444144469041092,-18.973373119647686,-2.5376376922313986,1.0,unknown,0.0,0.5242101585844225,0.1,13,729,fallback
19.913177490234375,-17.91381072998047,-2.502039670944214,1.0,unknown,0.0,0.5246448304485376,0.1,1,730,fallback
18.294749577840168,2.98121710618337,-0.6618930200735728,1.0,pedestrian_vru,0.0,0.8200371151107679,0.05,6,731,annotation
19.14203143119812,5.0400137305259705,-0.7089923955500126,1.0,pedestrian_vru,0.0,0.8139368421941501,0.05,8,732,annotation
19.184363961219788,11.491505742073059,3.455428846180439,1.0,unknown,0.0,0.5533110451520907,0.1,32,733,fallback
18.513971915611855,12.565318474402794,3.05538286612584,1.0,unknown,0.0,0.5575352447324321,0.1,26,734,fallback
18.861269421047634,15.149880303276909,2.817847430706024,1.0,unknown,0.0,0.5519163910407274,0.1,18,735,fallback
19.18201192220052,16.953784068425495,2.528846005598704,1.0,unknown,0.0,0.5525118434086912,0.1,24,736,fallback
19.310210609436034,18.707384490966795,3.131792402267456,1.0,unknown,0.0,0.5607683896290304,0.1,10,737,fallback
19.524500846862793,21.114540576934814,0.8257577766198665,1.0,unknown,0.0,0.5385994564940699,0.1,8,738,fallback
18.732177734375,22.08925437927246,2.0157837867736816,1.0,unknown,0.0,0.5181123324323883,0.1,1,739,fallback
18.73105525970459,51.41982460021973,10.320687770843506,1.0,unknown,0.0,0.44218568179348716,0.2,2,740,fallback
18.753103256225586,61.295491536458336,12.088135401407877,1.0,unknown,0.0,0.4143093947941239,0.2,3,741,fallback
20.513294219970703,-71.49398803710938,10.443536758422852,1.0,unknown,0.0,0.3819205724557171,0.2,2,742,fallback
20.5120210647583,-64.225341796875,12.282007694244385,1.0,unknown,0.0,0.4195500907086057,0.2,4,743,fallback
21.475780487060547,-62.69878005981445,1.0212852478337784,1.0,unknown,0.0,0.42392378798226116,0.2,3,744,fallback
21.392885208129883,-52.27708307902018,-2.6346305211385093,1.0,unknown,0.0,0.4357590405458761,0.2,3,745,fallback
21.441205978393555,-24.767687797546387,-0.007882305420935154,1.0,unknown,0.0,0.5067237197461479,0.1,2,746,fallback
20.969397226969402,-23.282349586486816,-1.2156787778561313,1.0,unknown,0.0,0.5332693797980543,0.1,6,747,fallback
20.62834221976144,-17.00549452645438,-2.498835870197841,1.0,unknown,0.0,0.5249563872793007,0.1,14,748,fallback
21.86297369003296,-14.866219997406006,-2.4724411964416504,1.0,unknown,0.0,0.5257270402407849,0.1,4,749,fallback
21.259794285422878,11.207674754293341,3.0484632300703147,1.0,unknown,0.0,0.5632340844301241,0.1,38,750,fallback
20.80220756530762,12.844678974151611,2.7391947746276855,1.0,unknown,0.0,0.5577348543284062,0.1,10,751,fallback
20.555194854736328,14.72696213722229,2.086427339911461,1.0,unknown,0.0,0.5555633172556619,0.1,20,752,fallback
20.759962797164917,17.47974419593811,3.004787400364876,1.0,unknown,0.0,0.5491147116189793,0.1,8,753,fallback
21.150248591105143,19.455646133422853,1.2631929197659095,1.0,unknown,0.0,0.5400311535363301,0.1,15,754,fallback
20.296172550746373,20.14114270891462,1.1278070381709508,1.0,unknown,0.0,0.5307244903801145,0.1,7,755,fallback
20.39960479736328,49.22307777404785,10.046642303466797,1.0,unknown,0.0,0.44584713550321764,0.2,2,756,fallback
21.112533569335938,52.70400810241699,9.340625047683716,1.0,unknown,0.0,0.46774339488161165,0.1,2,757,fallback
20.962322235107422,55.60280990600586,9.767470359802246,1.0,unknown,0.0,0.4267310380173063,0.2,1,758,fallback
23.863866806030273,-63.53233337402344,-1.577196717262268,1.0,unknown,0.0,0.4014009486614536,0.2,1,759,fallback
22.982239151000975,-52.65149612426758,-2.6802218914031983,1.0,unknown,0.0,0.43307943125475123,0.2,5,760,fallback
22.47629165649414,-32.350738525390625,-0.920017659664154,1.0,unknown,0.0,0.48682307446927797,0.1,1,761,fallback
22.814775466918945,-24.81879711151123,-2.3615946769714355,1.0,unknown,0.0,0.5039010464236608,0.1,2,762,fallback
22.164520263671875,-14.335506439208984,-2.468981444835663,1.0,unknown,0.0,0.5258682280235784,0.1,4,763,fallback
22.405356407165527,-13.768195390701294,-2.4602019786834717,1.0,unknown,0.0,0.5261854116118119,0.1,4,764,fallback
23.577829187566582,-10.728899348865856,-2.426243478601629,1.0,unknown,0.0,0.5273786324790857,0.1,11,765,fallback
23.892656326293945,-9.490811824798584,-2.408801257610321,1.0,unknown,0.0,0.5280748396900639,0.1,4,766,fallback
23.851199891832138,-2.632864554723104,-2.2532568242814808,1.0,unknown,0.0,0.5332014187950411,0.1,9,767,fallback
23.494600296020508,-0.7607621811330318,-2.2093756198883057,1.0,unknown,0.0,0.5350310673442397,0.1,4,768,fallback
23.290587107340496,0.6657378673553467,-2.1900591055552163,1.0,unknown,0.0,0.5351340217831182,0.1,3,769,fallback
22.487315495808918,11.026304403940836,3.9077855745951333,1.0,unknown,0.0,0.5457063511935133,0.1,6,770,fallback
23.302433437771267,13.25825638241238,2.057574192682902,1.0,unknown,0.0,0.5425485239943302,0.1,9,771,fallback
23.336157608032227,14.503998374938964,2.8210808515548704,1.0,unknown,0.0,0.5490482911490838,0.1,5,772,fallback
22.964616298675537,17.622169017791748,1.1604245454072952,1.0,unknown,0.0,0.5250949532944076,0.1,4,773,fallback
23.11646984241627,19.423821484601056,0.8139075740343995,1.0,unknown,0.0,0.5277196985983178,0.1,27,774,fallback
22.866350173950195,55.07781473795573,9.807255744934082,1.0,unknown,0.0,0.45458868405041986,0.1,3,775,fallback
22.394052505493164,56.46177291870117,8.53661823272705,1.0,unknown,0.0,0.4227780789842346,0.2,1,776,fallback
25.124340057373047,-66.2389907836914,13.332202911376953,1.0,unknown,0.0,0.39246876166021083,0.2,1,777,fallback
25.574172973632812,-64.36294809977214,0.5340674209874123,1.0,unknown,0.0,0.4158683929335246,0.2,3,778,fallback
24.874847412109375,-63.980892181396484,-1.5956372022628784,1.0,unknown,0.0,0.39906114163925044,0.2,1,779,fallback
24.757470448811848,-53.33766428629557,-2.7439609368642173,1.0,unknown,0.0,0.42904710861909356,0.2,3,780,fallback
24.064275360107423,-8.371809387207032,-2.3879258155822756,1.0,unknown,0.0,0.5286580010904531,0.1,5,781,fallback
24.113190724299503,-7.0137080779442424,-2.3550550754253683,1.0,unknown,0.0,0.5300168819697719,0.1,13,782,fallback
24.090249252319335,-5.666497135162354,-2.3213732719421385,1.0,unknown,0.0,0.5308352291435814,0.1,5,783,fallback
24.949698872036404,11.74095016055637,2.1689217156834073,1.0,unknown,0.0,0.5413297124906605,0.1,18,784,fallback
24.856144007514505,12.63439105538761,1.9779715210966327,1.0,unknown,0.0,0.5512671072317501,0.1,34,785,fallback
25.369209671020506,15.753575325012207,1.5091957092285155,1.0,unknown,0.0,0.5279134250077261,0.1,5,786,fallback
25.142924626668293,16.55785878499349,1.9718992511431377,1.0,unknown,0.0,0.5300143500930187,0.1,6,787,fallback
24.524335861206055,19.4969762802124,0.49101379215717317,1.0,unknown,0.0,0.5224602073448159,0.1,10,788,fallback
24.563655853271484,49.67350387573242,9.104513168334961,1.0,unknown,0.0,0.4387547847740174,0.2,1,789,fallback
25.29188346862793,51.38024139404297,9.871415138244629,1.0,unknown,0.0,0.4495683302257649,0.2,3,790,fallback
25.37020492553711,71.07449340820312,12.400622367858887,1.0,unknown,0.0,0.37859973895605126,0.2,1,791,fallback
25.45454978942871,73.90943145751953,14.733370780944824,1.0,unknown,0.0,0.37049020602497956,0.2,1,792,fallback
25.248748779296875,74.70796203613281,14.863532066345215,1.0,unknown,0.0,0.3684222957279982,0.2,1,793,fallback
27.87481117248535,-68.65171813964844,13.943917274475098,1.0,unknown,0.0,0.382715111820783,0.2,1,794,fallback
27.69774055480957,-65.56555938720703,-1.6552720069885254,1.0,unknown,0.0,0.39147232805467524,0.2,1,795,fallback
27.367984771728516,-56.364234924316406,-2.9243154525756836,1.0,unknown,0.0,0.4170281879599448,0.2,1,796,fallback
27.947309494018555,-55.91404724121094,-2.9177284240722656,1.0,unknown,0.0,0.4174716152641914,0.2,1,797,fallback
27.87660789489746,-37.287357330322266,-1.0880436897277832,1.0,unknown,0.0,0.46533228519215697,0.1,1,798,fallback
26.80364418029785,-26.277518272399902,-2.6308616399765015,1.0,vehicle,0.0,0.7324441088149196,0.05,2,799,annotation
27.264214992523193,-25.739259719848633,-2.6284709572792053,1.0,vehicle,0.0,0.7327805289427858,0.05,4,800,annotation
26.83817720413208,11.868086338043213,2.3754281997680664,1.0,unknown,0.0,0.541879586040925,0.1,4,801,fallback
26.83274997364391,12.454564701427113,1.469543646005067,1.0,unknown,0.0,0.5518027355015732,0.1,11,802,fallback
26.952037175496418,15.497647603352865,1.4228187998135884,1.0,unknown,0.0,0.5367849339244603,0.1,3,803,fallback
26.931877772013348,17.79163106282552,1.2299929857254028,1.0,unknown,0.0,0.5166312662459566,0.1,3,804,fallback
27.486530303955078,18.717112974687055,1.1073519479144702,1.0,unknown,0.0,0.5178290512921464,0.1,11,805,fallback
28.854286193847656,-68.75549825032552,14.032168706258139,1.0,unknown,0.0,0.3845025142286844,0.2,3,806,fallback
29.284628868103027,-55.74580764770508,-2.9397976398468018,1.0,unknown,0.0,0.41621758784363505,0.2,2,807,fallback
28.18205690383911,-37.30325508117676,2.1760222911834717,1.0,unknown,0.0,0.5146873391305647,0.1,4,808,fallback
29.021906661987305,-22.348854064941406,-2.230493950843811,1.0,unknown,0.0,0.5054674098407625,0.1,5,809,fallback
29.889955520629883,9.98036003112793,3.6665568351745605,1.0,unknown,0.0,0.5104634819427671,0.1,1,810,fallback
29.193812561035156,10.753825569152832,1.7320501442998648,1.0,unknown,0.0,0.545132643205138,0.1,5,811,fallback
28.68122016059028,16.934278700086807,1.2733775046136644,1.0,unknown,0.0,0.5207674251350922,0.1,9,812,fallback
28.394420623779297,18.298704624176025,1.9452778995037079,1.0,unknown,0.0,0.5251477335931468,0.1,4,813,fallback
28.573348999023438,23.78419303894043,2.5822198390960693,1.0,unknown,0.0,0.4934692105120645,0.1,1,814,fallback
30.993040084838867,-70.4208755493164,14.478732109069824,1.0,unknown,0.0,0.37418185898527245,0.2,1,815,fallback
30.60358428955078,-38.96038818359375,-3.4695780277252197,1.0,unknown,0.0,0.4563715337862375,0.1,1,816,fallback
31.47699737548828,-32.489891052246094,-3.170426686604818,1.0,vehicle,0.0,0.7093929142575226,0.05,3,817,annotation
30.901126861572266,-27.772851943969727,-2.9133617877960205,1.0,static_manmade,0.0,0.5178569154836505,0.1,1,818,annotation
31.33741855621338,-21.022775650024414,-2.649837851524353,1.0,vehicle,0.0,0.7323397387867152,0.05,2,819,annotation
30.76370032628377,8.996740261713663,3.729571521282196,1.0,unknown,0.0,0.5097077943855916,0.1,12,820,fallback
31.933883666992188,12.358746528625488,3.1743323802948,1.0,unknown,0.0,0.5022741323894404,0.1,1,821,fallback
33.7254638671875,-74.2317886352539,13.379096031188965,1.0,unknown,0.0,0.36039851142437046,0.2,1,822,fallback
32.73241424560547,-29.754823684692383,-3.101775884628296,1.0,unknown,0.0,0.472294143785297,0.1,1,823,fallback
33.223533630371094,-26.23858070373535,-2.9704511165618896,1.0,static_manmade,0.0,0.5154945011500939,0.1,1,824,annotation
33.336185455322266,-14.2963228225708,3.362175464630127,1.0,unknown,0.0,0.4961828370033974,0.1,1,825,fallback
33.7589054107666,-13.907018184661865,3.384191632270813,1.0,unknown,0.0,0.49557160195615335,0.1,2,826,fallback
32.408613204956055,7.090543746948242,3.8586987257003784,1.0,unknown,0.0,0.5058319117781532,0.1,2,827,fallback
33.01405143737793,11.139501094818115,3.6790061593055725,1.0,unknown,0.0,0.5518525614527179,0.1,2,828,fallback
32.1701774597168,12.053418159484863,-0.023837080225348473,1.0,unknown,0.0,0.5179173402674414,0.1,3,829,fallback
32.61096267700195,18.519875717163085,0.4990161743015051,1.0,unknown,0.0,0.5029811334771241,0.1,5,830,fallback
35.04341125488281,-48.92385482788086,1.38569837808609,1.0,unknown,0.0,0.42462678292783373,0.2,2,831,fallback
35.34315872192383,-46.99771575927734,3.274555540084839,1.0,unknown,0.0,0.45555463105901417,0.1,5,832,fallback
35.518480682373045,-45.653010559082034,2.1452146053314207,1.0,unknown,0.0,0.4582545795546624,0.1,5,833,fallback
34.73755645751953,-28.10295867919922,-3.134855270385742,1.0,unknown,0.0,0.47095423529078884,0.1,1,834,fallback
34.157474517822266,-21.088071823120117,-2.819678783416748,1.0,unknown,0.0,0.4845717701372525,0.1,1,835,fallback
34.007240295410156,-13.667956352233887,3.397069215774536,1.0,unknown,0.0,0.4950466061905907,0.1,1,836,fallback
35.63609313964844,-10.103272438049316,-2.608370542526245,1.0,static_manmade,0.0,0.5313781514105514,0.1,1,837,annotation
35.86039733886719,-9.944397926330566,-2.6206870079040527,1.0,static_manmade,0.0,0.5308589129094142,0.1,1,838,annotation
36.568302154541016,-61.9840087890625,-3.3616151809692383,1.0,unknown,0.0,0.38909881285121317,0.2,1,839,fallback
36.945682525634766,-54.41402053833008,-3.074098825454712,1.0,pedestrian_vru,0.0,0.6701859817552812,0.1,1,840,annotation
36.81861386980329,-46.944322858537944,4.150415863309588,1.0,unknown,0.0,0.49660899521335367,0.1,7,841,fallback
36.59169551304409,-45.6061521257673,2.5136064972196306,1.0,unknown,0.0,0.4574259993700128,0.1,7,842,fallback
36.4974479675293,-30.564876556396484,-3.339538335800171,1.0,unknown,0.0,0.46218375973492243,0.1,1,843,fallback
37.76374816894531,-29.833656311035156,-2.257328987121582,1.0,vehicle,0.0,0.7006208826669438,0.05,1,844,annotation
37.28029441833496,-13.05163844426473,-2.78014083703359,1.0,static_manmade,0.0,0.5250906150838333,0.1,6,845,annotation
37.01815185546875,-11.15670051574707,-0.540626835823059,1.0,unknown,0.0,0.5403538022289393,0.1,5,846,fallback
36.72924041748047,-9.263277212778727,-2.66838804880778,1.0,static_manmade,0.0,0.5295865648219444,0.1,6,847,annotation
37.07729721069336,-4.475692462921143,-2.633324670791626,1.0,static_manmade,0.0,0.5309839278896701,0.1,5,848,annotation
36.65907541910807,-3.358697454134623,-2.308008074760437,1.0,static_manmade,0.0,0.5416633513823669,0.1,6,849,annotation
36.775447845458984,32.76023292541504,-0.028863039799034595,1.0,unknown,0.0,0.4572479891000931,0.1,2,850,fallback
38.475032806396484,-79.72607421875,14.52635383605957,1.0,unknown,0.0,0.33942670401924396,0.2,1,851,fallback
38.416481018066406,-46.77225875854492,2.8075928688049316,1.0,unknown,0.0,0.4234201778041138,0.2,1,852,fallback
39.441646575927734,-16.006208419799805,-2.994576930999756,1.0,unknown,0.0,0.47730278102720425,0.1,1,853,fallback
39.73116111755371,-9.288628101348877,-2.8744014501571655,1.0,static_manmade,0.0,0.5201224820791288,0.1,2,854,annotation
38.02375793457031,-3.506082534790039,-0.02369007095694542,1.0,unknown,0.0,0.490444820981904,0.1,1,855,fallback
38.839935302734375,-0.7338127195835114,-2.7409313917160034,1.0,unknown,0.0,0.48875326972208255,0.1,2,856,fallback
41.364858627319336,-71.5195083618164,-3.859081506729126,1.0,unknown,0.0,0.3571861193399143,0.2,2,857,fallback
41.95802307128906,-34.32628631591797,-2.5421526432037354,1.0,vehicle,0.0,0.6823687401185159,0.1,1,858,annotation
40.97018051147461,-18.016124725341797,-3.1479105949401855,1.0,unknown,0.0,0.4707307631236516,0.1,1,859,fallback
41.192169189453125,-4.020814418792725,-0.9859328866004944,1.0,unknown,0.0,0.4808361737054382,0.1,1,860,fallback
41.59950065612793,-3.3696881532669067,-1.3166242837905884,1.0,unknown,0.0,0.49736350118419126,0.1,6,861,fallback
41.424323081970215,1.5005300045013428,-2.683939963579178,1.0,unknown,0.0,0.4908742076141216,0.1,4,862,fallback
41.06719970703125,3.8490915298461914,-0.9850754737854004,1.0,vehicle,0.0,0.7212584403830269,0.05,1,863,annotation
41.53304672241211,4.13496732711792,-0.996829092502594,1.0,vehicle,0.0,0.719784875819326,0.05,1,864,annotation
40.140201568603516,17.802156448364258,-0.029408229514956474,1.0,unknown,0.0,0.4732677981447915,0.1,1,865,fallback
41.2655029296875,19.056964874267578,8.54153823852539,1.0,unknown,0.0,0.4686398636685485,0.1,1,866,fallback
41.7558708190918,74.45579528808594,14.011666297912598,1.0,unknown,0.0,0.34890438543665303,0.2,1,867,fallback
42.16534423828125,-34.10587692260742,-2.5433692932128906,1.0,vehicle,0.0,0.6823035222921675,0.1,1,868,annotation
43.123128255208336,-19.764426549275715,4.862637996673584,1.0,unknown,0.0,0.6043079413694068,0.1,3,869,fallback
42.16732406616211,-2.6439437866210938,-1.0069661140441895,1.0,unknown,0.0,0.47824960387112025,0.1,1,870,fallback
42.868054707845054,-0.6881539821624756,-2.0263349215189614,1.0,vehicle,0.0,0.7164436975817269,0.05,3,871,annotation
42.37006378173828,2.031829357147217,-2.99393892288208,1.0,static_manmade,0.0,0.5152437399628362,0.1,1,872,annotation
43.30207920074463,5.46267831325531,-1.2976952195167542,1.0,vehicle,0.0,0.7248801898051735,0.05,4,873,annotation
42.38465881347656,73.57782745361328,13.93663501739502,1.0,unknown,0.0,0.35026208770629264,0.2,1,874,fallback
42.09675216674805,74.0306396484375,13.978020668029785,1.0,unknown,0.0,0.349512134637066,0.2,1,875,fallback
45.80806350708008,-24.20759391784668,8.481720924377441,1.0,unknown,0.0,0.44956680994703724,0.2,1,876,fallback
45.54509141710069,-22.80121421813965,7.392118718889025,1.0,unknown,0.0,0.5007555884714652,0.1,9,877,fallback
45.25979232788086,-20.824384689331055,4.3659912049770355,1.0,unknown,0.0,0.6055378502989157,0.1,8,878,fallback
44.99635200500488,-19.156838417053223,3.0790939807891844,1.0,unknown,0.0,0.5912775832551338,0.1,10,879,fallback
44.53257656097412,-16.70312738418579,5.5424259305000305,1.0,unknown,0.0,0.5892638212396548,0.1,4,880,fallback
45.571458180745445,-15.012907981872559,5.0629415313402815,1.0,unknown,0.0,0.5789418175071698,0.1,6,881,fallback
45.138851165771484,-10.278572082519531,-2.183551073074341,1.0,unknown,0.0,0.4661170119935816,0.1,1,882,fallback
45.988216400146484,-5.53733491897583,-2.1870574951171875,1.0,unknown,0.0,0.46603884308539845,0.1,1,883,fallback
44.78038787841797,19.741403579711914,9.195533752441406,1.0,unknown,0.0,0.4581835997425777,0.1,1,884,fallback
45.0246213277181,20.586355845133465,9.30302874247233,1.0,unknown,0.0,0.4581268890311587,0.1,3,885,fallback
47.21553166707357,-24.449095408121746,6.384445150693257,1.0,unknown,0.0,0.5011851899651674,0.1,6,886,fallback
47.06672534942627,-22.965254688262938,5.4147066354751585,1.0,unknown,0.0,0.49157763527528553,0.1,20,887,fallback
47.18974177042643,-21.285558276706272,4.798857874340481,1.0,unknown,0.0,0.49321325791194504,0.1,9,888,fallback
47.83257929484049,-19.741182963053387,6.429149945576985,1.0,unknown,0.0,0.4641450696705064,0.1,3,889,fallback
47.94403266906738,-16.42180347442627,7.091139793395996,1.0,unknown,0.0,0.45345435788559807,0.1,2,890,fallback
46.900970458984375,-14.8890749613444,8.45292075475057,1.0,unknown,0.0,0.47304832311737943,0.1,3,891,fallback
46.892988204956055,-12.833115339279175,9.127528429031372,1.0,unknown,0.0,0.4610206825656846,0.1,4,892,fallback
46.0583610534668,-6.091082572937012,-2.1933741569519043,1.0,unknown,0.0,0.46562186258750404,0.1,1,893,fallback
46.04716186523437,-5.059215450286866,-2.187557601928711,1.0,unknown,0.0,0.4660759986631777,0.1,5,894,fallback
46.16817092895508,-3.6759896278381348,-2.187572956085205,1.0,unknown,0.0,0.46605714786278973,0.1,1,895,fallback
47.90658187866211,1.7354309558868408,-2.266263008117676,1.0,unknown,0.0,0.4611859854843887,0.1,1,896,fallback
46.05944061279297,3.9506378173828125,7.564809799194336,1.0,unknown,0.0,0.46631432489781854,0.1,1,897,fallback
47.41525141398112,20.83506711324056,7.65678612391154,1.0,unknown,0.0,0.46254018232616223,0.1,3,898,fallback
46.68405342102051,23.055788040161133,-1.8537583947181702,1.0,unknown,0.0,0.4637215648534684,0.1,2,899,fallback
48.86712837219238,-63.39220428466797,-0.013992118649184704,1.0,unknown,0.0,0.3648788972948905,0.2,2,900,fallback
49.89320373535156,-31.594057083129883,-2.773887872695923,1.0,vehicle,0.0,0.6678344107972873,0.1,1,901,annotation
49.43925476074219,-29.91106605529785,10.85400390625,1.0,unknown,0.0,0.43165004743364466,0.2,1,902,fallback
48.82134355817522,-24.881142480032786,5.467411620276315,1.0,unknown,0.0,0.5093947657029174,0.1,7,903,fallback
48.98480224609375,-22.73029467264811,4.925879350677133,1.0,unknown,0.0,0.5306313859813347,0.1,15,904,fallback
48.945686721801756,-21.26014995574951,3.079431748390198,1.0,unknown,0.0,0.4597403239484815,0.1,10,905,fallback
49.93877410888672,-18.04734230041504,4.923774719238281,1.0,unknown,0.0,0.445700629277888,0.2,1,906,fallback
49.745479583740234,-16.398944854736328,7.329036712646484,1.0,unknown,0.0,0.44786361598189617,0.2,1,907,fallback
49.68028259277344,-14.962631225585938,7.877134799957275,1.0,unknown,0.0,0.4650393245899499,0.1,2,908,fallback
49.010159083775115,-12.900746073041644,6.770385367529733,1.0,unknown,0.0,0.5446329785146591,0.1,7,909,fallback
49.14124870300293,-11.46954870223999,8.860995610555014,1.0,unknown,0.0,0.466924777500466,0.1,6,910,fallback
49.16432762145996,-9.277361392974854,-1.1895790100097656,1.0,unknown,0.0,0.4550888072688033,0.1,2,911,fallback
49.4042002360026,-2.555772066116333,3.429544369379679,1.0,unknown,0.0,0.4796833999281658,0.1,3,912,fallback
49.696007622612846,-1.0724916093879275,0.6090597257845931,1.0,unknown,0.0,0.4938967583045788,0.1,9,913,fallback
48.15608520507813,1.1492685556411744,1.0941075280308723,1.0,unknown,0.0,0.4994249301961514,0.1,5,914,fallback
48.32304000854492,18.79596710205078,2.38533878326416,1.0,unknown,0.0,0.4494505185649297,0.2,1,915,fallback
48.725921630859375,20.751572291056316,7.015421708424886,1.0,unknown,0.0,0.5094146395512926,0.1,3,916,fallback
50.22516632080078,-63.25283432006836,-0.014670032076537609,1.0,unknown,0.0,0.3626956553561883,0.2,1,917,fallback
50.87632751464844,-30.606603622436523,8.785983721415201,1.0,unknown,0.0,0.44410875897450264,0.2,3,918,fallback
50.37924385070801,-25.074793815612793,3.930046796798706,1.0,unknown,0.0,0.5013044460624846,0.1,2,919,fallback
50.99748611450195,-23.22220516204834,4.52869725227356,1.0,unknown,0.0,0.5163895867232329,0.1,2,920,fallback
51.44271033150809,-21.313903263637,5.1734389918191095,1.0,unknown,0.0,0.4970114464926214,0.1,7,921,fallback
51.10750389099121,-18.563697338104248,-0.03192264633253217,1.0,unknown,0.0,0.4637516791587999,0.1,4,922,fallback
50.98840777079264,-17.109179973602295,6.054402828216553,1.0,unknown,0.0,0.4959485882425031,0.1,12,923,fallback
50.69303512573242,-15.406223106384278,6.160399150848389,1.0,unknown,0.0,0.4789945462954067,0.1,5,924,fallback
50.54195785522461,-13.25437593460083,7.941671133041382,1.0,unknown,0.0,0.4760716090113575,0.1,4,925,fallback
51.136356353759766,-11.47899055480957,9.839165687561035,1.0,unknown,0.0,0.4477732609011271,0.2,1,926,fallback
50.616102854410805,-2.7064503828684487,2.724614938100179,1.0,unknown,0.0,0.4664430588292334,0.1,3,927,fallback
50.10728645324707,-1.4300180077552795,2.890433192253113,1.0,unknown,0.0,0.4690213505005084,0.1,2,928,fallback
51.07327325003488,1.1671437983001982,2.5329790115356445,1.0,unknown,0.0,0.5111977612920335,0.1,7,929,fallback
51.34072265625,3.1637740612030028,4.049293565750122,1.0,unknown,0.0,0.47465224901659975,0.1,5,930,fallback
51.189170837402344,17.787765502929688,10.179658889770508,1.0,unknown,0.0,0.44242502556213703,0.2,1,931,fallback
51.231651306152344,18.133621215820312,10.208829879760742,1.0,unknown,0.0,0.44196137627670473,0.2,1,932,fallback
50.79876136779785,21.56270980834961,8.383939981460571,1.0,unknown,0.0,0.4866368780431586,0.1,2,933,fallback
50.51965141296387,22.36286449432373,5.122164249420166,1.0,unknown,0.0,0.43939338474795453,0.2,2,934,fallback
52.6396484375,-65.51433563232422,-0.015421181917190552,1.0,unknown,0.0,0.3528739465094577,0.2,1,935,fallback
52.35000038146973,-43.08834266662598,-1.5931299924850464,1.0,unknown,0.0,0.40162934073492484,0.2,2,936,fallback
53.59404945373535,-32.72281074523926,2.9017924070358276,1.0,unknown,0.0,0.4169955988344942,0.2,2,937,fallback
53.182342529296875,-26.52469253540039,8.319574356079102,1.0,unknown,0.0,0.42671010169106927,0.2,1,938,fallback
53.465576171875,-21.328458786010742,-2.710062026977539,1.0,unknown,0.0,0.43231172910068805,0.2,1,939,fallback
53.039136250813804,-18.607392205132378,1.4434625440173678,1.0,unknown,0.0,0.5362780500621592,0.1,9,940,fallback
52.942846616109215,-16.946177005767822,5.924181977907817,1.0,unknown,0.0,0.5099359402562377,0.1,12,941,fallback
53.292242431640624,-15.255829620361329,6.701400279998779,1.0,unknown,0.0,0.47505645674262587,0.1,5,942,fallback
53.5989875793457,-13.7681245803833,5.786128282546997,1.0,unknown,0.0,0.455500387578921,0.1,2,943,fallback
53.10385386149088,-11.116998672485352,9.17136393653022,1.0,unknown,0.0,0.4742398184756461,0.1,9,944,fallback
52.77642631530762,-0.5046109110116959,2.7330002188682556,1.0,unknown,0.0,0.45936952452347113,0.1,4,945,fallback
53.01244015163846,0.7035063352021906,3.3858026795917087,1.0,unknown,0.0,0.49636267734053063,0.1,9,946,fallback
52.905839157104495,2.684103989601135,1.0709304489195346,1.0,unknown,0.0,0.512438984727269,0.1,10,947,fallback
52.891676902770996,4.470944404602051,3.0670917630195618,1.0,unknown,0.0,0.47270942211026323,0.1,4,948,fallback
52.576890309651695,17.611874262491863,9.523303031921387,1.0,unknown,0.0,0.4539831475824706,0.1,3,949,fallback
52.32969665527344,22.08578109741211,5.265575408935547,1.0,unknown,0.0,0.43460161412606724,0.2,1,950,fallback
55.27672576904297,-34.23754119873047,6.827759265899658,1.0,unknown,0.0,0.4673132265957227,0.1,2,951,fallback
55.09404945373535,-33.43287181854248,4.480776369571686,1.0,unknown,0.0,0.46360350299222,0.1,4,952,fallback
55.39671834309896,-23.210355122884113,-2.827184041341146,1.0,unknown,0.0,0.4251975516556531,0.2,3,953,fallback
54.4556827545166,-18.749913215637207,2.65517258644104,1.0,unknown,0.0,0.432440047222198,0.2,2,954,fallback
54.27863693237305,-17.006858825683594,6.621143102645874,1.0,unknown,0.0,0.49968500778390956,0.1,2,955,fallback
54.660983403523765,-14.890503565470377,6.374910473823547,1.0,unknown,0.0,0.4932442820187969,0.1,6,956,fallback
55.104710261027016,-13.285465876261393,4.135053197542827,1.0,unknown,0.0,0.5107499867323823,0.1,6,957,fallback
54.06376647949219,-11.126877784729004,9.032639503479004,1.0,unknown,0.0,0.4394092868042768,0.2,1,958,fallback
54.14216613769531,0.3537890911102295,2.490662097930908,1.0,unknown,0.0,0.4425700339000679,0.2,1,959,fallback
55.36381530761719,5.647805690765381,3.8558452129364014,1.0,unknown,0.0,0.43829180114464605,0.2,2,960,fallback
55.41987991333008,6.141290664672852,3.8633055686950684,1.0,unknown,0.0,0.437722664817605,0.2,1,961,fallback
54.69106674194336,19.421113967895508,6.752397537231445,1.0,unknown,0.0,0.43088902377468785,0.2,1,962,fallback
54.79694747924805,23.075658798217773,9.735708236694336,1.0,unknown,0.0,0.426627571250103,0.2,1,963,fallback
57.54714711507162,-36.91474278767904,9.575841903686523,1.0,unknown,0.0,0.401147453396377,0.2,3,964,fallback
57.10976918538412,-35.06891377766927,6.826080362002055,1.0,unknown,0.0,0.5165304108197535,0.1,3,965,fallback
56.48094177246094,-29.29165267944336,1.4491698741912842,1.0,unknown,0.0,0.4141260119823149,0.2,1,966,fallback
56.97334289550781,-24.79282855987549,-1.4723718476792176,1.0,unknown,0.0,0.4474406694030937,0.2,6,967,fallback
56.381370544433594,-20.39567756652832,8.391005516052246,1.0,unknown,0.0,0.4251289810147322,0.2,1,968,fallback
56.1161003112793,-19.24624252319336,11.139768600463867,1.0,unknown,0.0,0.4270255324810207,0.2,1,969,fallback
57.085947036743164,-16.77265691757202,4.839912712574005,1.0,unknown,0.0,0.46564667451573327,0.1,4,970,fallback
56.58709907531738,-15.037232398986816,4.0610573291778564,1.0,unknown,0.0,0.43030016593435816,0.2,2,971,fallback
57.08620681762695,-12.6055757522583,6.518828678131103,1.0,unknown,0.0,0.4682405763915427,0.1,5,972,fallback
56.69646644592285,-11.476536750793457,7.755370855331421,1.0,unknown,0.0,0.4469125809091975,0.2,4,973,fallback
57.559791564941406,5.016161918640137,5.353461265563965,1.0,unknown,0.0,0.4316661505402316,0.2,1,974,fallback
56.86005528767904,7.024810552597046,4.202041546503703,1.0,unknown,0.0,0.45657454021079813,0.1,6,975,fallback
56.35542297363281,24.59819221496582,4.262722969055176,1.0,unknown,0.0,0.420530374237293,0.2,1,976,fallback
59.55408477783203,-40.47893714904785,2.490589737892151,1.0,unknown,0.0,0.40984342121116346,0.2,2,977,fallback
58.87766456604004,-38.56647205352783,3.6673192977905273,1.0,unknown,0.0,0.41177988253458,0.2,4,978,fallback
58.08683776855469,-35.57097244262695,11.155478477478027,1.0,unknown,0.0,0.40066113139644566,0.2,1,979,fallback
58.84781265258789,-25.88461685180664,-1.5209290981292725,1.0,unknown,0.0,0.41213293181045585,0.2,1,980,fallback
58.51936340332031,-21.325944900512695,6.51772665977478,1.0,unknown,0.0,0.4373380319032536,0.2,2,981,fallback
58.61688423156738,4.320767402648926,1.3271611332893372,1.0,unknown,0.0,0.42893324550217116,0.2,2,982,fallback
59.03150749206543,7.437764048576355,2.381084864027798,1.0,unknown,0.0,0.47644997805435907,0.1,4,983,fallback
58.401415506998696,8.521713892618815,5.468746185302734,1.0,unknown,0.0,0.4280510540699758,0.2,3,984,fallback
58.01753616333008,24.047252655029297,10.283247947692871,1.0,unknown,0.0,0.4165888969182996,0.2,1,985,fallback
60.7359733581543,-41.79101753234863,2.546616017818451,1.0,unknown,0.0,0.4049264754103776,0.2,2,986,fallback
60.82377815246582,-38.858957290649414,5.031198024749756,1.0,unknown,0.0,0.4305840056184832,0.2,2,987,fallback
60.055206298828125,-37.67158889770508,6.582393169403076,1.0,unknown,0.0,0.3923218682538035,0.2,1,988,fallback
61.405565897623696,-31.07259686787923,1.0334210433065891,1.0,unknown,0.0,0.416964891669391,0.2,3,989,fallback
60.79561996459961,5.667515277862549,5.6576247215271,1.0,unknown,0.0,0.4218223451762103,0.2,1,990,fallback
60.49864196777344,6.0328521728515625,1.372708797454834,1.0,unknown,0.0,0.4226039231026093,0.2,1,991,fallback
60.595458984375,8.581157684326172,-1.4607330560684204,1.0,unknown,0.0,0.4213998549821567,0.2,1,992,fallback
62.33138783772787,-59.143603006998696,0.6476528669397036,1.0,unknown,0.0,0.37042768418530186,0.2,3,993,fallback
62.68312454223633,-57.20070266723633,-0.02222592569887638,1.0,unknown,0.0,0.3504355219491514,0.2,3,994,fallback
63.936134338378906,-48.89466094970703,9.380221366882324,1.0,unknown,0.0,0.3635322914100141,0.2,1,995,fallback
62.78436470031738,-30.50155735015869,0.7722887629643083,1.0,unknown,0.0,0.41527670078458734,0.2,2,996,fallback
62.31852722167969,-24.942672729492188,4.6591973304748535,1.0,unknown,0.0,0.40362566742077566,0.2,1,997,fallback
65.74857330322266,-24.183279037475586,8.153572082519531,1.0,unknown,0.0,0.39483493894625865,0.2,1,998,fallback
65.47058977399554,-7.0551661763872415,4.366551069276674,1.0,unknown,0.0,0.5053952579397754,0.1,14,999,fallback
65.45702107747395,19.21418635050456,9.54666805267334,1.0,unknown,0.0,0.401490765447331,0.2,3,1000,fallback
67.22395324707031,-14.484291076660156,-0.03753973916172981,1.0,unknown,0.0,0.3986999970833267,0.2,1,1001,fallback
67.16746368408204,-13.254681015014649,-0.03785289898514747,1.0,unknown,0.0,0.3996194499321653,0.2,5,1002,fallback
67.66781463623047,-10.625564002990723,1.2406631395220757,1.0,unknown,0.0,0.44528047434963935,0.2,5,1003,fallback
67.10107374191284,-8.997539073228836,5.753884284757078,1.0,unknown,0.0,0.49542806007775586,0.1,32,1004,fallback
66.42211096627372,-6.768266098839896,6.6531802500997275,1.0,unknown,0.0,0.5030151243869982,0.1,14,1005,fallback
67.12743759155273,-5.176323771476746,3.096248060464859,1.0,unknown,0.0,0.44164073670860493,0.2,4,1006,fallback
66.14766693115234,18.041521072387695,9.594165802001953,1.0,unknown,0.0,0.3993082575615621,0.2,1,1007,fallback
66.58129119873047,21.52835464477539,8.14728856086731,1.0,unknown,0.0,0.4366241782247062,0.2,2,1008,fallback
66.8804759979248,22.955566883087158,5.305583834648132,1.0,unknown,0.0,0.4256108526852995,0.2,4,1009,fallback
69.9562759399414,-12.607275009155273,4.932205677032471,1.0,unknown,0.0,0.4324250217153838,0.2,2,1010,fallback
68.6019795735677,-10.937487959861755,7.146371968866636,1.0,unknown,0.0,0.4884571872216029,0.1,24,1011,fallback
69.30816650390625,-8.725802421569824,-1.6617786884307861,1.0,unknown,0.0,0.3956334452876669,0.2,3,1012,fallback
68.40239715576172,-7.5998618602752686,-1.6376184821128845,1.0,unknown,0.0,0.39864151635084216,0.2,2,1013,fallback
68.75561428070068,-4.518285632133484,9.076314061880112,1.0,unknown,0.0,0.5110644738801552,0.1,8,1014,fallback
69.54151662190755,-3.616704265276591,4.294236620267232,1.0,unknown,0.0,0.46798113960718035,0.1,6,1015,fallback
69.92403411865234,17.827917098999023,5.00060510635376,1.0,unknown,0.0,0.3885170986437101,0.2,1,1016,fallback
69.83779907226562,19.580181121826172,1.6374484300613403,1.0,unknown,0.0,0.38740791593397755,0.2,1,1017,fallback
68.73953857421876,21.120133209228516,-0.04763342812657356,1.0,unknown,0.0,0.4151136897870211,0.2,5,1018,fallback
69.82511901855469,23.130464553833008,1.6607999801635742,1.0,unknown,0.0,0.3843303583909127,0.2,1,1019,fallback
69.53712463378906,24.562408447265625,4.250044107437134,1.0,unknown,0.0,0.4045483100327585,0.2,2,1020,fallback
70.10047912597656,-48.47467803955078,-0.029167715460062027,1.0,unknown,0.0,0.34931495103826227,0.2,1,1021,fallback
71.4055658976237,-14.399401876661512,5.813112947675917,1.0,unknown,0.0,0.44251414527864297,0.2,9,1022,fallback
70.4666449806907,-13.230126987804066,7.27496734532443,1.0,unknown,0.0,0.4611265595300582,0.1,11,1023,fallback
70.40869903564453,-10.104623794555664,-1.6915793418884277,1.0,unknown,0.0,0.39160975913296026,0.2,1,1024,fallback
70.06880950927734,-9.645928382873535,-1.6822240352630615,1.0,unknown,0.0,0.39281107945103666,0.2,1,1025,fallback
70.8161506652832,-2.6757147510846457,5.772804836432139,1.0,unknown,0.0,0.49840173458917036,0.1,12,1026,fallback
71.54438018798828,-1.5196025371551514,-0.8700146302580833,1.0,unknown,0.0,0.41057567488336677,0.2,2,1027,fallback
70.83606719970703,11.419126987457275,5.814407825469971,1.0,unknown,0.0,0.4109991461907907,0.2,2,1028,fallback
71.18146324157715,12.953857421875,6.7046802043914795,1.0,unknown,0.0,0.3887293284422356,0.2,4,1029,fallback
70.14261627197266,14.446686744689941,6.636332035064697,1.0,unknown,0.0,0.3901553110305316,0.2,1,1030,fallback
70.78115336100261,16.698327382405598,9.599125544230143,1.0,unknown,0.0,0.4054207962382913,0.2,3,1031,fallback
70.95496368408203,18.025976181030273,10.243817329406738,1.0,unknown,0.0,0.38537330718194507,0.2,1,1032,fallback
73.09175618489583,-16.515228907267254,2.857567368696133,1.0,unknown,0.0,0.4333741031477705,0.2,3,1033,fallback
72.21042251586914,-15.39307165145874,5.118364214897156,1.0,unknown,0.0,0.42534376988597444,0.2,2,1034,fallback
73.26527709960938,-0.8695333212614059,9.05478503704071,1.0,unknown,0.0,0.46796353300477567,0.1,10,1035,fallback
72.90248107910156,13.673855781555176,8.627538681030273,1.0,unknown,0.0,0.3824787319944186,0.2,1,1036,fallback
72.6055908203125,16.28175926208496,6.895388126373291,1.0,unknown,0.0,0.38177364060820185,0.2,1,1037,fallback
73.01323699951172,24.13500213623047,5.329601764678955,1.0,unknown,0.0,0.37430348952061615,0.2,1,1038,fallback
74.7241439819336,-57.631500244140625,-0.02916674315929413,1.0,unknown,0.0,0.3218996862806258,0.2,1,1039,fallback
75.89845657348633,-20.07710361480713,1.7896849866956472,1.0,unknown,0.0,0.41435813504087493,0.2,2,1040,fallback
75.0533332824707,-19.031699180603027,0.8677855832502246,1.0,unknown,0.0,0.4112973224734996,0.2,4,1041,fallback
74.92205810546875,-17.253729820251465,-0.9422925151884556,1.0,unknown,0.0,0.3964596213273222,0.2,2,1042,fallback
74.36557388305664,-0.2419437076896429,13.06717562675476,1.0,unknown,0.0,0.40404644556747416,0.2,4,1043,fallback
74.89042070176866,0.46640968612498707,8.541713145044115,1.0,unknown,0.0,0.48766104477149486,0.1,9,1044,fallback
74.39298248291016,14.412546157836914,8.813998222351074,1.0,unknown,0.0,0.3776713041319042,0.2,1,1045,fallback
74.8228988647461,17.716550827026367,5.328432083129883,1.0,unknown,0.0,0.37432472757233887,0.2,1,1046,fallback
77.87479400634766,-22.53068256378174,1.8496127929538488,1.0,unknown,0.0,0.4081593677833123,0.2,2,1047,fallback
76.46429189046223,-20.736754099527996,3.6564890233178935,1.0,unknown,0.0,0.44140594787428766,0.2,3,1048,fallback
77.45344924926758,-18.77369976043701,-1.891932487487793,1.0,unknown,0.0,0.36607755476772647,0.2,2,1049,fallback
76.50297546386719,-17.609722137451172,-1.8640424013137817,1.0,unknown,0.0,0.36966269317269124,0.2,2,1050,fallback
76.54655075073242,1.5336886644363403,12.529830932617188,1.0,unknown,0.0,0.37646961783835564,0.2,2,1051,fallback
77.47817420959473,2.5054540038108826,9.057416588068008,1.0,unknown,0.0,0.48241595993953623,0.1,4,1052,fallback
79.643310546875,-24.77921962738037,-0.041819874197244644,1.0,unknown,0.0,0.3547743688722141,0.2,2,1053,fallback
78.69431559244792,-23.50946108500163,1.8852880677829187,1.0,unknown,0.0,0.4487075233489789,0.2,6,1054,fallback
78.99364471435547,-20.84967295328776,-1.9387054840723674,1.0,unknown,0.0,0.3603404411904245,0.2,3,1055,fallback
78.16120910644531,-19.66509246826172,-1.9129806756973267,1.0,unknown,0.0,0.36320873829498973,0.2,1,1056,fallback
78.79629262288411,3.7103596528371177,7.330442905426025,1.0,unknown,0.0,0.44278030858692297,0.2,3,1057,fallback
79.8277587890625,4.736385345458984,3.679410219192505,1.0,unknown,0.0,0.3650955611606388,0.2,1,1058,fallback
