x,y,elevation,occupancy,semantic_class,confidence,importance,resolution,point_count,region_id,semantic_source
-70.42803955078125,67.13785552978516,2.3326313495635986,1.0,unknown,0.0,0.3130952148371966,0.2,1,0,fallback
-64.10474395751953,35.56747817993164,5.213955402374268,1.0,unknown,0.0,0.3850677983617419,0.2,1,1,fallback
-65.90541076660156,62.1672477722168,6.411201000213623,1.0,unknown,0.0,0.33320116119640963,0.2,1,2,fallback
-62.24999745686849,31.292397181193035,4.416407664616902,1.0,unknown,0.0,0.4162432427072422,0.2,3,3,fallback
-63.9136962890625,35.94462585449219,5.214632034301758,1.0,unknown,0.0,0.38501638626854595,0.2,1,4,fallback
-61.610525131225586,31.64943027496338,4.92906379699707,1.0,unknown,0.0,0.39735194792601813,0.2,2,5,fallback
-61.510942459106445,32.26593589782715,4.131448030471802,1.0,unknown,0.0,0.41805790044683866,0.2,2,6,fallback
-54.32739067077637,-52.156293869018555,1.7645481824874878,1.0,unknown,0.0,0.3790728185118758,0.2,2,7,fallback
-53.73289489746094,-52.7863655090332,1.7649922370910645,1.0,unknown,0.0,0.3790511853692396,0.2,2,8,fallback
-52.02345657348633,26.871244430541992,2.800461530685425,1.0,pedestrian_vru,0.0,0.6918397190600727,0.1,1,9,annotation
-52.32340749104818,47.238057454427086,3.8957592646280923,1.0,unknown,0.0,0.414276048673748,0.2,3,10,fallback
-53.59321975708008,49.34498596191406,4.3068625926971436,1.0,unknown,0.0,0.40896832446774745,0.2,2,11,fallback
-51.41587448120117,27.692194938659668,2.7918365001678467,1.0,pedestrian_vru,0.0,0.6925270695298756,0.1,2,12,annotation
-47.75810241699219,-44.96659851074219,7.6833086013793945,1.0,unknown,0.0,0.4082120889056349,0.2,1,13,fallback
-46.82333564758301,23.463942527770996,1.8923327326774597,1.0,unknown,0.0,0.46428534868046933,0.1,2,14,fallback
-45.07104969024658,-51.456857681274414,3.204966366291046,1.0,unknown,0.0,0.3998166983484974,0.2,4,15,fallback
-45.32459259033203,-46.415138244628906,0.014415469951927662,1.0,unknown,0.0,0.41037689303238334,0.2,1,16,fallback
-44.9744758605957,-43.2733268737793,10.265059471130371,1.0,unknown,0.0,0.417763361814675,0.2,1,17,fallback
-44.08904266357422,23.719587326049805,2.393280029296875,1.0,unknown,0.0,0.4548062499530119,0.1,1,18,fallback
-42.83256530761719,-44.37209701538086,0.013725501485168934,1.0,unknown,0.0,0.41998215005204775,0.2,1,19,fallback
-43.43212127685547,-40.03337478637695,1.3835102319717407,1.0,unknown,0.0,0.4277962125163629,0.2,1,20,fallback
-42.29457473754883,-38.5517463684082,1.340325117111206,1.0,unknown,0.0,0.4333153652694639,0.2,1,21,fallback
-42.792795181274414,39.554216384887695,1.3975054025650024,1.0,unknown,0.0,0.4302406248019853,0.2,2,22,fallback
-43.32918167114258,40.74742889404297,1.4256867170333862,1.0,unknown,0.0,0.4265625081102805,0.2,1,23,fallback
-41.753944396972656,-48.0077018737793,0.014697950333356857,1.0,unknown,0.0,0.4141252195622366,0.2,1,24,fallback
-40.71644592285156,-40.49592304229736,0.012525673024356365,1.0,unknown,0.0,0.4327234808715763,0.2,4,25,fallback
-40.33537292480469,38.463401794433594,5.251086235046387,1.0,unknown,0.0,0.43779539396521416,0.2,1,26,fallback
-41.123626708984375,42.93474197387695,1.420265555381775,1.0,unknown,0.0,0.4266438880257546,0.2,1,27,fallback
-41.27519512176514,59.29025459289551,1.7085852921009064,1.0,unknown,0.0,0.3883131859311595,0.2,4,28,fallback
-41.2371711730957,71.24240112304688,5.788631916046143,1.0,unknown,0.0,0.35805090395543715,0.2,1,29,fallback
-40.84214401245117,73.39048767089844,1.973163366317749,1.0,unknown,0.0,0.35303135180551753,0.2,1,30,fallback
-38.129188537597656,33.92152786254883,7.229277610778809,1.0,unknown,0.0,0.4518969443819356,0.1,1,31,fallback
-38.391075134277344,34.849159240722656,1.2439038753509521,1.0,unknown,0.0,0.4494524286664727,0.2,1,32,fallback
-39.109561920166016,57.09701919555664,3.2601709365844727,1.0,unknown,0.0,0.39737859717397733,0.2,1,33,fallback
-36.05673599243164,-32.107460021972656,1.1304867267608643,1.0,unknown,0.0,0.4601594159242155,0.1,1,34,fallback
-36.61385599772135,18.479177474975586,1.3215423226356506,1.0,pedestrian_vru,0.0,0.7566725436457106,0.05,3,35,annotation
-36.77156066894531,30.480640411376953,7.906595230102539,1.0,unknown,0.0,0.4617137339963864,0.1,1,36,fallback
-37.41988945007324,33.64945983886719,5.336092710494995,1.0,unknown,0.0,0.4687475645174114,0.1,2,37,fallback
-37.08824920654297,70.47444661458333,3.731779932975769,1.0,unknown,0.0,0.40637786525435715,0.2,3,38,fallback
-35.633575439453125,-32.07770538330078,2.2450642585754395,1.0,unknown,0.0,0.4611647542105435,0.1,1,39,fallback
-34.29560470581055,30.409265518188477,2.1767284870147705,1.0,unknown,0.0,0.4674928824262682,0.1,1,40,fallback
-35.63989448547363,37.646846771240234,1.8463834524154663,1.0,unknown,0.0,0.4656311264230424,0.1,2,41,fallback
-35.51185989379883,66.63322448730469,7.074361324310303,1.0,unknown,0.0,0.3784835343993045,0.2,1,42,fallback
-34.64615440368652,68.68134689331055,2.7039326429367065,1.0,unknown,0.0,0.3981183117623416,0.2,2,43,fallback
-32.4862174987793,-72.44972229003906,3.720975399017334,1.0,unknown,0.0,0.3668008201409249,0.2,1,44,fallback
-32.98587417602539,-64.71661376953125,8.509122371673584,1.0,unknown,0.0,0.38757048501459,0.2,2,45,fallback
-32.393165588378906,-55.04920196533203,5.97221565246582,1.0,unknown,0.0,0.41338166495686157,0.2,1,46,fallback
-32.223350524902344,-33.4002799987793,-1.0669409036636353,1.0,unknown,0.0,0.46576887127000577,0.1,1,47,fallback
-32.209842681884766,-28.897306442260742,8.159265518188477,1.0,unknown,0.0,0.47518184038091127,0.1,1,48,fallback
-32.644488198416575,1.1743897795677185,2.3842359440667287,1.0,unknown,0.0,0.5230972262007353,0.1,14,49,fallback
-32.161033630371094,2.9040588310786655,2.3097914457321167,1.0,unknown,0.0,0.5233237093203043,0.1,7,50,fallback
-33.033447265625,14.409071445465088,2.146613836288452,1.0,unknown,0.0,0.5080182514758617,0.1,2,51,fallback
-32.6081657409668,17.720579147338867,0.9021357893943787,1.0,unknown,0.0,0.4936635612893642,0.1,1,52,fallback
-33.7477912902832,18.094524383544922,0.9312122464179993,1.0,unknown,0.0,0.49012212107305886,0.1,1,53,fallback
-32.82219441731771,27.399145126342773,6.405730565388997,1.0,unknown,0.0,0.4915857278241248,0.1,3,54,fallback
-33.97345733642578,30.145254135131836,3.2181360721588135,1.0,unknown,0.0,0.4687414613598303,0.1,1,55,fallback
-32.262062072753906,62.26925277709961,6.57021951675415,1.0,unknown,0.0,0.3946082121007548,0.2,1,56,fallback
-32.404151916503906,66.14695739746094,3.4528682231903076,1.0,unknown,0.0,0.3840270575176128,0.2,1,57,fallback
-31.10222625732422,-72.73692321777344,3.7072235345840454,1.0,unknown,0.0,0.3682361570813963,0.2,2,58,fallback
-30.122814178466797,-60.38264465332031,7.9043450355529785,1.0,unknown,0.0,0.40256228270345384,0.2,1,59,fallback
-31.38500150044759,-33.29080073038737,-1.0517385800679524,1.0,unknown,0.0,0.467868803353652,0.1,3,60,fallback
-31.242679595947266,-30.21563148498535,-0.999512255191803,1.0,unknown,0.0,0.4746090312585143,0.1,1,61,fallback
-30.829049110412598,-29.285755157470703,0.008902029134333134,1.0,unknown,0.0,0.47743619930015846,0.1,2,62,fallback
-30.610305309295654,1.6666495501995087,3.634623348712921,1.0,unknown,0.0,0.5136997439928199,0.1,4,63,fallback
-31.64688591730027,2.513515756243751,2.659557058697655,1.0,unknown,0.0,0.5312735363790728,0.1,21,64,fallback
-31.801647186279297,14.076727867126465,1.6653447151184082,1.0,unknown,0.0,0.5006664422112833,0.1,1,65,fallback
-30.94851016998291,17.163517951965332,0.8597176969051361,1.0,unknown,0.0,0.4992358930207611,0.1,2,66,fallback
-31.036330223083496,24.99178457260132,3.979478269815445,1.0,unknown,0.0,0.5658185690706891,0.1,4,67,fallback
-31.221882820129395,27.050435066223145,3.4704945385456085,1.0,unknown,0.0,0.5473761802470672,0.1,2,68,fallback
-30.904224395751953,29.513802528381348,0.02781444415450096,1.0,unknown,0.0,0.4768023110178966,0.1,2,69,fallback
-31.528879165649414,65.33720397949219,3.4001553058624268,1.0,unknown,0.0,0.38735996690016095,0.2,1,70,fallback
-28.712858200073242,-76.7979736328125,3.8419578075408936,1.0,unknown,0.0,0.35903005707787566,0.2,1,71,fallback
-28.638513565063477,-72.6065673828125,7.297714710235596,1.0,unknown,0.0,0.3708485473524007,0.2,1,72,fallback
-28.32668972015381,-62.526405334472656,9.659764289855957,1.0,unknown,0.0,0.3994315045994018,0.2,2,73,fallback
-28.96610673268636,-61.2869561513265,7.942373991012573,1.0,unknown,0.0,0.43676866753347177,0.2,6,74,fallback
-29.601198196411133,-55.5073356628418,-1.444210171699524,1.0,unknown,0.0,0.41627889036078813,0.2,1,75,fallback
-29.077274958292644,-25.453927993774414,3.4381489555040994,1.0,unknown,0.0,0.5515205884260619,0.1,6,76,fallback
-29.235209147135418,-19.357606252034504,1.0850734114646912,1.0,unknown,0.0,0.5093054322044805,0.1,3,77,fallback
-28.3187313079834,-0.6512604635208845,1.3230004975503107,1.0,unknown,0.0,0.5397241397994075,0.1,16,78,fallback
-28.713838815689087,1.561185047030449,4.430608570575714,1.0,unknown,0.0,0.5278163866766417,0.1,8,79,fallback
-29.43798773629325,2.4372500692095076,3.910897527422224,1.0,unknown,0.0,0.5518099434885582,0.1,7,80,fallback
-28.011945724487305,11.413338661193848,1.4491870403289795,1.0,unknown,0.0,0.5142564017464564,0.1,1,81,fallback
-28.02513885498047,21.59136390686035,5.8619384765625,1.0,unknown,0.0,0.49886631718066754,0.1,1,82,fallback
-28.78484224018298,23.3191207082648,2.1280999842442965,1.0,unknown,0.0,0.5259561507894849,0.1,19,83,fallback
-28.412199020385742,24.434819308194246,2.4124072031541304,1.0,unknown,0.0,0.5267590453864933,0.1,11,84,fallback
-28.184480667114258,29.358001708984375,0.023464759811758995,1.0,unknown,0.0,0.4829085796078324,0.1,1,85,fallback
-28.833921432495117,30.626331329345703,0.02378669319053491,1.0,unknown,0.0,0.4788356781009756,0.1,3,86,fallback
-29.19281768798828,32.722755432128906,4.128252983093262,1.0,unknown,0.0,0.47344395130319783,0.1,1,87,fallback
-28.860180854797363,60.63723182678223,6.561145981152852,1.0,unknown,0.0,0.45943536541611263,0.1,6,88,fallback
-28.649497985839844,62.29500198364258,9.135166962941488,1.0,unknown,0.0,0.4803328272733899,0.1,3,89,fallback
-26.023122787475586,-79.08511352539062,7.784056663513184,1.0,unknown,0.0,0.3552302602226931,0.2,1,90,fallback
-27.833449363708496,-62.98788833618164,6.438655376434326,1.0,unknown,0.0,0.4006246096193185,0.2,2,91,fallback
-26.309710184733074,-33.36953862508138,0.6664482954268655,1.0,vehicle,0.0,0.7298435695570957,0.05,3,92,annotation
-26.17226219177246,-31.184234619140625,0.009192976169288158,1.0,unknown,0.0,0.4828648528344588,0.1,1,93,fallback
-27.48464584350586,-26.271263122558594,-0.8744351863861084,1.0,unknown,0.0,0.49093745045467874,0.1,1,94,fallback
-27.42721112569173,-25.314223607381184,0.007625221430013577,1.0,unknown,0.0,0.49303223891728,0.1,3,95,fallback
-27.68903986612956,-18.227575937906902,3.0978984038035073,1.0,unknown,0.0,0.5221173982117354,0.1,3,96,fallback
-26.842517375946045,-17.246554374694824,2.032927230000496,1.0,unknown,0.0,0.5376600737201876,0.1,4,97,fallback
-26.677574269911823,-2.2572846132166244,1.6179580888710916,1.0,unknown,0.0,0.5532213538393592,0.1,17,98,fallback
-27.276541049663837,-1.6743064247644865,1.5941723063151585,1.0,unknown,0.0,0.5524067631205056,0.1,26,99,fallback
-27.444406509399414,0.42638061940670013,2.622959703207016,1.0,unknown,0.0,0.5743104733414554,0.1,2,100,fallback
-27.79981867472331,21.599514643351238,6.400201161702474,1.0,unknown,0.0,0.5095619753283338,0.1,3,101,fallback
-27.894145965576172,24.157724380493164,3.4814705848693848,1.0,unknown,0.0,0.49429719408463624,0.1,1,102,fallback
-26.887279510498047,29.15797233581543,2.2009809414545694,1.0,unknown,0.0,0.5176615700997785,0.1,3,103,fallback
-26.625930150349934,30.60557492574056,1.5754484763989847,1.0,unknown,0.0,0.5141571790834545,0.1,3,104,fallback
-26.011402130126953,41.918670654296875,0.013059153221547604,1.0,unknown,0.0,0.45700029759561256,0.1,1,105,fallback
-26.591771125793457,59.68098831176758,3.4419371485710144,1.0,unknown,0.0,0.4266961734752015,0.2,4,106,fallback
-27.25418758392334,60.70259475708008,6.247158209482829,1.0,unknown,0.0,0.45429018652715114,0.1,6,107,fallback
-26.583109283447264,63.28144226074219,7.401409530639649,1.0,unknown,0.0,0.4428718635546245,0.2,5,108,fallback
-26.40155601501465,65.10226440429688,6.571460723876953,1.0,unknown,0.0,0.39424392555556453,0.2,1,109,fallback
-24.150012969970703,-70.61211395263672,6.976943016052246,1.0,unknown,0.0,0.38111689686403494,0.2,1,110,fallback
-24.904346466064453,-68.91485595703125,6.850767135620117,1.0,unknown,0.0,0.3851697140967121,0.2,1,111,fallback
-25.97624969482422,-66.95137023925781,6.71417760848999,1.0,unknown,0.0,0.3895579805931575,0.2,1,112,fallback
-24.626371383666992,-36.46889114379883,-1.010608196258545,1.0,static_manmade,0.0,0.5104850625911564,0.1,1,113,annotation
-24.368725061416626,-32.59190797805786,0.3670419428963214,1.0,vehicle,0.0,0.7443766419996398,0.05,8,114,annotation
-24.81303596496582,-31.942484855651855,-0.9292329549789429,1.0,vehicle,0.0,0.7236727136246313,0.05,2,115,annotation
-25.41289939880371,-22.890223693847656,2.0621714191511273,1.0,unknown,0.0,0.5872584355374808,0.1,5,116,fallback
-25.010529200236004,-21.39548174540202,2.8640180230140686,1.0,unknown,0.0,0.5590071448980917,0.1,3,117,fallback
-25.73332150777181,-16.17907778422038,2.133605639139811,1.0,unknown,0.0,0.5295202620153853,0.1,3,118,fallback
-24.684545707702636,-15.152849006652833,2.5795894861221313,1.0,unknown,0.0,0.536333578595918,0.1,10,119,fallback
-25.186927795410156,-2.5391385555267334,4.770236015319824,1.0,unknown,0.0,0.5290562246963038,0.1,1,120,fallback
-25.675111770629883,-1.771177500486374,4.538279891014099,1.0,unknown,0.0,0.5356679933043569,0.1,4,121,fallback
-24.620849609375,11.89799690246582,1.3081644773483276,1.0,unknown,0.0,0.5229650251904292,0.1,1,122,fallback
-24.619113159179687,18.528505325317383,4.550374150276184,1.0,unknown,0.0,0.5640143916510802,0.1,5,123,fallback
-25.97110366821289,59.89091110229492,3.0556976795196533,1.0,unknown,0.0,0.40916135436111567,0.2,1,124,fallback
-25.51641607284546,60.820563316345215,3.8533722162246704,1.0,unknown,0.0,0.42720593001074747,0.2,4,125,fallback
-25.018728256225586,63.936309814453125,9.672836303710938,1.0,unknown,0.0,0.3990288945355748,0.2,1,126,fallback
-24.32765769958496,64.36037063598633,8.876547813415527,1.0,unknown,0.0,0.4196078077066371,0.2,2,127,fallback
-22.024898529052734,-75.67362976074219,7.367880821228027,1.0,unknown,0.0,0.36855899347315285,0.2,1,128,fallback
-23.73011589050293,-33.153219858805336,0.3299412528673808,1.0,vehicle,0.0,0.7463159939749797,0.05,3,129,annotation
-22.684648513793945,-20.23088836669922,-0.6993529796600342,1.0,unknown,0.0,0.5138137121015337,0.1,1,130,fallback
-23.03560080895057,-19.17303833594689,2.3002408421956577,1.0,unknown,0.0,0.5554198837281509,0.1,13,131,fallback
-23.78358745574951,-14.22220230102539,2.271044135093689,1.0,unknown,0.0,0.541410744660909,0.1,4,132,fallback
-22.81320571899414,-13.202753967709011,1.7156537738111284,1.0,unknown,0.0,0.5478888425448974,0.1,18,133,fallback
-22.18022108078003,8.836103200912476,0.7243025451898575,1.0,unknown,0.0,0.5399851561361628,0.1,4,134,fallback
-22.261377334594727,10.05227518081665,2.8977572321891785,1.0,unknown,0.0,0.5774275398143517,0.1,2,135,fallback
-22.16875171661377,15.798949480056763,5.0086510181427,1.0,unknown,0.0,0.5304348646453324,0.1,4,136,fallback
-23.207638422648113,17.09341303507487,1.5924561421076457,1.0,unknown,0.0,0.5262550268880332,0.1,3,137,fallback
-22.551796913146973,38.54045104980469,0.009484969545155764,1.0,unknown,0.0,0.4710474970067201,0.1,2,138,fallback
-22.427978515625,43.711280822753906,0.006612344179302454,1.0,unknown,0.0,0.45761203365550196,0.1,1,139,fallback
-21.003070831298828,-79.25919342041016,0.6708862781524658,1.0,unknown,0.0,0.4547672008392234,0.1,3,140,fallback
-21.583768844604492,-77.92495727539062,-1.8573365211486816,1.0,unknown,0.0,0.3624233679944027,0.2,1,141,fallback
-20.50781313578288,-60.51589584350586,2.001615067012608,1.0,unknown,0.0,0.4505950010113202,0.1,3,142,fallback
-21.736961364746094,-47.14271926879883,-1.1918671131134033,1.0,unknown,0.0,0.4492618119250671,0.2,1,143,fallback
-20.534692764282227,-45.91719055175781,-1.1548576354980469,1.0,static_manmade,0.0,0.491600835138795,0.1,1,144,annotation
-20.28716468811035,-30.25889539718628,-1.6891864836215973,1.0,unknown,0.0,0.49572794366571016,0.1,4,145,fallback
-21.08187255859375,-29.310007858276368,-1.6743363380432128,1.0,unknown,0.0,0.4968355403760101,0.1,5,146,fallback
-21.484257698059082,-25.16059970855713,0.00727474270388484,1.0,unknown,0.0,0.5057446383331888,0.1,2,147,fallback
-20.306644439697266,-18.982044219970703,-0.6394624710083008,1.0,unknown,0.0,0.5216087516550874,0.1,1,148,fallback
-21.72067642211914,-12.085088729858398,1.1623514890670776,1.0,unknown,0.0,0.5304310092291268,0.1,1,149,fallback
-21.16866683959961,-11.466251373291016,0.5621206760406494,1.0,unknown,0.0,0.5327761369982665,0.1,1,150,fallback
-20.19888178507487,-0.37737943480412167,2.2067097425460815,1.0,unknown,0.0,0.556831714244551,0.1,3,151,fallback
-20.159800211588543,0.3943919241428375,0.5044073835015297,1.0,unknown,0.0,0.5715919518707563,0.1,3,152,fallback
-20.88405704498291,5.762266516685486,3.074159801006317,1.0,unknown,0.0,0.547927483118711,0.1,4,153,fallback
-20.393003463745117,7.83234977722168,0.5329951047897339,1.0,unknown,0.0,0.5394638829366158,0.1,1,154,fallback
-21.422505696614582,8.967658996582031,0.9278938174247742,1.0,unknown,0.0,0.5459924392099059,0.1,6,155,fallback
-20.773479461669922,17.153705596923828,5.119861602783203,1.0,unknown,0.0,0.5241786935155511,0.1,1,156,fallback
-21.12778615951538,19.350799560546875,3.639563947916031,1.0,unknown,0.0,0.5277254275983672,0.1,8,157,fallback
-20.309891510009766,21.162924003601074,2.627928352355957,1.0,unknown,0.0,0.5279326111423038,0.1,10,158,fallback
-21.207213083902996,37.48243967692057,0.00796888628974557,1.0,unknown,0.0,0.47581240592943175,0.1,3,159,fallback
-21.433324813842773,43.02140808105469,0.005456695333123207,1.0,static_manmade,0.0,0.4983054762042923,0.1,1,160,annotation
-20.230083465576172,53.3533935546875,4.000123977661133,1.0,unknown,0.0,0.4338200714819932,0.2,1,161,fallback
-20.50903606414795,55.02170372009277,2.744197726249695,1.0,unknown,0.0,0.4294469669543767,0.2,2,162,fallback
-19.311582565307617,-44.56672286987305,-1.1152077118555705,1.0,static_manmade,0.0,0.49706416941599235,0.1,3,163,annotation
-18.293798446655273,-43.590538024902344,-1.0854411125183105,1.0,static_manmade,0.0,0.5006790473795718,0.1,1,164,annotation
-18.206534385681152,-32.5758171081543,-1.730068027973175,1.0,unknown,0.0,0.49308417950912486,0.1,2,165,fallback
-19.104936599731445,-31.35688705444336,-1.7024091005325317,1.0,unknown,0.0,0.49501438569322775,0.1,5,166,fallback
-19.225394821166994,-24.929299545288085,-1.4599987030029298,1.0,unknown,0.0,0.5113157991171811,0.1,5,167,fallback
-18.197216033935547,-22.1815185546875,1.343207836151123,1.0,unknown,0.0,0.5189277865336379,0.1,1,168,fallback
-18.46783905029297,-20.769269943237305,0.15233404636383058,1.0,unknown,0.0,0.5707381886509586,0.1,5,169,fallback
-18.76042539423162,-19.035660830411043,-1.2402634837410667,1.0,unknown,0.0,0.5253891118781677,0.1,11,170,fallback
-19.055951595306396,-17.60823917388916,-0.8995696157217026,1.0,unknown,0.0,0.535143366302433,0.1,4,171,fallback
-18.777447594536675,-15.175308545430502,3.102679716216193,1.0,unknown,0.0,0.5655479219292138,0.1,9,172,fallback
-18.956944274902344,-12.880404472351074,3.336217451095581,1.0,unknown,0.0,0.5476619602984373,0.1,5,173,fallback
-18.87148666381836,-8.034778594970703,2.884277105331421,1.0,unknown,0.0,0.5434677638651425,0.1,1,174,fallback
-18.8908332824707,-7.225595378875733,2.9407979130744932,1.0,unknown,0.0,0.5579172758296934,0.1,10,175,fallback
-18.999597867329914,-4.305477407243517,0.8458518773226792,1.0,unknown,0.0,0.5732277172902634,0.1,36,176,fallback
-18.99306197550105,-3.0023732651239152,1.5515115669404622,1.0,unknown,0.0,0.5809711841249134,0.1,174,177,fallback
-19.447226010836086,-0.6750549525977709,1.4465337578988113,1.0,unknown,0.0,0.5794386053844971,0.1,39,178,fallback
-19.390480613708498,0.37006863535692297,1.5158706362704346,1.0,unknown,0.0,0.5820903258679115,0.1,30,179,fallback
-19.24264144897461,4.990219184330532,2.963330030441284,1.0,unknown,0.0,0.5581389402033274,0.1,7,180,fallback
-19.850502014160156,16.111953735351562,0.017638802528381348,1.0,unknown,0.0,0.5283009951142874,0.1,1,181,fallback
-19.91598129272461,20.80108222961426,2.8531904220581055,1.0,unknown,0.0,0.5360779653120382,0.1,5,182,fallback
-16.319135665893555,-57.56753158569336,0.01377180591225624,1.0,unknown,0.0,0.4254923011796854,0.2,1,183,fallback
-17.307977040608723,-42.616068522135414,-1.0561694304148357,1.0,static_manmade,0.0,0.5048274430023288,0.1,3,184,annotation
-16.413768768310547,-41.800254821777344,-1.0311838388442993,1.0,static_manmade,0.0,0.5077778489812986,0.1,1,185,annotation
-16.647730827331543,-34.42940711975098,-1.772903561592102,1.0,unknown,0.0,0.49043038750796597,0.1,4,186,fallback
-17.58768876393636,-33.33313496907552,-1.7472877899805705,1.0,unknown,0.0,0.49218947634504706,0.1,6,187,fallback
-17.6707706451416,-22.322004318237305,1.3328605890274048,1.0,unknown,0.0,0.5195906790344904,0.1,1,188,fallback
-17.516432571411134,-21.2899112701416,-0.7646204113028944,1.0,unknown,0.0,0.5350831457422401,0.1,5,189,fallback
-16.684558232625324,-16.430706024169922,1.275709589322408,1.0,unknown,0.0,0.5412901448348937,0.1,3,190,fallback
-16.683145977201917,-15.047389620826358,1.8813200335550522,1.0,unknown,0.0,0.5641148316106654,0.1,21,191,fallback
-17.001414485094024,-12.66092812142721,2.1377498385377183,1.0,unknown,0.0,0.5715981212242512,0.1,82,192,fallback
-16.946428140004475,-11.296404679616293,3.1943208972613015,1.0,unknown,0.0,0.555188179103517,0.1,12,193,fallback
-16.19082514444987,-9.823214848836264,2.6631902853647866,1.0,unknown,0.0,0.5484528818342413,0.1,3,194,fallback
-16.207124710083008,-5.918166637420654,2.835808515548706,1.0,unknown,0.0,0.5532384284488178,0.1,1,195,fallback
-16.37999427318573,-2.73832930624485,-0.5333831310272217,1.0,unknown,0.0,0.5799870304667091,0.1,16,196,fallback
-16.09091067314148,-1.6265678256750107,-0.7538568302989006,1.0,unknown,0.0,0.5565699227210943,0.1,8,197,fallback
-16.254806518554688,4.449878215789795,3.2077524662017822,1.0,unknown,0.0,0.554441307771867,0.1,1,198,fallback
-16.430025100708008,7.973155498504639,3.4771348237991333,1.0,unknown,0.0,0.5504519790574188,0.1,2,199,fallback
-17.15032196044922,9.15674114227295,3.2990723848342896,1.0,unknown,0.0,0.5688527956654469,0.1,6,200,fallback
-17.575984661395733,10.231093333317684,0.9315679623530462,1.0,unknown,0.0,0.5530829607174833,0.1,13,201,fallback
-16.657739275977725,14.92000929514567,3.711065485363915,1.0,unknown,0.0,0.5474920484134013,0.1,21,202,fallback
-16.463814515333908,17.6106690626878,0.9781557731330395,1.0,unknown,0.0,0.5618044739098355,0.1,13,203,fallback
-17.184597651163738,18.273644129435223,1.6146384477615356,1.0,unknown,0.0,0.5712240852877399,0.1,3,204,fallback
-17.153846104939777,20.772441864013672,1.289324661095937,1.0,unknown,0.0,0.5489022285905897,0.1,3,205,fallback
-17.062355041503906,22.783984502156574,2.249158263206482,1.0,unknown,0.0,0.5538241141465964,0.1,3,206,fallback
-17.158769607543945,25.86043357849121,-0.7163718740145365,1.0,unknown,0.0,0.5119021963380593,0.1,3,207,fallback
-16.351364135742188,26.714487075805664,-0.5356327428016812,1.0,unknown,0.0,0.5193405289044252,0.1,4,208,fallback
-16.42264175415039,37.20257568359375,0.9488436579704285,1.0,unknown,0.0,0.4830015852680529,0.1,1,209,fallback
-16.49178668430873,69.63916015625,6.929456574576242,1.0,unknown,0.0,0.4281504765671643,0.2,7,210,fallback
-15.309578895568848,-40.6987886428833,-0.9985509365797043,1.0,static_manmade,0.0,0.5124011184981401,0.1,4,211,annotation
-14.322884559631348,-39.82413101196289,-0.9719116687774658,1.0,static_manmade,0.0,0.5155356038225731,0.1,1,212,annotation
-14.422894287109376,-36.64518356323242,-1.8257281064987183,1.0,unknown,0.0,0.4870238736548108,0.1,5,213,fallback
-15.558148622512817,-35.530755043029785,-1.7981513142585754,1.0,unknown,0.0,0.4889225435849217,0.1,4,214,fallback
-15.904333114624023,-18.25492286682129,2.834043502807617,1.0,unknown,0.0,0.5323659158091004,0.1,1,215,fallback
-15.061269950866699,-16.596725209554037,1.9547033071517945,1.0,unknown,0.0,0.5608395894819154,0.1,15,216,fallback
-14.915664159334623,-14.64758799626277,2.4331924319267273,1.0,unknown,0.0,0.5584422200011147,0.1,26,217,fallback
-15.46241512298584,-13.578910493850708,2.0796298648347147,1.0,unknown,0.0,0.5756474606668878,0.1,20,218,fallback
-14.221822500228882,-11.760174036026001,-0.20900168758817017,1.0,unknown,0.0,0.5552710119695053,0.1,4,219,fallback
-14.582908069386201,-8.345952370587517,1.4789646232829374,1.0,unknown,0.0,0.5736943497166193,0.1,17,220,fallback
-14.64264406476702,-7.172062896546864,0.9954921853477283,1.0,unknown,0.0,0.5711914881367063,0.1,63,221,fallback
-14.642842319524176,-4.895770563143436,0.987623161452422,1.0,unknown,0.0,0.5854696911049151,0.1,107,222,fallback
-15.032393137613932,-3.774883685288606,2.144989834891425,1.0,unknown,0.0,0.574423994069582,0.1,27,223,fallback
-15.814259822552021,-0.6327629851607176,-0.7380895798022931,1.0,unknown,0.0,0.5576507663476217,0.1,13,224,fallback
-15.078919234099212,1.3674347396698538,1.3782387392388449,1.0,unknown,0.0,0.5945743239569751,0.1,54,225,fallback
-14.687502358640943,2.7385904086487636,1.5151941842798675,1.0,unknown,0.0,0.5803587554061767,0.1,112,226,fallback
-14.775155231206105,4.924447093347107,1.8243810227423003,1.0,unknown,0.0,0.5800761663842224,0.1,99,227,fallback
-14.461000124613443,6.440236886342366,1.4599285530857742,1.0,unknown,0.0,0.5992162126817326,0.1,6,228,fallback
-14.38772474016462,10.732961927141462,0.855393975440945,1.0,unknown,0.0,0.5658515060662707,0.1,7,229,fallback
-14.726436261777524,15.085395530418113,3.464445228929873,1.0,unknown,0.0,0.5540534084661122,0.1,27,230,fallback
-15.097788190841674,17.452920341491698,1.5088384956121446,1.0,unknown,0.0,0.5603329047623579,0.1,20,231,fallback
-14.803173065185547,18.155918884277344,1.0054292678833008,1.0,unknown,0.0,0.5524765964494622,0.1,5,232,fallback
-15.7962064743042,26.579318046569824,-0.7162192761898041,1.0,unknown,0.0,0.5123372107445995,0.1,2,233,fallback
-15.083207321166991,49.29427909851074,3.731038498878479,1.0,unknown,0.0,0.4728559242037814,0.1,10,234,fallback
-14.431221961975098,55.88011932373047,1.3326517343521118,1.0,unknown,0.0,0.4318595046600844,0.2,1,235,fallback
-14.907771110534668,56.38174819946289,1.347154974937439,1.0,unknown,0.0,0.43004203783306816,0.2,1,236,fallback
-15.418567299842834,69.72307300567627,6.2502186596393585,1.0,unknown,0.0,0.43410898093686157,0.2,8,237,fallback
-14.205863952636719,70.28916931152344,6.68736457824707,1.0,unknown,0.0,0.38986895845019603,0.2,1,238,fallback
-12.007112503051758,-51.150001525878906,2.459665060043335,1.0,unknown,0.0,0.4473788064350951,0.2,1,239,fallback
-12.965861865452357,-38.74559129987444,-1.0723865287644523,1.0,static_manmade,0.0,0.5284466707389448,0.1,7,240,annotation
-12.681690216064453,-37.66165351867676,-1.610748052597046,1.0,unknown,0.0,0.49651785784535785,0.1,4,241,fallback
-12.710289192199706,-22.58597774505615,-1.8047268033027648,1.0,unknown,0.0,0.5273647313485874,0.1,10,242,fallback
-13.607272148132324,-21.9279146194458,-1.7968239188194275,1.0,unknown,0.0,0.5275961387884653,0.1,2,243,fallback
-12.474398374557495,-18.46255397796631,-1.5514616668224335,1.0,unknown,0.0,0.5387116535857995,0.1,4,244,fallback
-13.28646183013916,-17.044150590896606,0.5825631429324858,1.0,unknown,0.0,0.5938036389475411,0.1,16,245,fallback
-12.770444170633953,-14.624988428751628,0.4837661603620897,1.0,unknown,0.0,0.5893997253330407,0.1,30,246,fallback
-12.727910774094719,-13.139026352337428,0.9423204578883347,1.0,unknown,0.0,0.5941635121184387,0.1,56,247,fallback
-13.131290929070834,-10.72823557360419,-0.6345846573982773,1.0,unknown,0.0,0.5651185035571297,0.1,29,248,fallback
-13.022506131964215,-8.990077859264309,-0.49227723644225524,1.0,unknown,0.0,0.5688745281961435,0.1,59,249,fallback
-13.04861387525286,-6.958250577109201,-0.5159494827285276,1.0,unknown,0.0,0.5709756967888142,0.1,70,250,fallback
-12.892630368471146,-5.141549997031689,-0.49521107725558977,1.0,unknown,0.0,0.5761836168669116,0.1,64,251,fallback
-13.145601068224225,-2.7479213816779002,-0.9181383763040815,1.0,unknown,0.0,0.567123761500724,0.1,14,252,fallback
-13.028667767842611,-0.9839418022375968,-0.9137518008550009,1.0,unknown,0.0,0.5660337123324364,0.1,27,253,fallback
-12.399947004803156,1.1436277866221458,-0.5364279087506614,1.0,unknown,0.0,0.5768404727175843,0.1,59,254,fallback
-13.15357117123074,3.396228138605754,-0.01874225176870823,1.0,unknown,0.0,0.5765666028082772,0.1,45,255,fallback
-12.819166766710518,5.039085541874909,0.5727826361044133,1.0,unknown,0.0,0.5903071181692143,0.1,121,256,fallback
-12.589274109050791,6.794789980816585,0.7225374520946575,1.0,unknown,0.0,0.592575580511101,0.1,93,257,fallback
-12.966167888125858,8.816559920439849,1.1328763115295284,1.0,unknown,0.0,0.5816291869280955,0.1,37,258,fallback
-13.47648811340332,10.740949008775795,1.8034373382511346,1.0,unknown,0.0,0.5702029755137883,0.1,23,259,fallback
-13.710238456726074,12.067098617553711,1.7266011238098145,1.0,unknown,0.0,0.550207029937459,0.1,1,260,fallback
-13.822675323486328,15.435004615783692,3.438106966018677,1.0,unknown,0.0,0.5591069597738518,0.1,5,261,fallback
-13.023604075113932,16.458993911743164,1.829546730965376,1.0,unknown,0.0,0.5845295223401686,0.1,6,262,fallback
-12.502434889475504,19.144737243652344,-1.0695415337880452,1.0,unknown,0.0,0.5365232312149077,0.1,6,263,fallback
-13.149221420288086,24.30939769744873,-0.6429585516452789,1.0,static_manmade,0.0,0.5596112105789007,0.1,2,264,annotation
-12.913047270341353,47.04284598610618,3.9345346147363838,1.0,unknown,0.0,0.47391863145398616,0.1,11,265,fallback
-12.227987289428711,53.73664855957031,1.270138144493103,1.0,unknown,0.0,0.4396689392640125,0.2,1,266,fallback
-12.888628244400024,54.47114849090576,1.939577728509903,1.0,unknown,0.0,0.46668275654850866,0.1,4,267,fallback
-13.85413932800293,70.64359283447266,6.712719917297363,1.0,unknown,0.0,0.3890322027112786,0.2,1,268,fallback
-10.493647893269857,-54.78257624308268,-1.2821348110834758,1.0,unknown,0.0,0.437862556451847,0.2,3,269,fallback
-10.043431282043457,-52.3159294128418,1.24698007106781,1.0,unknown,0.0,0.4451862244979514,0.2,1,270,fallback
-11.170460319519043,-51.06119232177734,2.205104041099548,1.0,unknown,0.0,0.4614071849793039,0.1,5,271,fallback
-10.404927571614584,-49.03961308797201,1.9617171821494896,1.0,unknown,0.0,0.5075796054400376,0.1,3,272,fallback
-11.363625367482504,-36.77139663696289,-1.6316542029380798,1.0,unknown,0.0,0.49824703496540734,0.1,6,273,fallback
-10.180483341217041,-35.610198974609375,-1.717167615890503,1.0,static_manmade,0.0,0.5316238710889056,0.1,2,274,annotation
-10.656413745880126,-24.465876007080077,-1.8579264879226685,1.0,unknown,0.0,0.5251649164029562,0.1,10,275,fallback
-11.664088657924108,-23.5480158669608,-1.8294998407363892,1.0,unknown,0.0,0.5263581020739642,0.1,7,276,fallback
-10.657175064086914,-18.62864589691162,2.7690967321395874,1.0,unknown,0.0,0.5485246847901707,0.1,2,277,fallback
-10.491940975189209,-17.16023063659668,2.582777261734009,1.0,unknown,0.0,0.5488098838613572,0.1,2,278,fallback
-11.413254797458649,-14.716814041137695,1.7136439830064774,1.0,unknown,0.0,0.5936307247019786,0.1,16,279,fallback
-10.945454824538459,-13.012835820515951,2.2934625347455344,1.0,unknown,0.0,0.5844721170818818,0.1,21,280,fallback
-10.772391471862793,-11.010634155273438,0.5476484251022339,1.0,unknown,0.0,0.6133034341207455,0.1,25,281,fallback
-10.55333383459794,-8.875484968486585,-1.2657943336587203,1.0,unknown,0.0,0.565384371248616,0.1,19,282,fallback
-10.736502977517935,-6.9934656620025635,-1.1938539147377014,1.0,unknown,0.0,0.5671046413501936,0.1,26,283,fallback
-11.040829941078469,-4.980900411252622,-1.129444674209312,1.0,unknown,0.0,0.5691158471217027,0.1,27,284,fallback
-11.09841711624809,-2.9817248116368833,-1.0728292309719583,1.0,unknown,0.0,0.5709843807756956,0.1,23,285,fallback
-10.757535396478115,-0.807262504655414,-1.05518084917313,1.0,unknown,0.0,0.5741896909263665,0.1,39,286,fallback
-10.693367871371182,0.9016650440383025,-0.9260908320207487,1.0,unknown,0.0,0.5808531154339728,0.1,55,287,fallback
-10.73320618797751,3.389891414081349,-0.9430276681395138,1.0,unknown,0.0,0.5727203884188294,0.1,17,288,fallback
-11.537693665952098,5.178086397599201,0.1345534701736606,1.0,unknown,0.0,0.6009784061509423,0.1,49,289,fallback
-11.374210569593641,6.8431375291612415,0.8706778398266545,1.0,unknown,0.0,0.5986381072006877,0.1,27,290,fallback
-11.746888558069864,8.574812253316244,1.7236822148164113,1.0,unknown,0.0,0.5698786623655492,0.1,12,291,fallback
-11.396805763244629,10.564859390258789,-0.7240229845046997,1.0,unknown,0.0,0.5583788575872536,0.1,1,292,fallback
-11.749515533447266,13.482269287109375,-0.8348356485366821,1.0,unknown,0.0,0.5513492376232392,0.1,1,293,fallback
-11.71842098236084,17.212678909301758,1.2403681874275208,1.0,unknown,0.0,0.6012936572573527,0.1,2,294,fallback
-11.007185372439297,19.294075965881348,0.5706052509221163,1.0,unknown,0.0,0.6014458815266528,0.1,22,295,fallback
-11.055138111114502,43.221343994140625,-0.009877399075776339,1.0,unknown,0.0,0.4711660814194992,0.1,2,296,fallback
-11.256918770926339,44.94104221888951,3.866078427859715,1.0,unknown,0.0,0.5119328841443774,0.1,7,297,fallback
-10.21575927734375,51.79136276245117,1.2143702507019043,1.0,unknown,0.0,0.4466321909299745,0.2,1,298,fallback
-11.204833745956421,52.7482385635376,1.241690069437027,1.0,unknown,0.0,0.44355909096832213,0.2,4,299,fallback
-10.16025161743164,68.7025375366211,8.117644309997559,1.0,unknown,0.0,0.3966507154029485,0.2,1,300,fallback
-9.735960006713867,-54.21664810180664,-1.266290545463562,1.0,unknown,0.0,0.4397483596516295,0.2,1,301,fallback
-8.784921407699585,-53.35474395751953,-1.2432622015476227,1.0,unknown,0.0,0.4430246076730504,0.2,4,302,fallback
-9.139213752746581,-34.6012825012207,-1.6593699216842652,1.0,static_manmade,0.0,0.5357451424378386,0.1,5,303,annotation
-8.144970893859863,-33.59205436706543,-1.602705478668213,1.0,static_manmade,0.0,0.5389767207157377,0.1,2,304,annotation
-9.039913654327393,-25.433740615844727,-1.8794955951826913,1.0,unknown,0.0,0.5240801034985887,0.1,14,305,fallback
-8.606765906016031,-18.318993886311848,-1.3218336006005604,1.0,unknown,0.0,0.5770930456706985,0.1,12,306,fallback
-9.264274406433106,-17.393697261810303,0.2307466149330139,1.0,unknown,0.0,0.6021012664548402,0.1,20,307,fallback
-9.412895951952253,-14.49723025730678,-0.9732257894107273,1.0,unknown,0.0,0.5877340851606102,0.1,14,308,fallback
-9.159846120410496,-12.981982416576809,0.24704465909033185,1.0,unknown,0.0,0.6005506574732505,0.1,36,309,fallback
-8.801142099741343,-11.000019305461162,0.5948072406085761,1.0,unknown,0.0,0.6006224361786268,0.1,74,310,fallback
-8.610482749938965,-8.984419136047363,-1.4499644184112548,1.0,unknown,0.0,0.5685640409105478,0.1,25,311,fallback
-8.864238996763486,-6.8120548274066,-1.3624388623881984,1.0,unknown,0.0,0.5727226370384599,0.1,37,312,fallback
-8.958075836523255,-4.982408281582505,-1.286793016675693,1.0,unknown,0.0,0.5813650382579659,0.1,67,313,fallback
-8.94624502447587,-3.0107850485210177,-0.5957408699293951,1.0,unknown,0.0,0.6041082327389797,0.1,79,314,fallback
-8.88524563856951,-0.9244817253275532,-0.9639621372297993,1.0,unknown,0.0,0.6009859409340029,0.1,127,315,fallback
-8.946608967251247,0.8651646791301943,-1.208520076892994,1.0,unknown,0.0,0.5795905902760051,0.1,54,316,fallback
-8.837538757324218,3.226380133628845,-1.1180319666862488,1.0,unknown,0.0,0.5787542253308394,0.1,50,317,fallback
-9.032545698449967,4.697315794356326,-0.9856490822548561,1.0,unknown,0.0,0.5857816190645914,0.1,47,318,fallback
-8.806806768689837,6.833128656659808,-0.014536408973591668,1.0,pedestrian_vru,0.0,0.8510215387228467,0.05,14,319,annotation
-8.710714067731585,13.544897896902901,-1.1359650577817644,1.0,unknown,0.0,0.5570768460170171,0.1,7,320,fallback
-8.661124082712027,15.39014427478497,-1.2462075031720674,1.0,unknown,0.0,0.5526774400213259,0.1,13,321,fallback
-8.557383431328667,40.98669730292426,1.1833272721204493,1.0,unknown,0.0,0.5176221353160698,0.1,9,322,fallback
-9.838738441467285,42.01235580444336,-0.011006670072674751,1.0,unknown,0.0,0.47555290915115644,0.1,1,323,fallback
-9.462420781453451,51.07460403442383,1.194050709406535,1.0,unknown,0.0,0.44937956750461405,0.2,3,324,fallback
-9.115999698638916,68.5009994506836,8.076252460479736,1.0,unknown,0.0,0.39833021637071064,0.2,2,325,fallback
-6.649001693725586,-63.0931640625,-0.5715263053774834,1.0,unknown,0.0,0.4459569989217318,0.2,5,326,fallback
-7.223373317718506,-53.290809631347656,-1.2368940114974976,1.0,unknown,0.0,0.4438627828885525,0.2,5,327,fallback
-6.431027173995972,-46.38542938232422,1.6426443457603455,1.0,unknown,0.0,0.47902559538153744,0.1,2,328,fallback
-6.232866923014323,-45.6903076171875,0.36165595954904955,1.0,unknown,0.0,0.5020253927193788,0.1,3,329,fallback
-7.107635974884033,-32.56156349182129,-1.5454983711242676,1.0,static_manmade,0.0,0.5431362484358407,0.1,6,330,annotation
-6.1323301792144775,-31.604609489440918,-1.492928922176361,1.0,static_manmade,0.0,0.5461030076742912,0.1,2,331,annotation
-6.886814673741658,-26.445251782735188,-1.9027746617794037,1.0,unknown,0.0,0.5232561535161024,0.1,12,332,fallback
-7.868705749511719,-25.878528594970703,-1.8829074501991272,1.0,unknown,0.0,0.5238902461935474,0.1,2,333,fallback
-6.015742301940918,-20.014490127563477,-1.9418631792068481,1.0,unknown,0.0,0.542302944769413,0.1,1,334,fallback
-7.019809325536092,-19.319924354553223,-1.910997403992547,1.0,unknown,0.0,0.5437972860593513,0.1,18,335,fallback
-6.814477096904408,-14.878806200894443,-1.147829600355842,1.0,unknown,0.0,0.5962651868548929,0.1,22,336,fallback
-7.141302108764648,-12.734990009894737,0.8882446518430535,1.0,unknown,0.0,0.5986772289403113,0.1,78,337,fallback
-7.520569575460334,-11.220444127133018,0.5545143694800668,1.0,unknown,0.0,0.6032749766002573,0.1,76,338,fallback
-6.86105586636451,-8.958651758009388,-1.5826819519842825,1.0,unknown,0.0,0.5721136994193065,0.1,31,339,fallback
-6.935564006584278,-6.934015626492708,-1.5491463844326958,1.0,unknown,0.0,0.5770330059808257,0.1,69,340,fallback
-6.8930741384917615,-4.8434266997318645,-1.3568541349149217,1.0,unknown,0.0,0.5982826410512926,0.1,102,341,fallback
-6.937791471406231,-2.9357076047912356,-0.4694832990488668,1.0,unknown,0.0,0.6150149608171825,0.1,254,342,fallback
-6.860148254884493,-1.1975139798639223,-1.1594376500806485,1.0,unknown,0.0,0.5996249064329598,0.1,218,343,fallback
-6.863472527724046,0.7788009439201022,-1.383893699829395,1.0,unknown,0.0,0.5856466318262497,0.1,130,344,fallback
-6.864652957767248,2.961543519049883,-1.3053803690709174,1.0,unknown,0.0,0.5845625142709702,0.1,128,345,fallback
-6.386322444135493,4.879115079388474,-0.7194466998484903,1.0,unknown,0.0,0.5974133345656364,0.1,132,346,fallback
-6.702779338670814,7.048354177889617,-0.3008327117068288,1.0,unknown,0.0,0.6017318894997443,0.1,115,347,fallback
-7.1119738047636005,8.968895248219937,-0.1773642947635012,1.0,unknown,0.0,0.597668810092104,0.1,79,348,fallback
-7.160529851913452,10.731949279182835,-0.7394169273626942,1.0,unknown,0.0,0.582953251437944,0.1,38,349,fallback
-6.528353615810997,12.922255566245632,-1.0307463538514352,1.0,unknown,0.0,0.5731574608701446,0.1,19,350,fallback
-6.907823403676351,27.945688883463543,-0.680657962958018,1.0,unknown,0.0,0.5186473856738417,0.1,3,351,fallback
-6.339468955993652,28.097280502319336,-0.681910514831543,1.0,unknown,0.0,0.5185992169327124,0.1,4,352,fallback
-6.448132514953613,35.81752967834473,6.875455379486084,1.0,unknown,0.0,0.49693659318581584,0.1,2,353,fallback
-6.586595853169759,36.74033737182617,6.142398834228516,1.0,unknown,0.0,0.510718969643619,0.1,3,354,fallback
-6.583327770233154,39.564165115356445,3.78980426909402,1.0,unknown,0.0,0.5856668993264551,0.1,2,355,fallback
-7.073629112804637,41.08072393080767,2.554667633903377,1.0,unknown,0.0,0.5340512868336663,0.1,34,356,fallback
-6.677173137664795,42.58032499040876,4.163251297814505,1.0,unknown,0.0,0.49755600565755753,0.1,7,357,fallback
-7.83512544631958,69.6003189086914,6.5229363441467285,1.0,unknown,0.0,0.3948801716958631,0.2,1,358,fallback
-4.695262352625529,-61.10201072692871,-0.7065753612356881,1.0,unknown,0.0,0.44993761991275993,0.2,6,359,fallback
-5.261432456970215,-59.650933837890626,1.1216535272076726,1.0,unknown,0.0,0.4400911006194369,0.2,5,360,fallback
-4.605713129043579,-52.32925605773926,-2.437767744064331,1.0,unknown,0.0,0.44762816222286805,0.2,2,361,fallback
-4.104706764221191,-51.858482360839844,-2.414166212081909,1.0,unknown,0.0,0.44893796972515054,0.2,1,362,fallback
-5.33098292350769,-46.24625205993652,2.1775341629981995,1.0,unknown,0.0,0.46564534101298327,0.1,4,363,fallback
-5.549508094787598,-45.92697270711263,1.0840846461554368,1.0,unknown,0.0,0.4895502630150407,0.1,3,364,fallback
-5.176875114440918,-32.11971664428711,-1.508898377418518,1.0,static_manmade,0.0,0.5448973048561756,0.1,1,365,annotation
-5.083899021148682,-30.976882298787434,-1.4560651381810505,1.0,static_manmade,0.0,0.5486959331952836,0.1,6,366,annotation
-4.1098620891571045,-28.133241653442383,-1.979749083518982,1.0,unknown,0.0,0.5197807132695731,0.1,2,367,fallback
-5.131167809168498,-27.371580282847088,-1.93929519255956,1.0,unknown,0.0,0.5218784856423468,0.1,12,368,fallback
-5.016315937042236,-20.504178552066577,-1.9621680554221659,1.0,unknown,0.0,0.5418819259380586,0.1,17,369,fallback
-4.354676034715441,-16.202154371473526,-1.9512977997461955,1.0,unknown,0.0,0.5548455153810883,0.1,9,370,fallback
-5.37610742024013,-15.747060026441302,-1.9357313173157829,1.0,unknown,0.0,0.5551521617969514,0.1,14,371,fallback
-5.0287520620557995,-13.122544783133048,-1.9692191371211298,1.0,unknown,0.0,0.5629964726314017,0.1,27,372,fallback
-5.0440846000398905,-11.140159504754203,-1.8786781515393938,1.0,unknown,0.0,0.5716468755153836,0.1,28,373,fallback
-4.877255605614704,-8.827419198077658,-1.7412642810655676,1.0,unknown,0.0,0.5775539613459003,0.1,46,374,fallback
-4.760019793229945,-6.852571894140804,-1.4196366247762104,1.0,unknown,0.0,0.5959036946741584,0.1,102,375,fallback
-4.883546475001744,-4.927850028446742,-1.7205564192363194,1.0,unknown,0.0,0.585532997966844,0.1,175,376,fallback
-4.8982616231291,-2.9499809496426503,-1.6231275737483637,1.0,unknown,0.0,0.5989181136327438,0.1,301,377,fallback
-4.8400419868907125,-0.9159982565699956,-1.6259747006772107,1.0,unknown,0.0,0.5917073277852768,0.1,453,378,fallback
-4.6579924148062,0.8817774059945788,-1.3483952620735387,1.0,unknown,0.0,0.6017366675178502,0.1,414,379,fallback
-4.783789308159946,2.921684667510768,-0.9809353712193647,1.0,unknown,0.0,0.6067220525392149,0.1,349,380,fallback
-4.963659016190062,4.964751923919484,-1.280243841136337,1.0,unknown,0.0,0.5881258762021461,0.1,157,381,fallback
-4.986613620099404,6.874054040840204,-0.031926259720068184,1.0,unknown,0.0,0.6127561781429504,0.1,139,382,fallback
-4.950360705635765,8.897096391157671,-0.32646135958758266,1.0,unknown,0.0,0.6074316580897978,0.1,110,383,fallback
-4.95180217587218,10.977534975324359,-0.7840924859474584,1.0,vehicle,0.0,0.8296596430183725,0.05,49,384,annotation
-5.382031202316284,12.533770561218262,-0.23865042626857758,1.0,vehicle,0.0,0.8192177208761244,0.05,4,385,annotation
-4.56346935696072,20.420894834730362,-0.9918154345618354,1.0,unknown,0.0,0.5424632918046964,0.1,9,386,fallback
-5.176557111740112,28.259742736816406,-0.6819377481937409,1.0,unknown,0.0,0.5188414209405521,0.1,10,387,fallback
-4.1925458908081055,31.921695073445637,1.4932690660158794,1.0,vehicle,0.0,0.7647632735949458,0.05,3,388,annotation
-4.439255774021149,32.29833221435547,1.129500756971538,1.0,vehicle,0.0,0.7698270898788764,0.05,8,389,annotation
-4.866570689461448,35.375707452947445,5.766303257508711,1.0,unknown,0.0,0.5176006582479339,0.1,22,390,fallback
-4.945650577545166,36.87605438232422,5.768575668334961,1.0,unknown,0.0,0.5244165755662067,0.1,5,391,fallback
-4.6689300537109375,38.492003440856934,5.020097613334656,1.0,unknown,0.0,0.5277234499479303,0.1,4,392,fallback
-5.749977111816406,41.7117805480957,-0.016465313732624054,1.0,unknown,0.0,0.47868130043611845,0.1,1,393,fallback
-5.032049942016601,42.933587646484376,5.062365293502808,1.0,unknown,0.0,0.5103881494145852,0.1,5,394,fallback
-3.94758939743042,-63.478721618652344,0.011461351998150349,1.0,unknown,0.0,0.41419595380731156,0.2,1,395,fallback
-3.726591110229492,-60.08997344970703,-1.3858284950256348,1.0,unknown,0.0,0.42438374515452926,0.2,1,396,fallback
-3.357665777206421,-59.689395904541016,-1.3762305974960327,1.0,unknown,0.0,0.4256487214255662,0.2,1,397,fallback
-2.0575735569000244,-53.03632354736328,-1.2221513986587524,1.0,pedestrian_vru,0.0,0.7082713373187355,0.05,1,398,annotation
-3.0114269653956094,-51.11124356587728,-2.376472592353821,1.0,unknown,0.0,0.45194800630021437,0.1,6,399,fallback
-2.551576852798462,-42.575204849243164,1.9888292253017426,1.0,unknown,0.0,0.495375080388334,0.1,4,400,fallback
-2.379117012023926,-41.506351470947266,2.9105523427327475,1.0,unknown,0.0,0.48050029619409196,0.1,3,401,fallback
-3.5607736110687256,-30.455552101135254,-1.4223562479019165,1.0,static_manmade,0.0,0.5506765009191276,0.1,2,402,annotation
-3.135412803063026,-28.801087599534256,-1.856938022833604,1.0,unknown,0.0,0.524879207871134,0.1,13,403,fallback
-2.1110165119171143,-27.844083786010742,-1.944739282131195,1.0,unknown,0.0,0.5214026867996188,0.1,2,404,fallback
-3.0041588842868805,-20.998610615730286,-1.971972145140171,1.0,unknown,0.0,0.5414825480344848,0.1,16,405,fallback
-3.0322515462574207,-16.908526972720498,-1.9990330871782804,1.0,unknown,0.0,0.5539938235109582,0.1,19,406,fallback
-3.0267395973205566,-13.792490653991699,-1.9778503751754761,1.0,unknown,0.0,0.5626979988976788,0.1,25,407,fallback
-2.9028977879456113,-11.035953862326485,-1.9911830808435167,1.0,unknown,0.0,0.5708118194029782,0.1,56,408,fallback
-2.9086976051330566,-8.848275288668546,-1.980855055288835,1.0,unknown,0.0,0.5777839435772789,0.1,55,409,fallback
-3.079040738898264,-6.918042441488991,-1.7868132360384499,1.0,unknown,0.0,0.5965328472709671,0.1,142,410,fallback
-2.9874233649327206,-4.908547893270746,-1.8769351410699058,1.0,unknown,0.0,0.5898022599556348,0.1,286,411,fallback
-3.2029051175443803,-2.912016337017876,-1.8432306422303055,1.0,unknown,0.0,0.5931212434476474,0.1,453,412,fallback
-3.340179255273607,-0.9100167407118865,-1.7653828548060524,1.0,unknown,0.0,0.5957556883767811,0.1,720,413,fallback
-3.2643962548557957,0.995781185733389,-1.4908158900285897,1.0,unknown,0.0,0.6033546014676303,0.1,802,414,fallback
-3.0610222605210318,2.9608900511818095,-1.551680869945494,1.0,unknown,0.0,0.5944907516131401,0.1,474,415,fallback
-2.9318197066967304,4.841284698706406,-1.5844683142808766,1.0,unknown,0.0,0.5910377463370489,0.1,260,416,fallback
-2.952963028767312,6.933708786040313,-1.5894914828529654,1.0,unknown,0.0,0.5843664440808609,0.1,129,417,fallback
-3.1185848909265856,9.331093395457549,-1.5758752005941727,1.0,unknown,0.0,0.5967209929145769,0.1,85,418,fallback
-3.270406534086983,10.717563782098159,-0.8057084815919329,1.0,vehicle,0.0,0.8242694418420341,0.05,106,419,annotation
-2.6698035531573825,13.434307416280111,-1.5687138968043857,1.0,unknown,0.0,0.5945570181334744,0.1,18,420,fallback
-3.041207706227022,16.153523276833926,-1.1701288924497717,1.0,unknown,0.0,0.5557624171162946,0.1,17,421,fallback
-2.789695219560103,18.934016141024504,-0.9103601466525685,1.0,unknown,0.0,0.5483221605214894,0.1,11,422,fallback
-3.780403733253479,25.664827346801758,-0.6177730560302734,1.0,unknown,0.0,0.5271875393128281,0.1,2,423,fallback
-2.8400484720865884,28.72070859273275,-0.2683721383412679,1.0,unknown,0.0,0.5413982500859151,0.1,15,424,fallback
-3.019450951845218,31.06705763401129,2.0483727211562486,1.0,vehicle,0.0,0.8023866689996301,0.05,39,425,annotation
-2.9758169412612916,33.1801944732666,5.327302169799805,1.0,unknown,0.0,0.5209001820969932,0.1,10,426,fallback
-3.2363633712132773,34.93825721740723,5.357162555058797,1.0,unknown,0.0,0.520535982875022,0.1,6,427,fallback
-2.972237447897593,36.929793993631996,3.9660648902257285,1.0,unknown,0.0,0.5051021204341077,0.1,12,428,fallback
-3.880660057067871,38.356319427490234,3.5946145057678223,1.0,unknown,0.0,0.48934360863955817,0.1,1,429,fallback
-3.117652654647827,40.11870574951172,3.7501463890075684,1.0,unknown,0.0,0.48428101730954476,0.1,1,430,fallback
-3.068469524383545,43.13857650756836,6.080101490020752,1.0,unknown,0.0,0.4752572907832868,0.1,1,431,fallback
-3.782265543937683,73.63506317138672,6.8599419593811035,1.0,unknown,0.0,0.3842672300180236,0.2,2,432,fallback
-2.7459493478139243,74.67159271240234,6.950440247853597,1.0,unknown,0.0,0.38162366783508606,0.2,3,433,fallback
-1.7548285722732544,-63.845699310302734,-1.47086763381958,1.0,unknown,0.0,0.4133905673155496,0.2,1,434,fallback
-1.65276300907135,-50.2731819152832,-2.3349859714508057,1.0,unknown,0.0,0.4540989728031588,0.1,1,435,fallback
-0.9599657982587815,-46.2343147277832,0.4369351486675441,1.0,unknown,0.0,0.4890733544235175,0.1,5,436,fallback
-0.6177641041576862,-45.59139919281006,1.6052527900319546,1.0,unknown,0.0,0.5106406559661743,0.1,4,437,fallback
-1.3229436626036961,-42.6341298421224,2.1668984492619834,1.0,unknown,0.0,0.5012839753214143,0.1,6,438,fallback
-1.1207366345020442,-41.366586245023285,1.485802554167234,1.0,unknown,0.0,0.5068246851750696,0.1,13,439,fallback
-0.9205660223960876,-38.122507095336914,-1.7700814008712769,1.0,unknown,0.0,0.4907408924548333,0.1,2,440,fallback
-0.3052172139286995,-37.28287220001221,-1.942070871591568,1.0,unknown,0.0,0.502182745412061,0.1,4,441,fallback
-0.3265881836414337,-35.59157943725586,-2.4800570011138916,1.0,unknown,0.0,0.49822076662514525,0.1,1,442,fallback
-1.1950553854306538,-27.038824293348526,-1.885278092490302,1.0,unknown,0.0,0.5244680963971704,0.1,9,443,fallback
-0.9932164447382092,-21.356005430221558,-1.9876531213521957,1.0,unknown,0.0,0.541088282047249,0.1,16,444,fallback
-0.9335184613863627,-16.633394877115887,-1.9384526252746581,1.0,unknown,0.0,0.5570866465335638,0.1,15,445,fallback
-1.2948083422685925,-14.511988940991854,-1.9605381237833124,1.0,unknown,0.0,0.562880592204088,0.1,19,446,fallback
-0.8560789248125779,-12.462921426102922,-1.9674991981403247,1.0,unknown,0.0,0.5688391716810454,0.1,37,447,fallback
-1.012058338314733,-10.588563834919649,-1.9882657352615805,1.0,unknown,0.0,0.5731598762870368,0.1,34,448,fallback
-0.9906004261989437,-8.780758678913116,-1.978260225057602,1.0,unknown,0.0,0.5785524969030162,0.1,80,449,fallback
-1.0812903123508606,-6.847009362493242,-1.967607648883547,1.0,unknown,0.0,0.5843387479247342,0.1,140,450,fallback
-1.3145911349190607,-5.45271094640096,-1.9573654068840876,1.0,unknown,0.0,0.5882892631098275,0.1,90,451,fallback
-0.27385084194297354,-0.6358293407848135,-0.3377651539958583,1.0,unknown,0.0,0.6039595917892147,0.1,991,452,fallback
-0.2921315411374517,0.4548227661859472,-0.37530981615489845,1.0,unknown,0.0,0.6066613527492252,0.1,980,453,fallback
-1.5594011073762721,3.631813582507047,-1.7312010114843195,1.0,unknown,0.0,0.5934509769985892,0.1,110,454,fallback
-0.9930769646002479,4.831569519848891,-1.6851613521575928,1.0,unknown,0.0,0.5907341922891649,0.1,355,455,fallback
-0.9047597988863432,6.984540031069801,-1.5953124853826703,1.0,unknown,0.0,0.5846524014089919,0.1,168,456,fallback
-1.0282664623939328,9.235984925870541,-1.4877694580290053,1.0,unknown,0.0,0.5779662974870028,0.1,54,457,fallback
-0.7186919466956802,11.000153665957244,-1.1958134822223498,1.0,static_manmade,0.0,0.617386371843245,0.1,69,458,annotation
-1.3577746115624905,13.408291578292847,-1.282324142754078,1.0,unknown,0.0,0.5647173119788279,0.1,16,459,fallback
-1.3968371198727534,16.225890232966496,-1.1609924481465266,1.0,unknown,0.0,0.5562661470898149,0.1,13,460,fallback
-1.5845143284116472,18.509087426321848,-0.8852429560252598,1.0,unknown,0.0,0.5493577303706011,0.1,7,461,fallback
-1.2338303327560425,20.812560081481934,-0.9926393926143646,1.0,unknown,0.0,0.5424679888511794,0.1,2,462,fallback
-1.22427137196064,29.01401081085205,0.55710838441737,1.0,vehicle,0.0,0.7835776248073871,0.05,40,463,annotation
-0.8264638880411019,31.235394404484676,4.734584019734309,1.0,unknown,0.0,0.5475670475335103,0.1,26,464,fallback
-1.0219044751272752,33.094148489145134,4.891510743361253,1.0,unknown,0.0,0.5244367109231326,0.1,13,465,fallback
-1.00648789533547,34.79791423252651,4.077030726841518,1.0,unknown,0.0,0.5139168413449207,0.1,7,466,fallback
-0.08127254992723465,37.380008697509766,2.6031970977783203,1.0,unknown,0.0,0.4928597088505675,0.1,1,467,fallback
-0.6255383193492889,38.531368255615234,4.048880338668823,1.0,unknown,0.0,0.5022051970521352,0.1,2,468,fallback
-1.2522746324539185,41.1347541809082,5.784180164337158,1.0,unknown,0.0,0.48153856578060705,0.1,1,469,fallback
-1.8984992504119873,75.50807189941406,7.02437686920166,1.0,unknown,0.0,0.3784041946717943,0.2,1,470,fallback
-0.6035627722740173,76.8408203125,7.14432954788208,1.0,unknown,0.0,0.3744704279515058,0.2,1,471,fallback
1.3909890353679657,-71.5130221048991,12.616792837778727,1.0,unknown,0.0,0.4136992424975756,0.2,6,472,fallback
0.7167436089366674,-46.63079261779785,1.6442427190486342,1.0,unknown,0.0,0.5085519567108624,0.1,2,473,fallback
0.9585959687829018,-45.46800708770752,1.5870991128031164,1.0,unknown,0.0,0.5103781127396813,0.1,4,474,fallback
1.1715333355324609,-43.1796749659947,0.8625233186009739,1.0,unknown,0.0,0.49971783521715085,0.1,14,475,fallback
0.40925161223858597,-41.09575500488281,2.203004401922226,1.0,unknown,0.0,0.4976363520342951,0.1,10,476,fallback
0.8705209451062339,-36.682298932756694,-0.36343538761138916,1.0,unknown,0.0,0.5430556541921627,0.1,7,477,fallback
1.2692899505297344,-35.253478580050995,1.8985336091783311,1.0,unknown,0.0,0.5666635603584591,0.1,9,478,fallback
1.8018218411339655,-33.351964738633896,3.385902669694689,1.0,unknown,0.0,0.529602440273688,0.1,9,479,fallback
0.630478811264038,-26.239651489257813,-1.4619598388671875,1.0,static_manmade,0.0,0.5716166203739863,0.1,5,480,annotation
1.4026738740503788,-25.3548002243042,-1.4741408005356789,1.0,static_manmade,0.0,0.5741489835015775,0.1,16,481,annotation
1.902319312095642,-22.016242027282715,-2.054680824279785,1.0,unknown,0.0,0.5387478185014887,0.1,2,482,fallback
0.8749364792768445,-21.78147574833461,-2.027045522417341,1.0,unknown,0.0,0.5399352248572712,0.1,14,483,fallback
0.999609992094338,-17.328070163726807,-2.020065665245056,1.0,unknown,0.0,0.5530204718433801,0.1,20,484,fallback
0.8641822818786867,-13.001999209004063,-1.8717684745788574,1.0,unknown,0.0,0.5675537499629335,0.1,31,485,fallback
0.9874612960654,-10.984692533810934,-1.9265842338403065,1.0,unknown,0.0,0.5737474680065741,0.1,48,486,fallback
1.1093124425813052,-8.937260102689937,-1.971277581172043,1.0,unknown,0.0,0.5792255942471952,0.1,89,487,fallback
1.0639259071661702,-6.85215550661087,-1.9673718901144133,1.0,unknown,0.0,0.5844087283648497,0.1,144,488,fallback
1.2997720379095812,-5.447819641658238,-1.9491195993109063,1.0,unknown,0.0,0.5883175365666724,0.1,91,489,fallback
0.05073592889157226,-0.19351720904690212,-0.05788113439079558,1.0,unknown,0.0,0.6077104729730468,0.1,5970,490,fallback
0.31048947503372737,0.4636538563643332,-0.36664909946507424,1.0,unknown,0.0,0.6066933257821037,0.1,1102,491,fallback
1.6214568316936493,3.6010359594455132,-1.7059620779294233,1.0,unknown,0.0,0.5934821179477159,0.1,104,492,fallback
0.9798642685784708,4.847689875849971,-1.6648184628713698,1.0,unknown,0.0,0.5913681294453149,0.1,378,493,fallback
0.9753319294310656,7.042940376588962,-1.5735802770461012,1.0,unknown,0.0,0.5844651380401096,0.1,149,494,fallback
1.262788531388257,9.266096953373806,-1.1166200229696408,1.0,static_manmade,0.0,0.6236164711996429,0.1,157,495,annotation
0.41594969463767484,10.417178735136986,-0.9149541505612433,1.0,static_manmade,0.0,0.619288272160355,0.1,64,496,annotation
1.8770697116851807,25.5059871673584,1.181199550628662,1.0,vehicle,0.0,0.7682751086755035,0.05,1,497,annotation
0.9269243430878434,28.97751304081508,-0.5971262754340257,1.0,unknown,0.0,0.5242882100340553,0.1,14,498,fallback
1.0636698002261775,31.598940781184606,4.611595338676125,1.0,unknown,0.0,0.5506934975654689,0.1,28,499,fallback
1.1276270573337872,32.68621635437012,3.896184590127733,1.0,unknown,0.0,0.533682881585344,0.1,18,500,fallback
1.2998786249331065,34.921795981270925,3.017662133489336,1.0,unknown,0.0,0.5343054322906694,0.1,7,501,fallback
0.9193984746932984,37.319278717041016,3.4829948425292967,1.0,unknown,0.0,0.5085763129796654,0.1,5,502,fallback
1.2385144755244255,39.381327629089355,2.7326792175881565,1.0,unknown,0.0,0.5540045849413824,0.1,4,503,fallback
1.241556953638792,40.6153461933136,1.286918101250194,1.0,unknown,0.0,0.5083834094634467,0.1,16,504,fallback
2.491894340515137,-70.9119384765625,12.348773574829101,1.0,unknown,0.0,0.4165414788501771,0.2,5,505,fallback
3.5573748350143433,-69.48726654052734,12.270824750264486,1.0,unknown,0.0,0.41863927543452706,0.2,6,506,fallback
2.737347739083426,-42.643876211983816,0.001299269696963685,1.0,unknown,0.0,0.4910968324471324,0.1,7,507,fallback
3.3500301043192544,-41.59523900349935,0.004705368851621945,1.0,unknown,0.0,0.47981434306604664,0.1,3,508,fallback
3.2029252449671426,-36.864671283298065,1.5312002135647669,1.0,unknown,0.0,0.5100121122104115,0.1,18,509,fallback
3.02901406288147,-35.27864227294922,3.1960956692695617,1.0,unknown,0.0,0.5577705606161485,0.1,10,510,fallback
3.0694208755049597,-32.818806315577305,4.216580474099447,1.0,unknown,0.0,0.5337313984438867,0.1,43,511,fallback
3.8893229961395264,-31.89264488220215,3.753145694732666,1.0,unknown,0.0,0.5086132339034295,0.1,1,512,fallback
2.3117470026016234,-24.399867057800293,-1.4226274132728576,1.0,static_manmade,0.0,0.576463465918195,0.1,10,513,annotation
3.0884076616038447,-22.650483670442,-1.8881227762802788,1.0,unknown,0.0,0.5422240299129361,0.1,23,514,fallback
3.871434211730957,-21.817991892496746,-2.061086098353068,1.0,unknown,0.0,0.5386513043800686,0.1,3,515,fallback
2.9518932041368986,-17.055851183439557,-2.0151168296211646,1.0,unknown,0.0,0.5531673566832438,0.1,19,516,fallback
3.4335179805755613,-14.06521224975586,-2.0269374370574953,1.0,unknown,0.0,0.5615877607335973,0.1,5,517,fallback
2.843509554862976,-13.29334968328476,-1.9043803662061691,1.0,unknown,0.0,0.566381608127219,0.1,16,518,fallback
3.0262272588668333,-11.01060353555987,-1.8695393877644693,1.0,unknown,0.0,0.5708679899187166,0.1,31,519,fallback
2.7270575906291152,-8.905212951428963,-1.8731602990266047,1.0,unknown,0.0,0.5780584499720175,0.1,66,520,fallback
2.9424818492915534,-6.941381000492671,-1.636642021063256,1.0,unknown,0.0,0.6004373074235778,0.1,146,521,fallback
2.9645960503106514,-4.958734383221568,-1.892130559962579,1.0,unknown,0.0,0.5893810348463779,0.1,277,522,fallback
3.2156936082434147,-2.9551442335260676,-1.9126507427464141,1.0,unknown,0.0,0.5927195027680635,0.1,376,523,fallback
3.358027588434098,-0.9547680122716549,-1.8278140506813616,1.0,unknown,0.0,0.5964629912745338,0.1,551,524,fallback
3.4655578538230567,0.9914919892554571,-1.5180201710480161,1.0,unknown,0.0,0.6096240300936862,0.1,629,525,fallback
3.1236676157587935,3.009753039425901,-1.7219467346015793,1.0,unknown,0.0,0.5926036712151689,0.1,391,526,fallback
2.9362401933439317,4.859845040305968,-1.6499174304546849,1.0,unknown,0.0,0.5886319260784287,0.1,248,527,fallback
3.1985066474094324,7.121398684921525,-1.225752588831931,1.0,static_manmade,0.0,0.6283980507924285,0.1,293,528,annotation
2.9155266004003537,8.59300441498969,-0.09289581737344622,1.0,vehicle,0.0,0.8388709502373547,0.05,314,529,annotation
3.0392569395212026,10.20257355616643,1.0717464410341704,1.0,vehicle,0.0,0.8225148627778572,0.05,13,530,annotation
3.582379150390625,19.51128387451172,-0.3876455597579479,1.0,vehicle,0.0,0.7903968383651915,0.05,10,531,annotation
3.2018493505624623,20.44280272263747,-0.5083987727188147,1.0,vehicle,0.0,0.793305991539687,0.05,13,532,annotation
3.7265288167529635,23.728103637695312,1.4824848737981584,1.0,vehicle,0.0,0.788731858088463,0.05,18,533,annotation
2.7225145743443417,24.854958130763126,1.225900501335183,1.0,vehicle,0.0,0.790848352442987,0.05,52,534,annotation
2.5852303504943848,26.085816383361816,-0.0199226476252079,1.0,vehicle,0.0,0.7663605702036586,0.05,2,535,annotation
2.7302245497703552,29.14493727684021,-0.7048748210072517,1.0,unknown,0.0,0.5172509922591899,0.1,8,536,fallback
2.1398491621017457,31.807056045532228,3.7310346484184267,1.0,unknown,0.0,0.5558973810566767,0.1,10,537,fallback
2.6351813971996307,32.97906732559204,4.944110855460167,1.0,unknown,0.0,0.531682565222887,0.1,16,538,fallback
3.5868000333959404,34.45528238469904,5.547304673628374,1.0,unknown,0.0,0.5221875151770063,0.1,11,539,fallback
2.8927087783813477,37.42060852050781,4.82764744758606,1.0,unknown,0.0,0.5046023489948608,0.1,2,540,fallback
2.3822669301714217,39.48405838012695,1.1692881368632828,1.0,unknown,0.0,0.5178632368865985,0.1,7,541,fallback
4.611193370819092,-68.35063934326172,11.914362335205078,1.0,unknown,0.0,0.4204079959516831,0.2,5,542,fallback
5.213497161865234,-67.45281600952148,12.7451753616333,1.0,unknown,0.0,0.40290102794877436,0.2,2,543,fallback
4.632075309753418,-56.004520416259766,-1.2965325117111206,1.0,unknown,0.0,0.43641274704600486,0.2,1,544,fallback
5.891323089599609,-52.50310134887695,-2.455453872680664,1.0,unknown,0.0,0.4465022080564891,0.2,1,545,fallback
5.327691078186035,-51.20947138468424,-1.1884249051411946,1.0,unknown,0.0,0.45061738425352127,0.1,3,546,fallback
4.818088054656982,-43.13737487792969,0.004352597054094076,1.0,unknown,0.0,0.4747831663925389,0.1,1,547,fallback
4.984113502502441,-41.19437255859375,-0.5777766408864409,1.0,unknown,0.0,0.5011203330355475,0.1,5,548,fallback
5.837085247039795,-39.92622375488281,1.8822617530822754,1.0,unknown,0.0,0.4839480517812472,0.1,1,549,fallback
5.134140866143363,-36.99804033551897,1.4264659115246363,1.0,unknown,0.0,0.5092473405725532,0.1,14,550,fallback
4.7660734836871805,-34.677140749417816,2.084003855635484,1.0,unknown,0.0,0.5646986443744961,0.1,13,551,fallback
4.913395242257551,-32.735333529385656,4.431930384852669,1.0,unknown,0.0,0.5413778354843355,0.1,44,552,fallback
5.0437092781066895,-31.8752498626709,3.2969271540641785,1.0,unknown,0.0,0.5225214493514111,0.1,8,553,fallback
5.625224351882935,-29.75636100769043,5.6959228515625,1.0,unknown,0.0,0.5142100423102912,0.1,2,554,fallback
4.292756366729736,-22.277238845825195,-1.5817705154418946,1.0,static_manmade,0.0,0.5747063737376802,0.1,5,555,annotation
4.934891164302826,-21.071492910385132,-1.8010082244873047,1.0,unknown,0.0,0.546215358735729,0.1,24,556,fallback
5.70474309187669,-19.475585497342625,-1.66995723430927,1.0,static_manmade,0.0,0.5878323341101995,0.1,13,557,annotation
5.011111214047387,-16.718673887706938,-2.0329702695210776,1.0,unknown,0.0,0.5527927342574877,0.1,21,558,fallback
4.940662902334462,-13.493304459945016,-2.014134977174842,1.0,unknown,0.0,0.561976222979424,0.1,23,559,fallback
4.794502449035645,-10.422493267059327,-1.8784330248832704,1.0,unknown,0.0,0.5708405968864843,0.1,20,560,fallback
5.1498942375183105,-8.780552378240621,-1.5903764310872779,1.0,unknown,0.0,0.5982480390712368,0.1,53,561,fallback
5.044069643943541,-6.852991832199917,-2.4060739958158104,1.0,unknown,0.0,0.6114573036403941,0.1,93,562,fallback
4.91319629351298,-4.851857302983602,-1.9648697606722514,1.0,unknown,0.0,0.5864762704217934,0.1,150,563,fallback
4.8698322413971065,-2.9055325506276604,-1.9594120970103732,1.0,unknown,0.0,0.5887825727739351,0.1,259,564,fallback
4.76211064174527,-0.9131640206922712,-1.383280453456329,1.0,unknown,0.0,0.6119926223033371,0.1,488,565,fallback
4.557247722789805,0.5761134397406544,-1.0013454156717465,1.0,unknown,0.0,0.6132921762773197,0.1,465,566,fallback
4.860786462489795,2.9144871649534805,-1.7386013966775222,1.0,unknown,0.0,0.5887365205353107,0.1,253,567,fallback
5.190755943026705,5.1527104171067935,-1.3504907049630817,1.0,static_manmade,0.0,0.6293827390469486,0.1,323,568,annotation
4.410498720226866,6.3865717866204,-1.087116367663398,1.0,static_manmade,0.0,0.6271900300224525,0.1,132,569,annotation
4.425091581524543,8.71766844335592,0.190349775348913,1.0,vehicle,0.0,0.8305887836595431,0.05,53,570,annotation
4.144786675771077,19.000809987386067,-0.3205419623603423,1.0,vehicle,0.0,0.79232707437335,0.05,3,571,annotation
4.372218012809753,20.732752323150635,-1.0146233141422272,1.0,unknown,0.0,0.5415142667198464,0.1,4,572,fallback
4.675069763546898,22.840069997878302,1.4743319423425765,1.0,vehicle,0.0,0.7908107190791386,0.05,42,573,annotation
5.733590126037598,27.54935312271118,3.2836121916770935,1.0,unknown,0.0,0.5208845966497653,0.1,4,574,fallback
5.093628883361816,28.530414581298828,3.382711935043335,1.0,unknown,0.0,0.5192366298435283,0.1,5,575,fallback
4.363327503204346,33.650447845458984,5.305789947509766,1.0,unknown,0.0,0.5138926689510426,0.1,3,576,fallback
4.177893733978271,35.01171340942383,5.462724876403809,1.0,unknown,0.0,0.5298002336634703,0.1,5,577,fallback
5.053912162780762,36.2247200012207,6.006106376647949,1.0,unknown,0.0,0.4952732880933568,0.1,1,578,fallback
7.6018757820129395,-54.833974838256836,-2.573546886444092,1.0,unknown,0.0,0.4389745379926411,0.2,2,579,fallback
6.202563285827637,-52.551910400390625,-2.4594967365264893,1.0,unknown,0.0,0.4462499584176167,0.2,1,580,fallback
7.301873070853097,-50.49687630789621,-0.8398749267549387,1.0,unknown,0.0,0.466113931923837,0.1,7,581,fallback
6.20670485496521,-41.42720413208008,0.003387309261597693,1.0,unknown,0.0,0.47933281007201456,0.1,2,582,fallback
6.474014486585345,-36.530409131731304,0.36986260185949504,1.0,unknown,0.0,0.5049680435353732,0.1,7,583,fallback
6.916804573752663,-34.652042388916016,2.0827812057369472,1.0,unknown,0.0,0.5461147174725649,0.1,11,584,fallback
6.690249074589122,-32.69758762012828,2.0414470488374885,1.0,unknown,0.0,0.5440963682731033,0.1,22,585,fallback
6.788268804550171,-31.60286922454834,1.6700295530608855,1.0,unknown,0.0,0.560215574182199,0.1,10,586,fallback
6.575013379255931,-18.571282863616943,-1.6042398065328598,1.0,static_manmade,0.0,0.5894445673118854,0.1,24,587,annotation
7.21717199785956,-17.01300759151064,-1.7978964920701652,1.0,static_manmade,0.0,0.5945597199794707,0.1,29,588,annotation
7.801143765449524,-15.933823108673096,-2.0671051144599915,1.0,unknown,0.0,0.5517990715434835,0.1,4,589,fallback
7.031434306391963,-12.57136602754946,-2.020843161476983,1.0,unknown,0.0,0.5618705535021608,0.1,27,590,fallback
6.522808381489345,-8.760732469104585,-0.9958371803874061,1.0,unknown,0.0,0.6124875322267535,0.1,42,591,fallback
6.761295143987091,-7.105028470357259,-0.4849794978109744,1.0,unknown,0.0,0.6209955908595777,0.1,213,592,fallback
6.840828077609722,-5.1647275081047646,-1.7785184612640967,1.0,unknown,0.0,0.5901631798837337,0.1,130,593,fallback
6.920662038254015,-2.9287334644433223,-1.9564029077688854,1.0,unknown,0.0,0.5829535036534794,0.1,132,594,fallback
7.13817542498229,-1.009346633870918,-1.8978999647937838,1.0,unknown,0.0,0.5838326731514009,0.1,122,595,fallback
6.850233495849924,1.1926609287854553,-1.8211266023596537,1.0,unknown,0.0,0.5846072723567327,0.1,97,596,fallback
7.121874379885705,3.3075081963109745,-1.509411566630359,1.0,unknown,0.0,0.5901651726457396,0.1,211,597,fallback
6.5682976502244195,4.474909446572744,-1.0489869325381693,1.0,static_manmade,0.0,0.6292633603138913,0.1,186,598,annotation
7.230706658856622,6.962777631036166,-0.7282810426991562,1.0,unknown,0.0,0.5851607939934469,0.1,29,599,fallback
7.760430888125771,9.833503321597451,-0.5903935479490381,1.0,unknown,0.0,0.5728021135202189,0.1,19,600,fallback
6.994151874464386,10.753724857252472,-0.08507459758951956,1.0,unknown,0.0,0.5938670571001443,0.1,49,601,fallback
7.178912586636013,12.498595979478624,-0.39436804379026097,1.0,pedestrian_vru,0.0,0.8307496882922815,0.05,9,602,annotation
6.4800619125366214,27.49333724975586,3.295086908340454,1.0,unknown,0.0,0.5206664658772563,0.1,5,603,fallback
7.180038213729858,28.57150650024414,4.13391375541687,1.0,unknown,0.0,0.5171031759645416,0.1,2,604,fallback
6.73136568069458,64.80219268798828,10.685291290283203,1.0,unknown,0.0,0.40954739922455485,0.2,1,605,fallback
7.63535213470459,66.20906829833984,9.342814445495605,1.0,unknown,0.0,0.40505637308382014,0.2,1,606,fallback
8.327266057332357,-54.30479939778646,-2.554450750350952,1.0,unknown,0.0,0.44036856578868544,0.2,3,607,fallback
8.887832641601562,-52.83176040649414,-2.4912902116775513,1.0,unknown,0.0,0.4449494402737523,0.2,2,608,fallback
8.85333946772984,-50.75567735944475,-1.377855318132788,1.0,unknown,0.0,0.47746741941533144,0.1,7,609,fallback
8.807592709859213,-49.8714968363444,-0.38858457406361896,1.0,unknown,0.0,0.48245542216048365,0.1,3,610,fallback
8.021467208862305,-32.14566421508789,-1.5415699481964111,1.0,unknown,0.0,0.5056058906367771,0.1,1,611,fallback
9.117544174194336,-31.803294499715168,-1.5400384267171223,1.0,unknown,0.0,0.5058396929989235,0.1,3,612,fallback
8.294998602433639,-17.076169447465375,-1.567926742813804,1.0,static_manmade,0.0,0.5915185594387948,0.1,11,613,annotation
8.985740025838217,-15.425169490632557,-2.0822333040691556,1.0,unknown,0.0,0.5516303205702479,0.1,21,614,fallback
8.177207310994467,-12.049568812052408,-2.042113780975342,1.0,unknown,0.0,0.5613231113259229,0.1,3,615,fallback
9.115574533289129,-11.471056894822555,-2.0575544075532393,1.0,unknown,0.0,0.5612138552849346,0.1,22,616,fallback
8.56280024846395,-8.917884031931559,-2.028258442878723,1.0,unknown,0.0,0.5679907558028067,0.1,12,617,fallback
8.99823207121629,-6.78560444024893,-2.018300872582656,1.0,unknown,0.0,0.5715028635705306,0.1,26,618,fallback
8.98649591869778,-4.835081073972914,-2.004009140862359,1.0,unknown,0.0,0.5747030437901705,0.1,54,619,fallback
9.06107855679696,-3.1577393213907876,-1.960509785434656,1.0,unknown,0.0,0.5765850777497987,0.1,57,620,fallback
9.193078918457031,-0.8167945274710655,-1.8925204396247863,1.0,unknown,0.0,0.5778041379049826,0.1,50,621,fallback
9.091944313049316,1.5078527459874749,-1.5179738863309225,1.0,unknown,0.0,0.5901683588498179,0.1,75,622,fallback
8.831445121765137,3.0122062486760757,-1.3963197427637437,1.0,unknown,0.0,0.5881143143940332,0.1,85,623,fallback
9.218264198303222,5.072971224784851,-0.581778365233913,1.0,pedestrian_vru,0.0,0.843365008340307,0.05,20,624,annotation
9.408816614458638,6.99864173704578,0.6906794819139666,1.0,unknown,0.0,0.5974882843526284,0.1,31,625,fallback
8.197750780317518,9.586935785081652,-0.6099649651183022,1.0,unknown,0.0,0.5735884061766034,0.1,18,626,fallback
9.315949821472168,10.233671760559082,-0.993579912185669,1.0,unknown,0.0,0.5638208458068064,0.1,5,627,fallback
8.546078575981987,13.46191480424669,-0.5161502228842841,1.0,static_manmade,0.0,0.601227472915952,0.1,9,628,annotation
9.935359954833984,53.205421447753906,7.58564567565918,1.0,unknown,0.0,0.4426246501472989,0.2,1,629,fallback
9.653356552124023,55.280269622802734,7.865011215209961,1.0,unknown,0.0,0.43664959304881434,0.2,1,630,fallback
8.54758358001709,63.94894027709961,12.138359069824219,1.0,unknown,0.0,0.4114470270737417,0.2,1,631,fallback
8.949504852294922,64.7888069152832,10.467962821324667,1.0,unknown,0.0,0.4577148050207551,0.1,6,632,fallback
8.495635986328125,70.13067626953125,9.90134334564209,1.0,unknown,0.0,0.39306985050846144,0.2,1,633,fallback
11.081455707550049,-62.531375885009766,11.959333896636963,1.0,unknown,0.0,0.414780509802815,0.2,2,634,fallback
10.777893702189127,-51.0711555480957,-2.428358872731527,1.0,unknown,0.0,0.44873742050126963,0.2,3,635,fallback
11.472908735275269,-48.82375431060791,0.8659438490867615,1.0,unknown,0.0,0.5054960675743086,0.1,4,636,fallback
11.575940608978271,-47.13200569152832,1.4198919557093177,1.0,unknown,0.0,0.4984098448449843,0.1,4,637,fallback
11.922112464904785,-42.553428649902344,-1.023873209953308,1.0,unknown,0.0,0.4724240613859607,0.1,1,638,fallback
11.8053617477417,-28.435091018676758,1.430395483970642,1.0,unknown,0.0,0.5126350244675003,0.1,1,639,fallback
11.801018714904785,-27.971351623535156,1.4102528095245361,1.0,unknown,0.0,0.5139234114098865,0.1,1,640,fallback
11.781335830688477,-25.879323959350586,3.314687490463257,1.0,unknown,0.0,0.519695524484724,0.1,1,641,fallback
10.918173840171413,-14.573151538246556,-2.12565867524398,1.0,unknown,0.0,0.551090236549286,0.1,19,642,fallback
10.200396537780762,-10.543669973100934,-2.060070650918143,1.0,unknown,0.0,0.5610566737571822,0.1,7,643,fallback
11.803865273793539,-8.890818277994791,-2.0781187216440835,1.0,unknown,0.0,0.5607018775374363,0.1,6,644,fallback
10.458111172630673,-6.628828979673839,-2.0360390004657565,1.0,unknown,0.0,0.5680066017576332,0.1,21,645,fallback
11.262905938284737,-4.957419548715864,-2.027541390487126,1.0,unknown,0.0,0.5682866152550615,0.1,28,646,fallback
11.07897983278547,-2.836595030057998,-1.9763568526222592,1.0,unknown,0.0,0.5712527079124409,0.1,42,647,fallback
11.021767646074295,-1.0508783862460405,-1.9169164672493935,1.0,unknown,0.0,0.5723118248193326,0.1,32,648,fallback
10.44817345792597,1.5386711725626478,-1.1636176576668567,1.0,pedestrian_vru,0.0,0.850587959457563,0.05,44,649,annotation
10.747887070114547,3.1029024059708052,-1.3948275304424602,1.0,unknown,0.0,0.5866870083770085,0.1,37,650,fallback
10.89918065071106,4.307267606258392,-1.1581222489476204,1.0,unknown,0.0,0.5834008666862056,0.1,16,651,fallback
11.668989181518555,6.429450988769531,-0.9542543590068817,1.0,static_manmade,0.0,0.6026044889090698,0.1,2,652,annotation
11.703002293904623,8.725059191385904,-0.7044813434282938,1.0,static_manmade,0.0,0.5993580660454578,0.1,3,653,annotation
11.291522284348806,11.32095460096995,-0.53148197553431,1.0,static_manmade,0.0,0.6088584658709651,0.1,48,654,annotation
10.984062910079956,12.723423528671265,0.01576634468510747,1.0,vehicle,0.0,0.8017292122702826,0.05,20,655,annotation
10.941129684448242,14.558387756347656,-0.023242151364684105,1.0,vehicle,0.0,0.7903658096470279,0.05,1,656,annotation
11.065034866333008,16.977933883666992,-0.30822575055062773,1.0,vehicle,0.0,0.7942443367752889,0.05,5,657,annotation
11.576451725429958,23.29343318939209,3.9550604157977634,1.0,unknown,0.0,0.5501175917649093,0.1,18,658,fallback
11.425774660977451,24.37070742520419,2.8950009887868706,1.0,unknown,0.0,0.5442885153198154,0.1,11,659,fallback
10.827688694000244,53.18961143493652,8.578751683235168,1.0,unknown,0.0,0.45814902254055656,0.1,4,660,fallback
10.06342887878418,55.73295593261719,7.936954975128174,1.0,unknown,0.0,0.4350973372778738,0.2,1,661,fallback
11.720572471618652,65.77776336669922,12.565627098083496,1.0,unknown,0.0,0.4048123273794786,0.2,2,662,fallback
13.097657998402914,-61.44048754374186,11.82944393157959,1.0,unknown,0.0,0.4173319739382896,0.2,6,663,fallback
12.711633682250977,-48.26054286956787,-2.0325809717178345,1.0,unknown,0.0,0.4688015844474933,0.1,4,664,fallback
12.75794194539388,-47.1348258972168,0.7557488860446029,1.0,unknown,0.0,0.4945608041730195,0.1,15,665,fallback
13.651945114135742,-30.76209259033203,-1.5695230960845947,1.0,pedestrian_vru,0.0,0.766533978421353,0.05,1,666,annotation
13.082277884850136,-28.89361264155461,1.2249324917793274,1.0,unknown,0.0,0.5448377198838769,0.1,13,667,fallback
13.012212562561036,-26.8518408203125,3.5116689586639405,1.0,unknown,0.0,0.567921197333386,0.1,25,668,fallback
13.099326624189104,-25.395662307739258,3.4116364070347376,1.0,unknown,0.0,0.5364602480628748,0.1,35,669,fallback
12.059470653533936,-14.225807666778564,-2.1771425008773804,1.0,unknown,0.0,0.5491119379197201,0.1,2,670,fallback
13.063191760670055,-13.640986962751908,-2.2064677585255015,1.0,unknown,0.0,0.548695433415158,0.1,11,671,fallback
12.244455432891845,-8.333369255065918,-2.0839345455169678,1.0,unknown,0.0,0.560648812389356,0.1,10,672,fallback
12.944031715393066,-7.005553874969483,-2.0746234226226807,1.0,unknown,0.0,0.5609949921968466,0.1,25,673,fallback
13.625180840492249,-4.97890458504359,-2.047765851020813,1.0,unknown,0.0,0.5618047047916302,0.1,24,674,fallback
13.896064468052076,-3.034548552139946,-2.010896729386371,1.0,unknown,0.0,0.5626133134347178,0.1,23,675,fallback
13.672463166086297,-0.7376869501251924,-1.939256699461686,1.0,unknown,0.0,0.5643298277021548,0.1,19,676,fallback
12.89287333054976,1.6187012954191728,-1.8441683053970337,1.0,unknown,0.0,0.5662517115647313,0.1,11,677,fallback
12.331728299458822,2.920554770363702,-1.801613039440579,1.0,unknown,0.0,0.5672992121522689,0.1,9,678,fallback
12.04762077331543,4.691384474436442,-1.430345892906189,1.0,static_manmade,0.0,0.607468618581557,0.1,3,679,annotation
12.02787733078003,7.770271301269531,-0.6907772719860077,1.0,static_manmade,0.0,0.5996037386692019,0.1,2,680,annotation
12.096723365783692,8.399770164489746,-0.7105559468269348,1.0,static_manmade,0.0,0.5984306071997362,0.1,5,681,annotation
12.266416958400182,11.06051002229963,-0.10391112909253154,1.0,vehicle,0.0,0.8042333415656415,0.05,14,682,annotation
12.424147129058838,13.124348560969034,-0.023822651399920385,1.0,vehicle,0.0,0.7907854601672273,0.05,12,683,annotation
13.170489918101918,19.09764798482259,3.5814223795226128,1.0,unknown,0.0,0.5525667953567436,0.1,33,684,fallback
12.808944516711765,20.894256167941624,3.0143295526504517,1.0,unknown,0.0,0.5549951626364285,0.1,36,685,fallback
12.553899510701497,22.95308869679769,2.920377552509308,1.0,unknown,0.0,0.5495938869666117,0.1,30,686,fallback
12.505029392242431,24.267076110839845,2.9853326439857484,1.0,unknown,0.0,0.5507905754853354,0.1,10,687,fallback
13.022245724995932,26.47179349263509,5.073093255360921,1.0,unknown,0.0,0.5335611042401063,0.1,3,688,fallback
12.008763313293457,53.86524200439453,7.731797218322754,1.0,unknown,0.0,0.43943710490402677,0.2,1,689,fallback
13.46320629119873,54.2570915222168,10.512603759765625,1.0,unknown,0.0,0.43797680733490474,0.2,2,690,fallback
13.99531078338623,56.426780700683594,10.931602478027344,1.0,unknown,0.0,0.43059056006769747,0.2,1,691,fallback
15.12994877497355,-60.58981959025065,11.758178234100342,1.0,unknown,0.0,0.41799429337388283,0.2,6,692,fallback
14.888234710693359,-49.154608154296874,-1.6663207769393922,1.0,unknown,0.0,0.46613873448681464,0.1,5,693,fallback
14.35101842880249,-46.471994400024414,-2.2650678157806396,1.0,unknown,0.0,0.459357323742444,0.1,2,694,fallback
15.434374570846558,-45.09605407714844,-2.2207124829292297,1.0,unknown,0.0,0.4624228353802159,0.1,4,695,fallback
15.67442512512207,-30.012836456298828,-1.5805516242980957,1.0,pedestrian_vru,0.0,0.7659218448858202,0.05,1,696,annotation
15.213227976923404,-28.820642139600672,1.0370737132818804,1.0,unknown,0.0,0.5540320978807792,0.1,23,697,fallback
14.55155255577781,-27.206675789572976,1.95303969881074,1.0,unknown,0.0,0.5914384604743069,0.1,22,698,fallback
15.019287042839583,-25.36824292914812,2.818898627924365,1.0,unknown,0.0,0.585425237536464,0.1,43,699,fallback
14.318233489990234,-12.722676277160645,-2.239006996154785,1.0,unknown,0.0,0.5475377974896042,0.1,1,700,fallback
15.58296823501587,-11.122333867209298,-2.240919368607657,1.0,unknown,0.0,0.5476651937679935,0.1,14,701,fallback
15.247660160064697,3.4812527696291604,-1.6627141286929448,1.0,unknown,0.0,0.5695289893454933,0.1,12,702,fallback
14.610436812691066,4.903694422348686,-1.0593605283647776,1.0,pedestrian_vru,0.0,0.8382452277434103,0.05,23,703,annotation
14.019264221191406,11.518817901611328,-0.02433387003839016,1.0,vehicle,0.0,0.7905664954610993,0.05,1,704,annotation
15.982572873433432,15.75255266825358,2.961590607961019,1.0,unknown,0.0,0.5511340873625017,0.1,3,705,fallback
15.521087686220804,17.074705680211384,3.780057559410731,1.0,unknown,0.0,0.5471167291058224,0.1,24,706,fallback
14.759670697725737,18.898014582120457,3.795812781040485,1.0,unknown,0.0,0.5520688334897088,0.1,26,707,fallback
14.86475882322892,21.266039723935336,2.5016686812691065,1.0,unknown,0.0,0.5564693375041455,0.1,23,708,fallback
14.9227294921875,22.699129922049387,3.287109477179391,1.0,unknown,0.0,0.5724966243413947,0.1,7,709,fallback
15.052155494689941,24.19109344482422,1.9675284624099731,1.0,unknown,0.0,0.5195249306298446,0.1,1,710,fallback
15.43534951739841,26.672903484768337,1.2455120094948344,1.0,unknown,0.0,0.5299353133467368,0.1,18,711,fallback
14.007678031921387,53.76776885986328,10.447776794433594,1.0,unknown,0.0,0.43831259163295233,0.2,1,712,fallback
15.439585208892822,55.952857971191406,10.209032535552979,1.0,unknown,0.0,0.44865032962213836,0.2,2,713,fallback
15.479047775268555,56.86823654174805,8.252662658691406,1.0,unknown,0.0,0.4281883057414604,0.2,1,714,fallback
16.50496006011963,-60.12974548339844,11.738530158996582,1.0,unknown,0.0,0.4179505370506894,0.2,2,715,fallback
17.37615458170573,-59.89366658528646,11.739796002705893,1.0,unknown,0.0,0.41797419015746384,0.2,3,716,fallback
16.49746608734131,-48.8820915222168,-2.4035075902938843,1.0,unknown,0.0,0.4504607331350773,0.1,2,717,fallback
16.21631908416748,-44.22659492492676,-2.1951868534088135,1.0,unknown,0.0,0.46370459368168115,0.1,2,718,fallback
17.16064389546712,-43.646528244018555,-2.18632435798645,1.0,unknown,0.0,0.4646772778884847,0.1,6,719,fallback
16.677289538913303,-28.703484217325848,1.6117416554027133,1.0,unknown,0.0,0.5348767244183706,0.1,9,720,fallback
16.64235159067007,-27.175104728111855,1.874052373262552,1.0,unknown,0.0,0.5316894844928791,0.1,13,721,fallback
16.520204544067383,-25.59436011314392,0.2959797531366348,1.0,unknown,0.0,0.5880605063553939,0.1,16,722,fallback
17.820938873291016,-19.26869926452637,-1.474740788899362,1.0,unknown,0.0,0.5580209371532012,0.1,5,723,fallback
16.111992645263673,-10.216793632507324,-2.233814907073975,1.0,unknown,0.0,0.5478076006366912,0.1,5,724,fallback
16.744433784484862,-8.99802007675171,-2.2285712122917176,1.0,unknown,0.0,0.5480306093821217,0.1,20,725,fallback
17.41814030541314,-7.032715241114299,-2.204657210244073,1.0,unknown,0.0,0.5489557127171091,0.1,18,726,fallback
17.616383301584346,-5.013623764640407,-2.1524053498318323,1.0,unknown,0.0,0.550480833109597,0.1,19,727,fallback
17.573706354413712,-3.2360766444887434,-2.101784825325012,1.0,unknown,0.0,0.5517059127531857,0.1,14,728,fallback
17.299254655838013,-0.9778547380119562,-2.041375443339348,1.0,unknown,0.0,0.5534223587191484,0.1,16,729,fallback
16.302333068847656,1.7857444047927857,-1.9354881048202515,1.0,unknown,0.0,0.5559489669393871,0.1,5,730,fallback
16.135227584838866,2.240631341934204,-1.9232264757156372,1.0,unknown,0.0,0.5561794175316952,0.1,5,731,fallback
17.136373943752712,6.769975874159071,-0.5015525888237689,1.0,pedestrian_vru,0.0,0.8206640214194809,0.05,9,732,annotation
16.72109184265137,8.594950103759766,-0.6388402819633484,1.0,pedestrian_vru,0.0,0.8168124239953226,0.05,5,733,annotation
17.44680122092918,15.566158153392651,3.619469898718375,1.0,unknown,0.0,0.5512907639795084,0.1,27,734,fallback
16.605438955898943,16.68451552555479,3.487687530188725,1.0,unknown,0.0,0.5549283325646196,0.1,29,735,fallback
16.99968490600586,19.137457275390624,2.805174549420675,1.0,unknown,0.0,0.5476735060688032,0.1,15,736,fallback
16.951259006153453,21.117480884898793,3.0011446584354746,1.0,unknown,0.0,0.5499340276857416,0.1,22,737,fallback
17.700299978256226,22.849165678024292,2.2505959570407867,1.0,unknown,0.0,0.5404108735776469,0.1,8,738,fallback
17.089599700201127,25.093355996268137,1.0801016290982564,1.0,unknown,0.0,0.5277421253917807,0.1,21,739,fallback
16.20006833757673,26.120317186628068,1.095813340906586,1.0,unknown,0.0,0.5300825988452991,0.1,7,740,fallback
16.540800094604492,59.33780288696289,10.0906343460083,1.0,unknown,0.0,0.42019968540882957,0.2,1,741,fallback
17.17050838470459,60.294240951538086,9.525250434875488,1.0,unknown,0.0,0.4375763760560677,0.2,2,742,fallback
18.923564147949218,-68.55174865722657,1.3339656352996827,1.0,unknown,0.0,0.4562023380567982,0.1,5,743,fallback
19.204098224639893,-60.24107074737549,10.378441572189331,1.0,unknown,0.0,0.4154158698184711,0.2,4,744,fallback
19.002613639831544,-59.16694030761719,7.777434575557709,1.0,unknown,0.0,0.5486611615338794,0.1,10,745,fallback
19.56475067138672,-57.76203918457031,1.8893357117970784,1.0,unknown,0.0,0.4398619197338497,0.2,3,746,fallback
18.261388778686523,-43.810550689697266,-2.2132010459899902,1.0,unknown,0.0,0.46260764049027125,0.1,1,747,fallback
19.367830276489258,-37.055850982666016,-2.9244515895843506,1.0,unknown,0.0,0.4795637991845416,0.1,1,748,fallback
18.823285579681396,-30.721925735473633,0.9436677699559368,1.0,unknown,0.0,0.5395980029163212,0.1,8,749,fallback
19.221279028690223,-28.96865821607185,1.4819994605795452,1.0,unknown,0.0,0.55217585718586,0.1,33,750,fallback
19.401039857130783,-27.265045752892128,-0.574535452402555,1.0,unknown,0.0,0.5600595367222105,0.1,13,751,fallback
18.348790645599365,-25.534201622009277,-2.9354432225227356,1.0,unknown,0.0,0.511009728635489,0.1,4,752,fallback
18.219175338745117,-20.241735458374023,3.167914390563965,1.0,unknown,0.0,0.5232993522699079,0.1,1,753,fallback
18.830294291178387,-18.988793600173224,0.2299884074323234,1.0,unknown,0.0,0.5796482542430713,0.1,21,754,fallback
19.79193687438965,-17.719135920206707,-1.657230814297994,1.0,pedestrian_vru,0.0,0.7952391736103043,0.05,3,755,annotation
18.955517578125,6.292881488800049,-1.89182710647583,1.0,unknown,0.0,0.545550128062362,0.1,5,756,fallback
18.197195053100586,8.760382652282715,-0.6875114735215903,1.0,pedestrian_vru,0.0,0.81698165190751,0.05,5,757,annotation
18.942217720879448,15.637218263414171,3.458666311370002,1.0,unknown,0.0,0.5529713810775052,0.1,18,758,fallback
18.90674945286342,16.7280182157244,2.961092906338828,1.0,unknown,0.0,0.5542743895122784,0.1,14,759,fallback
18.504936575889587,18.846123099327087,2.1692958399653435,1.0,unknown,0.0,0.550223275013717,0.1,16,760,fallback
18.921162923177082,21.839072545369465,2.6656013329823813,1.0,unknown,0.0,0.5323513162581539,0.1,3,761,fallback
18.722069025039673,22.51575493812561,3.4107767045497894,1.0,unknown,0.0,0.548742269311725,0.1,8,762,fallback
18.996296525001526,24.281565189361572,0.9522065273486078,1.0,unknown,0.0,0.5239990396735992,0.1,16,763,fallback
19.52596664428711,32.957645416259766,0.8499380350112915,1.0,unknown,0.0,0.4900968939662671,0.1,2,764,fallback
18.842449188232422,53.9830322265625,9.36305046081543,1.0,unknown,0.0,0.43346909625940033,0.2,1,765,fallback
19.69744348526001,56.47572422027588,9.086421251296997,1.0,unknown,0.0,0.4583207113887775,0.1,4,766,fallback
19.135189056396484,58.146339416503906,8.56712532043457,1.0,unknown,0.0,0.42135803793830284,0.2,1,767,fallback
20.560830116271973,-68.24328231811523,3.3223137855529785,1.0,unknown,0.0,0.391187717450863,0.2,2,768,fallback
20.457975387573242,-65.66950988769531,0.0009309994638897479,1.0,unknown,0.0,0.39865291479490683,0.2,1,769,fallback
20.066476821899414,-60.99942207336426,6.714149475097656,1.0,unknown,0.0,0.5100603450035284,0.1,2,770,fallback
21.090503120422362,-59.572710800170896,11.129083919525147,1.0,unknown,0.0,0.43402212249971184,0.2,10,771,fallback
20.742783784866333,-57.5643892288208,0.5334324344948982,1.0,unknown,0.0,0.4588880013934524,0.1,8,772,fallback
21.797569274902344,-52.38133239746094,-0.002857606392353773,1.0,unknown,0.0,0.4347929434769312,0.2,1,773,fallback
21.79588794708252,-51.50669288635254,-1.2981784316943958,1.0,unknown,0.0,0.4715917350860699,0.1,2,774,fallback
21.00707721710205,-37.24896558125814,-2.992249051729838,1.0,unknown,0.0,0.47712797607902246,0.1,6,775,fallback
20.69083309173584,-32.47986602783203,0.4375286754220724,1.0,unknown,0.0,0.50127360423276,0.1,2,776,fallback
20.68722256747159,-30.55780722878196,3.2696818817745554,1.0,unknown,0.0,0.5523563711714344,0.1,11,777,fallback
20.720533643450057,-28.834740593319847,2.345316149205679,1.0,unknown,0.0,0.549067472670569,0.1,21,778,fallback
20.751469718085396,-27.20266204410129,0.5557105773025088,1.0,unknown,0.0,0.5574359797374048,0.1,18,779,fallback
21.097280820210774,-25.443312644958496,-3.087924917538961,1.0,unknown,0.0,0.5064861728269883,0.1,6,780,fallback
20.5700421333313,-22.476343631744385,-2.3243672251701355,1.0,pedestrian_vru,0.0,0.7865313377532103,0.05,4,781,annotation
20.334936141967773,-21.97568130493164,-1.4039665460586548,1.0,pedestrian_vru,0.0,0.7776781665160164,0.05,1,782,annotation
21.12831211090088,-18.114686965942383,-1.7931793332099915,1.0,pedestrian_vru,0.0,0.7914484076056185,0.05,4,783,annotation
21.786271572113037,2.86489737033844,-2.076480448246002,1.0,unknown,0.0,0.5392669971485112,0.1,4,784,fallback
20.46003595987956,4.9972507158915205,-1.992851694424947,1.0,unknown,0.0,0.5420432756209519,0.1,3,785,fallback
20.468889236450195,15.372836657932826,4.533336026327951,1.0,unknown,0.0,0.5387813872417597,0.1,7,786,fallback
20.771002088274276,16.77810205732073,2.6193035460476364,1.0,unknown,0.0,0.5705218065741683,0.1,14,787,fallback
21.717774868011475,19.08844566345215,1.9973202049732208,1.0,unknown,0.0,0.5366179237885356,0.1,4,788,fallback
21.01811065673828,22.664594650268555,1.407958436012268,1.0,unknown,0.0,0.5130118194848454,0.1,5,789,fallback
20.62003546494704,24.242286975567158,1.3930137340839093,1.0,unknown,0.0,0.5216941773978008,0.1,13,790,fallback
23.812713623046875,-67.1626968383789,10.005341529846191,1.0,unknown,0.0,0.3912224085871602,0.2,1,791,fallback
23.09495735168457,-61.526161193847656,3.060236692428589,1.0,unknown,0.0,0.40784622728198405,0.2,1,792,fallback
22.99324016571045,-59.4304859161377,11.221243858337402,1.0,unknown,0.0,0.43276895243574853,0.2,10,793,fallback
22.642958641052246,-57.43935203552246,0.3571574901579879,1.0,unknown,0.0,0.45128993598916056,0.1,4,794,fallback
22.88351821899414,-50.786240895589195,-0.4318524550956984,1.0,unknown,0.0,0.4539528200508599,0.1,3,795,fallback
23.27272300720215,-49.11247444152832,-1.3905958330724388,1.0,unknown,0.0,0.47348477822340407,0.1,10,796,fallback
22.59139633178711,-37.73432922363281,-3.0781302452087402,1.0,unknown,0.0,0.4735225596754079,0.1,3,797,fallback
22.337781715393067,-30.580538177490233,1.7460049705579876,1.0,unknown,0.0,0.5242616803159286,0.1,10,798,fallback
22.646623684809757,-28.7668944138747,0.8096331634128896,1.0,unknown,0.0,0.5482052672471094,0.1,26,799,fallback
22.272186279296875,-24.606128692626953,-3.1018526554107666,1.0,unknown,0.0,0.5054329037378292,0.1,1,800,fallback
23.22175884246826,-20.13552188873291,-1.7855310142040253,1.0,unknown,0.0,0.5406324346623566,0.1,2,801,fallback
23.30123496055603,-18.64693832397461,-1.9183979236986488,1.0,unknown,0.0,0.5427275402538112,0.1,8,802,fallback
23.71626125682484,-1.0766517221927643,-2.238944075324319,1.0,unknown,0.0,0.5343022388358807,0.1,11,803,fallback
22.11508560180664,2.3894662261009216,-2.101394772529602,1.0,unknown,0.0,0.5384219157864094,0.1,4,804,fallback
23.081649589538575,17.12288850148519,2.161175676683585,1.0,unknown,0.0,0.5487956768636475,0.1,30,805,fallback
22.65518093109131,18.50220521291097,3.067194958527883,1.0,unknown,0.0,0.5639990412873218,0.1,6,806,fallback
23.3803231716156,20.80360698699951,1.6054957150481641,1.0,unknown,0.0,0.5322491845868311,0.1,8,807,fallback
22.724843978881836,23.12010129292806,1.7255888779958088,1.0,unknown,0.0,0.5168497839530884,0.1,3,808,fallback
25.048773956298827,-66.94161682128906,10.035127067565918,1.0,unknown,0.0,0.3908340111507349,0.2,5,809,fallback
24.512577056884766,-60.97010612487793,3.0590704679489136,1.0,unknown,0.0,0.40826937763540505,0.2,2,810,fallback
24.99734230041504,-59.435129928588864,11.353592681884766,1.0,unknown,0.0,0.430991790321821,0.2,10,811,fallback
24.168484687805176,-48.33553409576416,-0.6322905638953671,1.0,unknown,0.0,0.4716995421458582,0.1,4,812,fallback
25.68336009979248,-47.46738052368164,-2.5204824209213257,1.0,unknown,0.0,0.44314054606521047,0.2,2,813,fallback
24.417766571044922,-18.2559871673584,-2.854866862297058,1.0,unknown,0.0,0.5136623766776115,0.1,2,814,fallback
24.65618965842507,-17.036394639448687,-2.8078893314708364,1.0,unknown,0.0,0.51561934198858,0.1,11,815,fallback
24.749420686201617,-14.875967459245162,-2.7072982354597612,1.0,unknown,0.0,0.518888657992415,0.1,11,816,fallback
24.942063591697,-12.915944012728604,-2.635266065597534,1.0,unknown,0.0,0.5213685983936408,0.1,11,817,fallback
25.03941822052002,-10.92814596494039,-2.565283795197805,1.0,unknown,0.0,0.5235537027927818,0.1,12,818,fallback
25.0508131980896,-8.926890214284262,-2.4991015593210855,1.0,unknown,0.0,0.5257381412276714,0.1,12,819,fallback
25.012816111246746,-7.006419777870178,-2.443019211292267,1.0,unknown,0.0,0.5274428228495014,0.1,12,820,fallback
24.851819551908054,-5.063257180727446,-2.387500139383169,1.0,unknown,0.0,0.5293343614232727,0.1,13,821,fallback
24.411354609898158,-2.9580184050968716,-2.3175924505506242,1.0,unknown,0.0,0.5320121404930902,0.1,7,822,fallback
24.056917190551758,-1.9241255521774292,-2.274672508239746,1.0,unknown,0.0,0.5325987726990594,0.1,1,823,fallback
24.735803095499673,17.19977741241455,2.3225949882219235,1.0,unknown,0.0,0.555342311777509,0.1,30,824,fallback
25.43181610107422,18.090984344482422,5.852600574493408,1.0,unknown,0.0,0.51137014972371,0.1,1,825,fallback
25.470144907633465,20.617351531982422,0.720855305592219,1.0,unknown,0.0,0.5230473779034709,0.1,3,826,fallback
25.37494321969839,23.493624173677883,2.078638947927035,1.0,unknown,0.0,0.5263152700643862,0.1,13,827,fallback
24.730985641479492,24.1233393351237,1.8416515588760376,1.0,unknown,0.0,0.5114476236010882,0.1,3,828,fallback
26.34537410736084,-66.28422164916992,10.013242721557617,1.0,unknown,0.0,0.39107515049404074,0.2,2,829,fallback
26.903724431991577,-59.58375406265259,11.51137387752533,1.0,unknown,0.0,0.42888201134583803,0.2,8,830,fallback
27.187458038330078,-57.60100173950195,-1.4822908639907837,1.0,unknown,0.0,0.41391546508463695,0.2,1,831,fallback
26.9507137298584,-47.479068756103516,-2.5505498886108398,1.0,unknown,0.0,0.44161147636128373,0.2,5,832,fallback
27.250975608825684,-36.349090576171875,-2.6545612812042236,1.0,unknown,0.0,0.48267674631983526,0.1,2,833,fallback
27.038053131103517,16.622060012817382,2.3365610122680662,1.0,unknown,0.0,0.5328454774706013,0.1,5,834,fallback
26.067312240600586,18.638395309448242,-0.04024350270628929,1.0,unknown,0.0,0.5088644138498025,0.1,1,835,fallback
26.575828552246094,21.931056022644043,1.56477090716362,1.0,unknown,0.0,0.5230037309783847,0.1,2,836,fallback
26.55855941772461,22.811301867167156,1.0456475416819255,1.0,unknown,0.0,0.5162815592736363,0.1,6,837,fallback
27.04598871866862,24.17141850789388,-0.04462130988637606,1.0,unknown,0.0,0.4961905178496768,0.1,3,838,fallback
26.302202224731445,41.93382263183594,-0.054083697497844696,1.0,unknown,0.0,0.45649995992761316,0.1,1,839,fallback
29.112010955810547,-60.71848773956299,12.669530153274536,1.0,unknown,0.0,0.40411594082749924,0.2,4,840,fallback
28.781694412231445,-59.002519607543945,6.177540183067322,1.0,unknown,0.0,0.5320707497565753,0.1,2,841,fallback
28.96834831237793,-47.76322937011719,-2.6109375,1.0,unknown,0.0,0.437948451177003,0.2,5,842,fallback
29.472103436787922,-20.729151089986164,-2.5348491271336875,1.0,vehicle,0.0,0.7370168224293612,0.05,6,843,annotation
29.945024490356445,-17.983287811279297,-2.4596455097198486,1.0,unknown,0.0,0.5002100759133675,0.1,1,844,fallback
28.46282386779785,15.350311438242594,3.74724543094635,1.0,unknown,0.0,0.5083807263815594,0.1,6,845,fallback
29.51552619934082,24.116253280639647,-0.2234234943985939,1.0,unknown,0.0,0.5083435857832145,0.1,5,846,fallback
31.187291463216145,-58.60950469970703,-1.031731526677807,1.0,unknown,0.0,0.42505271877013684,0.2,3,847,fallback
30.684935569763184,-48.36807060241699,-2.6780768632888794,1.0,unknown,0.0,0.43358032208277664,0.2,2,848,fallback
31.44428062438965,-32.502803802490234,3.1423747539520264,1.0,unknown,0.0,0.4693291654367938,0.1,1,849,fallback
31.73217248916626,-31.90349531173706,-0.2691747937351465,1.0,unknown,0.0,0.5446939276022117,0.1,4,850,fallback
30.084529876708984,-20.261743545532227,-2.5522961616516113,1.0,vehicle,0.0,0.7361856870413289,0.05,1,851,annotation
30.89384436607361,-17.035160541534424,-2.4860819280147552,1.0,unknown,0.0,0.49952831813448084,0.1,8,852,fallback
30.75321388244629,10.787107467651367,-2.321250796318054,1.0,unknown,0.0,0.5081665135311058,0.1,2,853,fallback
31.315010833740235,12.613430976867676,3.911099100112915,1.0,unknown,0.0,0.5041032013347768,0.1,5,854,fallback
31.051264849576082,17.20462330904874,4.6595327203924,1.0,unknown,0.0,0.5362495170549635,0.1,11,855,fallback
30.144641876220703,18.001842498779297,4.068528652191162,1.0,unknown,0.0,0.4996677072082446,0.1,1,856,fallback
32.6336669921875,-59.14459991455078,-0.00815972127020359,1.0,unknown,0.0,0.40234916905257107,0.2,1,857,fallback
33.5130869547526,-50.533607482910156,-2.8359997272491455,1.0,unknown,0.0,0.4231172577584831,0.2,3,858,fallback
33.571815490722656,-22.045791625976562,-2.8267266750335693,1.0,static_manmade,0.0,0.5220103593090595,0.1,1,859,annotation
32.045860290527344,-16.348705291748047,-2.535742998123169,1.0,unknown,0.0,0.49707430362379934,0.1,1,860,fallback
33.29824638366699,-15.083302021026611,-2.5787025690078735,1.0,vehicle,0.0,0.735447046622359,0.05,2,861,annotation
33.49473571777344,-12.041243553161621,-0.02689557025829951,1.0,unknown,0.0,0.5161027510210631,0.1,3,862,fallback
33.09965896606445,-11.694853782653809,0.3773092767223716,1.0,unknown,0.0,0.510415127999752,0.1,2,863,fallback
33.66413497924805,-9.71349811553955,-2.4762990474700928,1.0,vehicle,0.0,0.7398875161273667,0.05,1,864,annotation
33.85432815551758,8.681538581848145,-2.4862923622131348,1.0,unknown,0.0,0.5001507662255642,0.1,1,865,fallback
32.1023063659668,16.240272521972656,5.873447418212891,1.0,unknown,0.0,0.4970706678867094,0.1,1,866,fallback
32.34174728393555,23.743762969970703,-0.9825866222381592,1.0,unknown,0.0,0.4846347472225936,0.1,1,867,fallback
33.90611267089844,31.45940589904785,4.266952037811279,1.0,unknown,0.0,0.4662416911902053,0.1,1,868,fallback
34.5220947265625,-60.07826614379883,-0.008309061328570047,1.0,unknown,0.0,0.43196710982768605,0.2,3,869,fallback
35.10849189758301,-50.05564022064209,-2.8608620166778564,1.0,unknown,0.0,0.4218957620760865,0.2,4,870,fallback
34.079105377197266,-34.7380485534668,-1.1453502178192139,1.0,unknown,0.0,0.45901007923312587,0.1,1,871,fallback
34.56129455566406,-26.601210912068684,-3.0665653546651206,1.0,vehicle,0.0,0.7142521482615807,0.05,3,872,annotation
35.6699104309082,-20.29928970336914,-2.891096830368042,1.0,static_manmade,0.0,0.5193755383626271,0.1,1,873,annotation
34.132320404052734,-12.505277633666992,0.8158207535743713,1.0,unknown,0.0,0.49594691483621356,0.1,1,874,fallback
35.048492431640625,-7.801974296569824,3.316232204437256,1.0,unknown,0.0,0.4972808808897141,0.1,1,875,fallback
34.58403015136719,31.367753982543945,4.307039737701416,1.0,unknown,0.0,0.464928874557314,0.1,1,876,fallback
37.84798812866211,-64.45072937011719,14.059432983398438,1.0,unknown,0.0,0.38077399683456226,0.2,1,877,fallback
36.73147773742676,-63.816030502319336,13.850987911224365,1.0,unknown,0.0,0.3844664685541731,0.2,2,878,fallback
36.268062591552734,-50.15456008911133,-2.896763324737549,1.0,unknown,0.0,0.4193183628979602,0.2,1,879,fallback
36.936031341552734,-38.04087829589844,-3.721520185470581,1.0,unknown,0.0,0.44593268879154424,0.2,1,880,fallback
36.20623779296875,-36.86545944213867,-3.6269187927246094,1.0,unknown,0.0,0.4499852142697067,0.2,1,881,fallback
36.41169357299805,-27.867441177368164,-2.157379388809204,1.0,vehicle,0.0,0.7074532777722893,0.05,2,882,annotation
37.36115837097168,-19.7285737991333,-1.9944812059402466,1.0,pedestrian_vru,0.0,0.7408175719756556,0.05,2,883,annotation
37.21620432535807,-6.367101192474365,-0.6683878103892008,1.0,static_manmade,0.0,0.6056659900827697,0.1,3,884,annotation
37.23019981384277,-5.6543684005737305,-2.666109085083008,1.0,static_manmade,0.0,0.5297849831560851,0.1,2,885,annotation
37.10396194458008,-3.241239388783773,-2.6392740408579507,1.0,static_manmade,0.0,0.531350626568228,0.1,6,886,annotation
36.406141916910805,3.6804186503092446,-2.5988264878590903,1.0,static_manmade,0.0,0.5329115431084891,0.1,3,887,annotation
36.62352752685547,4.128314018249512,-2.61784291267395,1.0,static_manmade,0.0,0.5319335868977719,0.1,1,888,annotation
37.789039611816406,24.179922103881836,0.9881249666213989,1.0,unknown,0.0,0.4704112882534386,0.1,1,889,fallback
38.9888916015625,-65.52754974365234,14.34296703338623,1.0,unknown,0.0,0.37625135848812785,0.2,1,890,fallback
38.2506103515625,-62.294010162353516,-1.7068426609039307,1.0,unknown,0.0,0.38569911981624383,0.2,1,891,fallback
39.82712745666504,-42.801156997680664,1.337360441684723,1.0,unknown,0.0,0.42961090508594246,0.2,2,892,fallback
39.41564687093099,-40.38158671061198,2.171769301096598,1.0,unknown,0.0,0.4620135926425457,0.1,6,893,fallback
39.13174819946289,-39.46113204956055,1.2695834636688232,1.0,unknown,0.0,0.4382778600844771,0.2,1,894,fallback
39.412776947021484,-22.122081756591797,-3.184154748916626,1.0,vehicle,0.0,0.709409508477589,0.05,1,895,annotation
39.51607131958008,-21.882837295532227,-3.1825525760650635,1.0,vehicle,0.0,0.7094883542062458,0.05,1,896,annotation
38.55142879486084,-7.000615239143372,-2.7729902267456055,1.0,static_manmade,0.0,0.5256318171530825,0.1,4,897,annotation
38.42306137084961,-2.12414813041687,-2.7277963161468506,1.0,static_manmade,0.0,0.5270548058449713,0.1,1,898,annotation
38.27659606933594,-1.896094560623169,-2.7167866230010986,1.0,static_manmade,0.0,0.5275294088423419,0.1,1,899,annotation
38.06605911254883,5.420604228973389,-2.7318105697631836,1.0,unknown,0.0,0.48964979298195854,0.1,1,900,fallback
39.73350143432617,10.279067357381185,-1.6415870189666748,1.0,vehicle,0.0,0.7339025393932502,0.05,3,901,annotation
38.83601188659668,25.539613723754883,8.710940837860107,1.0,unknown,0.0,0.4655757701239397,0.1,2,902,fallback
39.994754791259766,27.827341079711914,9.131281852722168,1.0,unknown,0.0,0.4588306738695954,0.1,1,903,fallback
40.565704345703125,-66.8555679321289,14.709768772125244,1.0,unknown,0.0,0.3730820865058819,0.2,2,904,fallback
41.04548263549805,-40.77463989257812,4.016535636037588,1.0,unknown,0.0,0.48678806419637555,0.1,5,905,fallback
41.101680755615234,-39.1976900100708,2.6273984760046005,1.0,unknown,0.0,0.4598765199545922,0.1,8,906,fallback
40.05947494506836,-2.4479031562805176,-2.8446314334869385,1.0,unknown,0.0,0.48459740922789996,0.1,1,907,fallback
41.052978515625,-0.36728960275650024,-2.9116989771525064,1.0,unknown,0.0,0.4829005105352888,0.1,3,908,fallback
40.52211380004883,10.890498161315918,-1.0230801105499268,1.0,vehicle,0.0,0.7191198907164773,0.05,1,909,annotation
41.60654830932617,29.31136131286621,9.53800106048584,1.0,unknown,0.0,0.45231618658787975,0.1,1,910,fallback
42.53822708129883,-54.722434997558594,-3.245940685272217,1.0,unknown,0.0,0.3970663305341351,0.2,1,911,fallback
42.250633239746094,-40.29123306274414,5.419544696807861,1.0,unknown,0.0,0.42985293254558,0.2,1,912,fallback
42.18329620361328,-39.72739028930664,4.026022434234619,1.0,unknown,0.0,0.4311631104736223,0.2,1,913,fallback
43.094754219055176,-1.2537210285663605,-3.0568496584892273,1.0,unknown,0.0,0.47666821963355976,0.1,4,914,fallback
42.4723503112793,5.093411922454834,-1.6443729639053344,1.0,vehicle,0.0,0.7299871504588409,0.05,5,915,annotation
43.512892405192055,25.204125722249348,9.422216415405273,1.0,unknown,0.0,0.45656658181551246,0.1,3,916,fallback
42.78145217895508,27.264365196228027,9.506327629089355,1.0,unknown,0.0,0.45391184126409956,0.1,2,917,fallback
43.37358932495117,29.23709144592285,4.339863404631615,1.0,unknown,0.0,0.5434801447561967,0.1,5,918,fallback
42.75221252441406,38.348846435546875,5.296841144561768,1.0,unknown,0.0,0.4327052778288656,0.2,1,919,fallback
44.62916946411133,-23.055965423583984,-2.3716437816619873,1.0,unknown,0.0,0.45430141746509756,0.1,1,920,fallback
44.96897761027018,-12.819186528523764,8.765754699707031,1.0,unknown,0.0,0.46566592195623024,0.1,3,921,fallback
45.50111389160156,-10.50079902013143,6.350143392880757,1.0,unknown,0.0,0.5804034166285605,0.1,6,922,fallback
45.688328425089516,-9.459356466929117,0.5125979979832967,1.0,unknown,0.0,0.6086257074734605,0.1,6,923,fallback
45.79854774475098,-2.9271724224090576,-2.1835622787475586,1.0,unknown,0.0,0.46733032732845625,0.1,2,924,fallback
45.39703369140625,-1.8874962727228801,-2.5069435437520347,1.0,unknown,0.0,0.48063539424679746,0.1,3,925,fallback
45.867990493774414,16.57707405090332,-0.6232787687331438,1.0,vehicle,0.0,0.7137119357049461,0.05,2,926,annotation
44.96881230672201,25.35873031616211,9.257989883422852,1.0,unknown,0.0,0.4658981706332461,0.1,3,927,fallback
44.71829350789388,27.31751823425293,8.554676373799643,1.0,unknown,0.0,0.45044929376076215,0.1,3,928,fallback
45.300306701660155,29.076060485839843,6.9987053871154785,1.0,unknown,0.0,0.4599220175653974,0.1,5,929,fallback
45.578407287597656,30.670503616333008,3.7794291973114014,1.0,unknown,0.0,0.4401890809849581,0.2,1,930,fallback
45.93957710266113,32.346628189086914,-0.06777029111981392,1.0,unknown,0.0,0.436447436569384,0.2,2,931,fallback
46.07375717163086,-72.49168395996094,12.048665046691895,1.0,unknown,0.0,0.34731702017915234,0.2,1,932,fallback
47.31047439575195,-18.657175064086914,9.537118911743164,1.0,unknown,0.0,0.4524308664234217,0.1,1,933,fallback
46.983211517333984,-15.004119396209717,8.052181363105774,1.0,unknown,0.0,0.5092157611393943,0.1,4,934,fallback
46.58070373535156,-12.603110551834106,7.611054301261902,1.0,unknown,0.0,0.49453626946950924,0.1,4,935,fallback
46.653066635131836,-11.043540477752686,2.2576438188552856,1.0,unknown,0.0,0.6111729659809662,0.1,10,936,fallback
46.52298974990845,-8.696735262870789,4.843989092390984,1.0,unknown,0.0,0.5873962243570277,0.1,8,937,fallback
46.05341796875,-0.6738312393426895,-2.1933234691619874,1.0,unknown,0.0,0.46686281560463183,0.1,5,938,fallback
46.14444096883138,0.3937370205918948,-2.198270638783773,1.0,unknown,0.0,0.4665885067128437,0.1,3,939,fallback
47.58104228973389,8.569692373275757,1.929014839231968,1.0,unknown,0.0,0.5348899913064581,0.1,4,940,fallback
46.397483825683594,15.642490148544312,-0.6226766677573323,1.0,vehicle,0.0,0.7241071715674966,0.05,4,941,annotation
46.583805847167966,17.178650283813475,-0.5246904954314232,1.0,vehicle,0.0,0.7208181246022992,0.05,5,942,annotation
47.70357894897461,18.339797973632812,-0.06007374823093414,1.0,vehicle,0.0,0.6916774096608967,0.1,1,943,annotation
46.088417053222656,24.540185928344727,9.7826247215271,1.0,unknown,0.0,0.44840083519144136,0.2,2,944,fallback
46.822386741638184,27.084449291229248,8.194547414779663,1.0,unknown,0.0,0.4810624961881229,0.1,4,945,fallback
46.48471323649088,29.571936289469402,5.943200985590617,1.0,unknown,0.0,0.509677757047325,0.1,3,946,fallback
47.1862366994222,30.761234919230144,4.098182121912639,1.0,unknown,0.0,0.4735269124526559,0.1,6,947,fallback
48.987457275390625,-75.17801666259766,14.716207504272461,1.0,unknown,0.0,0.33580946072220463,0.2,1,948,fallback
48.1326904296875,-65.74165344238281,-3.813990592956543,1.0,unknown,0.0,0.36056496166047214,0.2,1,949,fallback
49.41952896118164,-20.653419494628906,-2.532745838165283,1.0,vehicle,0.0,0.6843149595758967,0.1,1,950,annotation
48.844335079193115,-18.840020418167114,8.400440752506256,1.0,unknown,0.0,0.48560400366369405,0.1,8,951,fallback
48.98065368652344,-16.816721115112305,5.384376411437988,1.0,unknown,0.0,0.5545030833153126,0.1,25,952,fallback
49.251437975012735,-15.058666063391644,4.191127787465635,1.0,unknown,0.0,0.5142389046154013,0.1,23,953,fallback
48.98433748881022,-12.743096828460693,6.458400845527649,1.0,unknown,0.0,0.505585367240052,0.1,6,954,fallback
49.3475830078125,-11.192656898498536,4.940546703338623,1.0,unknown,0.0,0.5531263238555042,0.1,5,955,fallback
49.20822525024414,-8.59122371673584,6.972685813903809,1.0,unknown,0.0,0.45514231079097767,0.1,1,956,fallback
49.6095666885376,-4.519453167915344,8.433499574661255,1.0,unknown,0.0,0.4690317432506974,0.1,4,957,fallback
49.28737131754557,-2.8571372032165527,2.239686210950216,1.0,unknown,0.0,0.5860890581897882,0.1,3,958,fallback
49.5038038889567,-1.1583989808956783,-1.1980714201927185,1.0,unknown,0.0,0.45665573953810523,0.1,6,959,fallback
49.017547607421875,5.426673650741577,0.8819933746010065,1.0,unknown,0.0,0.5303432516135299,0.1,10,960,fallback
49.219364859841086,6.561025489460338,0.7815063351934607,1.0,unknown,0.0,0.5113269176693188,0.1,11,961,fallback
49.76809565226237,9.40096632639567,3.4865944385528564,1.0,unknown,0.0,0.4531331600838272,0.1,3,962,fallback
48.25920486450195,18.874284744262695,-0.06095333769917488,1.0,vehicle,0.0,0.6895435581622514,0.1,1,963,annotation
48.35489273071289,25.976301193237305,7.654592514038086,1.0,unknown,0.0,0.4403285851396036,0.2,1,964,fallback
49.82398223876953,29.450923919677734,6.704548358917236,1.0,unknown,0.0,0.43136798932032483,0.2,1,965,fallback
49.27110163370768,31.08621088663737,6.279105186462402,1.0,unknown,0.0,0.47424214049367497,0.1,3,966,fallback
51.246482849121094,-20.872273445129395,9.046633958816528,1.0,unknown,0.0,0.47257902976063115,0.1,2,967,fallback
50.981688908168245,-18.813215528215682,3.93409310068403,1.0,unknown,0.0,0.5392742435523722,0.1,7,968,fallback
50.783738454182945,-17.18584336174859,4.97213175561693,1.0,unknown,0.0,0.5180942410474777,0.1,9,969,fallback
50.89466300377479,-14.931597562936636,3.6653278418458424,1.0,unknown,0.0,0.515322894079775,0.1,13,970,fallback
51.08002679998224,-13.496993324973367,4.895989569750699,1.0,unknown,0.0,0.5110138454480857,0.1,11,971,fallback
51.38031169346401,-11.001135008675712,5.218330757958548,1.0,unknown,0.0,0.5021672924742844,0.1,7,972,fallback
51.31214294433594,-9.577092933654786,7.786730480194092,1.0,unknown,0.0,0.48201947303367754,0.1,5,973,fallback
50.454277674357094,-3.4425289630889893,8.6617112159729,1.0,unknown,0.0,0.46775538183115073,0.1,6,974,fallback
50.076683044433594,4.999891757965088,4.6419453620910645,1.0,unknown,0.0,0.4540229887667786,0.1,1,975,fallback
51.64138221740723,7.744507312774658,4.8157854080200195,1.0,unknown,0.0,0.44865041846705445,0.2,2,976,fallback
51.37685317993164,8.902061271667481,3.966253864765167,1.0,unknown,0.0,0.5008016902131894,0.1,10,977,fallback
51.00065855546431,11.15936296636408,4.592743396759033,1.0,unknown,0.0,0.4814721451336107,0.1,11,978,fallback
51.424903869628906,12.217297077178955,3.016696333885193,1.0,unknown,0.0,0.46206709160476345,0.1,2,979,fallback
50.7458381652832,21.587783813476562,-1.3464264869689941,1.0,vehicle,0.0,0.679559519736944,0.1,1,980,annotation
51.65742111206055,22.51320743560791,-1.375866949558258,1.0,vehicle,0.0,0.676236871508459,0.1,2,981,annotation
50.456661224365234,25.94217872619629,10.628777503967285,1.0,unknown,0.0,0.4347947072187517,0.2,1,982,fallback
50.267417907714844,29.325002670288086,6.741389751434326,1.0,unknown,0.0,0.43041213741358975,0.2,1,983,fallback
51.73250961303711,31.343172073364258,9.872802734375,1.0,unknown,0.0,0.42353974848923115,0.2,1,984,fallback
50.61361312866211,34.40597152709961,9.990248680114746,1.0,unknown,0.0,0.4213983159228838,0.2,1,985,fallback
53.522561391194664,-22.50793520609538,8.11409854888916,1.0,unknown,0.0,0.43149446149823667,0.2,3,986,fallback
53.35070114135742,-20.600129318237304,4.525980281829834,1.0,unknown,0.0,0.5490457546138522,0.1,5,987,fallback
52.82968807220459,-19.437979221343994,4.585151016712189,1.0,unknown,0.0,0.5676171239354371,0.1,4,988,fallback
52.61196263631185,-16.96598243713379,1.2408398787180583,1.0,unknown,0.0,0.4393272491509782,0.2,3,989,fallback
52.623451232910156,-15.175827980041504,5.699388712644577,1.0,unknown,0.0,0.5147635072752524,0.1,4,990,fallback
53.28112983703613,-13.142249266306559,2.9291490198423467,1.0,unknown,0.0,0.5199771446213173,0.1,6,991,fallback
53.201258977254234,-10.872393131256104,-1.1146628931164742,1.0,unknown,0.0,0.4779643244984635,0.1,6,992,fallback
52.98709487915039,-9.247880554199218,2.701625204086304,1.0,unknown,0.0,0.4679649886755587,0.1,5,993,fallback
53.02107238769531,-4.553544759750366,6.171245574951172,1.0,unknown,0.0,0.4469703044362363,0.2,2,994,fallback
53.34771410624186,-3.120246489842733,9.155473709106445,1.0,unknown,0.0,0.4756521455635655,0.1,6,995,fallback
52.30738194783529,7.6093142827351885,3.2257723808288574,1.0,unknown,0.0,0.46138817743253124,0.1,3,996,fallback
52.90437316894531,8.898612022399902,3.215126469731331,1.0,unknown,0.0,0.48982881137710776,0.1,8,997,fallback
53.02534866333008,10.462166468302408,2.470862807085117,1.0,unknown,0.0,0.4977588129163939,0.1,3,998,fallback
52.6475715637207,23.494037628173828,-1.4076918363571167,1.0,vehicle,0.0,0.6720444295182133,0.1,1,999,annotation
53.84013366699219,32.69102478027344,5.805873870849609,1.0,unknown,0.0,0.41603659653208946,0.2,1,1000,fallback
54.90876770019531,-55.96162796020508,-0.025875059887766838,1.0,unknown,0.0,0.369797769634738,0.2,1,1001,fallback
55.06326246261597,-22.83247470855713,5.3360110223293304,1.0,unknown,0.0,0.5428894051907525,0.1,8,1002,fallback
54.680914560953774,-21.20795249938965,3.657139619191488,1.0,unknown,0.0,0.575657016101768,0.1,3,1003,fallback
55.00610542297363,-12.832358598709106,1.9100390672683716,1.0,unknown,0.0,0.5577931350527924,0.1,4,1004,fallback
54.81867490495954,-10.647114753723145,1.0803964478628976,1.0,unknown,0.0,0.5375609350651382,0.1,7,1005,fallback
54.656893730163574,-9.15272331237793,3.179468095302582,1.0,unknown,0.0,0.45579661946483796,0.1,4,1006,fallback
54.32131576538086,-3.714887857437134,6.313640117645264,1.0,unknown,0.0,0.44165542052311635,0.2,1,1007,fallback
54.14768028259277,13.525896549224854,3.8412452936172485,1.0,unknown,0.0,0.4378171265735409,0.2,2,1008,fallback
54.40735753377279,14.494262059529623,3.435392697652181,1.0,unknown,0.0,0.4522128209329792,0.1,3,1009,fallback
56.51914024353027,-35.029550552368164,-1.5786126852035522,1.0,unknown,0.0,0.40553429258924534,0.2,2,1010,fallback
57.82438278198242,-25.002464294433594,1.4194610118865967,1.0,unknown,0.0,0.41600517947783633,0.2,1,1011,fallback
57.29721341814314,-23.28647450038365,2.624941723687308,1.0,unknown,0.0,0.4510462155424002,0.1,7,1012,fallback
56.4544677734375,-19.611562728881836,8.34938907623291,1.0,unknown,0.0,0.42570838581166537,0.2,1,1013,fallback
56.91474533081055,-15.08207893371582,6.834359645843506,1.0,unknown,0.0,0.4283624726472183,0.2,1,1014,fallback
57.149898529052734,-13.747260093688965,8.208149909973145,1.0,unknown,0.0,0.42865975343761986,0.2,1,1015,fallback
56.122459411621094,-11.108138084411621,6.638298988342285,1.0,unknown,0.0,0.43336640585537245,0.2,1,1016,fallback
56.799746704101565,-5.034902954101563,3.6770252704620363,1.0,unknown,0.0,0.5215793114493317,0.1,5,1017,fallback
57.33009338378906,-2.932380755742391,8.010437806447348,1.0,unknown,0.0,0.4333867700114803,0.2,3,1018,fallback
56.297279357910156,11.845327854156494,3.287799835205078,1.0,unknown,0.0,0.4498998615706914,0.2,2,1019,fallback
56.88755416870117,13.5015287399292,5.390829563140869,1.0,unknown,0.0,0.4295965625236826,0.2,1,1020,fallback
57.51850986480713,14.891790628433228,5.48077517747879,1.0,unknown,0.0,0.49049949383178526,0.1,4,1021,fallback
58.42115020751953,-53.96868896484375,-0.029502111487090588,1.0,unknown,0.0,0.3664054409564969,0.2,2,1022,fallback
59.38317108154297,-26.4870662689209,1.4658044576644897,1.0,unknown,0.0,0.4099324958248912,0.2,1,1023,fallback
58.72441546122233,-24.777679443359375,5.912885884443919,1.0,unknown,0.0,0.5110701813769865,0.1,6,1024,fallback
58.44934844970703,-22.538612365722656,3.620230495929718,1.0,unknown,0.0,0.47605401916085144,0.1,2,1025,fallback
58.555423736572266,-21.779762268066406,1.4049835205078125,1.0,unknown,0.0,0.4175757186466834,0.2,1,1026,fallback
58.69883728027344,-16.473978678385418,3.3130576610565186,1.0,unknown,0.0,0.5231297017615587,0.1,3,1027,fallback
59.147621154785156,-15.222285270690918,1.3684072494506836,1.0,unknown,0.0,0.4217749157069629,0.2,1,1028,fallback
59.36530685424805,-12.820993423461914,7.034020662307739,1.0,unknown,0.0,0.4592183078461548,0.1,2,1029,fallback
58.4632682800293,-10.874038378397623,7.365703264872233,1.0,unknown,0.0,0.4436524091891182,0.2,3,1030,fallback
58.14146041870117,-9.375868797302246,2.6938304901123047,1.0,unknown,0.0,0.42832225092583787,0.2,1,1031,fallback
58.00229263305664,-4.629901885986328,5.372473239898682,1.0,unknown,0.0,0.4304396451668324,0.2,1,1032,fallback
58.02207565307617,-3.941039562225342,5.369234561920166,1.0,unknown,0.0,0.4305327036281559,0.2,1,1033,fallback
58.3006477355957,12.98868989944458,2.0222175121307373,1.0,unknown,0.0,0.44451599716345525,0.2,2,1034,fallback
58.58293533325195,15.375129699707031,3.4510534405708313,1.0,unknown,0.0,0.47919512454676993,0.1,2,1035,fallback
60.13551330566406,-38.4568977355957,-3.363987922668457,1.0,unknown,0.0,0.39085771903746824,0.2,1,1036,fallback
61.35421053568522,-29.046216011047363,8.950846433639526,1.0,unknown,0.0,0.4408693917212392,0.2,6,1037,fallback
60.95857572555542,-27.048202991485596,10.719060003757477,1.0,unknown,0.0,0.45802404738674285,0.1,8,1038,fallback
60.89047622680664,-25.76828098297119,6.119734764099121,1.0,unknown,0.0,0.4074336559399463,0.2,2,1039,fallback
60.04483413696289,-16.168067932128906,-1.4921340942382812,1.0,unknown,0.0,0.4184494793769262,0.2,1,1040,fallback
60.48859405517578,-14.83354902267456,1.3990755584090948,1.0,unknown,0.0,0.45661702542388405,0.1,2,1041,fallback
60.63610649108887,-12.874205112457275,5.763295292854309,1.0,unknown,0.0,0.49708460801541243,0.1,2,1042,fallback
60.44268035888672,-10.508633613586426,7.118024826049805,1.0,unknown,0.0,0.42095179733417576,0.2,1,1043,fallback
61.384033203125,29.87561798095703,7.907326698303223,1.0,unknown,0.0,0.40019529122054365,0.2,1,1044,fallback
63.1537971496582,-32.264583587646484,4.912376403808594,1.0,unknown,0.0,0.39224509632786453,0.2,1,1045,fallback
62.366196950276695,-30.346566518147785,4.8034827709198,1.0,unknown,0.0,0.43174637682905603,0.2,3,1046,fallback
63.151183128356934,-28.886775255203247,6.235604882240295,1.0,unknown,0.0,0.4782545202902283,0.1,8,1047,fallback
62.41339111328125,-27.504241943359375,9.533682823181152,1.0,unknown,0.0,0.40038516076236214,0.2,1,1048,fallback
63.90671157836914,-24.600330352783203,1.5409733057022095,1.0,unknown,0.0,0.399565834525894,0.2,1,1049,fallback
63.05957539876302,29.048171997070312,9.133756637573242,1.0,unknown,0.0,0.41698038062502185,0.2,3,1050,fallback
63.19540786743164,30.528289794921875,8.945633888244629,1.0,unknown,0.0,0.4591286769136663,0.1,2,1051,fallback
63.311370849609375,32.683067321777344,6.566987037658691,1.0,unknown,0.0,0.3912510511938143,0.2,1,1052,fallback
63.13872146606445,37.894287109375,5.065322399139404,1.0,unknown,0.0,0.384087627564518,0.2,1,1053,fallback
65.8320426940918,-34.86328887939453,8.661006450653076,1.0,unknown,0.0,0.3815454582482413,0.2,2,1054,fallback
65.17638702392578,-32.61081085205078,4.0518369436264035,1.0,unknown,0.0,0.49310290717876104,0.1,5,1055,fallback
65.15472920735677,-31.30352020263672,9.55801010131836,1.0,unknown,0.0,0.44664713777452114,0.2,3,1056,fallback
64.2785415649414,-28.259855270385742,4.860475063323975,1.0,unknown,0.0,0.39435063985245183,0.2,1,1057,fallback
64.09060668945312,-26.45100212097168,6.417222023010254,1.0,unknown,0.0,0.3969967490368662,0.2,1,1058,fallback
65.60313415527344,-22.628009796142578,-2.4778378009796143,1.0,unknown,0.0,0.41875587566938466,0.2,2,1059,fallback
64.70835876464844,-21.9538516998291,1.5354337692260742,1.0,unknown,0.0,0.40000661062792076,0.2,1,1060,fallback
65.48410034179688,24.255897521972656,8.088780403137207,1.0,unknown,0.0,0.3955038337831963,0.2,1,1061,fallback
65.64931869506836,31.545442581176758,5.050807770341635,1.0,unknown,0.0,0.5228270659154586,0.1,2,1062,fallback
64.5864486694336,32.26702117919922,5.5408642292022705,1.0,unknown,0.0,0.4448645995276511,0.2,3,1063,fallback
66.4118766784668,-34.20680236816406,8.684778690338135,1.0,unknown,0.0,0.3810623420866496,0.2,2,1064,fallback
66.39801788330078,-33.00817680358887,11.244805335998535,1.0,unknown,0.0,0.4048390220801408,0.2,2,1065,fallback
66.20938110351562,-31.51133918762207,11.992008209228516,1.0,unknown,0.0,0.3850231380540866,0.2,1,1066,fallback
67.89093780517578,-25.17304801940918,-3.426243305206299,1.0,unknown,0.0,0.38777717421071156,0.2,1,1067,fallback
66.27133178710938,-22.291337966918945,-2.220142205556234,1.0,unknown,0.0,0.4157844099177995,0.2,3,1068,fallback
66.12403869628906,-21.55147933959961,-0.051665715873241425,1.0,unknown,0.0,0.3963575000219234,0.2,1,1069,fallback
67.70420837402344,-4.3173511028289795,-0.06351079419255257,1.0,unknown,0.0,0.40147759688489726,0.2,2,1070,fallback
67.01806369904548,0.857933429700713,6.719341958722761,1.0,unknown,0.0,0.4954493256107746,0.1,31,1071,fallback
67.99459838867188,9.712080001831055,-0.07299291342496872,1.0,unknown,0.0,0.3989458586390734,0.2,1,1072,fallback
67.68782043457031,10.065080642700195,-0.07294587790966034,1.0,unknown,0.0,0.399703818954808,0.2,1,1073,fallback
67.06350962320964,27.235790888468426,7.249678134918213,1.0,unknown,0.0,0.44462052804896324,0.2,3,1074,fallback
66.88044738769531,29.376811981201172,1.6115835905075073,1.0,unknown,0.0,0.38585638972442265,0.2,1,1075,fallback
66.30950927734375,30.067922592163086,-0.08524575084447861,1.0,unknown,0.0,0.38657546175739765,0.2,1,1076,fallback
67.8035888671875,33.55668640136719,5.204115390777588,1.0,unknown,0.0,0.3780409711212338,0.2,1,1077,fallback
66.36566162109375,35.79069519042969,3.4293692111968994,1.0,unknown,0.0,0.3787957247495577,0.2,1,1078,fallback
68.79899088541667,-48.86211903889974,-0.04041411603490511,1.0,unknown,0.0,0.35186666919839865,0.2,3,1079,fallback
69.0826187133789,-46.50094223022461,-0.041714198887348175,1.0,unknown,0.0,0.3551746359366788,0.2,1,1080,fallback
69.18291473388672,-38.9683780670166,9.234041690826416,1.0,unknown,0.0,0.36725050470974735,0.2,2,1081,fallback
69.38915252685547,-35.340936024983726,10.89855925242106,1.0,unknown,0.0,0.44075239419047163,0.2,3,1082,fallback
69.4155502319336,-33.36765670776367,-0.048335157334804535,1.0,unknown,0.0,0.37394314086458424,0.2,1,1083,fallback
69.48332214355469,-6.24683141708374,-0.06394868344068527,1.0,unknown,0.0,0.39570930591704234,0.2,1,1084,fallback
68.58892822265625,-5.372082710266113,-0.06366724520921707,1.0,unknown,0.0,0.3986060082242941,0.2,3,1085,fallback
68.82994689941407,-3.0109718322753904,2.2300271525979043,1.0,unknown,0.0,0.5201534499536523,0.1,5,1086,fallback
68.98142398932042,-1.0707281426741526,6.563455015038833,1.0,unknown,0.0,0.5098071381595045,0.1,39,1087,fallback
69.34034729003906,0.40276142954826355,-0.06807931512594223,1.0,unknown,0.0,0.39697686146875333,0.2,2,1088,fallback
69.83192825317383,6.408589839935303,6.508364200592041,1.0,unknown,0.0,0.5261487052837298,0.1,2,1089,fallback
68.38838958740234,9.356038093566895,-0.07312339544296265,1.0,unknown,0.0,0.39792376883741737,0.2,1,1090,fallback
68.62480545043945,21.68180561065674,4.95247483253479,1.0,unknown,0.0,0.3893148486886657,0.2,2,1091,fallback
68.7999496459961,23.705202102661133,6.708075046539307,1.0,unknown,0.0,0.38669212771368855,0.2,1,1092,fallback
68.76470947265625,24.987579345703125,10.201622009277344,1.0,unknown,0.0,0.38550813337677026,0.2,1,1093,fallback
68.99109649658203,26.328362782796223,6.799106200536092,1.0,unknown,0.0,0.4575058186394081,0.1,3,1094,fallback
68.40949249267578,28.561492919921875,6.833140134811401,1.0,unknown,0.0,0.38268371432941356,0.2,2,1095,fallback
71.88713455200195,-4.016521215438843,5.8074376583099365,1.0,unknown,0.0,0.4114287784543973,0.2,2,1096,fallback
71.08331807454427,-3.2244571367899577,4.692087070147196,1.0,unknown,0.0,0.4537885873943923,0.1,15,1097,fallback
70.55265808105469,-1.0032430291175842,-0.8909101821482182,1.0,unknown,0.0,0.4151777754839142,0.2,2,1098,fallback
70.25571060180664,0.42728734761476517,-1.700014054775238,1.0,unknown,0.0,0.39435877648735407,0.2,2,1099,fallback
70.56409038196911,7.077597097917036,7.7822396538474345,1.0,unknown,0.0,0.4958681192069643,0.1,11,1100,fallback
71.16082000732422,8.036744435628256,2.7333077987035117,1.0,unknown,0.0,0.5014147978473805,0.1,3,1101,fallback
70.83594512939453,24.382671356201172,8.677732467651367,1.0,unknown,0.0,0.38025522906293907,0.2,1,1102,fallback
71.95108795166016,26.67772674560547,7.073592662811279,1.0,unknown,0.0,0.37478718225158153,0.2,1,1103,fallback
70.04188537597656,31.663528442382812,7.08479642868042,1.0,unknown,0.0,0.3744007747975132,0.2,1,1104,fallback
71.59588623046875,33.39680480957031,5.434671878814697,1.0,unknown,0.0,0.36799397165993253,0.2,1,1105,fallback
70.95006561279297,34.10908508300781,5.41540002822876,1.0,unknown,0.0,0.3688304137681242,0.2,1,1106,fallback
73.94906616210938,-41.624107360839844,7.863668441772461,1.0,unknown,0.0,0.3504233390538073,0.2,1,1107,fallback
72.80490112304688,-31.924375534057617,-0.05215316638350487,1.0,unknown,0.0,0.3665100118936111,0.2,1,1108,fallback
72.81922912597656,-29.173521041870117,-2.7888676524162292,1.0,unknown,0.0,0.39375340557067967,0.2,2,1109,fallback
72.77515411376953,-27.987855911254883,-0.054228249937295914,1.0,unknown,0.0,0.37108572464868966,0.2,1,1110,fallback
72.87703365749783,-5.009999010297987,5.039126714070638,1.0,unknown,0.0,0.43321155173632553,0.2,9,1111,fallback
73.29090805053711,9.70471544265747,9.64367880821228,1.0,unknown,0.0,0.48141621968663995,0.1,10,1112,fallback
73.76054763793945,10.474037170410156,5.152963399887085,1.0,unknown,0.0,0.4745906527502908,0.1,2,1113,fallback
74.09392547607422,-42.850181579589844,7.932497024536133,1.0,unknown,0.0,0.3482229942445766,0.2,1,1114,fallback
74.94006856282552,-38.523109436035156,-0.05070460091034571,1.0,unknown,0.0,0.35223367923584004,0.2,3,1115,fallback
75.31043752034505,-7.395751317342122,4.045774618784587,1.0,unknown,0.0,0.39989170985873324,0.2,3,1116,fallback
74.82675170898438,-4.08785343170166,-1.8099056482315063,1.0,unknown,0.0,0.38018500972360925,0.2,1,1117,fallback
74.64906038556781,11.054550102778844,9.793097598212105,1.0,unknown,0.0,0.4871866114091389,0.1,14,1118,fallback
75.62207336425782,12.141666984558105,8.199688577651978,1.0,unknown,0.0,0.5196946493069359,0.1,5,1119,fallback
77.85218811035156,-60.28543663024902,-0.04324343241751194,1.0,unknown,0.0,0.30961151809078724,0.2,2,1120,fallback
77.43610000610352,-6.700078010559082,-1.8753252029418945,1.0,unknown,0.0,0.3719915404824997,0.2,2,1121,fallback
76.46240615844727,-5.726261377334595,-1.850705087184906,1.0,unknown,0.0,0.37513829479752236,0.2,2,1122,fallback
76.49371592203777,12.93929131825765,9.029138167699179,1.0,unknown,0.0,0.5096123585830131,0.1,3,1123,fallback
78.68235778808594,-42.37977600097656,-0.05214492604136467,1.0,unknown,0.0,0.3368906387891914,0.2,1,1124,fallback
78.49230194091797,-36.051910400390625,-0.05516708642244339,1.0,unknown,0.0,0.34587254995366035,0.2,1,1125,fallback
79.67333984375,-11.818400382995605,-0.06998980790376663,1.0,unknown,0.0,0.3633646527818535,0.2,1,1126,fallback
78.45402145385742,-7.702694416046143,-1.9012930989265442,1.0,unknown,0.0,0.3686746065562721,0.2,2,1127,fallback
78.54224586486816,14.970067501068115,9.278303772211075,1.0,unknown,0.0,0.4869018042809684,0.1,4,1128,fallback
79.61768341064453,16.597925186157227,1.8001333475112915,1.0,unknown,0.0,0.3610118861717521,0.2,1,1129,fallback
79.69364929199219,38.98124313354492,-0.10365727543830872,1.0,unknown,0.0,0.3388505392013647,0.2,1,1130,fallback
79.52091217041016,43.594482421875,-0.10658756643533707,1.0,unknown,0.0,0.3329402835214164,0.2,1,1131,fallback
