region_id,x,y,distance,elevation,height_std,point_density,point_count,semantic_label,semantic_importance,confidence,dynamic_relevance,uncertainty,semantic_source,dominant_class_ratio,uncertainty_source,dynamic_source,terrain_complexity
0,-26.005449295043945,31.25728988647461,40.66081115870919,6.6808695793151855,0.0,0.25,1,unknown,0.5,0.0,0.2,0.5,fallback,1.0,documented fallback 0.5 (no estimator),PROJECT_DYNAMIC_PRIOR heuristic (not measured velocity),0.0
1,-24.56118392944336,29.479907035827637,38.37077891908094,4.04336142539978,2.2503368854522705,0.5,2,unknown,0.5,0.0,0.2,0.5,fallback,1.0,documented fallback 0.5 (no estimator),PROJECT_DYNAMIC_PRIOR heuristic (not measured velocity),0.8516223962688422
2,-25.032727813720705,31.410624694824218,40.165467823927145,1.9772790908813476,1.6337312783606708,2.5,10,unknown,0.5,0.0,0.2,0.5,fallback,1.0,documented fallback 0.5 (no estimator),PROJECT_DYNAMIC_PRIOR heuristic (not measured velocity),0.6182728262294144
3,-22.82749366760254,29.170964770846897,37.041053613611275,3.2703498668140836,1.7214725838990053,2.25,9,unknown,0.5,0.0,0.2,0.5,fallback,1.0,documented fallback 0.5 (no estimator),PROJECT_DYNAMIC_PRIOR heuristic (not measured velocity),0.6514778371579427
4,-22.868874277387345,31.086550167628697,38.592214396681676,1.6037639805248805,0.9097898368194643,3.5,14,unknown,0.5,0.0,0.2,0.5,fallback,1.0,documented fallback 0.5 (no estimator),PROJECT_DYNAMIC_PRIOR heuristic (not measured velocity),0.3443028490276526
5,-20.694095770517986,28.774152596791584,35.44287597561488,4.211357208235616,2.3091935989067838,3.0,12,unknown,0.5,0.0,0.2,0.5,fallback,1.0,documented fallback 0.5 (no estimator),PROJECT_DYNAMIC_PRIOR heuristic (not measured velocity),0.873896259205843
6,-21.25862142774794,30.493634965684677,37.172446226052045,0.8693218436900578,0.8159330701221331,2.25,9,unknown,0.5,0.0,0.2,0.5,fallback,1.0,documented fallback 0.5 (no estimator),PROJECT_DYNAMIC_PRIOR heuristic (not measured velocity),0.30878348964748475
7,-20.77883529663086,74.52229309082031,77.36492851285159,5.410311222076416,0.0,0.25,1,unknown,0.5,0.0,0.2,0.5,fallback,1.0,documented fallback 0.5 (no estimator),PROJECT_DYNAMIC_PRIOR heuristic (not measured velocity),0.0
8,-18.48380470275879,27.96859359741211,33.524517358299576,4.711943626403809,0.0,0.25,1,unknown,0.5,0.0,0.2,0.5,fallback,1.0,documented fallback 0.5 (no estimator),PROJECT_DYNAMIC_PRIOR heuristic (not measured velocity),0.0
9,-18.691194025675454,28.579834111531575,34.14919694441012,2.393700474787814,1.7780622395589691,3.75,15,unknown,0.5,0.0,0.2,0.5,fallback,1.0,documented fallback 0.5 (no estimator),PROJECT_DYNAMIC_PRIOR heuristic (not measured velocity),0.6728937498013874
10,-19.13903045654297,30.227120399475098,35.77682622118461,0.8335615267618172,1.2680124633514935,1.5,6,unknown,0.5,0.0,0.2,0.5,fallback,1.0,documented fallback 0.5 (no estimator),PROJECT_DYNAMIC_PRIOR heuristic (not measured velocity),0.4798694006747019
11,-18.378469467163086,62.627723693847656,65.2686748373856,9.947559356689453,0.7631511688232422,0.5,2,unknown,0.5,0.0,0.2,0.5,fallback,1.0,documented fallback 0.5 (no estimator),PROJECT_DYNAMIC_PRIOR heuristic (not measured velocity),0.2888085918646788
12,-19.026390075683594,68.60798645019531,71.19732666373264,13.414660453796387,0.0,0.25,1,unknown,0.5,0.0,0.2,0.5,fallback,1.0,documented fallback 0.5 (no estimator),PROJECT_DYNAMIC_PRIOR heuristic (not measured velocity),0.0
13,-16.66039161682129,27.776320457458496,32.38969939627839,2.6463270624604776,1.137639730078449,2.5,10,unknown,0.5,0.0,0.2,0.5,fallback,1.0,documented fallback 0.5 (no estimator),PROJECT_DYNAMIC_PRIOR heuristic (not measured velocity),0.4305308593052418
14,-16.90500511441912,29.062055247170584,33.62115781926809,1.8158764433049197,1.271961793383815,7.0,28,unknown,0.5,0.0,0.2,0.5,fallback,1.0,documented fallback 0.5 (no estimator),PROJECT_DYNAMIC_PRIOR heuristic (not measured velocity),0.4813639937409779
15,-17.048789660135906,30.358727773030598,34.81829376739384,2.8242048819859824,1.4361352509888121,1.5,6,unknown,0.5,0.0,0.2,0.5,fallback,1.0,documented fallback 0.5 (no estimator),PROJECT_DYNAMIC_PRIOR heuristic (not measured velocity),0.5434941549062512
16,-16.364612579345703,48.711063385009766,51.38645970458092,3.5936264991760254,0.0,0.25,1,unknown,0.5,0.0,0.2,0.5,fallback,1.0,documented fallback 0.5 (no estimator),PROJECT_DYNAMIC_PRIOR heuristic (not measured velocity),0.0
17,-16.462689808436803,53.105272565569194,55.59847237103016,8.763570513044085,1.523358717413867,1.75,7,unknown,0.5,0.0,0.2,0.5,fallback,1.0,documented fallback 0.5 (no estimator),PROJECT_DYNAMIC_PRIOR heuristic (not measured velocity),0.5765031936719519
18,-17.385411262512207,54.97258377075195,57.65620080441502,4.708779811859131,0.6949167251586914,0.5,2,unknown,0.5,0.0,0.2,0.5,fallback,1.0,documented fallback 0.5 (no estimator),PROJECT_DYNAMIC_PRIOR heuristic (not measured velocity),0.26298580026519025
19,-17.641135215759277,56.84898376464844,59.52324425612203,4.855909109115601,0.680063009262085,0.5,2,unknown,0.5,0.0,0.2,0.5,fallback,1.0,documented fallback 0.5 (no estimator),PROJECT_DYNAMIC_PRIOR heuristic (not measured velocity),0.25736452764279255
20,-17.673283767700195,63.05332870483399,65.48333543653298,9.83076877593994,1.5803640517875124,1.25,5,unknown,0.5,0.0,0.2,0.5,fallback,1.0,documented fallback 0.5 (no estimator),PROJECT_DYNAMIC_PRIOR heuristic (not measured velocity),0.5980764166739087
21,-14.128142356872559,17.291975021362305,22.329729210079428,-1.0410394668579102,0.0,0.25,1,unknown,0.5,0.0,0.2,0.5,fallback,1.0,documented fallback 0.5 (no estimator),PROJECT_DYNAMIC_PRIOR heuristic (not measured velocity),0.0
22,-14.94877265481388,19.262823890237247,24.382825679391757,-0.23160746229490647,0.2772023724790014,4.25,17,vehicle,1.0,0.0,0.8,0.5,annotation,1.0,documented fallback 0.5 (no estimator),PROJECT_DYNAMIC_PRIOR heuristic (not measured velocity),0.10490507009332954
23,-14.52761697769165,20.068915367126465,24.775250131197453,-0.287055866632727,0.2873509360215394,0.5,2,vehicle,1.0,0.0,0.8,0.5,annotation,1.0,documented fallback 0.5 (no estimator),PROJECT_DYNAMIC_PRIOR heuristic (not measured velocity),0.1087457146024497
24,-14.891753938463,22.42131339179145,26.916159264959308,-0.6246826648712158,0.005779220208718441,2.25,9,unknown,0.5,0.0,0.2,0.5,fallback,1.0,documented fallback 0.5 (no estimator),PROJECT_DYNAMIC_PRIOR heuristic (not measured velocity),0.0021871006934701493
25,-14.827050654093425,27.113135401407877,30.902484404884493,4.201044511795044,1.3860575544161051,3.75,15,unknown,0.5,0.0,0.2,0.5,fallback,1.0,documented fallback 0.5 (no estimator),PROJECT_DYNAMIC_PRIOR heuristic (not measured velocity),0.5245426422547126
26,-15.012765526771545,29.075082619984943,32.72221811125845,1.8226293740178032,1.3434525696792272,6.0,24,unknown,0.5,0.0,0.2,0.5,fallback,1.0,documented fallback 0.5 (no estimator),PROJECT_DYNAMIC_PRIOR heuristic (not measured velocity),0.5084191189595215
27,-14.050337314605713,33.37504959106445,36.21195816108559,5.080137729644775,0.7843718528747559,0.5,2,unknown,0.5,0.0,0.2,0.5,fallback,1.0,documented fallback 0.5 (no estimator),PROJECT_DYNAMIC_PRIOR heuristic (not measured velocity),0.29683939379448937
28,-14.257161140441895,35.519891103108726,38.274394936579064,4.1794741948445635,1.1261728615247224,0.75,3,unknown,0.5,0.0,0.2,0.5,fallback,1.0,documented fallback 0.5 (no estimator),PROJECT_DYNAMIC_PRIOR heuristic (not measured velocity),0.4261913125740146
29,-14.633556365966797,37.70832443237305,40.44822250004355,3.7739343643188477,0.0,0.25,1,unknown,0.5,0.0,0.2,0.5,fallback,1.0,documented fallback 0.5 (no estimator),PROJECT_DYNAMIC_PRIOR heuristic (not measured velocity),0.0
30,-14.133156776428223,38.30973434448242,40.83358747418496,1.9045236110687256,0.0,0.25,1,unknown,0.5,0.0,0.2,0.5,fallback,1.0,documented fallback 0.5 (no estimator),PROJECT_DYNAMIC_PRIOR heuristic (not measured velocity),0.0
31,-14.736618518829346,44.89640712738037,47.25309829330765,7.489053130149841,1.336732422038103,2.0,8,unknown,0.5,0.0,0.2,0.5,fallback,1.0,documented fallback 0.5 (no estimator),PROJECT_DYNAMIC_PRIOR heuristic (not measured velocity),0.5058759316374756
32,-15.885601043701172,53.50935363769531,55.81758904900476,7.1859681606292725,0.6542575359344482,0.5,2,unknown,0.5,0.0,0.2,0.5,fallback,1.0,documented fallback 0.5 (no estimator),PROJECT_DYNAMIC_PRIOR heuristic (not measured velocity),0.2475986480652924
33,-12.931636376814408,17.28974897211248,21.59079986709187,-1.0068643201481213,0.01681306248614176,2.75,11,unknown,0.5,0.0,0.2,0.5,fallback,1.0,documented fallback 0.5 (no estimator),PROJECT_DYNAMIC_PRIOR heuristic (not measured velocity),0.006362772016772114
34,-12.994815746943155,22.40642277399699,25.90198868473409,-0.6012243429819742,0.00759664613013033,3.0,12,unknown,0.5,0.0,0.2,0.5,fallback,1.0,documented fallback 0.5 (no estimator),PROJECT_DYNAMIC_PRIOR heuristic (not measured velocity),0.0028748913208378533
35,-13.0791322072347,27.179936917622886,30.16310113599534,2.9796074133754398,1.4867078022030937,7.5,30,unknown,0.5,0.0,0.2,0.5,fallback,1.0,documented fallback 0.5 (no estimator),PROJECT_DYNAMIC_PRIOR heuristic (not measured velocity),0.5626329414270433
36,-13.159112001076723,28.762311250735554,31.62961866891649,1.4971734646600312,1.2756946385612236,9.75,39,unknown,0.5,0.0,0.2,0.5,fallback,1.0,documented fallback 0.5 (no estimator),PROJECT_DYNAMIC_PRIOR heuristic (not measured velocity),0.4827766598068618
37,-12.61814205463116,30.769009810227615,33.25581864294931,2.2164684442373424,1.1978865683109332,3.25,13,unknown,0.5,0.0,0.2,0.5,fallback,1.0,documented fallback 0.5 (no estimator),PROJECT_DYNAMIC_PRIOR heuristic (not measured velocity),0.4533308040934453
38,-13.733296871185303,33.38429069519043,36.09867460410543,3.791495680809021,0.39509260654449463,0.5,2,unknown,0.5,0.0,0.2,0.5,fallback,1.0,documented fallback 0.5 (no estimator),PROJECT_DYNAMIC_PRIOR heuristic (not measured velocity),0.1495197072530329
39,-13.016086769104003,34.664351272583005,37.027500103704966,1.9706509292125702,1.2480876965630552,2.5,10,unknown,0.5,0.0,0.2,0.5,fallback,1.0,documented fallback 0.5 (no estimator),PROJECT_DYNAMIC_PRIOR heuristic (not measured velocity),0.47232902849880104
40,-12.851908683776855,38.46929804484049,40.55932012347973,1.8920124371846516,0.00676863480011463,0.75,3,unknown,0.5,0.0,0.2,0.5,fallback,1.0,documented fallback 0.5 (no estimator),PROJECT_DYNAMIC_PRIOR heuristic (not measured velocity),0.0025615369081877664
41,-12.279435157775879,40.34061813354492,42.168115907525625,1.966720700263977,0.0,0.25,1,unknown,0.5,0.0,0.2,0.5,fallback,1.0,documented fallback 0.5 (no estimator),PROJECT_DYNAMIC_PRIOR heuristic (not measured velocity),0.0
42,-10.056381361825126,7.744826861790249,12.693035460975109,2.30458927154541,0.14376382282017067,1.75,7,unknown,0.5,0.0,0.2,0.5,fallback,1.0,documented fallback 0.5 (no estimator),PROJECT_DYNAMIC_PRIOR heuristic (not measured velocity),0.05440629448789248
43,-10.186783163171066,9.097517942127428,13.657795719690494,2.1921751757985666,0.5691537740788787,9.5,38,unknown,0.5,0.0,0.2,0.5,fallback,1.0,documented fallback 0.5 (no estimator),PROJECT_DYNAMIC_PRIOR heuristic (not measured velocity),0.21539179491745056
44,-10.188434298221882,10.804610023131737,14.850716858156808,0.7993853141693902,1.1440721863453465,26.0,104,unknown,0.5,0.0,0.2,0.5,fallback,1.0,documented fallback 0.5 (no estimator),PROJECT_DYNAMIC_PRIOR heuristic (not measured velocity),0.43296517207650886
45,-10.413253466288248,12.809568246205648,16.508206638134993,-0.3349785202972271,1.1740419625159584,6.0,24,unknown,0.5,0.0,0.2,0.5,fallback,1.0,documented fallback 0.5 (no estimator),PROJECT_DYNAMIC_PRIOR heuristic (not measured velocity),0.4443069994993517
46,-11.748433113098145,14.111064910888672,18.361585812022188,2.5807900428771973,0.0,0.25,1,unknown,0.5,0.0,0.2,0.5,fallback,1.0,documented fallback 0.5 (no estimator),PROJECT_DYNAMIC_PRIOR heuristic (not measured velocity),0.0
47,-11.035776646931966,17.463706970214844,20.65839846993226,-0.9634639898935954,0.011551412781625418,3.75,15,unknown,0.5,0.0,0.2,0.5,fallback,1.0,documented fallback 0.5 (no estimator),PROJECT_DYNAMIC_PRIOR heuristic (not measured velocity),0.004371541833124799
48,-10.986695549704812,22.239687659523703,24.805466863074244,-0.5757870728319342,0.00697750253112471,2.75,11,unknown,0.5,0.0,0.2,0.5,fallback,1.0,documented fallback 0.5 (no estimator),PROJECT_DYNAMIC_PRIOR heuristic (not measured velocity),0.0026405812676061078
49,-11.231932973861694,28.50795946121216,30.640823601389005,1.9506030922653737,2.15225804131334,5.0,20,unknown,0.5,0.0,0.2,0.5,fallback,1.0,documented fallback 0.5 (no estimator),PROJECT_DYNAMIC_PRIOR heuristic (not measured velocity),0.8145052246982899
50,-11.376457405090331,31.13237609863281,33.1458688924662,3.4219758987426756,1.8354381362866752,1.25,5,unknown,0.5,0.0,0.2,0.5,fallback,1.0,documented fallback 0.5 (no estimator),PROJECT_DYNAMIC_PRIOR heuristic (not measured velocity),0.6946072092283755
51,-11.50320053100586,32.80999247233073,34.7680777221136,3.51924459139506,0.4032668497186172,0.75,3,unknown,0.5,0.0,0.2,0.5,fallback,1.0,documented fallback 0.5 (no estimator),PROJECT_DYNAMIC_PRIOR heuristic (not measured velocity),0.15261318565825907
52,-11.723264694213867,34.88901329040527,36.805953098224165,2.136576235294342,0.38480299711227417,0.5,2,unknown,0.5,0.0,0.2,0.5,fallback,1.0,documented fallback 0.5 (no estimator),PROJECT_DYNAMIC_PRIOR heuristic (not measured velocity),0.14562568502996612
53,-11.824556350708008,38.05801773071289,39.85263914074356,1.8587311506271362,0.0,0.25,1,unknown,0.5,0.0,0.2,0.5,fallback,1.0,documented fallback 0.5 (no estimator),PROJECT_DYNAMIC_PRIOR heuristic (not measured velocity),0.0
54,-8.96546459197998,-4.605576753616333,10.079230753559417,-0.0464894101023674,0.4183611745875924,1.0,4,unknown,0.5,0.0,0.2,0.5,fallback,1.0,documented fallback 0.5 (no estimator),PROJECT_DYNAMIC_PRIOR heuristic (not measured velocity),0.15832551486464522
55,-8.191610874273838,-2.593246423281156,8.592288154349918,0.726838709881868,0.5961840015364778,29.25,117,unknown,0.5,0.0,0.2,0.5,fallback,1.0,documented fallback 0.5 (no estimator),PROJECT_DYNAMIC_PRIOR heuristic (not measured velocity),0.2256211731176421
56,-8.341477076834662,-0.9228633469072719,8.392372523930467,0.42503437845324166,0.7451851658146977,127.75,511,unknown,0.5,0.0,0.2,0.5,fallback,1.0,documented fallback 0.5 (no estimator),PROJECT_DYNAMIC_PRIOR heuristic (not measured velocity),0.28200949852340124
57,-9.190805508648907,1.0029357829855547,9.245365654348342,-0.22328386923962237,1.183626396696676,168.75,675,unknown,0.5,0.0,0.2,0.5,fallback,1.0,documented fallback 0.5 (no estimator),PROJECT_DYNAMIC_PRIOR heuristic (not measured velocity),0.44793415366308187
58,-9.017515068534035,2.9207685990903363,9.478737638560869,-0.1417234941587171,1.1190841187163743,159.0,636,unknown,0.5,0.0,0.2,0.5,fallback,1.0,documented fallback 0.5 (no estimator),PROJECT_DYNAMIC_PRIOR heuristic (not measured velocity),0.4235086332934118
59,-9.086618193873653,4.906762131938228,10.326807097097277,0.04788893629766891,1.132085945767463,108.0,432,unknown,0.5,0.0,0.2,0.5,fallback,1.0,documented fallback 0.5 (no estimator),PROJECT_DYNAMIC_PRIOR heuristic (not measured velocity),0.4284290730643201
60,-9.462646897742365,6.940674134081948,11.73518827061873,0.047670008681906045,1.1440169761090142,73.25,293,unknown,0.5,0.0,0.2,0.5,fallback,1.0,documented fallback 0.5 (no estimator),PROJECT_DYNAMIC_PRIOR heuristic (not measured velocity),0.4329442781943227
61,-9.63865083949581,8.788964636006932,13.04413620669049,-0.10315625097631895,1.0438585023701252,39.25,157,unknown,0.5,0.0,0.2,0.5,fallback,1.0,documented fallback 0.5 (no estimator),PROJECT_DYNAMIC_PRIOR heuristic (not measured velocity),0.3950400870647356
62,-9.139247197371263,10.98622021308312,14.290656874511214,-1.182328394972361,0.31302029346117677,6.5,26,unknown,0.5,0.0,0.2,0.5,fallback,1.0,documented fallback 0.5 (no estimator),PROJECT_DYNAMIC_PRIOR heuristic (not measured velocity),0.11846008218658671
63,-9.397049903869629,13.778789867054332,16.678117312702152,-1.1662513342770664,0.01326780152758674,2.75,11,unknown,0.5,0.0,0.2,0.5,fallback,1.0,documented fallback 0.5 (no estimator),PROJECT_DYNAMIC_PRIOR heuristic (not measured velocity),0.0050210957315717335
64,-8.481943236456978,14.133914311726889,16.483655384583738,-1.1526101297802396,0.006969161852616643,2.25,9,unknown,0.5,0.0,0.2,0.5,fallback,1.0,documented fallback 0.5 (no estimator),PROJECT_DYNAMIC_PRIOR heuristic (not measured velocity),0.002637424803050304
65,-8.933597028255463,17.424090027809143,19.580808695262125,-0.9132813028991222,0.01151877619767357,4.0,16,unknown,0.5,0.0,0.2,0.5,fallback,1.0,documented fallback 0.5 (no estimator),PROJECT_DYNAMIC_PRIOR heuristic (not measured velocity),0.004359190773152053
66,-8.742543411254882,21.856769943237303,23.540400541394316,-0.5464371800422668,0.005766170779435068,2.5,10,unknown,0.5,0.0,0.2,0.5,fallback,1.0,documented fallback 0.5 (no estimator),PROJECT_DYNAMIC_PRIOR heuristic (not measured velocity),0.002182162239006691
67,-9.79584789276123,22.052777608235676,24.130553996467125,-0.5600486199061075,0.0017049168624412934,0.75,3,unknown,0.5,0.0,0.2,0.5,fallback,1.0,documented fallback 0.5 (no estimator),PROJECT_DYNAMIC_PRIOR heuristic (not measured velocity),0.0006452124538409278
68,-7.973114472169143,-2.6116288350178647,8.389943954414106,0.7697619655988232,0.5032487288990549,6.5,26,unknown,0.5,0.0,0.2,0.5,fallback,1.0,documented fallback 0.5 (no estimator),PROJECT_DYNAMIC_PRIOR heuristic (not measured velocity),0.1904505459582008
69,-7.943121910095215,-1.9921224117279053,8.18912311434767,0.38191547989845276,0.0,0.25,1,unknown,0.5,0.0,0.2,0.5,fallback,1.0,documented fallback 0.5 (no estimator),PROJECT_DYNAMIC_PRIOR heuristic (not measured velocity),0.0
70,-6.896407601237297,0.9595260332105682,6.962839076900483,-2.013175293058157,0.03994506519769944,40.0,160,unknown,0.5,0.0,0.2,0.5,fallback,1.0,documented fallback 0.5 (no estimator),PROJECT_DYNAMIC_PRIOR heuristic (not measured velocity),0.015116897546628004
71,-6.906894778552121,2.9534044918948656,7.511843553664794,-1.8546686376610848,0.06676167244406353,36.5,146,unknown,0.5,0.0,0.2,0.5,fallback,1.0,documented fallback 0.5 (no estimator),PROJECT_DYNAMIC_PRIOR heuristic (not measured velocity),0.025265432848425317
72,-6.851714624548858,4.864569731478421,8.402977565641404,-1.692437821964048,0.05997241344308349,26.5,106,unknown,0.5,0.0,0.2,0.5,fallback,1.0,documented fallback 0.5 (no estimator),PROJECT_DYNAMIC_PRIOR heuristic (not measured velocity),0.022696090872704914
73,-7.048395192848061,6.97315292538337,9.91487450830046,-0.8326506599420649,1.1641557393982611,26.5,106,unknown,0.5,0.0,0.2,0.5,fallback,1.0,documented fallback 0.5 (no estimator),PROJECT_DYNAMIC_PRIOR heuristic (not measured velocity),0.4405656356724642
74,-7.326833868026734,8.867056051890055,11.502485712098217,-0.8713037806245363,0.9765532468580657,15.0,60,unknown,0.5,0.0,0.2,0.5,fallback,1.0,documented fallback 0.5 (no estimator),PROJECT_DYNAMIC_PRIOR heuristic (not measured velocity),0.36956893945514246
75,-6.976030945777893,10.806425946099418,12.862497793390734,-1.3846578342573983,0.05707412684048557,7.0,28,unknown,0.5,0.0,0.2,0.5,fallback,1.0,documented fallback 0.5 (no estimator),PROJECT_DYNAMIC_PRIOR heuristic (not measured velocity),0.02159925697306315
76,-6.508158888135638,12.15834719794137,13.79063228060656,-1.2868194154330663,0.0064019607747475005,3.5,14,unknown,0.5,0.0,0.2,0.5,fallback,1.0,documented fallback 0.5 (no estimator),PROJECT_DYNAMIC_PRIOR heuristic (not measured velocity),0.002422771990743
77,-7.011639004661923,14.37397965930757,15.992947595045893,-1.1188861074901761,0.013156922231073728,5.25,21,unknown,0.5,0.0,0.2,0.5,fallback,1.0,documented fallback 0.5 (no estimator),PROJECT_DYNAMIC_PRIOR heuristic (not measured velocity),0.004979134328902001
78,-6.986110150814056,17.441211462020874,18.78833660285645,-0.8763506710529327,0.010327888780413446,4.0,16,unknown,0.5,0.0,0.2,0.5,fallback,1.0,documented fallback 0.5 (no estimator),PROJECT_DYNAMIC_PRIOR heuristic (not measured velocity),0.003908508743039194
79,-6.807099137987409,21.10377093723842,22.174439033396492,-0.13348640628282737,0.42616647915442574,7.0,28,vehicle,1.0,0.0,0.8,0.5,annotation,0.5357142857142857,documented fallback 0.5 (no estimator),PROJECT_DYNAMIC_PRIOR heuristic (not measured velocity),0.1612793713391076
80,-7.222758769989014,50.854299545288086,51.364657367603854,4.792252540588379,0.037340641021728516,0.5,2,vehicle,1.0,0.0,0.8,0.5,annotation,1.0,documented fallback 0.5 (no estimator),PROJECT_DYNAMIC_PRIOR heuristic (not measured velocity),0.014131273584287318
81,-6.580564975738525,52.92673301696777,53.3342563766413,4.976075291633606,0.0004880030982266503,1.0,4,vehicle,1.0,0.0,0.8,0.5,annotation,1.0,documented fallback 0.5 (no estimator),PROJECT_DYNAMIC_PRIOR heuristic (not measured velocity),0.0001846809562537448
82,-4.707514584064484,-30.888011693954468,31.244678906416173,-3.6487723290920258,0.014640352487483433,2.0,8,unknown,0.5,0.0,0.2,0.5,fallback,1.0,documented fallback 0.5 (no estimator),PROJECT_DYNAMIC_PRIOR heuristic (not measured velocity),0.005540526908754521
83,-4.133908423510465,-2.4598887237635525,4.8104315177819394,0.3222884830426086,0.5691488271648488,11.0,44,vehicle,1.0,0.0,0.8,0.5,annotation,0.8863636363636364,documented fallback 0.5 (no estimator),PROJECT_DYNAMIC_PRIOR heuristic (not measured velocity),0.2153899227965217
84,-4.184520074299404,-1.4960547941071647,4.443915863198326,0.20148372969457082,0.3516345200462479,7.0,28,vehicle,1.0,0.0,0.8,0.5,annotation,1.0,documented fallback 0.5 (no estimator),PROJECT_DYNAMIC_PRIOR heuristic (not measured velocity),0.13307333426765774
85,-4.806887686585581,0.9777530461300019,4.905320606307459,-1.9325715796241547,0.04355394750883633,89.5,358,unknown,0.5,0.0,0.2,0.5,fallback,1.0,documented fallback 0.5 (no estimator),PROJECT_DYNAMIC_PRIOR heuristic (not measured velocity),0.016482650835182817
86,-4.866503786573223,2.9278265279882096,5.679350956114881,-1.8260730383442898,0.03722889612167524,63.75,255,unknown,0.5,0.0,0.2,0.5,fallback,1.0,documented fallback 0.5 (no estimator),PROJECT_DYNAMIC_PRIOR heuristic (not measured velocity),0.014088984600726943
87,-4.912075897742962,4.908635201947442,6.944291840856412,-1.714769354359857,0.03804792836455601,36.25,145,unknown,0.5,0.0,0.2,0.5,fallback,1.0,documented fallback 0.5 (no estimator),PROJECT_DYNAMIC_PRIOR heuristic (not measured velocity),0.014398940948068858
88,-4.962036800384522,6.911082625389099,8.507929963470865,-1.6043900534510613,0.030611569231238783,20.0,80,unknown,0.5,0.0,0.2,0.5,fallback,1.0,documented fallback 0.5 (no estimator),PROJECT_DYNAMIC_PRIOR heuristic (not measured velocity),0.011584708987702395
89,-4.813844108581543,8.83444797515869,10.060843211555914,-1.500040557384491,0.03365246660174608,12.5,50,unknown,0.5,0.0,0.2,0.5,fallback,1.0,documented fallback 0.5 (no estimator),PROJECT_DYNAMIC_PRIOR heuristic (not measured velocity),0.012735512817218157
90,-4.95982586895978,10.661122851901585,11.758376295804656,-1.3744378222359552,0.01537903575790283,6.75,27,unknown,0.5,0.0,0.2,0.5,fallback,1.0,documented fallback 0.5 (no estimator),PROJECT_DYNAMIC_PRIOR heuristic (not measured velocity),0.005820075815811537
91,-4.969850006103516,12.489323272705079,13.441822975076699,-1.2550559997558595,0.01290485805484717,6.25,25,unknown,0.5,0.0,0.2,0.5,fallback,1.0,documented fallback 0.5 (no estimator),PROJECT_DYNAMIC_PRIOR heuristic (not measured velocity),0.004883742612595289
92,-4.976236776872114,14.56725805455988,15.39376301258514,-1.0770659988576716,0.011131110183812394,5.5,22,unknown,0.5,0.0,0.2,0.5,fallback,1.0,documented fallback 0.5 (no estimator),PROJECT_DYNAMIC_PRIOR heuristic (not measured velocity),0.004212481601822761
93,-5.0353414747450085,17.348633766174316,18.064599561577083,-0.8427074684037102,0.010365328193227915,4.5,18,unknown,0.5,0.0,0.2,0.5,fallback,1.0,documented fallback 0.5 (no estimator),PROJECT_DYNAMIC_PRIOR heuristic (not measured velocity),0.0039226773960360315
94,-5.121422421932221,21.027980852127076,21.64266495469754,-0.05318052462152991,0.4315634959293764,10.0,40,vehicle,1.0,0.0,0.8,0.5,annotation,0.625,documented fallback 0.5 (no estimator),PROJECT_DYNAMIC_PRIOR heuristic (not measured velocity),0.16332183013196647
95,-5.227404594421387,50.327579498291016,50.598330179469166,4.720691680908203,0.0,0.25,1,vehicle,1.0,0.0,0.8,0.5,annotation,1.0,documented fallback 0.5 (no estimator),PROJECT_DYNAMIC_PRIOR heuristic (not measured velocity),0.0
96,-5.8047285079956055,53.0035514831543,53.32045895225326,4.974667072296143,0.0,0.25,1,vehicle,1.0,0.0,0.8,0.5,annotation,1.0,documented fallback 0.5 (no estimator),PROJECT_DYNAMIC_PRIOR heuristic (not measured velocity),0.0
97,-5.1425275802612305,64.05685424804688,64.26294551348599,5.995535373687744,0.0,0.25,1,unknown,0.5,0.0,0.2,0.5,fallback,1.0,documented fallback 0.5 (no estimator),PROJECT_DYNAMIC_PRIOR heuristic (not measured velocity),0.0
98,-2.9660251574082808,-30.730395230379973,30.873200291672696,-3.6057006012309682,0.006586979481903264,2.75,11,unknown,0.5,0.0,0.2,0.5,fallback,1.0,documented fallback 0.5 (no estimator),PROJECT_DYNAMIC_PRIOR heuristic (not measured velocity),0.00249279087358724
99,-2.8609562601361955,-22.26810428074428,22.45113669684709,-3.1562838554382324,0.030843449362980384,3.5,14,unknown,0.5,0.0,0.2,0.5,fallback,1.0,documented fallback 0.5 (no estimator),PROJECT_DYNAMIC_PRIOR heuristic (not measured velocity),0.011672462210216556
100,-2.4483530861990794,-18.424218586512975,18.586184744543747,-3.05398052079337,0.022105122471781865,1.75,7,unknown,0.5,0.0,0.2,0.5,fallback,1.0,documented fallback 0.5 (no estimator),PROJECT_DYNAMIC_PRIOR heuristic (not measured velocity),0.008365510733496966
101,-2.8910125494003296,-17.663949012756348,17.89896779945833,-2.9407875537872314,0.0011360645294189453,0.5,2,unknown,0.5,0.0,0.2,0.5,fallback,1.0,documented fallback 0.5 (no estimator),PROJECT_DYNAMIC_PRIOR heuristic (not measured velocity),0.0004299347369339991
102,-2.223610043525696,-14.241520166397095,14.414067374463166,-2.7158769369125366,0.012652278432811467,1.0,4,unknown,0.5,0.0,0.2,0.5,fallback,1.0,documented fallback 0.5 (no estimator),PROJECT_DYNAMIC_PRIOR heuristic (not measured velocity),0.004788155829852982
103,-2.3414409160614014,-8.762957572937012,9.070378767642538,-2.3745148181915283,0.0,0.25,1,unknown,0.5,0.0,0.2,0.5,fallback,1.0,documented fallback 0.5 (no estimator),PROJECT_DYNAMIC_PRIOR heuristic (not measured velocity),0.0
104,-2.0299859046936035,-7.787362098693848,8.047599097210805,-2.307654619216919,0.0,0.25,1,unknown,0.5,0.0,0.2,0.5,fallback,1.0,documented fallback 0.5 (no estimator),PROJECT_DYNAMIC_PRIOR heuristic (not measured velocity),0.0
105,-2.0363610982894897,-5.123718023300171,5.513551750452496,-2.152978539466858,0.0003637075424194336,0.5,2,vehicle,1.0,0.0,0.8,0.5,annotation,1.0,documented fallback 0.5 (no estimator),PROJECT_DYNAMIC_PRIOR heuristic (not measured velocity),0.00013764227517162973
106,-2.834718768484091,-2.358813875222922,3.687768077623665,-0.33911522317696213,0.6455307386479924,291.25,1165,vehicle,1.0,0.0,0.8,0.5,annotation,0.9974248927038627,documented fallback 0.5 (no estimator),PROJECT_DYNAMIC_PRIOR heuristic (not measured velocity),0.2442960598773241
107,-2.27936797229346,-0.7887769664265257,2.4119882785540714,-0.7486349116478935,0.4966364295602573,559.75,2239,vehicle,1.0,0.0,0.8,0.5,annotation,0.9973202322465387,documented fallback 0.5 (no estimator),PROJECT_DYNAMIC_PRIOR heuristic (not measured velocity),0.1879481729827776
108,-3.5327251382694125,1.0871917089672796,3.69623223223431,-1.8724571819518023,0.03339028903751916,78.5,314,unknown,0.5,0.0,0.2,0.5,fallback,1.0,documented fallback 0.5 (no estimator),PROJECT_DYNAMIC_PRIOR heuristic (not measured velocity),0.01263629376831118
109,-3.252929529052543,3.006123956841735,4.4292586021680656,-1.7653171605077282,0.04494119472808285,79.75,319,unknown,0.5,0.0,0.2,0.5,fallback,1.0,documented fallback 0.5 (no estimator),PROJECT_DYNAMIC_PRIOR heuristic (not measured velocity),0.01700764369678921
110,-2.920705727038493,4.838691243688569,5.651854111325227,-1.6462966786086104,0.03538680689769053,65.5,262,unknown,0.5,0.0,0.2,0.5,fallback,1.0,documented fallback 0.5 (no estimator),PROJECT_DYNAMIC_PRIOR heuristic (not measured velocity),0.013391860339371925
111,-2.878150082060269,6.837657017367227,7.41871291950395,-1.5427064799836703,0.03027017873515223,28.0,112,unknown,0.5,0.0,0.2,0.5,fallback,1.0,documented fallback 0.5 (no estimator),PROJECT_DYNAMIC_PRIOR heuristic (not measured velocity),0.011455512424192212
112,-3.0012705326080322,8.946335142309016,9.436341308389315,-1.444946937488787,0.03998759939585802,16.5,66,unknown,0.5,0.0,0.2,0.5,fallback,1.0,documented fallback 0.5 (no estimator),PROJECT_DYNAMIC_PRIOR heuristic (not measured velocity),0.0151329942812962
113,-2.977806297938029,10.925625801086426,11.324161315232347,-1.3238757967948913,0.013601292414393314,7.5,30,unknown,0.5,0.0,0.2,0.5,fallback,1.0,documented fallback 0.5 (no estimator),PROJECT_DYNAMIC_PRIOR heuristic (not measured velocity),0.005147302749726242
114,-2.9628682411634006,12.605449933272142,12.948975103641422,-1.20916492663897,0.011699078890086343,6.5,26,unknown,0.5,0.0,0.2,0.5,fallback,1.0,documented fallback 0.5 (no estimator),PROJECT_DYNAMIC_PRIOR heuristic (not measured velocity),0.004427424917096874
115,-2.975201639262113,14.559733434156938,14.86060774221483,-1.0398000207814304,0.010157632961606215,5.5,22,unknown,0.5,0.0,0.2,0.5,fallback,1.0,documented fallback 0.5 (no estimator),PROJECT_DYNAMIC_PRIOR heuristic (not measured velocity),0.0038440767598420704
116,-3.0237004505960563,17.088703456677887,17.354150807377742,-0.8096426129341125,0.008414526443401484,4.75,19,unknown,0.5,0.0,0.2,0.5,fallback,1.0,documented fallback 0.5 (no estimator),PROJECT_DYNAMIC_PRIOR heuristic (not measured velocity),0.0031844117294273005
117,-2.916443188985189,19.92450735304091,20.13682284115246,-0.20758369589869594,0.3206636305027508,2.25,9,unknown,0.5,0.0,0.2,0.5,fallback,0.5555555555555556,documented fallback 0.5 (no estimator),PROJECT_DYNAMIC_PRIOR heuristic (not measured velocity),0.1213526433177293
118,-2.883093105422126,20.64869711134169,20.84900281189638,0.011194739027814649,0.3878175708440057,9.0,36,vehicle,1.0,0.0,0.8,0.5,annotation,0.6944444444444444,documented fallback 0.5 (no estimator),PROJECT_DYNAMIC_PRIOR heuristic (not measured velocity),0.1467665268842427
119,-2.1875386238098145,26.837013244628906,26.92602096714342,4.5109769416740164e-05,0.0,0.25,1,unknown,0.5,0.0,0.2,0.5,fallback,1.0,documented fallback 0.5 (no estimator),PROJECT_DYNAMIC_PRIOR heuristic (not measured velocity),0.0
120,-2.6682662963867188,59.91853713989258,59.97791875359731,9.8540620803833,0.0,0.25,1,unknown,0.5,0.0,0.2,0.5,fallback,1.0,documented fallback 0.5 (no estimator),PROJECT_DYNAMIC_PRIOR heuristic (not measured velocity),0.0
121,-1.4330291748046875,-43.6588134765625,43.6823255653487,-4.075645923614502,0.0,0.25,1,unknown,0.5,0.0,0.2,0.5,fallback,1.0,documented fallback 0.5 (no estimator),PROJECT_DYNAMIC_PRIOR heuristic (not measured velocity),0.0
122,-1.3596237421035766,-35.600076293945314,35.62602993395165,-1.160588300228119,0.4071503904415899,1.25,5,unknown,0.5,0.0,0.2,0.5,fallback,1.0,documented fallback 0.5 (no estimator),PROJECT_DYNAMIC_PRIOR heuristic (not measured velocity),0.15408288127489603
123,-1.4522327184677124,-30.895214716593426,30.929327057875007,-3.6118475198745728,0.004805182495171075,1.5,6,unknown,0.5,0.0,0.2,0.5,fallback,1.0,documented fallback 0.5 (no estimator),PROJECT_DYNAMIC_PRIOR heuristic (not measured velocity),0.0018184837379245278
124,-1.4309405485788982,-23.309757232666016,23.353637256311764,-3.282648245493571,0.034878690487343364,2.25,9,unknown,0.5,0.0,0.2,0.5,fallback,1.0,documented fallback 0.5 (no estimator),PROJECT_DYNAMIC_PRIOR heuristic (not measured velocity),0.013199567657435811
125,-1.5076040253043175,-18.166064739227295,18.22851551846477,-2.779444098472595,0.37307592552828606,1.0,4,unknown,0.5,0.0,0.2,0.5,fallback,1.0,documented fallback 0.5 (no estimator),PROJECT_DYNAMIC_PRIOR heuristic (not measured velocity),0.14118766649676992
126,-0.9775253136952718,-17.70117696126302,17.728147719174267,-2.9127668539683023,0.009930017409444356,0.75,3,unknown,0.5,0.0,0.2,0.5,fallback,1.0,documented fallback 0.5 (no estimator),PROJECT_DYNAMIC_PRIOR heuristic (not measured velocity),0.0037579374341201
127,-1.8227575540542602,-14.065141487121583,14.182758904867931,-2.672333002090454,0.01141839725940412,1.25,5,unknown,0.5,0.0,0.2,0.5,fallback,1.0,documented fallback 0.5 (no estimator),PROJECT_DYNAMIC_PRIOR heuristic (not measured velocity),0.0043212031489449475
128,-1.2644639015197754,-13.950215021769205,14.007404046140804,-2.6400994459788003,0.016101498602254204,0.75,3,unknown,0.5,0.0,0.2,0.5,fallback,1.0,documented fallback 0.5 (no estimator),PROJECT_DYNAMIC_PRIOR heuristic (not measured velocity),0.006093486229469697
129,-1.300180108923661,-10.811168545170835,10.889069456465599,-2.4456177887163664,0.053756120594939,9.5,38,unknown,0.5,0.0,0.2,0.5,fallback,1.0,documented fallback 0.5 (no estimator),PROJECT_DYNAMIC_PRIOR heuristic (not measured velocity),0.020343583456828955
130,-1.315345754990211,-8.794832926530104,8.892649810981474,-2.3302054221813497,0.016432060522289165,6.5,26,unknown,0.5,0.0,0.2,0.5,fallback,1.0,documented fallback 0.5 (no estimator),PROJECT_DYNAMIC_PRIOR heuristic (not measured velocity),0.006218584803054525
131,-1.417134605136446,-6.85961225280514,7.004466485601143,-0.9725413582530965,1.0197121221200556,77.0,308,vehicle,1.0,0.0,0.8,0.5,annotation,0.7564935064935064,documented fallback 0.5 (no estimator),PROJECT_DYNAMIC_PRIOR heuristic (not measured velocity),0.3859020782880408
132,-1.5564100096098092,-4.858707751880507,5.1019068137508485,-0.5674539417558762,0.8426734500315777,178.5,714,vehicle,1.0,0.0,0.8,0.5,annotation,0.9453781512605042,documented fallback 0.5 (no estimator),PROJECT_DYNAMIC_PRIOR heuristic (not measured velocity),0.31890317730973605
133,-1.844515497865493,-2.974210304511505,3.4997377555080336,-0.4618215277109665,0.6261328936623874,353.0,1412,vehicle,1.0,0.0,0.8,0.5,annotation,0.9992917847025495,documented fallback 0.5 (no estimator),PROJECT_DYNAMIC_PRIOR heuristic (not measured velocity),0.23695509713708432
134,-0.41622682292749213,-0.6758806040920642,0.7937627851645399,-0.3165441702118155,0.17896967725424062,257.75,1031,unknown,0.5,0.0,0.2,0.5,fallback,0.9699321047526673,documented fallback 0.5 (no estimator),PROJECT_DYNAMIC_PRIOR heuristic (not measured velocity),0.06772967478248731
135,-0.3099553777000506,0.5409264625516874,0.6234370650305154,-0.3333376336787779,0.0810641702759276,321.75,1287,unknown,0.5,0.0,0.2,0.5,fallback,1.0,documented fallback 0.5 (no estimator),PROJECT_DYNAMIC_PRIOR heuristic (not measured velocity),0.03067810130484357
136,-1.6849764737215909,3.7738822286779232,4.132956906734728,-1.6733187892220236,0.010204290943202307,13.75,55,unknown,0.5,0.0,0.2,0.5,fallback,1.0,documented fallback 0.5 (no estimator),PROJECT_DYNAMIC_PRIOR heuristic (not measured velocity),0.0038617341081034827
137,-0.9957116697629292,4.888136447906494,4.988518784434314,-1.6026359688440959,0.030907598450895992,93.75,375,unknown,0.5,0.0,0.2,0.5,fallback,1.0,documented fallback 0.5 (no estimator),PROJECT_DYNAMIC_PRIOR heuristic (not measured velocity),0.011696738930881058
138,-1.0129460052321,6.9433127130780905,7.0168120283436055,-1.4977624314171927,0.03032002974031542,35.0,140,unknown,0.5,0.0,0.2,0.5,fallback,1.0,documented fallback 0.5 (no estimator),PROJECT_DYNAMIC_PRIOR heuristic (not measured velocity),0.011474378147252585
139,-0.9884688033395119,9.044005535744333,9.097862754831466,-1.3862467408180237,0.030488890118104656,18.5,74,unknown,0.5,0.0,0.2,0.5,fallback,1.0,documented fallback 0.5 (no estimator),PROJECT_DYNAMIC_PRIOR heuristic (not measured velocity),0.011538282036709044
140,-0.9746234985368867,10.924387993351106,10.96777753207887,-1.2823600115314606,0.008003708772461116,7.75,31,unknown,0.5,0.0,0.2,0.5,fallback,1.0,documented fallback 0.5 (no estimator),PROJECT_DYNAMIC_PRIOR heuristic (not measured velocity),0.0030289409945264208
141,-0.9680866750854032,12.551452707361292,12.588731344961058,-1.1756474000436288,0.0071428498989863035,6.75,27,unknown,0.5,0.0,0.2,0.5,fallback,1.0,documented fallback 0.5 (no estimator),PROJECT_DYNAMIC_PRIOR heuristic (not measured velocity),0.002703155685927805
142,-0.8311439855345364,14.644815642258216,14.668381830332246,-0.8656736067594403,0.3504226617371184,7.25,29,unknown,0.5,0.0,0.2,0.5,fallback,0.8275862068965517,documented fallback 0.5 (no estimator),PROJECT_DYNAMIC_PRIOR heuristic (not measured velocity),0.13261471596751298
143,-0.9942532321438193,16.844004948933918,16.873323389579742,-0.7873381574948629,0.004136669489620103,5.25,21,unknown,0.5,0.0,0.2,0.5,fallback,1.0,documented fallback 0.5 (no estimator),PROJECT_DYNAMIC_PRIOR heuristic (not measured velocity),0.0015654902188631439
144,-1.7495444019635518,19.671855926513672,19.749501796449273,0.6893282036344317,0.44122476179293,1.5,6,vehicle,1.0,0.0,0.8,0.5,annotation,1.0,documented fallback 0.5 (no estimator),PROJECT_DYNAMIC_PRIOR heuristic (not measured velocity),0.16697806064522863
145,-1.2995299196669035,20.770271709987096,20.810885731241708,0.0572194651404061,0.6308956135847338,7.0,28,unknown,0.5,0.0,0.2,0.5,fallback,0.5,documented fallback 0.5 (no estimator),PROJECT_DYNAMIC_PRIOR heuristic (not measured velocity),0.2387575112463881
146,-0.8550771214067936,26.59766459465027,26.611405802269555,1.654033371778496e-05,6.563826514724365e-06,2.0,8,unknown,0.5,0.0,0.2,0.5,fallback,1.0,documented fallback 0.5 (no estimator),PROJECT_DYNAMIC_PRIOR heuristic (not measured velocity),2.4840288142186645e-06
147,-0.7482211738824844,36.99067783355713,36.998244303089045,0.8590212613344193,0.003309856271282955,1.0,4,unknown,0.5,0.0,0.2,0.5,fallback,1.0,documented fallback 0.5 (no estimator),PROJECT_DYNAMIC_PRIOR heuristic (not measured velocity),0.001252589222208361
148,-1.5965481996536255,39.40897750854492,39.4413041673677,0.9157398343086243,0.0,0.25,1,unknown,0.5,0.0,0.2,0.5,fallback,1.0,documented fallback 0.5 (no estimator),PROJECT_DYNAMIC_PRIOR heuristic (not measured velocity),0.0
149,-1.8697082996368408,40.395931243896484,40.43917741729353,0.9389177560806274,0.0,0.25,1,unknown,0.5,0.0,0.2,0.5,fallback,1.0,documented fallback 0.5 (no estimator),PROJECT_DYNAMIC_PRIOR heuristic (not measured velocity),0.0
150,-0.25269678235054016,45.034366607666016,45.03507556802224,6.598671913146973,0.8932907741694923,1.0,4,unknown,0.5,0.0,0.2,0.5,fallback,1.0,documented fallback 0.5 (no estimator),PROJECT_DYNAMIC_PRIOR heuristic (not measured velocity),0.33805890779334496
151,-0.5641498068968455,46.9809455871582,46.984332636189926,6.611981232961019,0.961671546768235,0.75,3,unknown,0.5,0.0,0.2,0.5,fallback,1.0,documented fallback 0.5 (no estimator),PROJECT_DYNAMIC_PRIOR heuristic (not measured velocity),0.36393707643366036
152,-0.8673864801724752,48.81352742513021,48.82123328009981,6.870258967081706,0.9985541096720323,0.75,3,unknown,0.5,0.0,0.2,0.5,fallback,1.0,documented fallback 0.5 (no estimator),PROJECT_DYNAMIC_PRIOR heuristic (not measured velocity),0.37789499393646814
153,-0.9084637140234312,51.11818250020345,51.12625439481953,6.580824136734009,2.0519563534125065,1.5,6,unknown,0.5,0.0,0.2,0.5,fallback,1.0,documented fallback 0.5 (no estimator),PROJECT_DYNAMIC_PRIOR heuristic (not measured velocity),0.7765468352890749
154,-0.9389189183712006,52.87810802459717,52.88644322504816,4.935544908046722,1.92760355019713,1.0,4,unknown,0.5,0.0,0.2,0.5,fallback,1.0,documented fallback 0.5 (no estimator),PROJECT_DYNAMIC_PRIOR heuristic (not measured velocity),0.7294864893730265
155,-0.6095603108406067,54.573272705078125,54.5766768639808,2.5451414585113525,0.0,0.25,1,unknown,0.5,0.0,0.2,0.5,fallback,1.0,documented fallback 0.5 (no estimator),PROJECT_DYNAMIC_PRIOR heuristic (not measured velocity),0.0
156,-1.6757656335830688,60.37638854980469,60.39963977355895,5.63503885269165,0.0,0.25,1,unknown,0.5,0.0,0.2,0.5,fallback,1.0,documented fallback 0.5 (no estimator),PROJECT_DYNAMIC_PRIOR heuristic (not measured velocity),0.0
157,0.8386683848686516,-6.913925731182099,6.964605780378392,-0.9595444560050964,0.1268681707153261,10.0,40,vehicle,1.0,0.0,0.8,0.5,annotation,1.0,documented fallback 0.5 (no estimator),PROJECT_DYNAMIC_PRIOR heuristic (not measured velocity),0.048012267075787644
158,0.7653259385871813,-5.0240592165112,5.082016804703176,-0.6966870585417846,0.2151332515386268,60.25,241,vehicle,1.0,0.0,0.8,0.5,annotation,1.0,documented fallback 0.5 (no estimator),PROJECT_DYNAMIC_PRIOR heuristic (not measured velocity),0.08141549666489652
159,0.7730659770419299,-3.5935915895410484,3.6758035199504278,-1.1124984747654683,0.13737856251355007,92.5,370,vehicle,1.0,0.0,0.8,0.5,annotation,1.0,documented fallback 0.5 (no estimator),PROJECT_DYNAMIC_PRIOR heuristic (not measured velocity),0.05198984265871151
160,0.048885772088664466,-0.12348061626990016,0.13280542649718488,-0.06684882095312886,0.13919287456290735,1170.0,4680,unknown,0.5,0.0,0.2,0.5,fallback,1.0,documented fallback 0.5 (no estimator),PROJECT_DYNAMIC_PRIOR heuristic (not measured velocity),0.05267645486555117
161,0.23088408879811215,0.437178238386027,0.4944009249368819,-0.2630709663656571,0.16154228932083647,380.75,1523,unknown,0.5,0.0,0.2,0.5,fallback,1.0,documented fallback 0.5 (no estimator),PROJECT_DYNAMIC_PRIOR heuristic (not measured velocity),0.06113441610433189
162,1.7020646860966315,3.775937502200787,4.141826676260553,-1.68015049971067,0.007088978761702413,13.0,52,unknown,0.5,0.0,0.2,0.5,fallback,1.0,documented fallback 0.5 (no estimator),PROJECT_DYNAMIC_PRIOR heuristic (not measured velocity),0.002682768575304493
163,0.9803580560218664,4.885290838335219,4.982686874882768,-1.607612161981351,0.03175896817707771,96.75,387,unknown,0.5,0.0,0.2,0.5,fallback,1.0,documented fallback 0.5 (no estimator),PROJECT_DYNAMIC_PRIOR heuristic (not measured velocity),0.012018933145893404
164,0.9891977646879645,6.967585401402579,7.037453981625884,-1.5021173995402124,0.032575600117689216,36.0,144,unknown,0.5,0.0,0.2,0.5,fallback,1.0,documented fallback 0.5 (no estimator),PROJECT_DYNAMIC_PRIOR heuristic (not measured velocity),0.012327981117612302
165,1.0145524635910987,9.02541483561198,9.082259061283352,-1.3856888310114543,0.03465135061764841,18.75,75,unknown,0.5,0.0,0.2,0.5,fallback,1.0,documented fallback 0.5 (no estimator),PROJECT_DYNAMIC_PRIOR heuristic (not measured velocity),0.013113532661587554
166,1.0201005920534953,10.809627443552017,10.857654013934171,-1.2696405313909054,0.001074633505428023,8.0,32,unknown,0.5,0.0,0.2,0.5,fallback,1.0,documented fallback 0.5 (no estimator),PROJECT_DYNAMIC_PRIOR heuristic (not measured velocity),0.0004066866463060558
167,1.021615085857255,12.332764557429723,12.375006222731603,-1.1558239672865187,0.004154218101151549,7.0,28,unknown,0.5,0.0,0.2,0.5,fallback,1.0,documented fallback 0.5 (no estimator),PROJECT_DYNAMIC_PRIOR heuristic (not measured velocity),0.0015721313536639883
168,1.0311240275738804,14.98617858013124,15.021609940210288,0.08151542066333195,0.6976885174351708,32.75,131,vehicle,1.0,0.0,0.8,0.5,annotation,0.816793893129771,documented fallback 0.5 (no estimator),PROJECT_DYNAMIC_PRIOR heuristic (not measured velocity),0.26403476337632037
169,1.0571271072734485,16.644132267345082,16.677669401142655,-0.7784572839736938,0.002633079825922844,2.75,11,unknown,0.5,0.0,0.2,0.5,fallback,1.0,documented fallback 0.5 (no estimator),PROJECT_DYNAMIC_PRIOR heuristic (not measured velocity),0.0009964684689727622
170,0.7849218249320984,28.361127853393555,28.37198751211819,3.987426996231079,0.00014257431030273438,0.5,2,unknown,0.5,0.0,0.2,0.5,fallback,1.0,documented fallback 0.5 (no estimator),PROJECT_DYNAMIC_PRIOR heuristic (not measured velocity),5.395613277786599e-05
171,1.9090617299079895,31.75572109222412,31.813052962199766,5.608988523483276,0.3650834560394287,0.5,2,unknown,0.5,0.0,0.2,0.5,fallback,1.0,documented fallback 0.5 (no estimator),PROJECT_DYNAMIC_PRIOR heuristic (not measured velocity),0.13816297892123017
172,1.7702713161706924,32.848819732666016,32.89648641362851,5.021135717630386,0.8954957517860617,2.0,8,unknown,0.5,0.0,0.2,0.5,fallback,1.0,documented fallback 0.5 (no estimator),PROJECT_DYNAMIC_PRIOR heuristic (not measured velocity),0.3388933643290225
173,0.6784373621145884,41.916552225748696,41.92204226595158,7.3384581671820746,0.6859683686538298,2.25,9,unknown,0.5,0.0,0.2,0.5,fallback,1.0,documented fallback 0.5 (no estimator),PROJECT_DYNAMIC_PRIOR heuristic (not measured velocity),0.2595993647236484
174,1.0797301600484743,42.28246307373047,42.29624688787291,5.860783214154451,1.24265364744798,5.75,23,unknown,0.5,0.0,0.2,0.5,fallback,1.0,documented fallback 0.5 (no estimator),PROJECT_DYNAMIC_PRIOR heuristic (not measured velocity),0.4702725551064214
175,0.043891774490475655,50.14578437805176,50.14580358691969,4.092989802360535,0.5896884202957153,0.5,2,unknown,0.5,0.0,0.2,0.5,fallback,1.0,documented fallback 0.5 (no estimator),PROJECT_DYNAMIC_PRIOR heuristic (not measured velocity),0.22316297119366427
176,0.4420747756958008,64.9225082397461,64.92401332517272,6.057095527648926,0.0,0.25,1,unknown,0.5,0.0,0.2,0.5,fallback,1.0,documented fallback 0.5 (no estimator),PROJECT_DYNAMIC_PRIOR heuristic (not measured velocity),0.0
177,3.4910178581873574,-12.72474972407023,13.194940743573214,-0.7916991636157036,0.2867342153437112,3.0,12,unknown,0.5,0.0,0.2,0.5,fallback,0.9166666666666666,documented fallback 0.5 (no estimator),PROJECT_DYNAMIC_PRIOR heuristic (not measured velocity),0.10851232148478987
178,3.526686906814575,-10.98024107615153,11.532701965675809,-1.3129125038782756,0.4449619289813637,3.75,15,unknown,0.5,0.0,0.2,0.5,fallback,1.0,documented fallback 0.5 (no estimator),PROJECT_DYNAMIC_PRIOR heuristic (not measured velocity),0.1683923623423861
179,3.6815430777413503,-8.919470254476968,9.649389050803407,-1.6604476969737512,0.4510908825499836,19.25,77,unknown,0.5,0.0,0.2,0.5,fallback,1.0,documented fallback 0.5 (no estimator),PROJECT_DYNAMIC_PRIOR heuristic (not measured velocity),0.1707118168909345
180,3.3889502121851995,-6.786561371729924,7.5856706224912545,-2.1035908222198487,0.04703761944081662,16.25,65,unknown,0.5,0.0,0.2,0.5,fallback,1.0,documented fallback 0.5 (no estimator),PROJECT_DYNAMIC_PRIOR heuristic (not measured velocity),0.01780101923491302
181,3.0314904683009143,-4.84186794633549,5.712584324905003,-2.025161625084719,0.023989825303654757,52.75,211,unknown,0.5,0.0,0.2,0.5,fallback,1.0,documented fallback 0.5 (no estimator),PROJECT_DYNAMIC_PRIOR heuristic (not measured velocity),0.009078761781511355
182,3.206291379369035,-2.9094653829019896,4.329583493099678,-1.9454039326127694,0.023590160296749357,98.0,392,unknown,0.5,0.0,0.2,0.5,fallback,1.0,documented fallback 0.5 (no estimator),PROJECT_DYNAMIC_PRIOR heuristic (not measured velocity),0.008927511685098713
183,3.3800109115985073,-1.018130298503288,3.5300230972693885,-1.8807220192766,0.020950636504358962,126.5,506,unknown,0.5,0.0,0.2,0.5,fallback,1.0,documented fallback 0.5 (no estimator),PROJECT_DYNAMIC_PRIOR heuristic (not measured velocity),0.007928604547409257
184,3.511240277840541,1.104690897438335,3.6809170416640518,-1.6779771835198727,0.4060282773286465,130.0,520,unknown,0.5,0.0,0.2,0.5,fallback,1.0,documented fallback 0.5 (no estimator),PROJECT_DYNAMIC_PRIOR heuristic (not measured velocity),0.15365822634242465
185,3.221446226958801,2.954726597174209,4.371284142816133,-1.7369614345352857,0.029528939327513368,89.25,357,unknown,0.5,0.0,0.2,0.5,fallback,1.0,documented fallback 0.5 (no estimator),PROJECT_DYNAMIC_PRIOR heuristic (not measured velocity),0.011174996166993932
186,2.918379191726331,4.845150675092425,5.656184418055145,-1.6518711054187023,0.025531964681550844,64.75,259,unknown,0.5,0.0,0.2,0.5,fallback,1.0,documented fallback 0.5 (no estimator),PROJECT_DYNAMIC_PRIOR heuristic (not measured velocity),0.009662372369274731
187,2.908979329012208,6.849260475675939,7.441406439664273,-1.5593286045527055,0.031800751552084165,29.5,118,unknown,0.5,0.0,0.2,0.5,fallback,1.0,documented fallback 0.5 (no estimator),PROJECT_DYNAMIC_PRIOR heuristic (not measured velocity),0.01203474573741125
188,2.9963011741638184,8.893589274984011,9.384761633542224,-1.432572406782231,0.04728730247308621,17.75,71,unknown,0.5,0.0,0.2,0.5,fallback,1.0,documented fallback 0.5 (no estimator),PROJECT_DYNAMIC_PRIOR heuristic (not measured velocity),0.017895509825910184
189,3.1706684642367895,11.02549934387207,11.472348246624538,-1.2504055976867676,0.06298996798194088,11.25,45,unknown,0.5,0.0,0.2,0.5,fallback,1.0,documented fallback 0.5 (no estimator),PROJECT_DYNAMIC_PRIOR heuristic (not measured velocity),0.023838060790127825
190,2.965349628079322,13.053690141247165,13.386266272581148,-1.066951657495191,0.07780202501375262,7.75,31,unknown,0.5,0.0,0.2,0.5,fallback,1.0,documented fallback 0.5 (no estimator),PROJECT_DYNAMIC_PRIOR heuristic (not measured velocity),0.02944356794092363
191,2.85849223353646,14.745563116940586,15.020073551246906,0.1968898798096978,0.5822912757202948,27.5,110,vehicle,1.0,0.0,0.8,0.5,annotation,0.9272727272727272,documented fallback 0.5 (no estimator),PROJECT_DYNAMIC_PRIOR heuristic (not measured velocity),0.22036357967606907
192,3.0756026840209962,16.293798522949217,16.581531961083066,-0.5878030252456665,0.503299295560203,6.25,25,unknown,0.5,0.0,0.2,0.5,fallback,0.88,documented fallback 0.5 (no estimator),PROJECT_DYNAMIC_PRIOR heuristic (not measured velocity),0.1904696825156721
193,3.3282998852107837,24.674260927283246,24.897725446987135,4.170830322348553,0.47591468749703747,5.75,23,unknown,0.5,0.0,0.2,0.5,fallback,1.0,documented fallback 0.5 (no estimator),PROJECT_DYNAMIC_PRIOR heuristic (not measured velocity),0.18010619174662265
194,3.051126377923148,26.974803243364608,27.146811639533144,3.9558038881846835,0.8466999516019433,3.5,14,unknown,0.5,0.0,0.2,0.5,fallback,1.0,documented fallback 0.5 (no estimator),PROJECT_DYNAMIC_PRIOR heuristic (not measured velocity),0.3204269753410899
195,2.407448689142863,28.961449729071724,29.061338227968864,4.77516147825453,0.5502363049841882,2.25,9,unknown,0.5,0.0,0.2,0.5,fallback,1.0,documented fallback 0.5 (no estimator),PROJECT_DYNAMIC_PRIOR heuristic (not measured velocity),0.2082326266765033
196,2.392138659954071,30.669946908950806,30.763094297653282,4.600931286811829,0.9549461799198169,2.0,8,unknown,0.5,0.0,0.2,0.5,fallback,1.0,documented fallback 0.5 (no estimator),PROJECT_DYNAMIC_PRIOR heuristic (not measured velocity),0.3613919139434292
197,2.6244743210928783,32.772871834891184,32.87778876032085,3.6229176180703297,0.35483971749432225,1.75,7,unknown,0.5,0.0,0.2,0.5,fallback,1.0,documented fallback 0.5 (no estimator),PROJECT_DYNAMIC_PRIOR heuristic (not measured velocity),0.13428631617667325
198,2.60005521774292,34.02265167236328,34.121856836260775,3.183351516723633,0.0,0.25,1,unknown,0.5,0.0,0.2,0.5,fallback,1.0,documented fallback 0.5 (no estimator),PROJECT_DYNAMIC_PRIOR heuristic (not measured velocity),0.0
199,2.64547336101532,38.97452354431152,39.06420375241168,3.6444642543792725,0.044960737228393555,0.5,2,unknown,0.5,0.0,0.2,0.5,fallback,1.0,documented fallback 0.5 (no estimator),PROJECT_DYNAMIC_PRIOR heuristic (not measured velocity),0.017015039403206006
200,2.3065853118896484,41.09142303466797,41.15610990867658,3.839637279510498,0.05416226387023926,0.5,2,unknown,0.5,0.0,0.2,0.5,fallback,1.0,documented fallback 0.5 (no estimator),PROJECT_DYNAMIC_PRIOR heuristic (not measured velocity),0.020497285203254435
201,2.014735778172811,42.30127080281576,42.349222800294726,4.950543562571208,0.8097119187084245,0.75,3,unknown,0.5,0.0,0.2,0.5,fallback,1.0,documented fallback 0.5 (no estimator),PROJECT_DYNAMIC_PRIOR heuristic (not measured velocity),0.3064291435454659
202,4.561059951782227,-69.96133422851562,70.10985347950617,-3.2700698375701904,0.0,0.25,1,unknown,0.5,0.0,0.2,0.5,fallback,1.0,documented fallback 0.5 (no estimator),PROJECT_DYNAMIC_PRIOR heuristic (not measured velocity),0.0
203,4.777101516723633,-23.79886245727539,24.273577263382407,-1.1322107315063477,0.0,0.25,1,unknown,0.5,0.0,0.2,0.5,fallback,1.0,documented fallback 0.5 (no estimator),PROJECT_DYNAMIC_PRIOR heuristic (not measured velocity),0.0
204,4.427142262458801,-18.800074100494385,19.314304926559707,-0.9009309858083725,0.02165965251540852,1.0,4,unknown,0.5,0.0,0.2,0.5,fallback,1.0,documented fallback 0.5 (no estimator),PROJECT_DYNAMIC_PRIOR heuristic (not measured velocity),0.00819692611216095
205,4.627661800384521,-16.97223663330078,17.591818270875105,-1.2304506301879883,0.2545892056812602,1.25,5,unknown,0.5,0.0,0.2,0.5,fallback,1.0,documented fallback 0.5 (no estimator),PROJECT_DYNAMIC_PRIOR heuristic (not measured velocity),0.09634729395766932
206,4.6954021790448355,-12.639462280273438,13.48342717403235,0.4197431314948891,1.2168703556942473,21.25,85,unknown,0.5,0.0,0.2,0.5,fallback,0.611764705882353,documented fallback 0.5 (no estimator),PROJECT_DYNAMIC_PRIOR heuristic (not measured velocity),0.46051506997210145
207,4.935658060271164,-11.029968590571963,12.083911932686524,-0.7835895803479522,1.0535487848082306,29.0,116,vehicle,1.0,0.0,0.8,0.5,annotation,0.7758620689655172,documented fallback 0.5 (no estimator),PROJECT_DYNAMIC_PRIOR heuristic (not measured velocity),0.3987072986737221
208,5.184557813279172,-9.33214737506623,10.675608383094128,-1.685026003959331,0.6064415738722148,23.5,94,vehicle,1.0,0.0,0.8,0.5,annotation,0.5425531914893617,documented fallback 0.5 (no estimator),PROJECT_DYNAMIC_PRIOR heuristic (not measured velocity),0.22950307115208046
209,4.529219147185205,-6.825700850553916,8.191704229553306,-1.12062297541071,0.7899106487371098,35.5,142,unknown,0.5,0.0,0.2,0.5,fallback,1.0,documented fallback 0.5 (no estimator),PROJECT_DYNAMIC_PRIOR heuristic (not measured velocity),0.2989355077742386
210,4.59618529427815,-5.072047719814507,6.844748887389096,-1.3633775749964079,0.732465667156911,50.75,203,unknown,0.5,0.0,0.2,0.5,fallback,1.0,documented fallback 0.5 (no estimator),PROJECT_DYNAMIC_PRIOR heuristic (not measured velocity),0.27719590372508035
211,4.397830434873993,-2.75235674038432,5.188099860280541,-1.3041122597371178,0.7333021967569026,76.5,306,unknown,0.5,0.0,0.2,0.5,fallback,1.0,documented fallback 0.5 (no estimator),PROJECT_DYNAMIC_PRIOR heuristic (not measured velocity),0.2775124818103884
212,4.46127485384008,-0.9737455012678213,4.566306343506221,-1.3289072903582413,0.6404622297998261,162.25,649,unknown,0.5,0.0,0.2,0.5,fallback,1.0,documented fallback 0.5 (no estimator),PROJECT_DYNAMIC_PRIOR heuristic (not measured velocity),0.242377922340367
213,4.228043921047336,0.9265493113849761,4.328377181431085,-1.295827162902498,0.5144267475598848,144.75,579,unknown,0.5,0.0,0.2,0.5,fallback,1.0,documented fallback 0.5 (no estimator),PROJECT_DYNAMIC_PRIOR heuristic (not measured velocity),0.19468077970631828
214,4.7055467179164525,3.031468188122199,5.597496698533299,-0.8752003343031829,0.8241471718453254,144.25,577,unknown,0.5,0.0,0.2,0.5,fallback,1.0,documented fallback 0.5 (no estimator),PROJECT_DYNAMIC_PRIOR heuristic (not measured velocity),0.3118920522089055
215,5.113619814614881,4.884841120805863,7.071830059039726,-1.304080844685361,0.7818140259341884,58.25,233,unknown,0.5,0.0,0.2,0.5,fallback,1.0,documented fallback 0.5 (no estimator),PROJECT_DYNAMIC_PRIOR heuristic (not measured velocity),0.29587140419148855
216,4.940456549326579,6.891222106085883,8.479212995979678,-1.4954381759720619,0.05879702261676237,24.75,99,unknown,0.5,0.0,0.2,0.5,fallback,1.0,documented fallback 0.5 (no estimator),PROJECT_DYNAMIC_PRIOR heuristic (not measured velocity),0.022251273406246854
217,4.880223482305353,8.816308212280273,10.076897922037572,-1.4215101697228172,0.06198882339238534,13.75,55,unknown,0.5,0.0,0.2,0.5,fallback,1.0,documented fallback 0.5 (no estimator),PROJECT_DYNAMIC_PRIOR heuristic (not measured velocity),0.02345918544933745
218,4.883071114035213,10.967152707716998,12.005116493358546,-1.2407482511856978,0.07052100705759032,12.75,51,unknown,0.5,0.0,0.2,0.5,fallback,1.0,documented fallback 0.5 (no estimator),PROJECT_DYNAMIC_PRIOR heuristic (not measured velocity),0.026688123634256097
219,5.022622089385987,13.392295188903809,14.3031571018263,-1.0011585998535155,0.003946948280655455,6.25,25,unknown,0.5,0.0,0.2,0.5,fallback,1.0,documented fallback 0.5 (no estimator),PROJECT_DYNAMIC_PRIOR heuristic (not measured velocity),0.0014936917109837234
220,4.715398402924233,14.810266961442663,15.542811507816097,-0.25638155926324235,0.418516859278496,11.75,47,vehicle,1.0,0.0,0.8,0.5,annotation,0.7872340425531915,documented fallback 0.5 (no estimator),PROJECT_DYNAMIC_PRIOR heuristic (not measured velocity),0.158384432518436
221,4.169168949127197,16.028473536173504,16.561821567272748,-0.772442897160848,0.00027495989948193216,0.75,3,unknown,0.5,0.0,0.2,0.5,fallback,1.0,documented fallback 0.5 (no estimator),PROJECT_DYNAMIC_PRIOR heuristic (not measured velocity),0.00010405642372412226
222,5.1311589649745395,23.522475160871235,24.075623149103386,3.805048131942749,0.6743392988388524,8.75,35,unknown,0.5,0.0,0.2,0.5,fallback,1.0,documented fallback 0.5 (no estimator),PROJECT_DYNAMIC_PRIOR heuristic (not measured velocity),0.2551984341935432
223,4.863375680787223,24.758445807865687,25.231588571342364,3.1507759945733205,0.7950280365045488,7.0,28,unknown,0.5,0.0,0.2,0.5,fallback,1.0,documented fallback 0.5 (no estimator),PROJECT_DYNAMIC_PRIOR heuristic (not measured velocity),0.30087214315595273
224,5.181909084320068,51.82341766357422,52.08184712633966,4.858879089355469,0.0,0.25,1,unknown,0.5,0.0,0.2,0.5,fallback,1.0,documented fallback 0.5 (no estimator),PROJECT_DYNAMIC_PRIOR heuristic (not measured velocity),0.0
225,6.792423248291016,-31.02259635925293,31.75749515394842,-1.4812989234924316,0.0,0.25,1,unknown,0.5,0.0,0.2,0.5,fallback,1.0,documented fallback 0.5 (no estimator),PROJECT_DYNAMIC_PRIOR heuristic (not measured velocity),0.0
226,7.992862701416016,-25.5364933013916,26.758145382214096,-3.124727725982666,0.0,0.25,1,unknown,0.5,0.0,0.2,0.5,fallback,1.0,documented fallback 0.5 (no estimator),PROJECT_DYNAMIC_PRIOR heuristic (not measured velocity),0.0
227,7.657250881195068,-23.058792114257812,24.296941882181816,-2.8373167514801025,0.0,0.25,1,unknown,0.5,0.0,0.2,0.5,fallback,1.0,documented fallback 0.5 (no estimator),PROJECT_DYNAMIC_PRIOR heuristic (not measured velocity),0.0
228,7.219574451446533,-20.931891123453777,22.141958388184694,-2.5856998761494956,0.03495417978996396,0.75,3,unknown,0.5,0.0,0.2,0.5,fallback,1.0,documented fallback 0.5 (no estimator),PROJECT_DYNAMIC_PRIOR heuristic (not measured velocity),0.01322813599367294
229,7.450075149536133,-14.518116474151611,16.318067461889235,-1.90561044216156,0.0012727975845336914,0.5,2,unknown,0.5,0.0,0.2,0.5,fallback,1.0,documented fallback 0.5 (no estimator),PROJECT_DYNAMIC_PRIOR heuristic (not measured velocity),0.0004816802923656147
230,7.377383809340627,-12.825225026983963,14.795681426115427,-1.9488685507523387,0.24415754881859425,4.75,19,unknown,0.5,0.0,0.2,0.5,fallback,1.0,documented fallback 0.5 (no estimator),PROJECT_DYNAMIC_PRIOR heuristic (not measured velocity),0.09239951499538633
231,6.072444438934326,-10.907051086425781,12.48352293488686,-2.352219502131144,0.0012212877676144737,0.75,3,vehicle,1.0,0.0,0.8,0.5,annotation,1.0,documented fallback 0.5 (no estimator),PROJECT_DYNAMIC_PRIOR heuristic (not measured velocity),0.0004621868049683723
232,7.012909173965454,-8.854998975992203,11.295658544197934,-2.154255725443363,0.1127336078543876,8.0,32,unknown,0.5,0.0,0.2,0.5,fallback,0.96875,documented fallback 0.5 (no estimator),PROJECT_DYNAMIC_PRIOR heuristic (not measured velocity),0.042663152295835144
233,6.9493664458945945,-6.926331502419931,9.811613632871017,-1.938619919397213,0.28132303025431454,13.5,54,unknown,0.5,0.0,0.2,0.5,fallback,0.8148148148148148,documented fallback 0.5 (no estimator),PROJECT_DYNAMIC_PRIOR heuristic (not measured velocity),0.10646450080412763
234,6.8807923567922495,-4.908782477127878,8.452304352367367,-1.960705636676989,0.03773248266874802,23.75,95,unknown,0.5,0.0,0.2,0.5,fallback,1.0,documented fallback 0.5 (no estimator),PROJECT_DYNAMIC_PRIOR heuristic (not measured velocity),0.014279562991331193
235,7.050918619511491,-3.249193502684771,7.763550205728225,-1.8365828869706493,0.13348012022070488,14.75,59,unknown,0.5,0.0,0.2,0.5,fallback,1.0,documented fallback 0.5 (no estimator),PROJECT_DYNAMIC_PRIOR heuristic (not measured velocity),0.05051450765948921
236,7.44625123602445,-0.93397866283121,7.504596832116941,-1.4297374646520353,0.24982405501503516,45.75,183,unknown,0.5,0.0,0.2,0.5,fallback,1.0,documented fallback 0.5 (no estimator),PROJECT_DYNAMIC_PRIOR heuristic (not measured velocity),0.09454395995235347
237,7.0033335918965545,0.849674967244146,7.054688437439887,-1.3161310906643453,0.24024890758530504,46.0,184,unknown,0.5,0.0,0.2,0.5,fallback,1.0,documented fallback 0.5 (no estimator),PROJECT_DYNAMIC_PRIOR heuristic (not measured velocity),0.09092032028691051
238,6.575870291392008,2.485257705052694,7.0298347028743,-1.4525933980941772,0.17549076256482438,3.75,15,unknown,0.5,0.0,0.2,0.5,fallback,1.0,documented fallback 0.5 (no estimator),PROJECT_DYNAMIC_PRIOR heuristic (not measured velocity),0.066413106724003
239,6.272432418969961,5.262589509670551,8.187689344243582,-0.9714467342083271,0.5964416867080324,6.5,26,unknown,0.5,0.0,0.2,0.5,fallback,1.0,documented fallback 0.5 (no estimator),PROJECT_DYNAMIC_PRIOR heuristic (not measured velocity),0.22571869205567358
240,6.986342725546463,6.928999641667241,9.839716495561278,-0.9914732592360056,0.6106909676814568,23.0,92,unknown,0.5,0.0,0.2,0.5,fallback,1.0,documented fallback 0.5 (no estimator),PROJECT_DYNAMIC_PRIOR heuristic (not measured velocity),0.23111122100818052
241,6.843560450785869,8.821980734129209,11.165198776417167,-1.3063842315931578,0.012541843931054206,9.25,37,unknown,0.5,0.0,0.2,0.5,fallback,1.0,documented fallback 0.5 (no estimator),PROJECT_DYNAMIC_PRIOR heuristic (not measured velocity),0.004746362756280191
242,6.979577098573957,10.875744819641113,12.922705670906868,-1.207105623824256,0.010299169182089264,7.0,28,unknown,0.5,0.0,0.2,0.5,fallback,1.0,documented fallback 0.5 (no estimator),PROJECT_DYNAMIC_PRIOR heuristic (not measured velocity),0.003897640035645722
243,7.009273052215576,12.799049417177836,14.592654820281187,-1.0213947395483653,0.0071554025540128885,6.0,24,unknown,0.5,0.0,0.2,0.5,fallback,1.0,documented fallback 0.5 (no estimator),PROJECT_DYNAMIC_PRIOR heuristic (not measured velocity),0.0027079061400586443
244,6.976974805196126,15.265628950936454,16.784445319998238,-0.7833613668169294,0.003501760734630076,5.25,21,unknown,0.5,0.0,0.2,0.5,fallback,1.0,documented fallback 0.5 (no estimator),PROJECT_DYNAMIC_PRIOR heuristic (not measured velocity),0.0013252139656353948
245,7.428840001424153,19.10131369696723,20.495068887825372,-0.4760505325264401,0.0010706765672411796,2.25,9,unknown,0.5,0.0,0.2,0.5,fallback,1.0,documented fallback 0.5 (no estimator),PROJECT_DYNAMIC_PRIOR heuristic (not measured velocity),0.0004051891739931981
246,6.994786140530608,23.432370740313864,24.454100508161744,4.034532929575721,0.474493887582503,10.75,43,unknown,0.5,0.0,0.2,0.5,fallback,1.0,documented fallback 0.5 (no estimator),PROJECT_DYNAMIC_PRIOR heuristic (not measured velocity),0.1795685011298725
247,7.084647688754769,24.544085436089095,25.546122264794302,2.2053861812103626,0.6392535250890944,10.75,43,unknown,0.5,0.0,0.2,0.5,fallback,1.0,documented fallback 0.5 (no estimator),PROJECT_DYNAMIC_PRIOR heuristic (not measured velocity),0.24192049749487418
248,9.203946590423584,-34.22952651977539,35.44535397774124,4.144691467285156,0.0012774467468261719,0.5,2,unknown,0.5,0.0,0.2,0.5,fallback,1.0,documented fallback 0.5 (no estimator),PROJECT_DYNAMIC_PRIOR heuristic (not measured velocity),0.00048343973147793644
249,8.104769706726074,-25.380281448364258,26.64293486831448,-3.1112749576568604,0.0,0.25,1,unknown,0.5,0.0,0.2,0.5,fallback,1.0,documented fallback 0.5 (no estimator),PROJECT_DYNAMIC_PRIOR heuristic (not measured velocity),0.0
250,8.179883241653442,-12.773021697998047,15.167747794073177,-2.036253869533539,0.25852670402099304,1.0,4,unknown,0.5,0.0,0.2,0.5,fallback,1.0,documented fallback 0.5 (no estimator),PROJECT_DYNAMIC_PRIOR heuristic (not measured velocity),0.09783740941241108
251,8.496802965799967,-11.166777080959744,14.031841326621212,-2.307464506891039,0.061069129526699815,4.5,18,unknown,0.5,0.0,0.2,0.5,fallback,1.0,documented fallback 0.5 (no estimator),PROJECT_DYNAMIC_PRIOR heuristic (not measured velocity),0.023111134498036687
252,9.42328945795695,-8.911863194571602,12.969953346377254,-1.8188524941603343,0.23190388602527473,9.0,36,unknown,0.5,0.0,0.2,0.5,fallback,1.0,documented fallback 0.5 (no estimator),PROJECT_DYNAMIC_PRIOR heuristic (not measured velocity),0.08776221213705461
253,8.885326633453369,-6.740960693359375,11.153007686385402,-1.8327604198455811,0.19615426512690107,12.5,50,unknown,0.5,0.0,0.2,0.5,fallback,1.0,documented fallback 0.5 (no estimator),PROJECT_DYNAMIC_PRIOR heuristic (not measured velocity),0.07423304767639351
254,8.823972625117149,-5.189505230995916,10.236867559529662,-1.6185685261603324,0.2365476603590995,15.5,62,unknown,0.5,0.0,0.2,0.5,fallback,1.0,documented fallback 0.5 (no estimator),PROJECT_DYNAMIC_PRIOR heuristic (not measured velocity),0.08951961221855786
255,8.19681199391683,-2.854319846991337,8.679566155779185,-1.5070476405548328,0.24629094249922134,16.5,66,unknown,0.5,0.0,0.2,0.5,fallback,1.0,documented fallback 0.5 (no estimator),PROJECT_DYNAMIC_PRIOR heuristic (not measured velocity),0.09320688115030554
256,8.03148165616122,-1.8756738901138306,8.247596627824917,-1.6266136386177756,0.12831330451036957,2.75,11,unknown,0.5,0.0,0.2,0.5,fallback,1.0,documented fallback 0.5 (no estimator),PROJECT_DYNAMIC_PRIOR heuristic (not measured velocity),0.04855916665932118
257,9.922533211500749,1.691907885281936,10.065744762590326,1.0620434818632456,0.7979109171415082,23.0,92,unknown,0.5,0.0,0.2,0.5,fallback,1.0,documented fallback 0.5 (no estimator),PROJECT_DYNAMIC_PRIOR heuristic (not measured velocity),0.301963146788376
258,9.6775496123267,2.621763014402546,10.026395553873476,-0.13801828587320863,1.1853567638254907,76.25,305,unknown,0.5,0.0,0.2,0.5,fallback,1.0,documented fallback 0.5 (no estimator),PROJECT_DYNAMIC_PRIOR heuristic (not measured velocity),0.44858899757120624
259,8.86355226690119,4.213949420235374,9.814271674678222,-1.6525680802085183,0.024482170437643638,2.75,11,unknown,0.5,0.0,0.2,0.5,fallback,1.0,documented fallback 0.5 (no estimator),PROJECT_DYNAMIC_PRIOR heuristic (not measured velocity),0.009265085947243831
260,8.70024501800537,7.346464061737061,11.387045164735294,-1.4441151332855224,0.10628115880032624,6.25,25,unknown,0.5,0.0,0.2,0.5,fallback,1.0,documented fallback 0.5 (no estimator),PROJECT_DYNAMIC_PRIOR heuristic (not measured velocity),0.04022127341061304
261,8.770714964185442,8.787245494978768,12.415358406909206,0.2317290767787199,1.31203943982805,14.0,56,unknown,0.5,0.0,0.2,0.5,fallback,1.0,documented fallback 0.5 (no estimator),PROJECT_DYNAMIC_PRIOR heuristic (not measured velocity),0.4965310656235486
262,8.94494334511135,10.989776735720428,14.169940160361785,-1.1529728122379468,0.08843291340759044,5.75,23,unknown,0.5,0.0,0.2,0.5,fallback,1.0,documented fallback 0.5 (no estimator),PROJECT_DYNAMIC_PRIOR heuristic (not measured velocity),0.033466744518152965
263,8.517474541297325,12.232358345618614,14.905635285262868,-1.0427387494307299,0.0049768319321953905,3.25,13,unknown,0.5,0.0,0.2,0.5,fallback,1.0,documented fallback 0.5 (no estimator),PROJECT_DYNAMIC_PRIOR heuristic (not measured velocity),0.0018834431250375672
264,8.95813783009847,14.590998059227353,17.121491107593922,-0.7991357360567365,0.005413690994195064,5.25,21,unknown,0.5,0.0,0.2,0.5,fallback,1.0,documented fallback 0.5 (no estimator),PROJECT_DYNAMIC_PRIOR heuristic (not measured velocity),0.0020487690207365785
265,9.564027033354106,17.242387169285823,19.717264728919186,0.0001918228111830295,0.3325446641957486,4.75,19,vehicle,1.0,0.0,0.8,0.5,annotation,1.0,documented fallback 0.5 (no estimator),PROJECT_DYNAMIC_PRIOR heuristic (not measured velocity),0.12584892760706942
266,8.943431430392796,18.67080232832167,20.702266188352414,-0.4548945095496795,0.11030207193033846,4.5,18,unknown,0.5,0.0,0.2,0.5,fallback,0.5555555555555556,documented fallback 0.5 (no estimator),PROJECT_DYNAMIC_PRIOR heuristic (not measured velocity),0.041742956540417694
267,9.20265723998288,23.229964060955737,24.98639891120576,2.7617226944367066,1.602103336542064,20.75,83,unknown,0.5,0.0,0.2,0.5,fallback,1.0,documented fallback 0.5 (no estimator),PROJECT_DYNAMIC_PRIOR heuristic (not measured velocity),0.6063034789842352
268,8.672354581879407,24.185726956623355,25.6935618864762,1.7687650788121108,0.8287277629987571,10.25,41,unknown,0.5,0.0,0.2,0.5,fallback,1.0,documented fallback 0.5 (no estimator),PROJECT_DYNAMIC_PRIOR heuristic (not measured velocity),0.31362554110989255
269,10.12666928768158,-33.67723894119263,35.16682888126614,0.8241597623127745,1.4235037355025402,2.0,8,unknown,0.5,0.0,0.2,0.5,fallback,1.0,documented fallback 0.5 (no estimator),PROJECT_DYNAMIC_PRIOR heuristic (not measured velocity),0.5387138566511462
270,11.835532903671265,-24.93095064163208,27.597683580499652,0.9638238996267319,0.32407973343211827,1.0,4,unknown,0.5,0.0,0.2,0.5,fallback,1.0,documented fallback 0.5 (no estimator),PROJECT_DYNAMIC_PRIOR heuristic (not measured velocity),0.12264544075682217
271,11.277651906013489,-18.826693058013916,21.946065798085066,-1.983619973063469,0.3061328362577832,2.0,8,unknown,0.5,0.0,0.2,0.5,fallback,1.0,documented fallback 0.5 (no estimator),PROJECT_DYNAMIC_PRIOR heuristic (not measured velocity),0.11585357786909015
272,10.23653507232666,-14.46270809173584,17.718819814923766,-2.4907442569732665,0.04190179190745925,1.25,5,unknown,0.5,0.0,0.2,0.5,fallback,1.0,documented fallback 0.5 (no estimator),PROJECT_DYNAMIC_PRIOR heuristic (not measured velocity),0.01585740546798929
273,10.629490988595146,-12.865409987313408,16.688464663302284,-0.9214487586702619,2.097570290841556,3.5,14,unknown,0.5,0.0,0.2,0.5,fallback,1.0,documented fallback 0.5 (no estimator),PROJECT_DYNAMIC_PRIOR heuristic (not measured velocity),0.7938090732000784
274,11.728318260192871,-10.794733390808105,15.939878236391927,1.1158684836977628,1.4893689096769598,31.25,125,unknown,0.5,0.0,0.2,0.5,fallback,1.0,documented fallback 0.5 (no estimator),PROJECT_DYNAMIC_PRIOR heuristic (not measured velocity),0.5636400167401991
275,11.688356010166146,-9.017841243179593,14.76276149328363,0.772231090581389,1.4460399003641107,42.25,169,unknown,0.5,0.0,0.2,0.5,fallback,1.0,documented fallback 0.5 (no estimator),PROJECT_DYNAMIC_PRIOR heuristic (not measured velocity),0.5472424920062313
276,11.494857168197631,-7.506270365715027,13.728650192953278,0.26297862112522125,1.3395329335038604,25.0,100,unknown,0.5,0.0,0.2,0.5,fallback,1.0,documented fallback 0.5 (no estimator),PROJECT_DYNAMIC_PRIOR heuristic (not measured velocity),0.5069357633011988
277,11.197667630513509,-4.712761910756429,12.148987002665145,-0.2604263210075996,1.0984377462687458,26.25,105,unknown,0.5,0.0,0.2,0.5,fallback,1.0,documented fallback 0.5 (no estimator),PROJECT_DYNAMIC_PRIOR heuristic (not measured velocity),0.4156951750988737
278,10.927397613525391,-3.1815099787712096,11.381125794450266,0.4861868268251419,1.4646709437987073,25.0,100,unknown,0.5,0.0,0.2,0.5,fallback,1.0,documented fallback 0.5 (no estimator),PROJECT_DYNAMIC_PRIOR heuristic (not measured velocity),0.5542932646960151
279,10.438340471936511,-0.7959829766690555,10.468645600421034,0.31940100397105786,1.0325969759230427,77.0,308,unknown,0.5,0.0,0.2,0.5,fallback,1.0,documented fallback 0.5 (no estimator),PROJECT_DYNAMIC_PRIOR heuristic (not measured velocity),0.3907782504479564
280,10.135347805239938,0.865878537046559,10.172267238629741,0.2716703570929233,0.9014823182405266,88.0,352,unknown,0.5,0.0,0.2,0.5,fallback,1.0,documented fallback 0.5 (no estimator),PROJECT_DYNAMIC_PRIOR heuristic (not measured velocity),0.34115893358771127
281,10.180732851443084,2.638773928517881,10.517150243211233,-1.4700590138850005,0.21188585328971898,5.75,23,unknown,0.5,0.0,0.2,0.5,fallback,1.0,documented fallback 0.5 (no estimator),PROJECT_DYNAMIC_PRIOR heuristic (not measured velocity),0.0801865441928233
282,11.088467333051893,4.96299163500468,12.148472898487505,-1.553692791197035,0.0336296422443494,4.5,18,unknown,0.5,0.0,0.2,0.5,fallback,1.0,documented fallback 0.5 (no estimator),PROJECT_DYNAMIC_PRIOR heuristic (not measured velocity),0.012726875117651876
283,11.417688846588135,7.479358355204265,13.649337712983254,-1.3261371453603108,0.0899051884183541,1.5,6,unknown,0.5,0.0,0.2,0.5,fallback,1.0,documented fallback 0.5 (no estimator),PROJECT_DYNAMIC_PRIOR heuristic (not measured velocity),0.03402391548252672
284,10.871443430582682,8.505234956741333,13.803162823560914,-0.7039061383693479,0.808594159093756,3.0,12,unknown,0.5,0.0,0.2,0.5,fallback,1.0,documented fallback 0.5 (no estimator),PROJECT_DYNAMIC_PRIOR heuristic (not measured velocity),0.30600613616037153
285,10.599001990424263,11.319819026523167,15.507325558788445,-1.0856054756376479,0.015807186742952388,2.25,9,unknown,0.5,0.0,0.2,0.5,fallback,1.0,documented fallback 0.5 (no estimator),PROJECT_DYNAMIC_PRIOR heuristic (not measured velocity),0.005982106207887472
286,11.255218165261406,13.72267130443028,17.748003935008146,-0.8281441671507699,0.006447241544451626,3.5,14,unknown,0.5,0.0,0.2,0.5,fallback,1.0,documented fallback 0.5 (no estimator),PROJECT_DYNAMIC_PRIOR heuristic (not measured velocity),0.0024399081439339366
287,10.252222379048666,14.09916909535726,17.432573903154506,-0.8132176597913107,0.0019982122692580656,1.5,6,unknown,0.5,0.0,0.2,0.5,fallback,1.0,documented fallback 0.5 (no estimator),PROJECT_DYNAMIC_PRIOR heuristic (not measured velocity),0.0007562078069290253
288,11.13571934472947,17.084003902616956,20.392828020390244,0.1763246069028918,0.4318717216741601,10.5,42,vehicle,1.0,0.0,0.8,0.5,annotation,1.0,documented fallback 0.5 (no estimator),PROJECT_DYNAMIC_PRIOR heuristic (not measured velocity),0.1634384757547003
289,10.841097259521485,18.12247657775879,21.117612249064052,-0.49054633378982543,0.0004711969076018582,1.25,5,vehicle,1.0,0.0,0.8,0.5,annotation,1.0,documented fallback 0.5 (no estimator),PROJECT_DYNAMIC_PRIOR heuristic (not measured velocity),0.00017832078483916129
290,10.972768448946768,23.069382667541504,25.545998984100542,2.6023191572800117,1.4069932518231105,28.5,114,unknown,0.5,0.0,0.2,0.5,fallback,1.0,documented fallback 0.5 (no estimator),PROJECT_DYNAMIC_PRIOR heuristic (not measured velocity),0.5324655932175548
291,12.639466476440429,-28.52893829345703,31.20346828416579,1.4547923803329468,0.003500995907315345,1.25,5,unknown,0.5,0.0,0.2,0.5,fallback,1.0,documented fallback 0.5 (no estimator),PROJECT_DYNAMIC_PRIOR heuristic (not measured velocity),0.0013249245227192191
292,12.17161922454834,-24.842991638183594,27.66446363265073,0.7731222588510718,0.48380331443718105,1.25,5,unknown,0.5,0.0,0.2,0.5,fallback,1.0,documented fallback 0.5 (no estimator),PROJECT_DYNAMIC_PRIOR heuristic (not measured velocity),0.1830915809216687
293,13.064621578563344,-18.606222360784358,22.73490372818884,1.151728677212536,2.1922174296607575,13.75,55,unknown,0.5,0.0,0.2,0.5,fallback,1.0,documented fallback 0.5 (no estimator),PROJECT_DYNAMIC_PRIOR heuristic (not measured velocity),0.829627542728919
294,12.869986817643449,-17.051019256179398,21.362907535279856,1.771208234389731,1.6156638367449077,18.5,74,unknown,0.5,0.0,0.2,0.5,fallback,1.0,documented fallback 0.5 (no estimator),PROJECT_DYNAMIC_PRIOR heuristic (not measured velocity),0.6114353442405027
295,12.559772609192649,-14.990162307833447,19.556401867670253,1.700857047276876,1.4617798943277187,20.25,81,unknown,0.5,0.0,0.2,0.5,fallback,1.0,documented fallback 0.5 (no estimator),PROJECT_DYNAMIC_PRIOR heuristic (not measured velocity),0.5531991696322354
296,12.246931791305542,-13.026564234778995,17.87956134986856,1.6619501002579844,1.3271356513045225,21.0,84,unknown,0.5,0.0,0.2,0.5,fallback,1.0,documented fallback 0.5 (no estimator),PROJECT_DYNAMIC_PRIOR heuristic (not measured velocity),0.5022441088017885
297,12.492894315007907,-11.03925529878531,16.671459621692293,-0.31468841448033563,0.9519307201727456,16.75,67,unknown,0.5,0.0,0.2,0.5,fallback,1.0,documented fallback 0.5 (no estimator),PROJECT_DYNAMIC_PRIOR heuristic (not measured velocity),0.36025073678357605
298,12.044374465942383,-9.000217533111572,15.035653358573208,-0.3498870508017717,0.3524525095887697,2.5,10,unknown,0.5,0.0,0.2,0.5,fallback,1.0,documented fallback 0.5 (no estimator),PROJECT_DYNAMIC_PRIOR heuristic (not measured velocity),0.13338289601320294
299,12.475133623395648,-4.190860748291016,13.160253520853727,0.379860895290871,0.7728065320229142,1.75,7,unknown,0.5,0.0,0.2,0.5,fallback,1.0,documented fallback 0.5 (no estimator),PROJECT_DYNAMIC_PRIOR heuristic (not measured velocity),0.2924625885609548
300,12.765659435375317,-3.337340851087828,13.194692295628819,-0.14398174394689803,1.057759439273386,9.25,37,unknown,0.5,0.0,0.2,0.5,fallback,1.0,documented fallback 0.5 (no estimator),PROJECT_DYNAMIC_PRIOR heuristic (not measured velocity),0.4003007879280011
301,12.234883308410645,4.756991326808929,13.127122154294169,-1.533645048737526,0.007822627399758498,2.0,8,unknown,0.5,0.0,0.2,0.5,fallback,1.0,documented fallback 0.5 (no estimator),PROJECT_DYNAMIC_PRIOR heuristic (not measured velocity),0.002960412165115325
302,12.673827115227194,6.682416859795065,14.32761629981559,-1.3376280349843643,0.03219163843447655,4.25,17,unknown,0.5,0.0,0.2,0.5,fallback,1.0,documented fallback 0.5 (no estimator),PROJECT_DYNAMIC_PRIOR heuristic (not measured velocity),0.012182673821248418
303,12.309868335723877,8.348470211029053,14.873796196912771,0.3450387418270111,0.0056091248989105225,0.5,2,unknown,0.5,0.0,0.2,0.5,fallback,1.0,documented fallback 0.5 (no estimator),PROJECT_DYNAMIC_PRIOR heuristic (not measured velocity),0.0021227294536486072
304,12.157706260681152,10.580272197723389,16.1168229281991,-1.1273039281368256,0.003423068812432242,1.0,4,unknown,0.5,0.0,0.2,0.5,fallback,1.0,documented fallback 0.5 (no estimator),PROJECT_DYNAMIC_PRIOR heuristic (not measured velocity),0.0012954336230643082
305,12.177951335906982,13.364184379577637,18.080484586179253,-0.8434631377458572,0.002180470004617272,1.0,4,unknown,0.5,0.0,0.2,0.5,fallback,1.0,documented fallback 0.5 (no estimator),PROJECT_DYNAMIC_PRIOR heuristic (not measured velocity),0.0008251818215881438
306,12.689164469319005,16.91109195832283,21.14237276542723,-0.16477640663112153,0.3825609686021372,7.75,31,vehicle,1.0,0.0,0.8,0.5,annotation,0.8387096774193549,documented fallback 0.5 (no estimator),PROJECT_DYNAMIC_PRIOR heuristic (not measured velocity),0.14477720687336237
307,13.198245271046956,21.808910179138184,25.491611197341577,4.231078044573466,0.4879417210731968,7.5,30,unknown,0.5,0.0,0.2,0.5,fallback,1.0,documented fallback 0.5 (no estimator),PROJECT_DYNAMIC_PRIOR heuristic (not measured velocity),0.18465772855000046
308,12.681932424887632,22.825871736575397,26.112292709833195,2.3454859868074074,1.0658236243139585,9.75,39,unknown,0.5,0.0,0.2,0.5,fallback,1.0,documented fallback 0.5 (no estimator),PROJECT_DYNAMIC_PRIOR heuristic (not measured velocity),0.4033526156932592
309,14.120936938694545,-10.20774255480085,17.424088730595933,-0.4645374833988691,0.6658706234469538,1.75,7,unknown,0.5,0.0,0.2,0.5,fallback,1.0,documented fallback 0.5 (no estimator),PROJECT_DYNAMIC_PRIOR heuristic (not measured velocity),0.2519935302180115
310,14.651421744247962,-3.2172042254743904,15.000485397354057,0.24761940208002764,0.9677577990149048,7.25,29,unknown,0.5,0.0,0.2,0.5,fallback,1.0,documented fallback 0.5 (no estimator),PROJECT_DYNAMIC_PRIOR heuristic (not measured velocity),0.3662403710008486
311,14.8990083694458,5.617572689056397,15.922863225866394,-1.4864614725112915,0.02057631302196287,1.25,5,unknown,0.5,0.0,0.2,0.5,fallback,1.0,documented fallback 0.5 (no estimator),PROJECT_DYNAMIC_PRIOR heuristic (not measured velocity),0.0077869447527719815
312,15.115976015726725,7.089380794101292,16.69586927811181,-1.3307791153589885,0.11477147294992097,2.25,9,unknown,0.5,0.0,0.2,0.5,fallback,1.0,documented fallback 0.5 (no estimator),PROJECT_DYNAMIC_PRIOR heuristic (not measured velocity),0.04343436640477597
313,14.923504057384672,8.928301720392136,17.390386567328914,-0.8503840516329676,0.612936178872915,5.25,21,unknown,0.5,0.0,0.2,0.5,fallback,1.0,documented fallback 0.5 (no estimator),PROJECT_DYNAMIC_PRIOR heuristic (not measured velocity),0.23196090362564112
314,15.635357141494751,10.891776323318481,19.055056662715334,-0.7771157771348953,0.192317373626941,1.0,4,unknown,0.5,0.0,0.2,0.5,fallback,1.0,documented fallback 0.5 (no estimator),PROJECT_DYNAMIC_PRIOR heuristic (not measured velocity),0.07278100609340056
315,14.782662478360264,16.883475216952238,22.440562500761,-0.5214285904710944,0.00448501700656216,2.75,11,unknown,0.5,0.0,0.2,0.5,fallback,1.0,documented fallback 0.5 (no estimator),PROJECT_DYNAMIC_PRIOR heuristic (not measured velocity),0.0016973196125109633
316,14.96005295484494,21.34794142307379,26.067945592523294,4.285816913995987,0.5040052565227787,9.75,39,unknown,0.5,0.0,0.2,0.5,fallback,1.0,documented fallback 0.5 (no estimator),PROJECT_DYNAMIC_PRIOR heuristic (not measured velocity),0.19073684792121987
317,15.01817512512207,22.471238962809245,27.02780354768977,1.9749939680099486,0.3927964685618216,3.75,15,unknown,0.5,0.0,0.2,0.5,fallback,1.0,documented fallback 0.5 (no estimator),PROJECT_DYNAMIC_PRIOR heuristic (not measured velocity),0.14865075178969353
318,17.318082809448242,-32.92282676696777,37.19984562498447,-0.0005097831114350507,6.0304831978228095e-06,1.5,6,unknown,0.5,0.0,0.2,0.5,fallback,1.0,documented fallback 0.5 (no estimator),PROJECT_DYNAMIC_PRIOR heuristic (not measured velocity),2.282189206775893e-06
319,17.210753440856934,-31.364097595214844,35.775922796821476,-0.8320885896682739,1.6644500327651817,1.0,4,unknown,0.5,0.0,0.2,0.5,fallback,1.0,documented fallback 0.5 (no estimator),PROJECT_DYNAMIC_PRIOR heuristic (not measured velocity),0.6298980986077347
320,17.042625427246094,-18.346403121948242,25.04079848899486,-1.7514485120773315,0.0,0.25,1,unknown,0.5,0.0,0.2,0.5,fallback,1.0,documented fallback 0.5 (no estimator),PROJECT_DYNAMIC_PRIOR heuristic (not measured velocity),0.0
321,17.271774927775066,-17.67769940694173,24.71467712671779,-1.535789132118225,0.2648075317382622,0.75,3,unknown,0.5,0.0,0.2,0.5,fallback,1.0,documented fallback 0.5 (no estimator),PROJECT_DYNAMIC_PRIOR heuristic (not measured velocity),0.10021433954483323
322,17.698360019259983,-6.37362093395657,18.811033761628032,0.87395840883255,1.1481271928678998,2.25,9,unknown,0.5,0.0,0.2,0.5,fallback,1.0,documented fallback 0.5 (no estimator),PROJECT_DYNAMIC_PRIOR heuristic (not measured velocity),0.43449975758410436
323,17.300003433227538,-5.56768913269043,18.17386257975898,-0.3189756512641907,1.0412628460717555,1.25,5,unknown,0.5,0.0,0.2,0.5,fallback,1.0,documented fallback 0.5 (no estimator),PROJECT_DYNAMIC_PRIOR heuristic (not measured velocity),0.3940577812371067
324,16.0457763671875,-3.8877456188201904,16.510042556651648,-0.770280122756958,0.0,0.25,1,unknown,0.5,0.0,0.2,0.5,fallback,1.0,documented fallback 0.5 (no estimator),PROJECT_DYNAMIC_PRIOR heuristic (not measured velocity),0.0
325,17.087219429016113,7.4611287117004395,18.645147075523603,-1.3045123934745788,0.03399545402755016,2.5,10,unknown,0.5,0.0,0.2,0.5,fallback,1.0,documented fallback 0.5 (no estimator),PROJECT_DYNAMIC_PRIOR heuristic (not measured velocity),0.012865313726291664
326,16.696956634521484,10.882582426071167,19.930352759430125,-0.8152501843869686,0.20867410858198263,2.0,8,unknown,0.5,0.0,0.2,0.5,fallback,1.0,documented fallback 0.5 (no estimator),PROJECT_DYNAMIC_PRIOR heuristic (not measured velocity),0.07897108452458944
327,17.16139110765959,21.13390206454093,27.224165023443142,3.199882822637671,1.7058585225630944,14.25,57,unknown,0.5,0.0,0.2,0.5,fallback,1.0,documented fallback 0.5 (no estimator),PROJECT_DYNAMIC_PRIOR heuristic (not measured velocity),0.6455688177500755
328,16.561962339613174,22.0833617316352,27.603866792697996,2.0018510950936212,0.5629245585309913,2.25,9,unknown,0.5,0.0,0.2,0.5,fallback,1.0,documented fallback 0.5 (no estimator),PROJECT_DYNAMIC_PRIOR heuristic (not measured velocity),0.2130343970069147
329,19.200233459472656,-68.53622436523438,71.17487629170843,-1.6532509326934814,0.0,0.25,1,unknown,0.5,0.0,0.2,0.5,fallback,1.0,documented fallback 0.5 (no estimator),PROJECT_DYNAMIC_PRIOR heuristic (not measured velocity),0.0
330,19.952972412109375,-34.72718048095703,40.051194392119704,0.9293026328086853,0.0,0.25,1,unknown,0.5,0.0,0.2,0.5,fallback,1.0,documented fallback 0.5 (no estimator),PROJECT_DYNAMIC_PRIOR heuristic (not measured velocity),0.0
331,19.083399391174318,-32.65211410522461,37.81979227684468,0.08776005324907601,0.2649070151564999,2.5,10,unknown,0.5,0.0,0.2,0.5,fallback,1.0,documented fallback 0.5 (no estimator),PROJECT_DYNAMIC_PRIOR heuristic (not measured velocity),0.10025198826648744
332,19.334255981445313,-31.222078704833983,36.7237205768547,0.01541663905372843,1.4135198102601059,1.25,5,unknown,0.5,0.0,0.2,0.5,fallback,1.0,documented fallback 0.5 (no estimator),PROJECT_DYNAMIC_PRIOR heuristic (not measured velocity),0.5349355182191998
333,19.27778646681044,-10.691098107231987,22.04387964489008,1.6584748658869002,0.9473686548053507,4.5,18,unknown,0.5,0.0,0.2,0.5,fallback,1.0,documented fallback 0.5 (no estimator),PROJECT_DYNAMIC_PRIOR heuristic (not measured velocity),0.3585242588214397
334,18.637754440307617,-8.894061172709746,20.651155287806766,1.0541348494101412,1.599953105717998,8.5,34,unknown,0.5,0.0,0.2,0.5,fallback,1.0,documented fallback 0.5 (no estimator),PROJECT_DYNAMIC_PRIOR heuristic (not measured velocity),0.605489740944051
335,18.797507566564224,-6.766578085282269,19.978309981058498,0.2782650680661284,0.7030816907185083,4.25,17,unknown,0.5,0.0,0.2,0.5,fallback,1.0,documented fallback 0.5 (no estimator),PROJECT_DYNAMIC_PRIOR heuristic (not measured velocity),0.26607576762983504
336,18.29205762423002,-4.84703804896428,18.92334933293414,1.7658731295512273,0.0006882637100562646,3.25,13,unknown,0.5,0.0,0.2,0.5,fallback,1.0,documented fallback 0.5 (no estimator),PROJECT_DYNAMIC_PRIOR heuristic (not measured velocity),0.00026046801872742605
337,18.57273292541504,-3.7441970825195314,18.946382771166206,1.7672447204589843,0.0005557075636390506,1.25,5,unknown,0.5,0.0,0.2,0.5,fallback,1.0,documented fallback 0.5 (no estimator),PROJECT_DYNAMIC_PRIOR heuristic (not measured velocity),0.00021030318172823018
338,18.626710891723633,6.808836460113525,19.83216106692428,-1.3876508176326752,0.018927221772300024,1.0,4,unknown,0.5,0.0,0.2,0.5,fallback,1.0,documented fallback 0.5 (no estimator),PROJECT_DYNAMIC_PRIOR heuristic (not measured velocity),0.007162859065520937
339,19.350570331920277,8.498112851923162,21.13439126671537,-0.4085665403637739,0.5491103541151452,2.75,11,unknown,0.5,0.0,0.2,0.5,fallback,1.0,documented fallback 0.5 (no estimator),PROJECT_DYNAMIC_PRIOR heuristic (not measured velocity),0.20780651937524797
340,19.022165005023663,10.794333604665903,21.871451699582416,-0.6635873437178537,0.3018925810448194,3.25,13,unknown,0.5,0.0,0.2,0.5,fallback,1.0,documented fallback 0.5 (no estimator),PROJECT_DYNAMIC_PRIOR heuristic (not measured velocity),0.11424888644328618
341,18.9881578073269,20.961748751198375,28.283299800842126,2.4753441398288265,1.756368401018672,20.5,82,unknown,0.5,0.0,0.2,0.5,fallback,1.0,documented fallback 0.5 (no estimator),PROJECT_DYNAMIC_PRIOR heuristic (not measured velocity),0.664683886255448
342,21.746126174926758,-36.24908638000488,42.271624844579726,5.9500932097435,1.5937883642447657,1.0,4,unknown,0.5,0.0,0.2,0.5,fallback,1.0,documented fallback 0.5 (no estimator),PROJECT_DYNAMIC_PRIOR heuristic (not measured velocity),0.6031567427428696
343,21.6283541969631,-34.97550417029339,41.12264093216171,4.774642661861751,2.1644380866470923,5.75,23,unknown,0.5,0.0,0.2,0.5,fallback,1.0,documented fallback 0.5 (no estimator),PROJECT_DYNAMIC_PRIOR heuristic (not measured velocity),0.8191146676047498
344,21.285816421508787,-33.168320922851564,39.410956516829756,3.43709259532392,2.6424115844199556,6.25,25,unknown,0.5,0.0,0.2,0.5,fallback,1.0,documented fallback 0.5 (no estimator),PROJECT_DYNAMIC_PRIOR heuristic (not measured velocity),1.0
345,20.807767731802805,-30.97646767752511,37.31627992924016,0.8815484162686127,2.5520074242602067,3.5,14,unknown,0.5,0.0,0.2,0.5,fallback,1.0,documented fallback 0.5 (no estimator),PROJECT_DYNAMIC_PRIOR heuristic (not measured velocity),0.9657872525639892
346,21.12789192199707,-6.085050296783447,21.986715402305396,1.2252863645553589,0.40191317666307463,1.25,5,unknown,0.5,0.0,0.2,0.5,fallback,1.0,documented fallback 0.5 (no estimator),PROJECT_DYNAMIC_PRIOR heuristic (not measured velocity),0.15210089867635057
347,21.612139892578124,-4.614533805847168,22.099287612537946,-0.5138220429420471,0.004860490247686802,1.25,5,unknown,0.5,0.0,0.2,0.5,fallback,1.0,documented fallback 0.5 (no estimator),PROJECT_DYNAMIC_PRIOR heuristic (not measured velocity),0.0018394145243477442
348,21.199626922607422,-3.860239028930664,21.548216330318873,-0.500762403011322,0.0,0.25,1,unknown,0.5,0.0,0.2,0.5,fallback,1.0,documented fallback 0.5 (no estimator),PROJECT_DYNAMIC_PRIOR heuristic (not measured velocity),0.0
349,21.453886032104492,9.286350917816161,23.377457929538732,-0.43233039186452515,0.46731427717682955,2.5,10,pedestrian_vru,1.0,0.0,0.95,0.5,annotation,0.7,documented fallback 0.5 (no estimator),PROJECT_DYNAMIC_PRIOR heuristic (not measured velocity),0.1768514337176626
350,20.771879196166992,10.460844176156181,23.257261795361376,-0.6926771657807487,0.2331733617800306,1.75,7,unknown,0.5,0.0,0.2,0.5,fallback,1.0,documented fallback 0.5 (no estimator),PROJECT_DYNAMIC_PRIOR heuristic (not measured velocity),0.0882426353089181
351,21.28850555419922,19.65268938164962,28.972895413865263,4.943501296796296,0.47927397034503827,4.75,19,unknown,0.5,0.0,0.2,0.5,fallback,1.0,documented fallback 0.5 (no estimator),PROJECT_DYNAMIC_PRIOR heuristic (not measured velocity),0.18137748607026535
352,20.61864137649536,20.958553075790405,29.400498622357578,1.3115718118763955,0.8908217327296658,6.0,24,unknown,0.5,0.0,0.2,0.5,fallback,1.0,documented fallback 0.5 (no estimator),PROJECT_DYNAMIC_PRIOR heuristic (not measured velocity),0.33712451836878127
353,22.118745803833008,-34.788536071777344,41.22476389200954,-3.8467090129852295,0.03623247146606445,0.5,2,unknown,0.5,0.0,0.2,0.5,fallback,1.0,documented fallback 0.5 (no estimator),PROJECT_DYNAMIC_PRIOR heuristic (not measured velocity),0.013711895482027248
354,23.79376983642578,-6.433842658996582,24.648282179282383,-0.5727882385253906,0.0033680200576782227,0.5,2,unknown,0.5,0.0,0.2,0.5,fallback,1.0,documented fallback 0.5 (no estimator),PROJECT_DYNAMIC_PRIOR heuristic (not measured velocity),0.0012746008523186018
355,22.91654133796692,-5.382349491119385,23.540126442721153,0.29987048357725143,1.0807869004948967,2.0,8,unknown,0.5,0.0,0.2,0.5,fallback,1.0,documented fallback 0.5 (no estimator),PROJECT_DYNAMIC_PRIOR heuristic (not measured velocity),0.40901535054848154
356,23.13346290588379,10.082660675048828,25.235236323563075,-0.586472749710083,0.0,0.25,1,unknown,0.5,0.0,0.2,0.5,fallback,1.0,documented fallback 0.5 (no estimator),PROJECT_DYNAMIC_PRIOR heuristic (not measured velocity),0.0
357,22.880709686279296,19.252027053833007,29.902632349499154,4.799069099426269,0.5383709837674149,6.25,25,unknown,0.5,0.0,0.2,0.5,fallback,1.0,documented fallback 0.5 (no estimator),PROJECT_DYNAMIC_PRIOR heuristic (not measured velocity),0.203742288650916
358,23.158612145317925,20.36612394120958,30.839914411132483,1.9955291483137343,0.44850531470311905,4.5,18,unknown,0.5,0.0,0.2,0.5,fallback,1.0,documented fallback 0.5 (no estimator),PROJECT_DYNAMIC_PRIOR heuristic (not measured velocity),0.16973332895888432
359,25.711946487426758,-38.321041107177734,46.147658485672956,1.070708155632019,0.0,0.25,1,unknown,0.5,0.0,0.2,0.5,fallback,1.0,documented fallback 0.5 (no estimator),PROJECT_DYNAMIC_PRIOR heuristic (not measured velocity),0.0
360,25.08698558807373,-5.5741190910339355,25.698786927348305,1.7965126633644104,0.03849571196604132,1.0,4,unknown,0.5,0.0,0.2,0.5,fallback,1.0,documented fallback 0.5 (no estimator),PROJECT_DYNAMIC_PRIOR heuristic (not measured velocity),0.014568401150304387
361,24.439476013183594,9.804905891418457,26.33294832217898,0.6107577085494995,0.0,0.25,1,unknown,0.5,0.0,0.2,0.5,fallback,1.0,documented fallback 0.5 (no estimator),PROJECT_DYNAMIC_PRIOR heuristic (not measured velocity),0.0
362,24.836897168840682,19.260074070521764,31.429634330955093,3.4552479471479143,1.0683611499123153,1.75,7,unknown,0.5,0.0,0.2,0.5,fallback,1.0,documented fallback 0.5 (no estimator),PROJECT_DYNAMIC_PRIOR heuristic (not measured velocity),0.4043129224120605
363,24.33825174967448,20.090970357259113,31.559429464532425,2.4537501335144043,0.360408439225233,0.75,3,unknown,0.5,0.0,0.2,0.5,fallback,1.0,documented fallback 0.5 (no estimator),PROJECT_DYNAMIC_PRIOR heuristic (not measured velocity),0.13639375536735224
364,27.082204341888428,-6.861841082572937,27.93797872177381,0.24526246416644426,0.3173989848375926,2.0,8,unknown,0.5,0.0,0.2,0.5,fallback,1.0,documented fallback 0.5 (no estimator),PROJECT_DYNAMIC_PRIOR heuristic (not measured velocity),0.12011716369585394
365,26.42444133758545,-5.238782167434692,26.938744191244815,1.8831815123558044,0.014469669664303098,1.0,4,unknown,0.5,0.0,0.2,0.5,fallback,1.0,documented fallback 0.5 (no estimator),PROJECT_DYNAMIC_PRIOR heuristic (not measured velocity),0.005475933329091646
366,27.48718770345052,9.046234448750814,28.93751622974037,-0.00024283925692240396,0.5477332334197885,0.75,3,unknown,0.5,0.0,0.2,0.5,fallback,1.0,documented fallback 0.5 (no estimator),PROJECT_DYNAMIC_PRIOR heuristic (not measured velocity),0.2072853588174165
367,27.67740758260091,17.92840003967285,32.976755729998,5.682020266850789,0.5688949344246386,1.5,6,unknown,0.5,0.0,0.2,0.5,fallback,1.0,documented fallback 0.5 (no estimator),PROJECT_DYNAMIC_PRIOR heuristic (not measured velocity),0.21529383907447505
368,27.013483810424805,18.227826182047526,32.588064608058886,4.987310314178467,0.9012988246268622,3.75,15,unknown,0.5,0.0,0.2,0.5,fallback,1.0,documented fallback 0.5 (no estimator),PROJECT_DYNAMIC_PRIOR heuristic (not measured velocity),0.3410894918645723
369,29.1530704498291,-12.483091831207275,31.71323222755846,2.95804762840271,0.005109310150146484,0.5,2,unknown,0.5,0.0,0.2,0.5,fallback,1.0,documented fallback 0.5 (no estimator),PROJECT_DYNAMIC_PRIOR heuristic (not measured velocity),0.0019335784706181742
370,29.529388427734375,-10.548646545410156,31.35695656239627,1.4616883516311645,0.0065027614097210844,1.25,5,unknown,0.5,0.0,0.2,0.5,fallback,1.0,documented fallback 0.5 (no estimator),PROJECT_DYNAMIC_PRIOR heuristic (not measured velocity),0.0024609192027700436
371,29.344451904296875,-9.534584999084473,30.854580999721243,1.4382145404815674,0.0,0.25,1,unknown,0.5,0.0,0.2,0.5,fallback,1.0,documented fallback 0.5 (no estimator),PROJECT_DYNAMIC_PRIOR heuristic (not measured velocity),0.0
372,29.058778285980225,17.621183122907365,33.984094663898155,5.324603719370706,0.8507985230657796,7.0,28,unknown,0.5,0.0,0.2,0.5,fallback,1.0,documented fallback 0.5 (no estimator),PROJECT_DYNAMIC_PRIOR heuristic (not measured velocity),0.3219780476600284
373,29.062440490722658,18.733970069885252,34.577262498008025,2.7431543827056886,0.6544372416854275,2.5,10,unknown,0.5,0.0,0.2,0.5,fallback,1.0,documented fallback 0.5 (no estimator),PROJECT_DYNAMIC_PRIOR heuristic (not measured velocity),0.24766665630141987
374,30.990865843636648,17.108678136553085,35.39972645824335,5.39911961555481,0.9416554851792007,7.0,28,unknown,0.5,0.0,0.2,0.5,fallback,1.0,documented fallback 0.5 (no estimator),PROJECT_DYNAMIC_PRIOR heuristic (not measured velocity),0.3563621544544154
375,31.049725941249303,18.256899697440012,36.01943735803039,2.518122468675886,0.02914486434767972,1.75,7,unknown,0.5,0.0,0.2,0.5,fallback,1.0,documented fallback 0.5 (no estimator),PROJECT_DYNAMIC_PRIOR heuristic (not measured velocity),0.01102964599440984
376,33.97200012207031,-5.052876949310303,34.34571818667964,5.641982555389404,0.0,0.25,1,unknown,0.5,0.0,0.2,0.5,fallback,1.0,documented fallback 0.5 (no estimator),PROJECT_DYNAMIC_PRIOR heuristic (not measured velocity),0.0
377,32.956241492069125,16.87696988654859,37.026287497331495,4.75129652888493,1.7972949514735772,8.25,33,unknown,0.5,0.0,0.2,0.5,fallback,1.0,documented fallback 0.5 (no estimator),PROJECT_DYNAMIC_PRIOR heuristic (not measured velocity),0.6801722192222781
378,32.39664840698242,18.083707809448242,37.102066197762305,0.8606038093566895,0.0,0.25,1,unknown,0.5,0.0,0.2,0.5,fallback,1.0,documented fallback 0.5 (no estimator),PROJECT_DYNAMIC_PRIOR heuristic (not measured velocity),0.0
379,35.89959716796875,-36.94205093383789,51.51209764725858,-1.1968505382537842,0.0,0.25,1,unknown,0.5,0.0,0.2,0.5,fallback,1.0,documented fallback 0.5 (no estimator),PROJECT_DYNAMIC_PRIOR heuristic (not measured velocity),0.0
380,35.60068130493164,-12.823276042938232,37.839726714772965,0.8777333498001099,0.005752205848693848,0.5,2,unknown,0.5,0.0,0.2,0.5,fallback,1.0,documented fallback 0.5 (no estimator),PROJECT_DYNAMIC_PRIOR heuristic (not measured velocity),0.0021768773201758925
381,35.38640546798706,-7.0871047377586365,36.08912226015958,5.493522882461548,0.5278233448245712,2.0,8,unknown,0.5,0.0,0.2,0.5,fallback,1.0,documented fallback 0.5 (no estimator),PROJECT_DYNAMIC_PRIOR heuristic (not measured velocity),0.19975061717739
382,34.49911244710287,-5.65595178604126,34.95967033946217,4.085784872372945,1.547354310478445,3.75,15,unknown,0.5,0.0,0.2,0.5,fallback,1.0,documented fallback 0.5 (no estimator),PROJECT_DYNAMIC_PRIOR heuristic (not measured velocity),0.5855841382174798
383,35.41732441295277,15.872263474897904,38.81128207607833,6.293271975083784,0.895848209741775,2.75,11,unknown,0.5,0.0,0.2,0.5,fallback,1.0,documented fallback 0.5 (no estimator),PROJECT_DYNAMIC_PRIOR heuristic (not measured velocity),0.339026749286079
384,34.615462043068625,16.640273440967906,38.40740700236488,4.315656546082622,1.7242149267888824,5.5,22,unknown,0.5,0.0,0.2,0.5,fallback,1.0,documented fallback 0.5 (no estimator),PROJECT_DYNAMIC_PRIOR heuristic (not measured velocity),0.6525156553790126
385,37.11251449584961,-11.70164680480957,38.913587217695024,1.8138805031776428,0.0029813647270202637,0.5,2,unknown,0.5,0.0,0.2,0.5,fallback,1.0,documented fallback 0.5 (no estimator),PROJECT_DYNAMIC_PRIOR heuristic (not measured velocity),0.0011282741661438457
386,36.448011779785155,-8.609282302856446,37.450998711244466,5.440804481506348,0.36115599910805934,1.25,5,unknown,0.5,0.0,0.2,0.5,fallback,1.0,documented fallback 0.5 (no estimator),PROJECT_DYNAMIC_PRIOR heuristic (not measured velocity),0.13667666355895797
387,36.90755117507208,15.519028481983003,40.037577084098935,6.036304905301049,1.0700431190544946,5.25,21,unknown,0.5,0.0,0.2,0.5,fallback,1.0,documented fallback 0.5 (no estimator),PROJECT_DYNAMIC_PRIOR heuristic (not measured velocity),0.4049494504806235
388,36.34273147583008,16.93943691253662,40.09661649114671,2.1051737428060733,1.2160389628405721,1.0,4,unknown,0.5,0.0,0.2,0.5,fallback,1.0,documented fallback 0.5 (no estimator),PROJECT_DYNAMIC_PRIOR heuristic (not measured velocity),0.46020043584826653
389,39.59619140625,-9.396613121032715,40.69588077467731,1.8969305753707886,0.0,0.25,1,unknown,0.5,0.0,0.2,0.5,fallback,1.0,documented fallback 0.5 (no estimator),PROJECT_DYNAMIC_PRIOR heuristic (not measured velocity),0.0
390,39.08038139343262,15.102451271480984,41.897019515278316,5.662386695543925,1.0960778299672231,4.5,18,unknown,0.5,0.0,0.2,0.5,fallback,1.0,documented fallback 0.5 (no estimator),PROJECT_DYNAMIC_PRIOR heuristic (not measured velocity),0.4148020832295234
391,39.287115478515624,16.158893585205078,42.4804341376145,2.9685667991638183,1.0841933547988716,1.25,5,unknown,0.5,0.0,0.2,0.5,fallback,1.0,documented fallback 0.5 (no estimator),PROJECT_DYNAMIC_PRIOR heuristic (not measured velocity),0.4103044965407486
392,41.059696197509766,-14.121872901916504,43.420340234614486,1.0071771144866943,0.0,0.25,1,unknown,0.5,0.0,0.2,0.5,fallback,1.0,documented fallback 0.5 (no estimator),PROJECT_DYNAMIC_PRIOR heuristic (not measured velocity),0.0
393,40.130409240722656,-9.279531478881836,41.189312330936495,1.919933557510376,0.0,0.25,1,unknown,0.5,0.0,0.2,0.5,fallback,1.0,documented fallback 0.5 (no estimator),PROJECT_DYNAMIC_PRIOR heuristic (not measured velocity),0.0
394,41.09787859235491,14.697388830639067,43.646865445653,5.593574620428539,1.6896255998153495,5.25,21,unknown,0.5,0.0,0.2,0.5,fallback,1.0,documented fallback 0.5 (no estimator),PROJECT_DYNAMIC_PRIOR heuristic (not measured velocity),0.6394255950805048
395,42.13710021972656,-17.316022872924805,45.55633724371325,4.249228477478027,0.0,0.25,1,unknown,0.5,0.0,0.2,0.5,fallback,1.0,documented fallback 0.5 (no estimator),PROJECT_DYNAMIC_PRIOR heuristic (not measured velocity),0.0
396,43.50650215148926,-13.700070858001709,45.61258237560999,1.0580230951309204,0.005495429039001465,0.5,2,unknown,0.5,0.0,0.2,0.5,fallback,1.0,documented fallback 0.5 (no estimator),PROJECT_DYNAMIC_PRIOR heuristic (not measured velocity),0.0020797021445876627
397,42.98962173461914,13.89777946472168,45.18025952709522,6.561106109619141,0.7748187938986266,1.25,5,unknown,0.5,0.0,0.2,0.5,fallback,1.0,documented fallback 0.5 (no estimator),PROJECT_DYNAMIC_PRIOR heuristic (not measured velocity),0.2932241133315761
398,42.44465446472168,14.094131708145142,44.72352000051159,6.017735958099365,0.8452417828999932,1.0,4,unknown,0.5,0.0,0.2,0.5,fallback,1.0,documented fallback 0.5 (no estimator),PROJECT_DYNAMIC_PRIOR heuristic (not measured velocity),0.3198751427989728
399,45.80127716064453,-23.015518188476562,51.258863302167306,5.993265151977539,0.0,0.25,1,unknown,0.5,0.0,0.2,0.5,fallback,1.0,documented fallback 0.5 (no estimator),PROJECT_DYNAMIC_PRIOR heuristic (not measured velocity),0.0
400,44.59027099609375,-21.28333282470703,49.409235205903876,5.777024507522583,0.023459196090698242,0.5,2,unknown,0.5,0.0,0.2,0.5,fallback,1.0,documented fallback 0.5 (no estimator),PROJECT_DYNAMIC_PRIOR heuristic (not measured velocity),0.008877949305481813
401,45.085750579833984,-14.042556762695312,47.22201081890224,-0.0010014516301453114,0.0,0.25,1,unknown,0.5,0.0,0.2,0.5,fallback,1.0,documented fallback 0.5 (no estimator),PROJECT_DYNAMIC_PRIOR heuristic (not measured velocity),0.0
402,44.993534088134766,-13.279104550679525,46.91218101312305,1.084425841186506,0.8825585261575186,0.75,3,unknown,0.5,0.0,0.2,0.5,fallback,1.0,documented fallback 0.5 (no estimator),PROJECT_DYNAMIC_PRIOR heuristic (not measured velocity),0.33399737246128214
403,44.36554718017578,-10.503849983215332,45.5920238755234,-0.0009811788331717253,0.0,0.25,1,unknown,0.5,0.0,0.2,0.5,fallback,1.0,documented fallback 0.5 (no estimator),PROJECT_DYNAMIC_PRIOR heuristic (not measured velocity),0.0
404,44.27209218343099,-9.225991249084473,45.22319162582839,-0.0009854967162633936,5.295595438844401e-06,0.75,3,unknown,0.5,0.0,0.2,0.5,fallback,1.0,documented fallback 0.5 (no estimator),PROJECT_DYNAMIC_PRIOR heuristic (not measured velocity),2.0040766813421513e-06
405,44.75437545776367,14.688441276550293,47.103125477500384,3.292600154876709,0.0,0.25,1,unknown,0.5,0.0,0.2,0.5,fallback,1.0,documented fallback 0.5 (no estimator),PROJECT_DYNAMIC_PRIOR heuristic (not measured velocity),0.0
406,50.21296691894531,-12.519479751586914,51.750163478519475,1.2003673315048218,0.0,0.25,1,unknown,0.5,0.0,0.2,0.5,fallback,1.0,documented fallback 0.5 (no estimator),PROJECT_DYNAMIC_PRIOR heuristic (not measured velocity),0.0
407,52.502140045166016,-14.225287437438965,54.39516074063927,1.2617340087890625,0.001532435417175293,0.5,2,unknown,0.5,0.0,0.2,0.5,fallback,1.0,documented fallback 0.5 (no estimator),PROJECT_DYNAMIC_PRIOR heuristic (not measured velocity),0.0005799381997152737
408,61.14250373840332,-12.652520179748535,62.43790539647857,2.1758254170417786,0.7205755114555359,0.5,2,unknown,0.5,0.0,0.2,0.5,fallback,1.0,documented fallback 0.5 (no estimator),PROJECT_DYNAMIC_PRIOR heuristic (not measured velocity),0.2726961672830055
409,61.01654052734375,-11.711362838745117,62.13030047783225,2.896021604537964,0.002888917922973633,0.5,2,unknown,0.5,0.0,0.2,0.5,fallback,1.0,documented fallback 0.5 (no estimator),PROJECT_DYNAMIC_PRIOR heuristic (not measured velocity),0.0010932883961026793
